﻿<?xml version="1.0" encoding="utf-8"?>
<akomaNtoso xmlns="http://docs.oasis-open.org/legaldocml/ns/akn/3.0">
  <act contains="originalVersion" name="publicLaw">
    <meta>
      <identification source="#kensset">
        <FRBRWork>
          <FRBRthis value="/akn/il/act/PrimaryLegislation/1936-03-19/2001823/main" />
          <FRBRuri value="/akn/il/act/PrimaryLegislation/1936-03-19/2001823" />
          <FRBRdate date="1936-03-19" name="Generation" />
          <FRBRauthor href="#knesset" as="#author" />
          <FRBRcountry value="israel" />
        </FRBRWork>
        <FRBRExpression>
          <FRBRthis value="/akn/il/act/PrimaryLegislation/1936-03-19/2001823/he@/main" />
          <FRBRuri value="/akn/il/act/PrimaryLegislation/1936-03-19/2001823/he@" />
          <FRBRdate date="1936-03-19" name="Generation" />
          <FRBRauthor href="#knesset" as="#author" />
          <FRBRlanguage language="hebrew" />
        </FRBRExpression>
        <FRBRManifestation>
          <FRBRthis value="/akn/il/act/PrimaryLegislation/1936-03-19/2001823/he@/main.xml" />
          <FRBRuri value="/akn/il/act/PrimaryLegislation/1936-03-19/2001823/he@" />
          <FRBRdate date="1936-03-19" name="Generation" />
          <FRBRauthor href="#knesset" as="#author" />
          <FRBRformat value="xml" />
        </FRBRManifestation>
      </identification>
      <classification source="#kensset">
        <keyword value="{classificationValue}" showAs="{classificationValue}" dictionary="#classification_dictionary" />
      </classification>
      <lifecycle source="#kensset">
        <eventRef eId="eventRef_1" date="1936-03-19" source="#kensset" type="generation" />
      </lifecycle>
      <references source="#kensset">
        <TLCOrganization eId="kensset" href="/ontology/organization/akn/knesset" showAs="Kensset" type="generation" />
        <TLCRole eId="author" href="/ontology/role/akn/author" showAs="Author of Document" />
        <TLCProcess eId="inforce" href="/ontology/process/akn/inforce" showAs="In force" />
        <TLCPerson eId="י._התורן_הול" href="/ontology/person/י._התורן_הול" showAs="י. התורן הול" />
        <TLCRole eId="המזכיר_הראשי." href="ontology/role/akn/המזכיר_הראשי." showAs="המזכיר הראשי." />
      </references>
      <temporalData source="#kensset">
        <temporalGroup eId="tmpg_1" />
      </temporalData>
    </meta>
    <body period="#tmpg_1">
      <title eId="title">
        <content>
          <p>צו הסמים המסוכנים (מתילמורפיון ואתילמורפיון), 1936</p>
        </content>
      </title>
      <subtitle eId="eId">
        <num></num>
        <content>
          <p>צו מס׳ 58 לש׳ 1936, מאת הנציב העליון עפ"י <ref href="/akn/il/act/PrimaryLegislation/1973-07-10/2002282#point_40">סעיף 15(2)</ref></p>
        </content>
      </subtitle>
      <preamble eId="eId">
        <p>בתוקף הסמכויות המסורות לו <ref href="/akn/il/act/PrimaryLegislation/1973-07-10/2002282#point_40">בסעיף 15(2)</ref><ref href="/akn/il/act/PrimaryLegislation/1973-07-10/2002282">מפקודת הסמים המסוכנים, 1936</ref>, הואיל הנציב העליון לצוות ובזה מצוים לאמור:–</p>
      </preamble>
      <list>
        <point eId="point_1">
          <heading>
            <authorialNote placement="side">
              <p>השם</p>
            </authorialNote>
          </heading>
          <num>1.</num>
          <content>
            <p>צו זה יקרא <wikicomment font-size="x-small">"</wikicomment>צו הסמים המסוכנים (מתילמורפיון ואתילמורפיון), 1936<wikicomment font-size="x-small">"</wikicomment>.</p>
          </content>
        </point>
        <point eId="point_2">
          <heading>
            <authorialNote placement="side">
              <p>הטלת תנאי הפקודה העיקרית על מתילמורפיון ואתילמורפיון</p>
            </authorialNote>
          </heading>
          <num>2.</num>
          <content>
            <p>תנאי <ref href="/akn/il/act/PrimaryLegislation/1973-07-10/2002282">פקודת הסמים המסוכנים, 1936</ref>, עד כמה שהדבר נוגע להחזקה, ייצור, המרה, מכירה, הכנסה לארץ, הוצאה לחו"ל וטרנזיט, יחולו על מתילמורפיון (הידוע ברבים בשם קודאין) ואתילמורפיון (הידוע ברבים בשם דיונין) ומלחיהם, בהתחשב עם ההוראות דלקמן.</p>
          </content>
        </point>
        <point eId="point_3">
          <heading>
            <authorialNote placement="side">
              <p>שעור הטלת תנאי הפקודה</p>
            </authorialNote>
          </heading>
          <num>3.</num>
          <list>
            <intro>
              <p>צו זה יחול על הסמים הנ"ל כשאינם מורכבים ביסודות אחרים, ועל כל תכשירים או תרכבות יבשים (גרגירים, טבלאות וכו׳), שבהם המתילמורפיון או האתילמורפיון אינו מצורף ליסודות רפואיים אחרים, ועל כל תכשירים או תרכבות נוזלים המורכבות מתמיסת מתילמורפיון או אתילמורפיון בנוזל קפוא אחד או יותר מאחד:</p>
            </intro>
            <point eId="point_3__point_none">
              <list>
                <intro>
                  <p>בתנאי שתנאי צו זה לא יחולו על:–</p>
                </intro>
                <point eId="point_3__point_none__point_א">
                  <num>(א)</num>
                  <content>
                    <p>תכשירים יבשים (טבליות, גלולות וכו׳), המכילים 0.1 גרם, או פחות מ־0.1 גרם, של מתילמורפיון או אתילמורפיון בכל אחד מהטבליות, הגלולות או התכשירים האחרים, כשהוא מחובר עם חומר רפואי אחד או יותר מאחד;</p>
                  </content>
                </point>
                <point eId="point_3__point_none__point_ב">
                  <num>(ב)</num>
                  <content>
                    <p>תרכיבים נוזלים, המכילים תמיסה של 25 אחוזים מן המאה, או פחות מכן, של מתילמורפיון או אתילמורפיון בנוזל בלתי־פעיל אחד או יותר מאחד;</p>
                  </content>
                </point>
                <point eId="point_3__point_none__point_ג">
                  <num>(ג)</num>
                  <content>
                    <p>תרכבות או תכשירים רוקחיים שבהם מצורפים מתילמורפיון או אתילמורפיון לחמרי רפואה אחרים;</p>
                  </content>
                </point>
                <point eId="point_3__point_none__point_ד">
                  <num>(ד)</num>
                  <content>
                    <p>רפואות המכילות מתילמורפיון או אתילמורפיון שחלקו אותן בהתאם לרצפט מרופא בעל רשיון או מאת רופא וטרינרי בעל רשיון.</p>
                  </content>
                </point>
              </list>
            </point>
          </list>
        </point>
        <point eId="point_4">
          <heading>
            <authorialNote placement="side">
              <p>שמירת זכרון דברים</p>
            </authorialNote>
          </heading>
          <num>4.</num>
          <content>
            <p>במדה שהדבר נוגע לשמירת זכרון דברים, יש לשמור זכרון דברים בפנקס הסמים המסוכנים ביחס לכל פעולות שתעשינה בסמים אלה, בצורה הקבועה <ref href="/akn/il/act/SecondaryLegislation/1979-11-11/22955">בתקנות הסמים המסוכנים, 1936</ref>, אלא שהכמויות שחולקו עפ"י רצפטים תרשמנה בפנקס במספר כולל, לכשיאוזן הפנקס בסוף כל חודש.</p>
          </content>
        </point>
      </list>
    </body>
    <conclusions eId="eId">
      <p class="signatures">
        <signature>
          <p>
            <person refersTo="י._התורן_הול">י. התורן הול</person>
            <role refersTo="המזכיר_הראשי.">המזכיר הראשי.</role>
          </p>
        </signature>
      </p>
    </conclusions>
  </act>
</akomaNtoso>