﻿<?xml version="1.0" encoding="utf-8"?>
<akomaNtoso xmlns="http://docs.oasis-open.org/legaldocml/ns/akn/3.0">
  <act contains="originalVersion" name="publicLaw">
    <meta>
      <identification source="#kensset">
        <FRBRWork>
          <FRBRthis value="/akn/il/act/PrimaryLegislation/1964-04-02/150275/main" />
          <FRBRuri value="/akn/il/act/PrimaryLegislation/1964-04-02/150275" />
          <FRBRdate date="1964-04-02" name="Generation" />
          <FRBRauthor href="#knesset" as="#author" />
          <FRBRcountry value="israel" />
        </FRBRWork>
        <FRBRExpression>
          <FRBRthis value="/akn/il/act/PrimaryLegislation/1964-04-02/150275/he@/main" />
          <FRBRuri value="/akn/il/act/PrimaryLegislation/1964-04-02/150275/he@" />
          <FRBRdate date="1964-04-02" name="Generation" />
          <FRBRauthor href="#knesset" as="#author" />
          <FRBRlanguage language="hebrew" />
        </FRBRExpression>
        <FRBRManifestation>
          <FRBRthis value="/akn/il/act/PrimaryLegislation/1964-04-02/150275/he@/main.xml" />
          <FRBRuri value="/akn/il/act/PrimaryLegislation/1964-04-02/150275/he@" />
          <FRBRdate date="1964-04-02" name="Generation" />
          <FRBRauthor href="#knesset" as="#author" />
          <FRBRformat value="xml" />
        </FRBRManifestation>
      </identification>
      <classification source="#kensset">
        <keyword value="{classificationValue}" showAs="{classificationValue}" dictionary="#classification_dictionary" />
      </classification>
      <lifecycle source="#kensset">
        <eventRef eId="eventRef_1" date="1964-04-02" source="#kensset" type="generation" />
      </lifecycle>
      <references source="#kensset">
        <TLCOrganization eId="kensset" href="/ontology/organization/akn/knesset" showAs="Kensset" type="generation" />
        <TLCRole eId="author" href="/ontology/role/akn/author" showAs="Author of Document" />
        <TLCProcess eId="inforce" href="/ontology/process/akn/inforce" showAs="In force" />
        <TLCPerson eId="לוי_אשכול" href="/ontology/person/לוי_אשכול" showAs="לוי אשכול" />
        <TLCPerson eId="שניאור_זלמן_שזר" href="/ontology/person/שניאור_זלמן_שזר" showAs="שניאור זלמן שזר" />
        <TLCRole eId="ראש_הממשלה" href="ontology/role/akn/ראש_הממשלה" showAs="ראש הממשלה" />
        <TLCRole eId="נשיא_המדינה" href="ontology/role/akn/נשיא_המדינה" showAs="נשיא המדינה" />
      </references>
      <temporalData source="#kensset">
        <temporalGroup eId="tmpg_1" />
      </temporalData>
      <Publication></Publication>
    </meta>
    <body period="#tmpg_1">
      <title eId="title">
        <content>
          <p>חוק העברת סמכויות (ממונים על מחוזות וקציני מחוז), תשכ"ד–1964</p>
        </content>
      </title>
      <list>
        <point eId="point_1">
          <heading>
            <authorialNote placement="side">
              <p>שינוי תואר</p>
            </authorialNote>
          </heading>
          <num>1.</num>
          <content>
            <p>בכל מקום בחיקוק שמדובר בו ב”פקיד מחוז“ קרי ”קצין מחוז“.</p>
          </content>
        </point>
        <point eId="point_2">
          <heading>
            <authorialNote placement="side">
              <p>העברת סמכויות בפקודות מסויימות</p>
            </authorialNote>
          </heading>
          <num>2.</num>
          <content>
            <p>הסמכויות והתפקידים שנתייחדו לממונה על המחוז או לקצין מחוז בפקודה מן המפורטות <ref href="#appendix">בתוספת</ref> יהיו מעתה נתונים לאדם שימנה לכך השר הממונה על ביצוע אותה פקודה מבין עובדי משרדו והוא יבוא במקומם לכל ענין שבפקודות אלה; אולם רשאי השר הממונה בהסכמת שר הפנים, לקבוע כי הסמכויות והתפקידים האמורים יהיו נתונים לממונה על המחוז.</p>
          </content>
        </point>
        <point eId="point_3">
          <heading>
            <authorialNote placement="side">
              <p xml:space="preserve"> </p>
            </authorialNote>
          </heading>
          <num>3.</num>
          <content>
            <p>
              <wikicomment font-size="x-small">(בוטל).</wikicomment>
            </p>
          </content>
        </point>
        <point eId="point_4">
          <heading>
            <authorialNote placement="side">
              <p>אצילת סמכויות הממונה על המחוז לסגניו בחיקוקים מסויימים</p>
            </authorialNote>
          </heading>
          <num>4.</num>
          <content>
            <p>סמכויות ותפקידים שנתייחדו לממונה על המחוז לפי כל חיקוק שלא פורט <ref href="#appendix">בתוספת</ref> יהיו מעתה נתונים גם לסגניו, במידה שיקבע זאת שר הפנים.</p>
          </content>
        </point>
        <point eId="point_5">
          <heading>
            <authorialNote placement="side">
              <p>תשריר</p>
            </authorialNote>
          </heading>
          <num>5.</num>
          <content>
            <p>שום דבר האמור בחוק זה אינו גורע מתקפה של כל פעולה שנעשתה לפני תחילתו של חוק זה והיתה כדין אילו היה חוק זה בתקפו אותה שעה.</p>
          </content>
        </point>
        <point eId="point_6">
          <heading>
            <authorialNote placement="side">
              <p>תחילה</p>
            </authorialNote>
          </heading>
          <num>6.</num>
          <content>
            <p>תחילתו של חוק זה כתום שלושים יום מיום פרסומו ברשומות.</p>
          </content>
        </point>
      </list>
      <appendix eId="appendix">
        <num></num>
        <title>
          <content>
            <p>תוספת</p>
          </content>
        </title>
        <list>
          <point eId="appendix__point_none">
            <heading>
              <authorialNote placement="side">
                <p xml:space="preserve"> </p>
              </authorialNote>
            </heading>
            <num></num>
            <content>
              <p>
                <table class="table table-bordered">
                  <ref href="/akn/il/act/PrimaryLegislation/1933-12-31/2001743">פקודת האגודות השיתופיות</ref>
                  <br xml:space="preserve" xmlns=""> </br>
                  <ref href="/akn/il/act/PrimaryLegislation/1933-12-31/2001747">פקודת האריסים (הגנה)</ref>
                  <br xml:space="preserve" xmlns=""> </br>
                  <ref href="/akn/il/act/PrimaryLegislation/1940-12-20/2001729">פקודת בריאות העם, 1940</ref>
                  <br xml:space="preserve" xmlns=""> </br>
                  <ref href="/akn/il/act/PrimaryLegislation/1937-02-18/2001757">פקודת הדיג, 1937</ref>
                  <br xml:space="preserve" xmlns=""> </br>
                  <ref href="/akn/il/act/PrimaryLegislation/1933-12-31/2001785">פקודת המדידות</ref>
                  <br xml:space="preserve" xmlns=""> </br>
                  <ref href="/akn/il/act/PrimaryLegislation/1946-04-18/2001853">פקודת הרועים (מתן רשיונות)</ref>
                  <br xml:space="preserve" xmlns=""> </br>
                  <ref href="/akn/il/act/PrimaryOrSecondaryLegislation/UnknownWorkDate/פקודת_השמדת_ארבה">פקודת השמדת ארבה</ref>
                  <br xml:space="preserve" xmlns=""> </br>
                  <ref href="/akn/il/act/PrimaryLegislation/1933-12-31/2001801">פקודת המכרות</ref>
                  <br xml:space="preserve" xmlns=""> </br>
                  <ref href="/akn/il/act/PrimaryOrSecondaryLegislation/UnknownWorkDate/פקודת_מורי_הדרך">פקודת מורי הדרך</ref>
                  <br xml:space="preserve" xmlns=""> </br>
                  <ref href="/akn/il/act/PrimaryLegislation/1985-04-08/2002289">פקודת מחלות בעלי חיים, 1945</ref>
                  <br xml:space="preserve" xmlns=""> </br>
                  <ref href="/akn/il/act/PrimaryOrSecondaryLegislation/UnknownWorkDate/פקודת_מסי_ממשלה_ומסי_עיריה_פטורין">פקודת מסי ממשלה ומסי עיריה (פטורין), 1938</ref>
                  <br xml:space="preserve" xmlns=""> </br>
                  <ref href="/akn/il/act/PrimaryLegislation/1971-03-11/2001806">פקודת המשטרה</ref>
                  <br xml:space="preserve" xmlns=""> </br>
                  <ref href="/akn/il/act/PrimaryOrSecondaryLegislation/UnknownWorkDate/פקודת_הנישואין_והגרושין_רישום">פקודת הנישואין והגרושין (רישום)</ref>
                  <br xml:space="preserve" xmlns=""> </br>
                  <ref href="/akn/il/act/PrimaryOrSecondaryLegislation/UnknownWorkDate/פקודת_העדות_הדתיות_המרה">פקודת העדות הדתיות (המרה)</ref>
                  <br xml:space="preserve" xmlns=""> </br>
                  <ref href="/akn/il/act/PrimaryOrSecondaryLegislation/UnknownWorkDate/פקודת_הקרקעות_סידור_זכות_הקנין">פקודת הקרקעות (סידור זכות הקנין)</ref>
                </table>
              </p>
            </content>
          </point>
        </list>
      </appendix>
    </body>
    <conclusions eId="eId">
      <p class="signatures">
        <signature>
          <p>
            <person refersTo="לוי_אשכול">לוי אשכול</person>
            <role refersTo="ראש_הממשלה">ראש הממשלה</role>
          </p>
        </signature>
        <signature>
          <p>
            <person refersTo="שניאור_זלמן_שזר">שניאור זלמן שזר</person>
            <role refersTo="נשיא_המדינה">נשיא המדינה</role>
          </p>
        </signature>
      </p>
    </conclusions>
  </act>
</akomaNtoso>