﻿<?xml version="1.0" encoding="utf-8"?>
<akomaNtoso xmlns="http://docs.oasis-open.org/legaldocml/ns/akn/3.0">
  <act contains="originalVersion" name="publicLaw">
    <meta>
      <identification source="#kensset">
        <FRBRWork>
          <FRBRthis value="/akn/il/act/PrimaryLegislation/1970-01-29/148096/main" />
          <FRBRuri value="/akn/il/act/PrimaryLegislation/1970-01-29/148096" />
          <FRBRdate date="1970-01-29" name="Generation" />
          <FRBRauthor href="#knesset" as="#author" />
          <FRBRcountry value="israel" />
        </FRBRWork>
        <FRBRExpression>
          <FRBRthis value="/akn/il/act/PrimaryLegislation/1970-01-29/148096/he@/main" />
          <FRBRuri value="/akn/il/act/PrimaryLegislation/1970-01-29/148096/he@" />
          <FRBRdate date="1970-01-29" name="Generation" />
          <FRBRauthor href="#knesset" as="#author" />
          <FRBRlanguage language="hebrew" />
        </FRBRExpression>
        <FRBRManifestation>
          <FRBRthis value="/akn/il/act/PrimaryLegislation/1970-01-29/148096/he@/main.xml" />
          <FRBRuri value="/akn/il/act/PrimaryLegislation/1970-01-29/148096/he@" />
          <FRBRdate date="1970-01-29" name="Generation" />
          <FRBRauthor href="#knesset" as="#author" />
          <FRBRformat value="xml" />
        </FRBRManifestation>
      </identification>
      <classification source="#kensset">
        <keyword value="{classificationValue}" showAs="{classificationValue}" dictionary="#classification_dictionary" />
      </classification>
      <lifecycle source="#kensset">
        <eventRef eId="eventRef_1" date="1970-01-29" source="#kensset" type="generation" />
      </lifecycle>
      <references source="#kensset">
        <TLCOrganization eId="kensset" href="/ontology/organization/akn/knesset" showAs="Kensset" type="generation" />
        <TLCRole eId="author" href="/ontology/role/akn/author" showAs="Author of Document" />
        <TLCProcess eId="inforce" href="/ontology/process/akn/inforce" showAs="In force" />
        <TLCTerm eId="term_1" href="/ontology/term/חייל/148096" showAs="חייל" />
        <TLCTerm eId="term_2" href="/ontology/term/יחידה_צבאית/148096" showAs="יחידה_צבאית" />
        <TLCPerson eId="גולדה_מאיר" href="/ontology/person/גולדה_מאיר" showAs="גולדה מאיר" />
        <TLCPerson eId="משה_דיין" href="/ontology/person/משה_דיין" showAs="משה דיין" />
        <TLCPerson eId="שניאור_זלמן_שזר" href="/ontology/person/שניאור_זלמן_שזר" showAs="שניאור זלמן שזר" />
        <TLCRole eId="ראש_הממשלה" href="ontology/role/akn/ראש_הממשלה" showAs="ראש הממשלה" />
        <TLCRole eId="שר_הבטחון" href="ontology/role/akn/שר_הבטחון" showAs="שר הבטחון" />
        <TLCRole eId="נשיא_המדינה" href="ontology/role/akn/נשיא_המדינה" showAs="נשיא המדינה" />
      </references>
      <temporalData source="#kensset">
        <temporalGroup eId="tmpg_1" />
      </temporalData>
      <Publication></Publication>
    </meta>
    <body period="#tmpg_1">
      <title eId="title">
        <content>
          <p>חוק העיטורים בצבא־הגנה לישראל, תש"ל–1970</p>
        </content>
      </title>
      <list>
        <point eId="point_1" class="definitions">
          <heading>
            <authorialNote placement="side">
              <p>הגדרות</p>
            </authorialNote>
          </heading>
          <num>1.</num>
          <list>
            <intro>
              <p>בחוק זה,</p>
            </intro>
            <point eId="point_1__point_חייל">
              <content>
                <p>
                  <def />”חייל“, ”פקודת הצבא“, ”הרמטכ"ל“ – כמשמעותם <ref href="/akn/il/act/PrimaryLegislation/1955-07-20/148698#point_1">בסעיף 1 לחוק השיפוט הצבאי, תשט"ו–1955</ref>;</p>
              </content>
            </point>
            <point eId="point_1__point_יחידה_צבאית">
              <content>
                <p>
                  <def />”יחידה צבאית“ – כיתה ומעלה או קבוצת חיילים שפעלה כצוות.</p>
              </content>
            </point>
          </list>
        </point>
        <point eId="point_2">
          <heading>
            <authorialNote placement="side">
              <p>העיטורים</p>
            </authorialNote>
          </heading>
          <num>2.</num>
          <list>
            <intro>
              <p>אלה העיטורים הבאים לציין מעשי גבורה, עוז ומופת של חיילים או של יחידות צבאיות שנעשו בזמן שירותם:</p>
            </intro>
            <point eId="point_2__point_1">
              <num>(1)</num>
              <content>
                <p>עיטור הגבורה;</p>
              </content>
            </point>
            <point eId="point_2__point_2">
              <num>(2)</num>
              <content>
                <p>עיטור העוז;</p>
              </content>
            </point>
            <point eId="point_2__point_3">
              <num>(3)</num>
              <content>
                <p>עיטור המופת.</p>
              </content>
            </point>
          </list>
        </point>
        <point eId="point_3">
          <heading>
            <authorialNote placement="side">
              <p>עיטור הגבורה</p>
            </authorialNote>
          </heading>
          <num>3.</num>
          <content>
            <p>שר הבטחון, בהמלצת הרמטכ"ל, רשאי להעניק עיטור הגבורה על מעשה גבורה עילאית שנעשה בעת לחימה מול פני האויב תוך חירוף נפש.</p>
          </content>
        </point>
        <point eId="point_4">
          <heading>
            <authorialNote placement="side">
              <p>עיטור העוז</p>
            </authorialNote>
          </heading>
          <num>4.</num>
          <content>
            <p>הרמטכ"ל רשאי להעניק עיטור העוז על מעשה גבורה שנעשה במילוי תפקיד קרבי תוך חירוף נפש.</p>
          </content>
        </point>
        <point eId="point_5">
          <heading>
            <authorialNote placement="side">
              <p>עיטור המופת</p>
            </authorialNote>
          </heading>
          <num>5.</num>
          <content>
            <p>הרמטכ"ל רשאי להעניק עיטור המופת על מעשה שנעשה באומץ לב והוא ראוי לשמש מופת.</p>
          </content>
        </point>
        <point eId="point_6">
          <heading>
            <authorialNote placement="side">
              <p>מסירת עיטורים למשמורת</p>
            </authorialNote>
          </heading>
          <num>6.</num>
          <list>
            <point eId="point_6__point_א">
              <num>(א)</num>
              <content>
                <p>אם האדם, שעל מעשהו הוענק העיטור, לא היה בחיים בשעת ההענקה, רשאי שר הבטחון או הרמטכ"ל, לפי הענין, להורות על מסירת העיטור לשאר־בשרו למשמורת.</p>
              </content>
            </point>
            <point eId="point_6__point_ב">
              <num>(ב)</num>
              <list>
                <intro>
                  <p>”שאר־בשר“ של נפטר, לענין סעיף זה, הוא אחד מאלה, לפי הסדר:</p>
                </intro>
                <point eId="point_6__point_ב__point_1">
                  <num>(1)</num>
                  <content>
                    <p>אלמנה או אלמן,</p>
                  </content>
                </point>
                <point eId="point_6__point_ב__point_2">
                  <num>(2)</num>
                  <content>
                    <p>בן או בת,</p>
                  </content>
                </point>
                <point eId="point_6__point_ב__point_3">
                  <num>(3)</num>
                  <content>
                    <p>אם,</p>
                  </content>
                </point>
                <point eId="point_6__point_ב__point_4">
                  <num>(4)</num>
                  <content>
                    <p>אב,</p>
                  </content>
                </point>
                <point eId="point_6__point_ב__point_5">
                  <num>(5)</num>
                  <content>
                    <p>את או אחות;</p>
                  </content>
                </point>
                <wrapup eId="point_6__point_ב__wrapup_none">
                  <content>
                    <p>היו שארי־בשר אחדים בדרגת קרבה אחת, יימסר העיטור למבוגר שביניהם.</p>
                  </content>
                </wrapup>
              </list>
            </point>
            <point eId="point_6__point_ג">
              <num>(ג)</num>
              <content>
                <p>המוסמך להעניק את העיטור רשאי להורות, לגבי מקרה מסויים, על מסירת העיטור למשמורת לאדם שלא לפי הסדר הקבוע בסעיף קטן (ב) או למי שאינו שאר־בשרו של הנפטר.</p>
              </content>
            </point>
          </list>
        </point>
        <point eId="point_7">
          <heading>
            <authorialNote placement="side">
              <p>אותות מערכה</p>
            </authorialNote>
          </heading>
          <num>7.</num>
          <list>
            <point eId="point_7__point_א">
              <num>(א)</num>
              <content>
                <p>אותות לציון השתתפותם של חיילים, במלחמה, במערכה או בקרב (להלן – אות מערכה), והזכאים לקבלתם, יקבע שר הבטחון, באישור הממשלה.</p>
              </content>
            </point>
            <point eId="point_7__point_ב">
              <num>(ב)</num>
              <content>
                <p>צורת אות מערכה יקבע שר הבטחון.</p>
              </content>
            </point>
            <point eId="point_7__point_ג">
              <num>(ג)</num>
              <content>
                <p>אות מערכה יעניק שר הבטחון או מי שהוסמך לכך מטעמו.</p>
              </content>
            </point>
            <point eId="point_7__point_ג1">
              <num>(ג1)</num>
              <content>
                <p>קבע שר הביטחון אות מערכה לפי סעיף קטן (א), יעניק ראש הממשלה או מי שהסמיך לכך אותות מערכה לעובדי יחידות הסמך של משרד ראש הממשלה שעיקר פעילותן בתחום ביטחון המדינה ותושביה, שעמדו בתנאים שקבע, באישור הממשלה.</p>
              </content>
            </point>
            <point eId="point_7__point_ד">
              <num>(ד)</num>
              <content>
                <p>לענין <ref href="#point_8">סעיפים 8</ref><ref href="#point_12">ו־12 עד 16</ref> דין אות מערכה כדין עיטור, וכל הוראות הסעיפים האמורים יחולו גם על אות מערכה, בשינויים המחוייבים.</p>
              </content>
            </point>
          </list>
        </point>
        <point eId="point_7א">
          <heading>
            <authorialNote placement="side">
              <p xml:space="preserve"> </p>
            </authorialNote>
          </heading>
          <num>7א.</num>
          <content>
            <p>
              <wikicomment font-size="x-small">(בוטל).</wikicomment>
            </p>
          </content>
        </point>
        <point eId="point_8">
          <heading>
            <authorialNote placement="side">
              <p>שיקול דעת הרשות</p>
            </authorialNote>
          </heading>
          <num>8.</num>
          <content>
            <p>הענקת עיטור מסורה לשיקול דעתו של המוסמך להעניקו, ואין אחר החלטתו ולא כלום.</p>
          </content>
        </point>
        <point eId="point_9">
          <heading>
            <authorialNote placement="side">
              <p>צורת העיטור</p>
            </authorialNote>
          </heading>
          <num>9.</num>
          <content>
            <p>הממשלה, לפי הצעת שר הבטחון, תקבע את צורת העיטורים.</p>
          </content>
        </point>
        <point eId="point_10">
          <heading>
            <authorialNote placement="side">
              <p>סדרים וטקסים</p>
            </authorialNote>
          </heading>
          <num>10.</num>
          <content>
            <p>הסדרים להענקת עיטורים והטקסים למסירתם ייקבעו בפקודות הצבא; כן יקבעו הפקודות מי המוסמך לקבל עיטור יחידתי, אופן קבלת עיטור כאמור ומשמורתו ביחידה.</p>
          </content>
        </point>
        <point eId="point_11">
          <heading>
            <authorialNote placement="side">
              <p>תג לעיטור</p>
            </authorialNote>
          </heading>
          <num>11.</num>
          <list>
            <point eId="point_11__point_א">
              <num>(א)</num>
              <content>
                <p>מי שעשה מעשה שעליו הוא ראוי לעיטור, ועשה פעם נוספת מעשה שעליו הוא ראוי לאותו עיטור, מותר להעניק לו על מעשה כזה תג לעיטור, אך לא יוענק לו אותו עיטור פעם נוספת.</p>
              </content>
            </point>
            <point eId="point_11__point_ב">
              <num>(ב)</num>
              <content>
                <p>דין תג כדין עיטור וכל הוראות חוק זה והתקנות על פיו בדבר עיטורים יחולו גם על תג.</p>
              </content>
            </point>
          </list>
        </point>
        <point eId="point_12">
          <heading>
            <authorialNote placement="side">
              <p>ענידה</p>
            </authorialNote>
          </heading>
          <num>12.</num>
          <content>
            <p>שר הבטחון רשאי להתקין תקנות בדבר אופן ענידת עיטורים שהוענקו לפי חוק זה, ורשאי הוא לקבוע בהן את הנסיבות שבהן מותר לענוד אותם.</p>
          </content>
        </point>
        <point eId="point_13">
          <heading>
            <authorialNote placement="side">
              <p>פסולים לענידה</p>
            </authorialNote>
          </heading>
          <num>13.</num>
          <list>
            <intro>
              <p>מי שהוענק לו עיטור לא יהיה רשאי לענדו אם הוא אחד מאלה:</p>
            </intro>
            <point eId="point_13__point_1">
              <num>(1)</num>
              <content>
                <p>אדם המרצה עונש מאסר או עונש מחבוש;</p>
              </content>
            </point>
            <point eId="point_13__point_2">
              <num>(2)</num>
              <list>
                <intro>
                  <p>אדם שלאחר שהוענק לו העיטור הורשע בשל אחת העבירות האלה:</p>
                </intro>
                <point eId="point_13__point_2__point_א">
                  <num>(א)</num>
                  <content>
                    <p>עבירה לפי <ref href="/akn/il/act/PrimaryLegislation/1977-08-04/2002251#point_97">סעיפים 7</ref>, <ref href="/akn/il/act/PrimaryLegislation/1977-08-04/2002251#point_98">8</ref>, <ref href="/akn/il/act/PrimaryLegislation/1977-08-04/2002251#point_99">9</ref>, <ref href="/akn/il/act/PrimaryLegislation/1977-08-04/2002251#point_100">10</ref>, <ref href="/akn/il/act/PrimaryLegislation/1977-08-04/2002251#point_101">11</ref>, <ref href="/akn/il/act/PrimaryLegislation/1977-08-04/2002251#point_107">17</ref>, <ref href="/akn/il/act/PrimaryLegislation/1977-08-04/2002251#point_112">22</ref><ref href="/akn/il/act/PrimaryLegislation/1977-08-04/2002251#point_113">או 23(ב) לחוק דיני העונשין (בטחון המדינה, יחסי חוץ וסודות רשמיים), תשי"ז–1957</ref>;</p>
                  </content>
                </point>
                <point eId="point_13__point_2__point_ב">
                  <num>(ב)</num>
                  <content>
                    <p>עבירה לפי <ref href="/akn/il/act/PrimaryLegislation/1977-08-04/2002251#point_102">סעיפים 12(א)</ref>, <ref href="/akn/il/act/PrimaryLegislation/1977-08-04/2002251#point_103">13</ref>, <ref href="/akn/il/act/PrimaryLegislation/1977-08-04/2002251#point_111">21</ref><ref href="/akn/il/act/PrimaryLegislation/1977-08-04/2002251#point_113">או 23(ג) לחוק דיני העונשין (בטחון המדינה, יחסי חוץ וסודות רשמיים), תשי"ז–1957</ref>, כאשר העבירה בוצעה תוך כוונה לפגוע בבטחון המדינה;</p>
                  </content>
                </point>
                <point eId="point_13__point_2__point_ג">
                  <num>(ג)</num>
                  <content>
                    <p>עבירה לפי <ref href="/akn/il/act/PrimaryLegislation/1955-07-20/148698#point_43">סעיפים 43</ref>, <ref href="/akn/il/act/PrimaryLegislation/1955-07-20/148698#point_44">44</ref><ref href="/akn/il/act/PrimaryLegislation/1955-07-20/148698#point_45">או 45 לחוק השיפוט הצבאי, תשט"ו–1955</ref>;</p>
                  </content>
                </point>
                <point eId="point_13__point_2__point_ד">
                  <num>(ד)</num>
                  <content>
                    <p>עבירה לפי <ref href="/akn/il/act/PrimaryLegislation/1955-07-20/148698#point_46">סעיף 46 לחוק השיפוט הצבאי, תשט"ו–1955</ref>, אם העבירה נעברה בזמן לחימה או תוך כדי שימוש בנשק או איום בו;</p>
                  </content>
                </point>
                <point eId="point_13__point_2__point_ה">
                  <num>(ה)</num>
                  <content>
                    <p>עבירה לפי <ref href="/akn/il/act/PrimaryLegislation/1955-07-20/148698#point_92">סעיף 92 לחוק השיפוט הצבאי, תשט"ו–1955</ref>, אם נקבע בפסק הדין במפורש, כי הכוונה שלא לחזור לצבא הוכחה שלא על פי החזקה <ref href="/akn/il/act/PrimaryLegislation/1955-07-20/148698#point_93">שבסעיף 93 לחוק השיפוט הצבאי, תשט"ו–1955</ref>.</p>
                  </content>
                </point>
              </list>
            </point>
          </list>
        </point>
        <point eId="point_14">
          <heading>
            <authorialNote placement="side">
              <p>איסור הייצור והשימוש</p>
            </authorialNote>
          </heading>
          <num>14.</num>
          <list>
            <point eId="point_14__point_א">
              <num>(א)</num>
              <content>
                <p>לא ישתמש אדם בעיטור או בדבר שיש בו צורת עיטור או דמותו לפרסומת מסחרית.</p>
              </content>
            </point>
            <point eId="point_14__point_ב">
              <num>(ב)</num>
              <content>
                <p>לא ייצר אדם דבר הדומה לעיטור עד כדי להטעות, לא יענדו ולא ישתמש בו למטרה אחרת.</p>
              </content>
            </point>
            <point eId="point_14__point_ג">
              <num>(ג)</num>
              <content>
                <p>לא ייצר אדם עיטור או דבר שיש בו צורת עיטור או דמותו, לא יסחור בהם, ולא ישתמש בהם למטרת פרסום או הסברה, אלא על פי רשיון בכתב מאת מי ששר הבטחון הסמיכו לכך ובהתאם לתנאי הרשיון; סעיף קטן זה אינו גורע מהאיסור שבסעיף קטן (א).</p>
              </content>
            </point>
            <point eId="point_14__point_ד">
              <num>(ד)</num>
              <content>
                <p>מי שהוענק לו עיטור לא ימכרנו, לא ימשכן אותו ולא ישעבד אותו בדרך אחרת.</p>
              </content>
            </point>
            <point eId="point_14__point_ה">
              <num>(ה)</num>
              <content>
                <p>העובר על הוראת סעיף זה, דינו – מאסר שלושה חדשים או קנס 1000 לירות; הורשע אדם על אי־קיום תנאי רשיון שניתן לו לפי סעיף קטן (ג), בטל הרשיון מכוח ההרשעה; הוראה זו אינה גורעת מסמכות לפי כל דין אחר לבטל את הרשיון או לשנות את תנאיו.</p>
              </content>
            </point>
          </list>
        </point>
        <point eId="point_15">
          <heading>
            <authorialNote placement="side">
              <p>עונשין</p>
            </authorialNote>
          </heading>
          <num>15.</num>
          <list>
            <point eId="point_15__point_א">
              <num>(א)</num>
              <list>
                <point eId="point_15__point_א__point_1">
                  <num>(1)</num>
                  <content>
                    <p>המוסר ביודעין לאדם המוסמך, על פי חוק או על פי פקודות הצבא, לברר עובדות לצרכי חוק זה ידיעה כוזבת בפרט חשוב, או</p>
                  </content>
                </point>
                <point eId="point_15__point_א__point_2">
                  <num>(2)</num>
                  <content>
                    <p>המוסר ידיעה כאמור למפקדו או לרשות אחרת, בכוונה להשיג שלא כדין עיטור לעצמו, ליחידתו או לאחר, או בכוונה למנוע הענקתו של עיטור לזולת או ליחידה אחרת,</p>
                  </content>
                </point>
                <wrapup eId="point_15__point_א__wrapup_none">
                  <content>
                    <p>דינו – מאסר שנה אחת או קנס 3,000 לירות.</p>
                  </content>
                </wrapup>
              </list>
            </point>
            <point eId="point_15__point_ב">
              <num>(ב)</num>
              <content>
                <p>העונד עיטור ללא זכות לענדו או העונד עיטור בניגוד לחוק זה או לתקנות לפיו, דינו – מאסר שלושה חדשים או קנס 1,000 לירות.</p>
              </content>
            </point>
            <point eId="point_15__point_ג">
              <num>(ג)</num>
              <content>
                <p>העונד עיטור או דבר הדומה לעיטור או משתמש בו בדרך אחרת, בדרך שיש בה משום בזיון לעיטור, דינו – מאסר שנה או קנס 3,000 לירות.</p>
              </content>
            </point>
          </list>
        </point>
        <point eId="point_16">
          <heading>
            <authorialNote placement="side">
              <p>איסור עיקול</p>
            </authorialNote>
          </heading>
          <num>16.</num>
          <content>
            <p>עיטור שהוענק לפי חוק זה, אינו ניתן לעיקול ולא ייכלל בנכסיו של פושט רגל כמשמעותם <ref href="/akn/il/act/PrimaryLegislation/2018-03-15/577400#point_4">בסעיף 37 לפקודת פשיטת רגל, 1936</ref>.</p>
          </content>
        </point>
        <point eId="point_17">
          <heading>
            <authorialNote placement="side">
              <p xml:space="preserve"> </p>
            </authorialNote>
          </heading>
          <num>17.</num>
          <content>
            <p>
              <wikicomment font-size="x-small">הנוסח שולב <ref href="/akn/il/act/PrimaryLegislation/1955-07-20/148698">בחוק השיפוט הצבאי, תשט"ו–1955</ref>.</wikicomment>
            </p>
          </content>
        </point>
        <point eId="point_18">
          <heading>
            <authorialNote placement="side">
              <p>ציונים לשבח</p>
            </authorialNote>
          </heading>
          <num>18.</num>
          <content>
            <p>אין בהוראות חוק זה כדי לגרוע מסמכותו של הרמטכ"ל או של מי שהוסמך לכך בפקודות הצבא, להעניק ציונים, לשבח על מעשים שאינם תואמים את המבחנים להענקת עיטור לפי חוק זה.</p>
          </content>
        </point>
        <point eId="point_19">
          <heading>
            <authorialNote placement="side">
              <p>עיטור לשוטר מג"ב</p>
            </authorialNote>
          </heading>
          <num>19.</num>
          <list>
            <point eId="point_19__point_א">
              <num>(א)</num>
              <content>
                <p>הסמכויות לפי חוק זה בדבר הענקת עיטורים על מעשי חייל ניתנות לשר הבטחון ולרמטכ"ל, לפי הענין, גם לענין הענקת עיטורים על מעשי שוטר מג"ב, ובלבד שעשה את המעשה במילוי תפקידו, בהוראות הצבא, בשיתוף עמו או תוך כדי תיאום עמו.</p>
              </content>
            </point>
            <point eId="point_19__point_ב">
              <num>(ב)</num>
              <content>
                <p>דין עיטור שהוענק על פי סעיף זה כדין עיטור שהוענק על מעשה של חייל.</p>
              </content>
            </point>
            <point eId="point_19__point_ג">
              <num>(ג)</num>
              <content>
                <p>לענין סעיף זה, ”שוטר מג"ב“ – מי שנתמנה עם תיל המשטרה ומשרת במשמר הגבול.</p>
              </content>
            </point>
          </list>
        </point>
        <point eId="point_20">
          <heading>
            <authorialNote placement="side">
              <p>תחילה</p>
            </authorialNote>
          </heading>
          <num>20.</num>
          <list>
            <point eId="point_20__point_א">
              <num>(א)</num>
              <list>
                <intro>
                  <p>ניתן להעניק עיטור על מעשה שנעשה אחרי יום כ"ה באייר תשכ"ז (4 ביוני 1967); ואולם מי שעד אותו יום הוענק לו –</p>
                </intro>
                <point eId="point_20__point_א__point_1">
                  <num>(1)</num>
                  <content>
                    <p>ציון לשבח על ידי הרמטכ"ל, מותר להעניק לו על המעשה שעליו צויין לשבח עיטור לפי חוק זה;</p>
                  </content>
                </point>
                <point eId="point_20__point_א__point_2">
                  <num>(2)</num>
                  <content>
                    <p>”אות גיבור ישראל“, דינו כדין מי שהוענק ונמסר לו עיטור הגבורה לפי חוק זה.</p>
                  </content>
                </point>
              </list>
            </point>
            <point eId="point_20__point_ב">
              <num>(ב)</num>
              <content>
                <p>אות מערכה לציון השתתפות במלחמת הקוממיות, במלחמת סיני או במלחמת ששת הימים, דינו כדין אות מערכה שהוענק לפי חוק זה.</p>
              </content>
            </point>
          </list>
        </point>
        <point eId="point_21">
          <heading>
            <authorialNote placement="side">
              <p>ביצוע ותקנות</p>
            </authorialNote>
          </heading>
          <num>21.</num>
          <content>
            <p>שר הבטחון ממונה על ביצוע חוק זה והוא רשאי להתקין תקנות בכל הנוגע לביצועו.</p>
          </content>
        </point>
      </list>
    </body>
    <conclusions eId="eId">
      <p class="signatures">
        <signature>
          <p>
            <person refersTo="גולדה_מאיר">גולדה מאיר</person>
            <role refersTo="ראש_הממשלה">ראש הממשלה</role>
          </p>
        </signature>
        <signature>
          <p>
            <person refersTo="משה_דיין">משה דיין</person>
            <role refersTo="שר_הבטחון">שר הבטחון</role>
          </p>
        </signature>
        <signature>
          <p>
            <person refersTo="שניאור_זלמן_שזר">שניאור זלמן שזר</person>
            <role refersTo="נשיא_המדינה">נשיא המדינה</role>
          </p>
        </signature>
      </p>
    </conclusions>
  </act>
</akomaNtoso>