﻿<?xml version="1.0" encoding="utf-8"?>
<akomaNtoso xmlns="http://docs.oasis-open.org/legaldocml/ns/akn/3.0">
  <act contains="originalVersion" name="publicLaw">
    <meta>
      <identification source="#kensset">
        <FRBRWork>
          <FRBRthis value="/akn/il/act/PrimaryLegislation/1943-02-15/99999025/main" />
          <FRBRuri value="/akn/il/act/PrimaryLegislation/1943-02-15/99999025" />
          <FRBRdate date="1943-02-15" name="Generation" />
          <FRBRauthor href="#knesset" as="#author" />
          <FRBRcountry value="israel" />
        </FRBRWork>
        <FRBRExpression>
          <FRBRthis value="/akn/il/act/PrimaryLegislation/1943-02-15/99999025/he@/main" />
          <FRBRuri value="/akn/il/act/PrimaryLegislation/1943-02-15/99999025/he@" />
          <FRBRdate date="1943-02-15" name="Generation" />
          <FRBRauthor href="#knesset" as="#author" />
          <FRBRlanguage language="hebrew" />
        </FRBRExpression>
        <FRBRManifestation>
          <FRBRthis value="/akn/il/act/PrimaryLegislation/1943-02-15/99999025/he@/main.xml" />
          <FRBRuri value="/akn/il/act/PrimaryLegislation/1943-02-15/99999025/he@" />
          <FRBRdate date="1943-02-15" name="Generation" />
          <FRBRauthor href="#knesset" as="#author" />
          <FRBRformat value="xml" />
        </FRBRManifestation>
      </identification>
      <classification source="#kensset">
        <keyword value="{classificationValue}" showAs="{classificationValue}" dictionary="#classification_dictionary" />
      </classification>
      <lifecycle source="#kensset">
        <eventRef eId="eventRef_1" date="1943-02-15" source="#kensset" type="generation" />
      </lifecycle>
      <references source="#kensset">
        <TLCOrganization eId="kensset" href="/ontology/organization/akn/knesset" showAs="Kensset" type="generation" />
        <TLCRole eId="author" href="/ontology/role/akn/author" showAs="Author of Document" />
        <TLCProcess eId="inforce" href="/ontology/process/akn/inforce" showAs="In force" />
        <TLCTerm eId="term_1" href="/ontology/term/מנהל/99999025" showAs="מנהל" />
        <TLCTerm eId="term_2" href="/ontology/term/מעסיק/99999025" showAs="מעסיק" />
        <TLCTerm eId="term_3" href="/ontology/term/מפקח/99999025" showAs="מפקח" />
        <TLCTerm eId="term_4" href="/ontology/term/עובד/99999025" showAs="עובד" />
        <TLCPerson eId="הרולד_מקמיכאל" href="/ontology/person/הרולד_מקמיכאל" showAs="הרולד מקמיכאל" />
        <TLCRole eId="נציב_עליון" href="ontology/role/akn/נציב_עליון" showAs="נציב עליון" />
      </references>
      <temporalData source="#kensset">
        <temporalGroup eId="tmpg_1" />
      </temporalData>
    </meta>
    <body period="#tmpg_1">
      <title eId="title">
        <content>
          <p>פקודת מחלקת העבודה, 1943</p>
        </content>
      </title>
      <subtitle eId="eId">
        <num>חלקת</num>
        <content>
          <p>פקודה הקובעת הוראות להקמת מ העבודה ולהגדרת סמכויותיה ותפקידיה.</p>
        </content>
      </subtitle>
      <preamble eId="eId">
        <p>הנציב העליון לפלשתינה (א"י) מחוקק בזה בעצתה של המועצה הפלשתינאית (א"י) לאמור:–

<מפריד /><wikicomment font-size="x-small">מכוח האמור <ref href="/akn/il/act/PrimaryLegislation/1948-05-21/2002291#point_14">בסעיפים 14</ref><ref href="/akn/il/act/PrimaryLegislation/1948-05-21/2002291#point_15">ו־15 לפקודת סדרי השלטון והמשפט, תש"ח–1948</ref>, כל סמכות שהיתה נתונה על פי החוק בידי הנציב העליון תהא נתונה לממשלה, וכל מקום בו נאמר בחוק ”פלשתינה (א"י)“ ייקרא מעתה ”ישראל“. פורסמה הודעה על הענקת סמכויות הנציב העליון לשר העבודה (ע"ר תש"ח, 22). לפי <ref href="/akn/il/act/PrimaryOrSecondaryLegislation/UnknownWorkDate/http_fs_knesset_gov_il_0_law_0_lsr_312686_pdf#point_2">סעיף 2 לפקודת המטבע, תש"ח–1948</ref>, כל מקום בו נאמר ”פונט“ הכוונה היא ללירה ישראלית. לפי <ref href="/akn/il/act/PrimaryLegislation/1949-02-17/147941#point_13">סעיף 13 לחוק המעבר, תש"ט–1949</ref>, כל מקום בו נאמר בחוק ”עתון רשמי“ ייקרא מעתה ”רשומות“.</wikicomment></p>
      </preamble>
      <list>
        <point eId="point_1">
          <heading>
            <authorialNote placement="side">
              <p>השם הקצר</p>
            </authorialNote>
          </heading>
          <num>1.</num>
          <content>
            <p>פקודה זו תקרא <wikicomment font-size="x-small">"</wikicomment>פקודת מחלקת העבודה, 1943<wikicomment font-size="x-small">"</wikicomment>.</p>
          </content>
        </point>
        <point eId="point_2" class="definitions">
          <heading>
            <authorialNote placement="side">
              <p>פירוש</p>
            </authorialNote>
          </heading>
          <num>2.</num>
          <list>
            <intro>
              <p>בפקודה זו יהיו למונחים הבאים הפירושים שבצדם:–</p>
            </intro>
            <point eId="point_2__point_מנהל">
              <content>
                <p>
                  <def />”מנהל“ פירושו מנהל מחלקת העבודה;</p>
              </content>
            </point>
            <point eId="point_2__point_מעסיק">
              <content>
                <p>
                  <def />”מעסיק“ פירושו כל אדם המתקשר בחוזה, בין מפורש ובין מסתמא, להעסקת עובד;</p>
              </content>
            </point>
            <point eId="point_2__point_מפקח">
              <content>
                <p>
                  <def />”מפקח“ פירושו המפקח הראשי וכל מפקח או סגן־מפקח של מחלקת העבודה;</p>
              </content>
            </point>
            <point eId="point_2__point_עובד">
              <content>
                <p>
                  <def />”עובד“ פירושו כל אדם שאדם אחר מעסיקו או העובד אצל אדם אחר.</p>
              </content>
            </point>
          </list>
        </point>
        <point eId="point_3">
          <heading>
            <authorialNote placement="side">
              <p>הקמת מחלקת עבודה</p>
            </authorialNote>
          </heading>
          <num>3.</num>
          <content>
            <p>בכפוף להוראות פקודה זו יש להקים מחלקת־עבודה כדי לשמור ולטפח את טובתם הכללית של העובדים ולקיים יחסים טובים בין עובדים למעסיקים.</p>
          </content>
        </point>
        <point eId="point_4">
          <heading>
            <authorialNote placement="side">
              <p>מינוי מנהל ומפקחים וקביעת תפקידים</p>
            </authorialNote>
          </heading>
          <num>4.</num>
          <list>
            <point eId="point_4__point_1">
              <num>(1)</num>
              <content>
                <p>שר העבודה רשאי למנות פקיד שיכונה ”מנהל מחלקת העבודה“, שתפקידו יהא לנהל את מחלקת העבודה ולטפל בביצועה הכללי של פקודה זו.</p>
              </content>
            </point>
            <point eId="point_4__point_2">
              <num>(2)</num>
              <content>
                <p>
                  <wikicomment font-size="x-small">(בוטל).</wikicomment>
                </p>
              </content>
            </point>
          </list>
        </point>
        <point eId="point_5">
          <heading>
            <authorialNote placement="side">
              <p>תפקידי המנהל</p>
            </authorialNote>
          </heading>
          <num>5.</num>
          <list>
            <intro>
              <p>תפקידי המנהל יהיו –</p>
            </intro>
            <point eId="point_5__point_א">
              <num>(א)</num>
              <content>
                <p>לפקח בקביעות על תנאי העבודה הנוהגים בארץ ולהעבירם לבקורת בקביעות;</p>
              </content>
            </point>
            <point eId="point_5__point_ב">
              <num>(ב)</num>
              <content>
                <p>להבטיח את הטלתה כהלכה של כל פקודה הנוגעת לטובתם של העובדים או לתנאי העסקתם או הנוגעת לאיגודים מקצועיים, ללשכות עבודה וליחסי עבודה <wikicomment font-size="x-small">[במקור: וליחסים בין עובדים למעסיקים]</wikicomment> בתעשיה;</p>
              </content>
            </point>
            <point eId="point_5__point_ג">
              <num>(ג)</num>
              <content>
                <p>להשתתף בכל האמצעים שברשותו ליישובם של סכסוכי עבודה הפורצים בין מעסיקים לעובדים או בין עובדים לעובדים;</p>
              </content>
            </point>
            <point eId="point_5__point_ד">
              <num>(ד)</num>
              <content>
                <p>
                  <wikicomment font-size="x-small">(בוטל);</wikicomment>
                </p>
              </content>
            </point>
            <point eId="point_5__point_ה">
              <num>(ה)</num>
              <content>
                <p>להגיש לשר העבודה מזמן לזמן, מדי התעורר הנסיבה לכך, הצעות לשמירתה ולטיפוחה של טובתם הכללית של העובדים.</p>
              </content>
            </point>
          </list>
        </point>
        <point eId="point_6">
          <heading>
            <authorialNote placement="side">
              <p>הכנת סטטיסטיקה ודו"חות</p>
            </authorialNote>
          </heading>
          <num>6.</num>
          <list>
            <intro>
              <p>רשאי המנהל ללקוט, להכין ולפרסם סטטיסטיקות ודו"חות בנוגע לענינים דלקמן, כולם או מקצתם:</p>
            </intro>
            <point eId="point_6__point_א">
              <num>(א)</num>
              <content>
                <p>האבטלה, בין כללי, ובין במלאכה, במשלח יד או בתעשיה מסויימים;</p>
              </content>
            </point>
            <point eId="point_6__point_ב">
              <num>(ב)</num>
              <content>
                <p>דרגת שכר העבודה;</p>
              </content>
            </point>
            <point eId="point_6__point_ג">
              <num>(ג)</num>
              <content>
                <p>העסקת נשים, נערים(ות) וילדים(ות);</p>
              </content>
            </point>
            <point eId="point_6__point_ד">
              <num>(ד)</num>
              <content>
                <p>שעות העבודה;</p>
              </content>
            </point>
            <point eId="point_6__point_ה">
              <num>(ה)</num>
              <content>
                <p>שוליות ושוליאות;</p>
              </content>
            </point>
            <point eId="point_6__point_ו">
              <num>(ו)</num>
              <content>
                <p>גיוס עובדים, לשכות עבודה וארגונים לעזרת גומלין;</p>
              </content>
            </point>
            <point eId="point_6__point_ז">
              <num>(ז)</num>
              <content>
                <p>פעולות ארגוני עובדים ואיגודי מעבידים;</p>
              </content>
            </point>
            <point eId="point_6__point_ח">
              <num>(ח)</num>
              <content>
                <p>ההיגיינה והבטחון בתעשיה;</p>
              </content>
            </point>
            <point eId="point_6__point_ט">
              <num>(ט)</num>
              <content>
                <p>ביטוח סוציאלי, לרבות קופות פנסיה וקופות תגמולין;</p>
              </content>
            </point>
            <point eId="point_6__point_י">
              <num>(י)</num>
              <content>
                <p>תנאי העסקה כלליים, ופרטים על סכסוכי עבודה;</p>
              </content>
            </point>
            <point eId="point_6__point_יא">
              <num>(יא)</num>
              <content>
                <p>כל ענין אחר ששר העבודה יטיל עליו את הוראות הסעיף הזה לפי מודעה שתפורסם ברשומות.</p>
              </content>
            </point>
          </list>
        </point>
        <point eId="point_7">
          <heading>
            <authorialNote placement="side">
              <p>ליקוט חומר</p>
            </authorialNote>
          </heading>
          <num>7.</num>
          <list>
            <point eId="point_7__point_1">
              <num>(1)</num>
              <content>
                <p>לשם ליקוט ידיעות מפורטות בנוגע לענינים המפורטים <ref href="#point_6">בסעיף 6 של פקודה זו</ref> או בנוגע לכל ענין שהוטל עליו אותו סעיף עפ"י <ref href="#point_6">פסקא (יא) הימנו</ref>, יהא המנהל רשאי לפנות אל כל אדם באופן הנקבע בסעיף קטן (2) של סעיף זה.</p>
              </content>
            </point>
            <point eId="point_7__point_2">
              <num>(2)</num>
              <content>
                <p>דרישות עפ"י סעיף זה תשלחנה בצורת הודעה בכתב שתמסר לאדם, שאליו היא ערוכה, ובהודעה יש לפרט את הידיעה או הפרטים הנדרשים ואפשר לפרט בה את הצורה שבה יש למסור את הפרטים הנ"ל ולקבוע בה מועד מספיק למסירתם, וכן אפשר לדרוש בה שהידיעות או הפרטים הנ"ל יימסרו מתקופה לתקופה.</p>
              </content>
            </point>
            <point eId="point_7__point_3">
              <num>(3)</num>
              <content>
                <p>שום אדם לא יהא נדרש או מחויב להמציא ידיעות או פרטים מחוץ לאלה שהוא יכול להשיגם בעסק, במקצוע או במלאכה בארץ שהוא עוסק בהנהלתם או בהשגחה עליהם, אלא במדה שהוא מעסיק מחוץ לגבולות הארץ עובדים הדרים כרגיל בארץ.</p>
              </content>
            </point>
            <point eId="point_7__point_4">
              <num>(4)</num>
              <list>
                <intro>
                  <p>אם נדרש למסור פרטים או ידיעות עפ"י סעיף זה והוא –</p>
                </intro>
                <point eId="point_7__point_4__point_א">
                  <num>(א)</num>
                  <content>
                    <p>מסרב במזיד למסור את הפרטים או הידיעות הנדרשים במועד שנקצב למסירתם או בצורה שפורטה או נקבעה, או מזלזל ללא צידוק חוקי במסירתם; או</p>
                  </content>
                </point>
                <point eId="point_7__point_4__point_ב">
                  <num>(ב)</num>
                  <content>
                    <p>מוסר במזיד או גורם במזיד למסירת פרטים או ידיעות כוזבים ביחס לכל ענין שיפורט בהודעה הדורשת מסירת פרטים או ידיעות,</p>
                  </content>
                </point>
                <wrapup eId="point_7__point_4__wrapup_none">
                  <content>
                    <p>יאשם אותו אדם בעבירה על פקודה זו.</p>
                  </content>
                </wrapup>
              </list>
            </point>
          </list>
        </point>
        <point eId="point_8">
          <heading>
            <authorialNote placement="side">
              <p>איסור פרסומן של דו"חות</p>
            </authorialNote>
          </heading>
          <num>8.</num>
          <list>
            <point eId="point_8__point_1">
              <num>(1)</num>
              <content>
                <p>כל העוסק בליקוטה או בהכנתה של סטטיסטיקה עפ"י פקודה זו יהא נדרש למסור הצהרה בטופס הקבוע כי לא יגלה את תכנו של כל דו"ח או של כל חלק מדו"ח או כל תשובה, או כי לא ישתמש בהם אלא לצרכי פקודה זו; וכל אדם שיפעל ביודעין מתוך הפרת ההצהרה שמסר כאמור, יאשם בעברה על פקודה זו.</p>
              </content>
            </point>
            <point eId="point_8__point_2">
              <num>(2)</num>
              <content>
                <p>כל שיש ברשותו פרטים והוא יודע כי הם נתגלו מתוך הפרת הוראות הסעיף הזה, והוא מפרסם אותו חומר או מוסרו לאדם אחר, יאשם בעברה על פקודה זו.</p>
              </content>
            </point>
          </list>
        </point>
        <point eId="point_9">
          <heading>
            <authorialNote placement="side">
              <p>כחו של המנהל או של המפקח לגבי פקודות או חוקים אחרים</p>
            </authorialNote>
          </heading>
          <num>9.</num>
          <list>
            <point eId="point_9__point_1">
              <num>(1)</num>
              <content>
                <p>יהיה מותר למנהל או למפקח – במידה שעשוי להיות צורך בכך, כדי לתת נפקות לתכליותיה ולקביעותיה של הפקודה הזאת – להגשים ולכפות כל פקודה או חוק אחר המפורטים <ref href="#appendix">בתוספת</ref>, או – מקום שנוקבה איזו רָשות אחרת לאותה תכלית – לעזור בהגשמתם ובכפייתם של הנ"ל.</p>
              </content>
            </point>
            <point eId="point_9__point_2">
              <num>(2)</num>
              <content>
                <p>שר העבודה רשאי לתקן – בצו – את <ref href="#appendix">התוספת</ref>, מתוך שיוסיף עליה או ימחוק ממנה כל פקודה או חוק אחרים, או בכל דרך אחרת שהיא.</p>
              </content>
            </point>
          </list>
        </point>
        <point eId="point_10">
          <heading>
            <authorialNote placement="side">
              <p xml:space="preserve"> </p>
            </authorialNote>
          </heading>
          <num>10.</num>
          <content>
            <p>
              <wikicomment font-size="x-small">(בוטל).</wikicomment>
            </p>
          </content>
        </point>
        <point eId="point_11">
          <heading>
            <authorialNote placement="side">
              <p>עונשים</p>
            </authorialNote>
          </heading>
          <num>11.</num>
          <list>
            <point eId="point_11__point_1">
              <num>(1)</num>
              <content>
                <p>כל שנאשם בעבירה על פקודה זו יהא צפוי, בצאתו חייב בדין, למאסר לא יותר משלשה חדשים או לקנס לא יותר מעשרים לירות או לשני הענשים האלה כאחד.</p>
              </content>
            </point>
            <point eId="point_11__point_2">
              <num>(2)</num>
              <content>
                <p>כשהאדם שנתחייב בדין על עברה שעבר על פקודה זו הוא חברה או אגודה או חבר בני אדם, בין מאוגדים ובין בלתי מאוגדים, הרי כל אדם שבשעת מעשה העברה היה מנהל, שותף או פקיד של החברה או האגודה או של חבר בני האדם, בין מאוגדים ובין בלתי מאוגדים, יהיו רואין אותו כאשם בעברה על פקודה זו ויהא צפוי לענש הקבוע בסעיף־קטן (1) של סעיף זה, אלא אם כן הוכיח כי העברה נעשתה בלא ידיעתו, או שאחז בכל אמצעי הזהירות הדרושים כדי למנוע את עשיתה של העברה.</p>
              </content>
            </point>
          </list>
        </point>
        <point eId="point_12">
          <heading>
            <authorialNote placement="side">
              <p>תקנות</p>
            </authorialNote>
          </heading>
          <num>12.</num>
          <content>
            <p>רשאי שר העבודה להתקין תקנות ולקבוע טפסים לצורך ביצוע ההוראות של פקודה זו.</p>
          </content>
        </point>
        <point eId="point_13">
          <heading>
            <authorialNote placement="side">
              <p>תחילת תוקף</p>
            </authorialNote>
          </heading>
          <num>13.</num>
          <content>
            <p>יהיו רואים את הפקודה הזאת כאילו קיבלה תוקף ביום 20 ביולי, 1942.</p>
          </content>
        </point>
      </list>
      <subtitle eId="eId">
        <num></num>
        <content>
          <p>תוספת</p>
        </content>
      </subtitle>
      <list>
        <point eId="point_1">
          <heading>
            <authorialNote placement="side">
              <p xml:space="preserve"> </p>
            </authorialNote>
          </heading>
          <num>1.</num>
          <content>
            <p>פקודת הנשים (חוזי העבדה); <wikicomment font-size="x-small">הפקודה בוטלה <ref href="/akn/il/act/PrimaryLegislation/1967-12-27/147417">בחוק לביטול חיקוקים שנושנו, תשכ"ח–1967</ref>.</wikicomment></p>
          </content>
        </point>
        <point eId="point_2">
          <heading>
            <authorialNote placement="side">
              <p xml:space="preserve"> </p>
            </authorialNote>
          </heading>
          <num>2.</num>
          <content>
            <p>פקודת המכונות (גידור); <wikicomment font-size="x-small">הפקודה הוסדרה <ref href="/akn/il/act/PrimaryLegislation/1970-08-30/2002270#chp_ג_sec_א">בסימן א׳ לפרק ג׳ לפקודת הבטיחות בעבודה [נוסח חדש], תש"ל–1970</ref>.</wikicomment></p>
          </content>
        </point>
        <point eId="point_3">
          <heading>
            <authorialNote placement="side">
              <p xml:space="preserve"> </p>
            </authorialNote>
          </heading>
          <num>3.</num>
          <content>
            <p>
              <ref href="/akn/il/act/PrimaryLegislation/1933-12-31/2001801">פקודת המכרות</ref>;</p>
          </content>
        </point>
        <point eId="point_4">
          <heading>
            <authorialNote placement="side">
              <p xml:space="preserve"> </p>
            </authorialNote>
          </heading>
          <num>4.</num>
          <content>
            <p>פקודת דודי הקטור; <wikicomment font-size="x-small">הפקודה הוסדרה <ref href="/akn/il/act/PrimaryLegislation/1970-08-30/2002270#chp_ג_sec_י">בסימנים י׳ עד י"ד לפרק ג׳ לפקודת הבטיחות בעבודה [נוסח חדש], תש"ל–1970</ref>.</wikicomment></p>
          </content>
        </point>
        <point eId="point_5">
          <heading>
            <authorialNote placement="side">
              <p xml:space="preserve"> </p>
            </authorialNote>
          </heading>
          <num>5.</num>
          <content>
            <p>פקודת המלאכות והתעשיות (הסדרתן); <wikicomment font-size="x-small">הפקודה בוטלה <ref href="/akn/il/act/PrimaryLegislation/1968-08-16/148450#point_40">בסעיף 40 לחוק רישוי עסקים, תשכ"ח–1968</ref>.</wikicomment></p>
          </content>
        </point>
        <point eId="point_6">
          <heading>
            <authorialNote placement="side">
              <p xml:space="preserve"> </p>
            </authorialNote>
          </heading>
          <num>6.</num>
          <content>
            <p>פקודת גפרורי הזרחן הלבן (איסור); <wikicomment font-size="x-small">הפקודה הוסדרה <ref href="/akn/il/act/PrimaryLegislation/1970-08-30/2002270#chp_ה_sec_ד">בסימן ד׳ לפרק ה׳ לפקודת הבטיחות בעבודה [נוסח חדש], תש"ל–1970</ref>.</wikicomment></p>
          </content>
        </point>
        <point eId="point_7">
          <heading>
            <authorialNote placement="side">
              <p xml:space="preserve"> </p>
            </authorialNote>
          </heading>
          <num>7.</num>
          <content>
            <p>פקודת נשים וילדים (העבדתם במפעלי תעשיה); <wikicomment font-size="x-small">הפקודה הוסדרה <ref href="/akn/il/act/PrimaryLegislation/1954-08-12/148069">בחוק עבודת נשים, תשי"ד–1954</ref><ref href="/akn/il/act/PrimaryOrSecondaryLegislation/UnknownWorkDate/חוק_עבודת_נוער">ובחוק עבודת נוער, תשי"ג–1953</ref>.</wikicomment></p>
          </content>
        </point>
        <point eId="point_8">
          <heading>
            <authorialNote placement="side">
              <p xml:space="preserve"> </p>
            </authorialNote>
          </heading>
          <num>8.</num>
          <content>
            <p>
              <ref href="/akn/il/act/PrimaryOrSecondaryLegislation/UnknownWorkDate/פקודת_הפיצויים_לעובדים">פקודת הפיצויים לעובדים</ref>;</p>
          </content>
        </point>
        <point eId="point_9">
          <heading>
            <authorialNote placement="side">
              <p xml:space="preserve"> </p>
            </authorialNote>
          </heading>
          <num>9.</num>
          <content>
            <p>פקודת העיריות, 1934; <wikicomment font-size="x-small">הפקודה הוחלפה <ref href="/akn/il/act/PrimaryOrSecondaryLegislation/UnknownWorkDate/פקודת_העיריות">בפקודת העיריות [נוסח חדש]</ref>.</wikicomment></p>
          </content>
        </point>
        <point eId="point_10">
          <heading>
            <authorialNote placement="side">
              <p xml:space="preserve"> </p>
            </authorialNote>
          </heading>
          <num>10.</num>
          <content>
            <p>פקודת מכירת משקאות משכרים, 1935; <wikicomment font-size="x-small">הפקודה בוטלה <ref href="/akn/il/act/PrimaryLegislation/1968-08-16/148450#point_40">בסעיף 40 לחוק רישוי עסקים, תשכ"ח–1968</ref>.</wikicomment></p>
          </content>
        </point>
        <point eId="point_11">
          <heading>
            <authorialNote placement="side">
              <p xml:space="preserve"> </p>
            </authorialNote>
          </heading>
          <num>11.</num>
          <content>
            <p>פקודת השעשועים הציבוריים, 1935; <wikicomment font-size="x-small">הפקודה בוטלה <ref href="/akn/il/act/PrimaryLegislation/1968-08-16/148450#point_40">בסעיף 40 לחוק רישוי עסקים, תשכ"ח–1968</ref>.</wikicomment></p>
          </content>
        </point>
        <point eId="point_12">
          <heading>
            <authorialNote placement="side">
              <p xml:space="preserve"> </p>
            </authorialNote>
          </heading>
          <num>12.</num>
          <content>
            <p>פקודת החוק הפלילי, 1936 (<ref href="/akn/il/act/PrimaryLegislation/1977-08-04/2002251#point_163">סעיפים 210</ref><ref href="/akn/il/act/PrimaryLegislation/1977-08-04/2002251#point_164">ו־211</ref>); <wikicomment font-size="x-small">הפקודה הוחלפה <ref href="/akn/il/act/PrimaryLegislation/1977-08-04/2002251">בחוק העונשין, תשל"ז–1977</ref>.</wikicomment></p>
          </content>
        </point>
        <point eId="point_13">
          <heading>
            <authorialNote placement="side">
              <p xml:space="preserve"> </p>
            </authorialNote>
          </heading>
          <num>13.</num>
          <content>
            <p>צו ההגנה (סכסוכי עבודה), 1942; <wikicomment font-size="x-small">הצו הוסדר <ref href="/akn/il/act/PrimaryLegislation/1957-02-28/148174">בחוק יישוב סכסוכי עבודה, תשי"ז–1957</ref>.</wikicomment></p>
          </content>
        </point>
        <point eId="point_14">
          <heading>
            <authorialNote placement="side">
              <p xml:space="preserve"> </p>
            </authorialNote>
          </heading>
          <num>14.</num>
          <content>
            <p>תקנות ההגנה (עבודות בשירות המלחמה), 1942; <wikicomment font-size="x-small">התקנות הוסדרו <ref href="/akn/il/act/PrimaryOrSecondaryLegislation/UnknownWorkDate/חוק_שירות_עבודה_בשעת_חירום">בחוק שירות עבודה בשעת־חירום, תשכ"ז–1967</ref> ובתקנותיו.</wikicomment></p>
          </content>
        </point>
        <point eId="point_15">
          <heading>
            <authorialNote placement="side">
              <p xml:space="preserve"> </p>
            </authorialNote>
          </heading>
          <num>15.</num>
          <content>
            <p>
              <ref href="/akn/il/act/PrimaryLegislation/1940-12-20/2001729">פקודת בריאות העם, 1940</ref>;</p>
          </content>
        </point>
        <point eId="point_16">
          <heading>
            <authorialNote placement="side">
              <p xml:space="preserve"> </p>
            </authorialNote>
          </heading>
          <num>16.</num>
          <content>
            <p>
              <ref href="/akn/il/act/PrimaryLegislation/1945-05-13/2002185">פקודת התאונות ומחלות משלח־היד (הודעה), 1945</ref>;</p>
          </content>
        </point>
        <point eId="point_17">
          <heading>
            <authorialNote placement="side">
              <p xml:space="preserve"> </p>
            </authorialNote>
          </heading>
          <num>17.</num>
          <content>
            <p>פקודת העבדת ילדים ונערים, 1945; <wikicomment font-size="x-small">הפקודה בוטלה <ref href="/akn/il/act/PrimaryLegislation/1953-07-23/150257#point_45">בסעיף 45 לחוק עבודת הנוער, תשי"ג–1953</ref>.</wikicomment></p>
          </content>
        </point>
        <point eId="point_18">
          <heading>
            <authorialNote placement="side">
              <p xml:space="preserve"> </p>
            </authorialNote>
          </heading>
          <num>18.</num>
          <content>
            <p>פקודת העבדת נשים, 1945; <wikicomment font-size="x-small">הפקודה בוטלה <ref href="/akn/il/act/PrimaryLegislation/1954-08-12/148069#point_25">בסעיף 25 לחוק עבודת נשים, תשי"ד–1954</ref>.</wikicomment></p>
          </content>
        </point>
        <point eId="point_19">
          <heading>
            <authorialNote placement="side">
              <p xml:space="preserve"> </p>
            </authorialNote>
          </heading>
          <num>19.</num>
          <content>
            <p>פקודת מועצות־מלאכות, 1945; <wikicomment font-size="x-small">הפקודה בוטלה <ref href="/akn/il/act/PrimaryLegislation/1967-12-27/147417">בחוק לביטול חיקוקים שנושנו, תשכ"ח–1967</ref>.</wikicomment></p>
          </content>
        </point>
        <point eId="point_20">
          <heading>
            <authorialNote placement="side">
              <p xml:space="preserve"> </p>
            </authorialNote>
          </heading>
          <num>20.</num>
          <content>
            <p>פקודת בתי־חרושת, 1946; <wikicomment font-size="x-small">הפקודה הוחלפה <ref href="/akn/il/act/PrimaryLegislation/1970-08-30/2002270">בפקודת הבטיחות בעבודה [נוסח חדש], תש"ל–1970</ref>.</wikicomment></p>
          </content>
        </point>
        <point eId="point_21">
          <heading>
            <authorialNote placement="side">
              <p xml:space="preserve"> </p>
            </authorialNote>
          </heading>
          <num>21.</num>
          <content>
            <p>פקודת בתי־משפט תעשיתיים, 1947; <wikicomment font-size="x-small">הפקודה בוטלה <ref href="/akn/il/act/PrimaryLegislation/1957-02-28/148174#point_44">בסעיף 44 לחוק יישוב סכסוכי עבודה, תשי"ז–1957</ref>.</wikicomment></p>
          </content>
        </point>
        <point eId="point_22">
          <heading>
            <authorialNote placement="side">
              <p xml:space="preserve"> </p>
            </authorialNote>
          </heading>
          <num>22.</num>
          <content>
            <p>
              <ref href="/akn/il/act/PrimaryOrSecondaryLegislation/UnknownWorkDate/פקודת_הפיצויים_לעובדים">פקודת פיצויים לעובדים, 1947</ref>.</p>
          </content>
        </point>
      </list>
    </body>
    <conclusions eId="eId">
      <p class="signatures">
        <signature>
          <p>
            <person refersTo="הרולד_מקמיכאל">הרולד מקמיכאל</person>
            <role refersTo="נציב_עליון">נציב עליון</role>
          </p>
        </signature>
      </p>
    </conclusions>
  </act>
</akomaNtoso>