﻿<?xml version="1.0" encoding="utf-8"?>
<akomaNtoso xmlns="http://docs.oasis-open.org/legaldocml/ns/akn/3.0">
  <act contains="originalVersion" name="publicLaw">
    <meta>
      <identification source="#kensset">
        <FRBRWork>
          <FRBRthis value="/akn/il/act/PrimaryLegislation/1975-07-31/147446/main" />
          <FRBRuri value="/akn/il/act/PrimaryLegislation/1975-07-31/147446" />
          <FRBRdate date="1975-07-31" name="Generation" />
          <FRBRauthor href="#knesset" as="#author" />
          <FRBRcountry value="israel" />
        </FRBRWork>
        <FRBRExpression>
          <FRBRthis value="/akn/il/act/PrimaryLegislation/1975-07-31/147446/he@/main" />
          <FRBRuri value="/akn/il/act/PrimaryLegislation/1975-07-31/147446/he@" />
          <FRBRdate date="1975-07-31" name="Generation" />
          <FRBRauthor href="#knesset" as="#author" />
          <FRBRlanguage language="hebrew" />
        </FRBRExpression>
        <FRBRManifestation>
          <FRBRthis value="/akn/il/act/PrimaryLegislation/1975-07-31/147446/he@/main.xml" />
          <FRBRuri value="/akn/il/act/PrimaryLegislation/1975-07-31/147446/he@" />
          <FRBRdate date="1975-07-31" name="Generation" />
          <FRBRauthor href="#knesset" as="#author" />
          <FRBRformat value="xml" />
        </FRBRManifestation>
      </identification>
      <classification source="#kensset">
        <keyword value="{classificationValue}" showAs="{classificationValue}" dictionary="#classification_dictionary" />
      </classification>
      <lifecycle source="#kensset">
        <eventRef eId="eventRef_1" date="1975-07-31" source="#kensset" type="generation" />
      </lifecycle>
      <references source="#kensset">
        <TLCOrganization eId="kensset" href="/ontology/organization/akn/knesset" showAs="Kensset" type="generation" />
        <TLCRole eId="author" href="/ontology/role/akn/author" showAs="Author of Document" />
        <TLCProcess eId="inforce" href="/ontology/process/akn/inforce" showAs="In force" />
        <TLCTerm eId="term_1" href="/ontology/term/הוצאה_ממשלתית/147446" showAs="הוצאה_ממשלתית" />
        <TLCTerm eId="term_2" href="/ontology/term/סכום_ההוצאה_הממשלתית_לשנת_2019/147446" showAs="סכום_ההוצאה_הממשלתית_לשנת_2019" />
        <TLCTerm eId="term_3" href="/ontology/term/סכום_ההוצאה_הממשלתית_הצמוד_לשנת_2019/147446" showAs="סכום_ההוצאה_הממשלתית_הצמוד_לשנת_2019" />
        <TLCTerm eId="term_4" href="/ontology/term/סכום_יתרת_ההוצאה_לחודשים_ינואר_עד_מרס/147446" showAs="סכום_יתרת_ההוצאה_לחודשים_ינואר_עד_מרס" />
        <TLCTerm eId="term_5" href="/ontology/term/הצעת_חוק_תקציבית/147446" showAs="הצעת_חוק_תקציבית" />
        <TLCTerm eId="term_6" href="/ontology/term/הסתייגות_תקציבית/147446" showAs="הסתייגות_תקציבית" />
        <TLCTerm eId="term_7" href="/ontology/term/עלות_תקציבית/147446" showAs="עלות_תקציבית" />
        <TLCTerm eId="term_8" href="/ontology/term/הוצאה_מתקציב_המדינה/147446" showAs="הוצאה_מתקציב_המדינה" />
        <TLCTerm eId="term_9" href="/ontology/term/גוף_מתוקצב/147446" showAs="גוף_מתוקצב" />
        <TLCPerson eId="יצחק_רבין" href="/ontology/person/יצחק_רבין" showAs="יצחק רבין" />
        <TLCPerson eId="אפרים_קציר" href="/ontology/person/אפרים_קציר" showAs="אפרים קציר" />
        <TLCRole eId="ראש_הממשלה" href="ontology/role/akn/ראש_הממשלה" showAs="ראש הממשלה" />
        <TLCRole eId="נשיא_המדינה" href="ontology/role/akn/נשיא_המדינה" showAs="נשיא המדינה" />
      </references>
      <temporalData source="#kensset">
        <temporalGroup eId="tmpg_1" />
      </temporalData>
      <Publication></Publication>
    </meta>
    <body period="#tmpg_1">
      <title eId="title">
        <content>
          <p>חוק־יסוד: משק המדינה</p>
        </content>
      </title>
      <list>
        <point eId="point_1">
          <heading>
            <authorialNote placement="side">
              <p>מסים, מילוות חובה ואגרות</p>
            </authorialNote>
          </heading>
          <num>1.</num>
          <list>
            <point eId="point_1__point_א">
              <num>(א)</num>
              <content>
                <p>מסים, מילוות חובה ותשלומי חובה אחרים לא יוטלו, ושיעוריהם לא ישונו, אלא בחוק או על פיו; הוא הדין לגבי אגרות.</p>
              </content>
            </point>
            <point eId="point_1__point_ב">
              <num>(ב)</num>
              <content>
                <p>מסים, מילוות חובה, תשלומי חובה אחרים ואגרות המשתלמים לאוצר המדינה, ושיעוריהם לא נקבעו בגוף החוק ולא נקבעה בחוק הוראה שקביעתם בתקנות טעונה אישור הכנסת או ועדה מועדותיה, קביעתם בתקנות טעונה אישור מראש או תוך התקופה הקבועה לכך בחוק – בהחלטת הכנסת או בהחלטת ועדה מועדותיה שהכנסת הסמיכה לכך.<br xml:space="preserve" xmlns=""> </br><wikicomment font-size="x-small">פורסמה החלטה (י"פ תש"ם, 538), לפיה ועדת הכספים מוסמכת לאשר תקנות הקובעות שיעורי מסים, מילוות חובה, תשלומי חובה אחרים ואגרות המשתלמים לאוצר המדינה, למעט אגרות כמפורט להלן; ועדת החוקה, חוק ומשפט מוסמכת לאשר תקנות הקובעות שיעורי אגרות המשתלמות לאוצר המדינה, לפי כל דין, בשל הליכים בבתי משפט, בבתי דין ובלשכות ההוצאה לפועל; והוא כשאין בחוק הוראה בדבר אישורן בכנסת או בועדה אחרת מועדותיה.</wikicomment></p>
              </content>
            </point>
          </list>
        </point>
        <point eId="point_2">
          <heading>
            <authorialNote placement="side">
              <p>נכסי מדינה</p>
            </authorialNote>
          </heading>
          <num>2.</num>
          <content>
            <p>עסקאות בנכסי המדינה, רכישת זכויות וקבלת התחייבויות בשם המדינה ייעשו בידי מי שהוסמך לכך בחוק או על פיו.</p>
          </content>
        </point>
        <point eId="point_3">
          <heading>
            <authorialNote placement="side">
              <p>תקציב המדינה</p>
            </authorialNote>
          </heading>
          <num>3.</num>
          <list>
            <point eId="point_3__point_א">
              <num>(א)</num>
              <list>
                <point eId="point_3__point_א__point_1">
                  <num>(1)</num>
                  <content>
                    <p>תקציב המדינה ייקבע בחוק.</p>
                  </content>
                </point>
                <point eId="point_3__point_א__point_2">
                  <num>(2)</num>
                  <content>
                    <p>התקציב יהיה לשנה אחת ויביא את הוצאות הממשלה הצפויות והמתוכננות.</p>
                  </content>
                </point>
              </list>
            </point>
            <point eId="point_3__point_ב">
              <num>(ב)</num>
              <list>
                <point eId="point_3__point_ב__point_1">
                  <num>(1)</num>
                  <content>
                    <p>הממשלה תניח על שולחן הכנסת את הצעת חוק התקציב במועד שקבעה ועדת הכספים של הכנסת אך לא יאוחר מששים ימים לפני תחילת שנת הכספים, ואולם בתקופה כאמור <ref href="/akn/il/act/PrimaryLegislation/1958-02-20/147453#point_36א">בסעיף 36א(ב) לחוק־יסוד: הכנסת</ref>, תונח הצעת חוק התקציב על שולחן הכנסת במועד שקבעה ועדת הכספים של הכנסת אך לא יאוחר מ־45 ימים לפני היום הקובע כאמור <ref href="/akn/il/act/PrimaryLegislation/1958-02-20/147453#point_36א">באותו סעיף</ref>;</p>
                  </content>
                </point>
                <point eId="point_3__point_ב__point_2">
                  <num>(2)</num>
                  <content>
                    <p>הצעת חוק התקציב תהיה מפורטת;</p>
                  </content>
                </point>
                <point eId="point_3__point_ב__point_3">
                  <num>(3)</num>
                  <content>
                    <p>הצעת התקציב המפורטת של משרד הבטחון והצעת התקציב המפורטת של גופים ביטחוניים שייקבעו לעניין זה בחוק לא יונחו על שולחן הכנסת אלא על שולחן ועדה משותפת של ועדת הכספים וועדת החוץ והבטחון של הכנסת;</p>
                  </content>
                </point>
                <point eId="point_3__point_ב__point_4">
                  <num>(4)</num>
                  <content>
                    <p>להצעת חוק התקציב יצורף אומדן המקורות למימונו.</p>
                  </content>
                </point>
              </list>
            </point>
            <point eId="point_3__point_ג">
              <num>(ג)</num>
              <content>
                <p>במקרה הצורך רשאית הממשלה להגיש בתוך שנת הכספים הצעת חוק תקציב נוסף.</p>
              </content>
            </point>
            <point eId="point_3__point_ד">
              <num>(ד)</num>
              <content>
                <p>נראה לממשלה כי חוק התקציב לא יתקבל לפני תחילת שנת הכספים, רשאית היא להגיש הצעת חוק תקציב ביניים.</p>
              </content>
            </point>
            <point eId="point_3__point_ה">
              <num>(ה)</num>
              <content>
                <p>שר האוצר יגיש לכנסת מדי שנה דין וחשבון על ביצוע תקציב המדינה; פרטים ייקבעו בחוק.</p>
              </content>
            </point>
          </list>
        </point>
        <point eId="point_3א">
          <heading>
            <authorialNote placement="side">
              <p>תקציב רב־שנתי</p>
            </authorialNote>
          </heading>
          <num>3א.</num>
          <list>
            <point eId="point_3א__point_א">
              <num>(א)</num>
              <content>
                <p>הממשלה תכין לקראת כל שנת כספים תכנית תקציב רב־שנתית שתכלול את הצעת חוק התקציב לשנה הקרובה וכן תכנית תקציב לשתי השנים הבאות אחריה.</p>
              </content>
            </point>
            <point eId="point_3א__point_ב">
              <num>(ב)</num>
              <content>
                <p>הממשלה תניח על שלחן הכנסת את תכנית התקציב הרב־שנתית ביחד עם הצעת חוק התקציב.</p>
              </content>
            </point>
            <point eId="point_3א__point_ג">
              <num>(ג)</num>
              <content>
                <p>כל הצעת חוק תקציב שתגיש הממשלה לכנסת תתבסס על תכנית התקציב הרב־שנתית שהוכנה והונחה על שולחן הכנסת לפי סעיף זה בשנה הקודמת.</p>
              </content>
            </point>
          </list>
        </point>
        <point eId="point_3ב">
          <heading>
            <authorialNote placement="side">
              <p>אי קבלת חוק תקציב</p>
            </authorialNote>
          </heading>
          <num>3ב.</num>
          <list>
            <point eId="point_3ב__point_א">
              <num>(א)</num>
              <content>
                <p>לא נתקבל חוק התקציב לפני תחילתה של שנת הכספים, רשאית הממשלה להוציא כל חודש סכום השווה לחלק השנים־עשר מהתקציב השנתי הקודם, בתוספת הצמדה למדד המחירים לצרכן, שמפרסמת הלשכה המרכזית לסטטיסטיקה.</p>
              </content>
            </point>
            <point eId="point_3ב__point_א1">
              <num>(א1)</num>
              <list>
                <intro>
                  <p>
                    <wikicomment font-size="x-small">(הוראת שעה עד יום 31.12.2020 או עד יום קבלת חוק התקציב לשנת 2020, לפי המוקדם):</wikicomment>
                  </p>
                </intro>
                <point eId="point_3ב__point_א1__point_1">
                  <num>(1)</num>
                  <list>
                    <intro>
                      <p>בסעיף קטן זה –</p>
                    </intro>
                    <point eId="point_3ב__point_א1__point_1__point_הוצאה_ממשלתית">
                      <content>
                        <p>
                          <def />”הוצאה ממשלתית“ – הוצאה ממשלתית, נטו, לרבות מתן אשראי, ולמעט החזר חובות קרן בלבד שאינו החזר חובות כאמור למוסד לביטוח לאומי;</p>
                      </content>
                    </point>
                    <point eId="point_3ב__point_א1__point_1__point_סכום_ההוצאה_הממשלתית_לשנת_2019">
                      <content>
                        <p>
                          <def />”סכום ההוצאה הממשלתית לשנת 2019“ – סכום ההוצאה הממשלתית, לפי הקבוע בחוק התקציב לשנת 2019;</p>
                      </content>
                    </point>
                    <point eId="point_3ב__point_א1__point_1__point_סכום_ההוצאה_הממשלתית_הצמוד_לשנת_2019">
                      <content>
                        <p>
                          <def />”סכום ההוצאה הממשלתית הצמוד לשנת 2019“ – סכום ההוצאה הממשלתית לשנת 2019, בתוספת הצמדה למדד המחירים לצרכן שמפרסמת הלשכה המרכזית לסטטיסטיקה;</p>
                      </content>
                    </point>
                    <point eId="point_3ב__point_א1__point_1__point_סכום_יתרת_ההוצאה_לחודשים_ינואר_עד_מרס">
                      <content>
                        <p>
                          <def />”סכום יתרת ההוצאה לחודשים ינואר עד מרס“ – סכום השווה ל־25 אחוזים מסכום ההוצאה הממשלתית הצמוד לשנת 2019, בניכוי ההוצאה הממשלתית שהוצאה בפועל בחודשים ינואר עד מרס של שנת 2020.</p>
                      </content>
                    </point>
                  </list>
                </point>
                <point eId="point_3ב__point_א1__point_2">
                  <num>(2)</num>
                  <list>
                    <intro>
                      <p>על אף האמור בסעיף קטן (א), בחודשים אפריל עד דצמבר של שנת 2020 או עד קבלתו של חוק התקציב לשנת 2020, לפי המוקדם, רשאית הממשלה להוציא את ההוצאות המפורטות להלן:</p>
                    </intro>
                    <point eId="point_3ב__point_א1__point_2__point_א">
                      <num>(א)</num>
                      <list>
                        <point eId="point_3ב__point_א1__point_2__point_א__point_1">
                          <num>(1)</num>
                          <content>
                            <p>כל חודש, סכום להוצאה ממשלתית השווה לחלק השנים עשר מסכום ההוצאה הממשלתית הצמוד לשנת 2019, ובחודש אפריל – סכום נוסף להוצאה ממשלתית השווה לסכום יתרת ההוצאה לחודשים ינואר עד מרס בתוספת סכום ההוצאות שהוצאו בחודש מרס לשם התמודדות עם המשבר שנוצר בשל התפשטות נגיף הקורונה;</p>
                          </content>
                        </point>
                        <point eId="point_3ב__point_א1__point_2__point_א__point_2">
                          <num>(2)</num>
                          <content>
                            <p>כל חודש מחודש ספטמבר, סכום השווה לחלק השנים עשר מ־11 מיליארד שקלים חדשים, ובחודש ספטמבר – סכום נוסף של 7.33 מיליארד שקלים חדשים;</p>
                          </content>
                        </point>
                        <point eId="point_3ב__point_א1__point_2__point_א__point_3">
                          <num>(3)</num>
                          <content>
                            <p>שר האוצר יביא לאישור הממשלה תכנית פעולה מפורטת הכוללת בין היתר פעולות ותמיכות לשימוש בסכום ההוצאה הממשלתית הצמוד לשנת 2019 ובסכום האמור בפסקת משנה (2); הממשלה תביא לאישור ועדת הכספים של הכנסת את התכנית האמורה לא יאוחר מיום כ"ד באלול התש"ף (13 בספטמבר 2020); כל עוד לא אישרה ועדת הכספים של הכנסת את התכנית לא תהיה הממשלה רשאית להוציא את הסכומים כאמור בפסקת משנה (2);</p>
                          </content>
                        </point>
                        <point eId="point_3ב__point_א1__point_2__point_א__point_4">
                          <num>(4)</num>
                          <content>
                            <p>שינוי בסכומים של מרכיבי התכנית כאמור בפסקת משנה (3), בשיעור העולה על 15 אחוזים מאחד ממרכיבי התכנית טעון אישור של ועדת הכספים של הכנסת;</p>
                          </content>
                        </point>
                      </list>
                    </point>
                    <point eId="point_3ב__point_א1__point_2__point_ב">
                      <num>(ב)</num>
                      <list>
                        <intro>
                          <p>כל חודש, לשם מימון ההוצאות הדרושות להתמודדות עם המשבר שנוצר בשל התפשטות נגיף הקורונה, ולמטרה זו בלבד, שיעור מסכום ההוצאה הממשלתית לשנת 2019 כמפורט להלן לצד אותו חודש:</p>
                        </intro>
                        <point eId="point_3ב__point_א1__point_2__point_ב__point_1">
                          <num>(1)</num>
                          <content>
                            <p>בחודש אפריל – 2.65%, בניכוי סכום ההוצאות שהוצאו בחודש מרס לשם התמודדות עם המשבר שנוצר בשל התפשטות נגיף הקורונה;</p>
                          </content>
                        </point>
                        <point eId="point_3ב__point_א1__point_2__point_ב__point_2">
                          <num>(2)</num>
                          <content>
                            <p>בחודש מאי – 1.88%;</p>
                          </content>
                        </point>
                        <point eId="point_3ב__point_א1__point_2__point_ב__point_3">
                          <num>(3)</num>
                          <content>
                            <p>בחודש יוני – 2.94%;</p>
                          </content>
                        </point>
                        <point eId="point_3ב__point_א1__point_2__point_ב__point_4">
                          <num>(4)</num>
                          <content>
                            <p>בחודש יולי – 1.36%;</p>
                          </content>
                        </point>
                        <point eId="point_3ב__point_א1__point_2__point_ב__point_5">
                          <num>(5)</num>
                          <content>
                            <p>בחודש אוגוסט – 3.05%;</p>
                          </content>
                        </point>
                        <point eId="point_3ב__point_א1__point_2__point_ב__point_6">
                          <num>(6)</num>
                          <content>
                            <p>בחודש ספטמבר – 2.68%;</p>
                          </content>
                        </point>
                        <point eId="point_3ב__point_א1__point_2__point_ב__point_7">
                          <num>(7)</num>
                          <content>
                            <p>בחודש אוקטובר – 1.51%;</p>
                          </content>
                        </point>
                        <point eId="point_3ב__point_א1__point_2__point_ב__point_8">
                          <num>(8)</num>
                          <content>
                            <p>בחודש נובמבר – 2.85%;</p>
                          </content>
                        </point>
                        <point eId="point_3ב__point_א1__point_2__point_ב__point_9">
                          <num>(9)</num>
                          <content>
                            <p>בחודש דצמבר – 2.39%.</p>
                          </content>
                        </point>
                      </list>
                    </point>
                    <point eId="point_3ב__point_א1__point_2__point_ג">
                      <num>(ג)</num>
                      <content>
                        <p>לשם החזר חובות קרן שאינו החזר חובות כאמור למוסד לביטוח לאומי – סכום שלא יעלה על 100 מיליארד שקלים חדשים;</p>
                      </content>
                    </point>
                    <point eId="point_3ב__point_א1__point_2__point_ד">
                      <num>(ד)</num>
                      <content>
                        <p>לשם החזר חובות למוסד לביטוח לאומי בשל ההוצאות הדרושות להתמודדות עם המשבר שנוצר בשל התפשטות נגיף הקורונה, ולמטרה זו בלבד – סכום שלא יעלה על 7 מיליארד שקלים חדשים;</p>
                      </content>
                    </point>
                    <point eId="point_3ב__point_א1__point_2__point_ה">
                      <num>(ה)</num>
                      <content>
                        <p>הוצאה המותנית בהכנסה כמשמעותה <ref href="/akn/il/act/PrimaryLegislation/1985-04-03/150399#point_5">בסעיף 5(א) ו־(ב) לחוק יסודות התקציב, התשמ"ה–1985</ref>, ובלבד שהסכום המוצא לפעולה מסוימת כהוצאה מותנית בהכנסה, בשנת 2020, לא יעלה על סכום התקבול שיתקבל בשנת 2020 למימון אותה הוצאה;</p>
                      </content>
                    </point>
                    <point eId="point_3ב__point_א1__point_2__point_ו">
                      <num>(ו)</num>
                      <content>
                        <p>הוצאה של מפעלים עסקיים שפעלו בשנת 2019, ובלבד שלגבי כל אחד מהמפעלים העסקיים כאמור סכום ההוצאה לשנת 2020 לא יעלה על סכום התקבולים שיתקבל למעשה אצל אותו מפעל עסקי בשנת 2020.</p>
                      </content>
                    </point>
                  </list>
                </point>
                <point eId="point_3ב__point_א1__point_3">
                  <num>(3)</num>
                  <list>
                    <intro>
                      <p>סכומים המפורטים בפסקאות משנה (א) ו־(ב) של פסקה (2) שלא הוצאו בחודש מסוים, יהיה ניתן להוציאם בכל אחד מהחודשים הבאים אחריו, עד יום ט"ז בטבת התשפ"א (31 בדצמבר 2020) או עד יום קבלת חוק התקציב לשנת 2020, לפי המוקדם, למטרות כמפורט להלן, לפי העניין:</p>
                    </intro>
                    <point eId="point_3ב__point_א1__point_3__point_א">
                      <num>(א)</num>
                      <content>
                        <p>לעניין סכומים המפורטים בפסקת משנה (א) של פסקה (2) – לשם מימון הוצאה ממשלתית;</p>
                      </content>
                    </point>
                    <point eId="point_3ב__point_א1__point_3__point_ב">
                      <num>(ב)</num>
                      <content>
                        <p>לעניין סכומים המפורטים בפסקת משנה (ב) של פסקה (2) – לשם מימון ההוצאות הדרושות להתמודדות עם המשבר שנוצר בשל התפשטות נגיף הקורונה.</p>
                      </content>
                    </point>
                  </list>
                </point>
              </list>
            </point>
            <point eId="point_3ב__point_א2">
              <num>(א2)</num>
              <list>
                <intro>
                  <p>
                    <wikicomment font-size="x-small">(הוראת שעה עד יום 31.12.2020 או עד יום קבלת חוק התקציב לשנת 2020, לפי המוקדם):</wikicomment>
                  </p>
                </intro>
                <point eId="point_3ב__point_א2__point_1">
                  <num>(1)</num>
                  <content>
                    <p>שר האוצר יגיש לאישור הממשלה עד יום ז׳ באייר התש"ף (1 במאי 2020), תכנית מפורטת ביחס לשימושים המתוכננים בסכומים המפורטים בסעיף קטן (א1)(2)(ב) (בסעיף קטן זה – התכנית המפורטת).</p>
                  </content>
                </point>
                <point eId="point_3ב__point_א2__point_2">
                  <num>(2)</num>
                  <list>
                    <intro>
                      <p>הממשלה תניח על שולחן הכנסת את התכנית המפורטת שתכלול את הסעיפים והסכומים שלהן:</p>
                    </intro>
                    <point eId="point_3ב__point_א2__point_2__point_א">
                      <num>(א)</num>
                      <content>
                        <p>בריאות, רווחה, סדר ציבורי, ביטחון פנים ומתן מענה לצורכי משרדי הממשלה – 14 מיליארד שקלים חדשים;</p>
                      </content>
                    </point>
                    <point eId="point_3ב__point_א2__point_2__point_א1">
                      <num>(א1)</num>
                      <content>
                        <p>היערכות משרד החינוך לשנת הלימודים התשפ"א – 1.75 מיליארד שקלים חדשים;</p>
                      </content>
                    </point>
                    <point eId="point_3ב__point_א2__point_2__point_ב">
                      <num>(ב)</num>
                      <content>
                        <p>שיפוי המוסד לביטוח לאומי – 20.5 מיליארד שקלים חדשים;</p>
                      </content>
                    </point>
                    <point eId="point_3ב__point_א2__point_2__point_ג">
                      <num>(ג)</num>
                      <content>
                        <p>מענק וסיוע לעסקים ולעצמאים – 30.7 מיליארד שקלים חדשים, ובכלל זה 500 מיליון שקלים חדשים כמענק נוסף לעסקים שפרטיו ייקבעו בחוק או שחלוקתו תהיה טעונה אישור ועדת הכספים של הכנסת;</p>
                      </content>
                    </point>
                    <point eId="point_3ב__point_א2__point_2__point_ד">
                      <num>(ד)</num>
                      <content>
                        <p>עידוד תעסוקה והכשרת הון אנושי, מימון הכשרות מקצועיות, סיוע לעמותות ולארגוני חברה אזרחית וסיוע לעסקים קטנים ובינוניים – 0.9 מיליארד שקלים חדשים;</p>
                      </content>
                    </point>
                    <point eId="point_3ב__point_א2__point_2__point_ד1">
                      <num>(ד1)</num>
                      <content>
                        <p>עידוד התעסוקה באמצעות מענק עבודה – 800 מיליון שקלים חדשים;</p>
                      </content>
                    </point>
                    <point eId="point_3ב__point_א2__point_2__point_ה">
                      <num>(ה)</num>
                      <content>
                        <p>הנחות בארנונה – 3.9 מיליארד שקלים חדשים;</p>
                      </content>
                    </point>
                    <point eId="point_3ב__point_א2__point_2__point_ו">
                      <num>(ו)</num>
                      <content>
                        <p>עלות תקציבית של פתרונות אשראי – 6.1 מיליארד שקלים חדשים;</p>
                      </content>
                    </point>
                    <point eId="point_3ב__point_א2__point_2__point_ז">
                      <num>(ז)</num>
                      <content>
                        <p>תשתיות, טכנולוגיה עילית, דיגיטציה ותכנית יציאה מהמשבר – 3.1 מיליארד שקלים חדשים;</p>
                      </content>
                    </point>
                    <point eId="point_3ב__point_א2__point_2__point_ח">
                      <num>(ח)</num>
                      <content>
                        <p>מטרות אחרות לרבות למענק וסיוע לשם הבטחת ביטחון תזונתי למשפחות מוחלשות – 3.05 מיליארד שקלים חדשים, ובלבד שהמענק והסיוע יינתנו על ידי משרד הפנים בהתאם לאמות מידה שוויוניות שיקבע שר הפנים; אמות המידה אינן טעונות פרסום ברשומות.</p>
                      </content>
                    </point>
                  </list>
                </point>
                <point eId="point_3ב__point_א2__point_2א">
                  <num>(2א)</num>
                  <content>
                    <p>שר האוצר יגיש לאישור הממשלה, עד יום ט"ז באב התש"ף (6 באוגוסט 2020), עדכון לתכנית המפורטת ביחס לסכומים שהשתנו בה ממועד אישורה לפי פסקה (1); הממשלה תגיש לוועדת הכספים של הכנסת את העדכון לתכנית המפורטת כאמור.</p>
                  </content>
                </point>
                <point eId="point_3ב__point_א2__point_3">
                  <num>(3)</num>
                  <content>
                    <p>שינוי בסכומים של מרכיבי התוכנית הנקובים בפסקה (2), בשיעור העולה על 10 אחוזים מאחד ממרכיבי התוכנית כאמור טעון אישור ועדת הכספים של הכנסת.</p>
                  </content>
                </point>
                <point eId="point_3ב__point_א2__point_4">
                  <num>(4)</num>
                  <content>
                    <p>אישרה הממשלה את התכנית המפורטת, לרבות עדכונה בהתאם להוראות פסקה (2א), ידווח שר האוצר לוועדת הכספים של הכנסת מדי חודש על אופן הוצאת הכספים ועל השימוש בפועל של השימושים המתוכננים לפיה.</p>
                  </content>
                </point>
              </list>
            </point>
            <point eId="point_3ב__point_ב">
              <num>(ב)</num>
              <content>
                <p>כספים לפי סעיף קטן (א) ייועדו קודם כל לקיום התחייבויות המדינה מכוח חוק, חוזים ואמנות; ביתרה תשתמש הממשלה רק להפעלת שירותים חיוניים ופעולות שנכללו בחוק התקציב הקודם לרבות כאלה שנכללו באמצעות שינויים תקציביים.<br xml:space="preserve" xmlns=""> </br><wikicomment font-size="x-small">(הוראת שעה עד יום 31.12.2020 או עד יום קבלת חוק התקציב לשנת 2020, לפי המוקדם):</wikicomment><br xml:space="preserve" xmlns=""> </br>כספים לפי לפי סעיפים קטנים (א) ו־(א1)(2)(א) ייועדו קודם כל לקיום התחייבויות המדינה מכוח חוק, חוזים ואמנות; ביתרה תשתמש הממשלה רק להפעלת שירותים חיוניים ופעולות שנכללו בחוק התקציב הקודם לרבות כאלה שנכללו באמצעות שינויים תקציביים.</p>
              </content>
            </point>
            <point eId="point_3ב__point_ב1">
              <num>(ב1)</num>
              <content>
                <p>פירוט הוצאות הממשלה הצפויות והמתוכננות לפי סעיף זה יפורסמו באתר משרד האוצר; פירוט ההוצאות לעניין משרד הביטחון והגופים הביטחוניים יונח על שולחן הוועדה המשותפת של ועדת הכספים וועדת החוץ והביטחון של הכנסת, כמשמעותה <ref href="/akn/il/act/PrimaryLegislation/1985-04-03/150399#point_18">בסעיף 18 לחוק יסודות התקציב, התשמ"ה–1985</ref>; שר האוצר ידווח לוועדת הכספים של הכנסת, אחת לחודש, על הוצאות הממשלה כאמור.</p>
              </content>
            </point>
            <point eId="point_3ב__point_ג">
              <num>(ג)</num>
              <content>
                <p>אין לשנות סעיף זה אלא ברוב חברי הכנסת.</p>
              </content>
            </point>
          </list>
        </point>
        <point eId="point_3ג">
          <heading>
            <authorialNote placement="side">
              <p>חקיקה הצריכה תקציב</p>
            </authorialNote>
          </heading>
          <num>3ג.</num>
          <list>
            <point eId="point_3ג__point_א">
              <num>(א)</num>
              <content>
                <p>הצעת חוק תקציבית לא תתקבל בכנסת אלא בקולותיהם של 50 חברי הכנסת לפחות; הרוב האמור דרוש בקריאה הראשונה, בקריאה השניה ובקריאה השלישית; ואולם אם הפכה הצעת חוק להצעת חוק תקציבית לאחר הקריאה הראשונה, דרוש הרוב האמור בקריאה השניה ובקריאה השלישית.</p>
              </content>
            </point>
            <point eId="point_3ג__point_ב">
              <num>(ב)</num>
              <content>
                <p>הסתייגות תקציבית לא תתקבל בכנסת אלא בקולותיהם של 50 חברי הכנסת לפחות; התקבלה הסתייגות תקציבית להצעת חוק לא תתקבל הצעת החוק בכנסת בקריאה השלישית אלא בקולותיהם של 50 חברי הכנסת לפחות.</p>
              </content>
            </point>
            <point eId="point_3ג__point_ג">
              <num>(ג)</num>
              <content>
                <p>קביעת העלות התקציבית, לענין סעיף זה, של הצעת חוק או הסתייגות, תהיה של ועדה מועדות הכנסת הדנה באותה הצעת חוק או הסתייגות (להלן – הועדה); הועדה תקבע את העלות התקציבית על פי הערכת שר האוצר או מי שהוא הסמיך לכך, אלא אם כן הוכח להנחת דעתה, על פי הערכה אחרת שהוגשה לה, כי העלות התקציבית שונה מהערכת שר האוצר; הערכות לפי סעיף זה יוגשו בצירוף נתונים ואמדנים.</p>
              </content>
            </point>
            <point eId="point_3ג__point_ד">
              <num>(ד)</num>
              <list>
                <intro>
                  <p>בסעיף זה –</p>
                </intro>
                <point eId="point_3ג__point_ד__point_הצעת_חוק_תקציבית">
                  <list>
                    <intro>
                      <p>
                        <def />”הצעת חוק תקציבית“ – הצעת חוק שמתקיימים בה כל אלה:</p>
                    </intro>
                    <point eId="point_3ג__point_ד__point_הצעת_חוק_תקציבית__point_1">
                      <num>(1)</num>
                      <content>
                        <p>היא הוגשה שלא בידי הממשלה;</p>
                      </content>
                    </point>
                    <point eId="point_3ג__point_ד__point_הצעת_חוק_תקציבית__point_2">
                      <num>(2)</num>
                      <content>
                        <p>בביצועה כרוכה עלות תקציבית של 5 מיליון שקלים חדשים <wikicomment font-size="x-small">(מתואם לשנת 2003; בשנת 2020, 6,136,283 ש"ח)</wikicomment> או יותר, בשנת תקציב כלשהי;</p>
                      </content>
                    </point>
                    <point eId="point_3ג__point_ד__point_הצעת_חוק_תקציבית__point_3">
                      <num>(3)</num>
                      <content>
                        <p>הממשלה לא נתנה את הסכמתה לעלות התקציבית;</p>
                      </content>
                    </point>
                  </list>
                </point>
                <point eId="point_3ג__point_ד__point_הסתייגות_תקציבית">
                  <list>
                    <intro>
                      <p>
                        <def />”הסתייגות תקציבית“ – הסתייגות להצעת חוק, שמתקיימים בה כל אלה:</p>
                    </intro>
                    <point eId="point_3ג__point_ד__point_הסתייגות_תקציבית__point_1">
                      <num>(1)</num>
                      <content>
                        <p>בביצועה כרוכה עלות תקציבית של 5 מיליון שקלים חדשים <wikicomment font-size="x-small">(מתואם לשנת 2003; בשנת 2020, 6,136,283 ש"ח)</wikicomment> או יותר, בשנת תקציב כלשהי;</p>
                      </content>
                    </point>
                    <point eId="point_3ג__point_ד__point_הסתייגות_תקציבית__point_2">
                      <num>(2)</num>
                      <content>
                        <p>הממשלה לא נתנה את הסכמתה לעלות התקציבית;</p>
                      </content>
                    </point>
                  </list>
                </point>
                <point eId="point_3ג__point_ד__point_עלות_תקציבית">
                  <content>
                    <p>
                      <def />”עלות תקציבית“ – הוצאה או התחייבות להוצאה מתקציב המדינה, או הפחתה של הכנסות המדינה אף אם ההוצאה או ההפחתה כאמור מלווה בהקטנה של הוצאה או התחייבות להוצאה מתקציב המדינה, או בהגדלה של הכנסות המדינה;</p>
                  </content>
                </point>
                <point eId="point_3ג__point_ד__point_הוצאה_מתקציב_המדינה">
                  <content>
                    <p>
                      <def />”הוצאה מתקציב המדינה“, ”הפחתה של הכנסות המדינה“ – לרבות הוצאה מתקציבו של גוף מתוקצב או הפחתה של הכנסות גוף מתוקצב;</p>
                  </content>
                </point>
                <point eId="point_3ג__point_ד__point_גוף_מתוקצב">
                  <content>
                    <p>
                      <def />”גוף מתוקצב“ – כהגדרתו <ref href="/akn/il/act/PrimaryLegislation/1985-04-03/150399#point_21">בסעיף 21 לחוק יסודות התקציב, התשמ"ה–1985</ref>.</p>
                  </content>
                </point>
              </list>
            </point>
            <point eId="point_3ג__point_ה">
              <num>(ה)</num>
              <content>
                <p>הסכומים הנקובים בהגדרות ”הצעת חוק תקציבית“ ו”הסתייגות תקציבית“ בסעיף קטן (ד) יתעדכנו ב־1 בינואר של כל שנה לפי שיעור השינוי במדד המחירים לצרכן שמפרסמת הלשכה המרכזית לסטטיסטיקה.</p>
              </content>
            </point>
            <point eId="point_3ג__point_ו">
              <num>(ו)</num>
              <content>
                <p>הוראות סעיף זה לא יחולו על הצעת חוק שענינה פיזור הכנסת ועריכת בחירות.</p>
              </content>
            </point>
          </list>
        </point>
        <point eId="point_4">
          <heading>
            <authorialNote placement="side">
              <p>שטרי כסף ומטבעות</p>
            </authorialNote>
          </heading>
          <num>4.</num>
          <content>
            <p>הדפסת שטרי כסף וטביעת מטבעות שישמשו הילך חוקי וכן הוצאתם יהיו על פי חוק.</p>
          </content>
        </point>
        <point eId="point_5">
          <heading>
            <authorialNote placement="side">
              <p>בקורת</p>
            </authorialNote>
          </heading>
          <num>5.</num>
          <content>
            <p>משק המדינה יעמוד לבקורת מבקר המדינה.</p>
          </content>
        </point>
      </list>
    </body>
    <conclusions eId="eId">
      <p class="signatures">
        <signature>
          <p>
            <person refersTo="יצחק_רבין">יצחק רבין</person>
            <role refersTo="ראש_הממשלה">ראש הממשלה</role>
          </p>
        </signature>
        <signature>
          <p>
            <person refersTo="אפרים_קציר">אפרים קציר</person>
            <role refersTo="נשיא_המדינה">נשיא המדינה</role>
          </p>
        </signature>
      </p>
    </conclusions>
  </act>
</akomaNtoso>