﻿<?xml version="1.0" encoding="utf-8"?>
<akomaNtoso xmlns="http://docs.oasis-open.org/legaldocml/ns/akn/3.0">
  <act contains="originalVersion" name="publicLaw">
    <meta>
      <identification source="#kensset">
        <FRBRWork>
          <FRBRthis value="/akn/il/act/PrimaryLegislation/1983-07-06/148897/main" />
          <FRBRuri value="/akn/il/act/PrimaryLegislation/1983-07-06/148897" />
          <FRBRdate date="1983-07-06" name="Generation" />
          <FRBRauthor href="#knesset" as="#author" />
          <FRBRcountry value="israel" />
        </FRBRWork>
        <FRBRExpression>
          <FRBRthis value="/akn/il/act/PrimaryLegislation/1983-07-06/148897/he@/main" />
          <FRBRuri value="/akn/il/act/PrimaryLegislation/1983-07-06/148897/he@" />
          <FRBRdate date="1983-07-06" name="Generation" />
          <FRBRauthor href="#knesset" as="#author" />
          <FRBRlanguage language="hebrew" />
        </FRBRExpression>
        <FRBRManifestation>
          <FRBRthis value="/akn/il/act/PrimaryLegislation/1983-07-06/148897/he@/main.xml" />
          <FRBRuri value="/akn/il/act/PrimaryLegislation/1983-07-06/148897/he@" />
          <FRBRdate date="1983-07-06" name="Generation" />
          <FRBRauthor href="#knesset" as="#author" />
          <FRBRformat value="xml" />
        </FRBRManifestation>
      </identification>
      <classification source="#kensset">
        <keyword value="{classificationValue}" showAs="{classificationValue}" dictionary="#classification_dictionary" />
      </classification>
      <lifecycle source="#kensset">
        <eventRef eId="eventRef_1" date="1983-07-06" source="#kensset" type="generation" />
      </lifecycle>
      <references source="#kensset">
        <TLCOrganization eId="kensset" href="/ontology/organization/akn/knesset" showAs="Kensset" type="generation" />
        <TLCRole eId="author" href="/ontology/role/akn/author" showAs="Author of Document" />
        <TLCProcess eId="inforce" href="/ontology/process/akn/inforce" showAs="In force" />
        <TLCTerm eId="term_1" href="/ontology/term/סוחר_מוסמך/148897" showAs="סוחר_מוסמך" />
        <TLCTerm eId="term_2" href="/ontology/term/מטבע_חוץ/148897" showAs="מטבע_חוץ" />
        <TLCTerm eId="term_3" href="/ontology/term/קניה/148897" showAs="קניה" />
        <TLCPerson eId="מנחם_בגין" href="/ontology/person/מנחם_בגין" showAs="מנחם בגין" />
        <TLCPerson eId="יורם_ארידור" href="/ontology/person/יורם_ארידור" showAs="יורם ארידור" />
        <TLCPerson eId="חיים_הרצוג" href="/ontology/person/חיים_הרצוג" showAs="חיים הרצוג" />
        <TLCRole eId="ראש_הממשלה" href="ontology/role/akn/ראש_הממשלה" showAs="ראש הממשלה" />
        <TLCRole eId="שר_האוצר" href="ontology/role/akn/שר_האוצר" showAs="שר האוצר" />
        <TLCRole eId="נשיא_המדינה" href="ontology/role/akn/נשיא_המדינה" showAs="נשיא המדינה" />
      </references>
      <temporalData source="#kensset">
        <temporalGroup eId="tmpg_1" />
      </temporalData>
      <Publication></Publication>
    </meta>
    <body period="#tmpg_1">
      <title eId="title">
        <content>
          <p>חוק היטל על קניית מטבע חוץ, התשמ"ג–1983</p>
        </content>
      </title>
      <preamble eId="eId">
        <p>שר האוצר פטר את הקונים מטבע חוץ מתשלום היטל לפי חוק זה.
</p>
      </preamble>
      <list>
        <point eId="point_1" class="definitions">
          <heading>
            <authorialNote placement="side">
              <p>הגדרות</p>
            </authorialNote>
          </heading>
          <num>1.</num>
          <list>
            <intro>
              <p>בחוק זה –</p>
            </intro>
            <point eId="point_1__point_סוחר_מוסמך">
              <content>
                <p>
                  <def />”סוחר מוסמך“ – כמשמעותו <ref href="/akn/il/act/PrimaryOrSecondaryLegislation/UnknownWorkDate/חוק_הפיקוח_על_המטבע">בחוק הפיקוח על המטבע, התשל"ח–1978</ref>;</p>
              </content>
            </point>
            <point eId="point_1__point_מטבע_חוץ">
              <content>
                <p>
                  <def />”מטבע חוץ“ – מטבע חוץ המפורט <ref href="/akn/il/act/PrimaryOrSecondaryLegislation/UnknownWorkDate/חוק_הפיקוח_על_המטבע#appendix">בתוספת לחוק הפיקוח על המטבע, התשל"ח–1978</ref>, וזכות למטבע כאמור;</p>
              </content>
            </point>
            <point eId="point_1__point_קניה">
              <content>
                <p>
                  <def />”קניה“ – קניית מטבע חוץ תמורת מטבע ישראלי.</p>
              </content>
            </point>
          </list>
        </point>
        <point eId="point_2">
          <heading>
            <authorialNote placement="side">
              <p>היטל על קניית מטבע</p>
            </authorialNote>
          </heading>
          <num>2.</num>
          <content>
            <p>הקונה מטבע חוץ ישלם היטל לאוצר המדינה.</p>
          </content>
        </point>
        <point eId="point_3">
          <heading>
            <authorialNote placement="side">
              <p>שיעור ההיטל</p>
            </authorialNote>
          </heading>
          <num>3.</num>
          <content>
            <p>ההיטל יהיה בשיעור של אחוז אחד מהתמורה בעד הקניה.</p>
          </content>
        </point>
        <point eId="point_4">
          <heading>
            <authorialNote placement="side">
              <p>גביית ההיטל והעברתו לאוצר</p>
            </authorialNote>
          </heading>
          <num>4.</num>
          <list>
            <point eId="point_4__point_א">
              <num>(א)</num>
              <content>
                <p>ההיטל ייגבה על ידי המוכר בעת ביצוע המכירה; לא עשה המוכר כן, יהא הוא חייב בתשלום ההיטל.</p>
              </content>
            </point>
            <point eId="point_4__point_ב">
              <num>(ב)</num>
              <content>
                <p>המוכר יעביר לחשב הכללי במשרד האוצר את סכומי ההיטל שגבה בשבוע פלוני ביום העסקים השני של השבוע שלאחריו; לא העבירו במועד, יהא חייב בתוספת ששיעורה 0.5% מסכום ההיטל לכל יום של פיגור.</p>
              </content>
            </point>
          </list>
        </point>
        <point eId="point_5">
          <heading>
            <authorialNote placement="side">
              <p>אי תחולת פטור מכוח דין אחר</p>
            </authorialNote>
          </heading>
          <num>5.</num>
          <list>
            <point eId="point_5__point_א">
              <num>(א)</num>
              <content>
                <p>הוראת כל דין הפוטרת ממס, היטל או תשלום חובה (להלן – מסים), לרבות הוראה הקובעת כי דינו של אדם, לענין חובת תשלום מסים, כדין המדינה – לא תחול על ההיטל.</p>
              </content>
            </point>
            <point eId="point_5__point_ב">
              <num>(ב)</num>
              <content>
                <p>על אף האמור בסעיף קטן (א), לא תחול חובת תשלום ההיטל על בנק ישראל.</p>
              </content>
            </point>
          </list>
        </point>
        <point eId="point_6">
          <heading>
            <authorialNote placement="side">
              <p>פטורים</p>
            </authorialNote>
          </heading>
          <num>6.</num>
          <list>
            <point eId="point_6__point_א">
              <num>(א)</num>
              <list>
                <intro>
                  <p>אלה פטורים מתשלום ההיטל:</p>
                </intro>
                <point eId="point_6__point_א__point_1">
                  <num>(1)</num>
                  <content>
                    <p>דיפלומט של מדינת חוץ, עובד ארגון האומות המאוחדות או סוכנויותיו המיוחדות, ארגון הצלב האדום ואנשי הכוח הרב לאומי כהגדרתם <ref href="/akn/il/act/PrimaryOrSecondaryLegislation/UnknownWorkDate/חוק_חסינויות_וזכויות_הכוח_הרב_לאומי">בחוק חסינויות וזכויות (הכוח הרב לאומי), התשמ"ב–1982</ref>;</p>
                  </content>
                </point>
                <point eId="point_6__point_א__point_2">
                  <num>(2)</num>
                  <content>
                    <p>עסקה של המרת מטבע חוץ אחד במטבע חוץ אחר בחשבון בנק של אותו אדם.</p>
                  </content>
                </point>
              </list>
            </point>
            <point eId="point_6__point_ב">
              <num>(ב)</num>
              <content>
                <p>שר האוצר, באישור ועדת הכספים של הכנסת, רשאי, בצו, לפטור סוגי קניות אחרים מתשלום ההיטל.<br xml:space="preserve" xmlns=""> </br><wikicomment font-size="x-small">לפי <ref href="/akn/il/act/SecondaryLegislation/1990-03-01/32873">צו היטל על קניית מטבע חוץ (פטור), התש"ן–1990</ref> (ק"ת תש"ן, 427), הקונה מטבע חוץ פטור מתשלום היטל.</wikicomment></p>
              </content>
            </point>
          </list>
        </point>
        <point eId="point_7">
          <heading>
            <authorialNote placement="side">
              <p>פעולות של סוחר מוסמך</p>
            </authorialNote>
          </heading>
          <num>7.</num>
          <list>
            <point eId="point_7__point_א">
              <num>(א)</num>
              <content>
                <p>סוחר מוסמך פטור מההיטל לגבי קניית מטבע חוץ שהוא קונה בתפקידו כסוחר מוסמך.</p>
              </content>
            </point>
            <point eId="point_7__point_ב">
              <num>(ב)</num>
              <content>
                <p>שימוש במטבע חוץ בידי סוחר מוסמך שלא כאמור בסעיף קטן (א), דינו לענין חוק זה כדין קניית מטבע חוץ במחיר הקניה הנהוג אצלו באותו יום; לענין <ref href="#point_2">סעיף 2</ref> יראוהו כקונה ולענין <ref href="#point_4">סעיף 4</ref> יראוהו כמוכר.</p>
              </content>
            </point>
          </list>
        </point>
        <point eId="point_8">
          <heading>
            <authorialNote placement="side">
              <p>תחולת פקודת המסים (גביה)</p>
            </authorialNote>
          </heading>
          <num>8.</num>
          <content>
            <p>על גביית ההיטל והתוספת לפי <ref href="#point_4">סעיף 4(ב)</ref> תחול <ref href="/akn/il/act/PrimaryLegislation/1933-12-31/2001803">פקודת המסים (גביה)</ref>.</p>
          </content>
        </point>
        <point eId="point_9">
          <heading>
            <authorialNote placement="side">
              <p>ביטול</p>
            </authorialNote>
          </heading>
          <num>9.</num>
          <content>
            <p>בתקנות־שעת־חירום (היטל על קניית מטבע חוץ), התשמ"ג–1983, תקנה 5 בטלה מיום תחילתן, ויתר התקנות בטלות מיום תחילתו של חוק זה.</p>
          </content>
        </point>
        <point eId="point_10">
          <heading>
            <authorialNote placement="side">
              <p>ביצוע ותקנות</p>
            </authorialNote>
          </heading>
          <num>10.</num>
          <content>
            <p>שר האוצר ממונה על ביצוע חוק זה והוא רשאי להתקין תקנות לביצועו.</p>
          </content>
        </point>
      </list>
    </body>
    <conclusions eId="eId">
      <p class="signatures">
        <signature>
          <p>
            <person refersTo="מנחם_בגין">מנחם בגין</person>
            <role refersTo="ראש_הממשלה">ראש הממשלה</role>
          </p>
        </signature>
        <signature>
          <p>
            <person refersTo="יורם_ארידור">יורם ארידור</person>
            <role refersTo="שר_האוצר">שר האוצר</role>
          </p>
        </signature>
        <signature>
          <p>
            <person refersTo="חיים_הרצוג">חיים הרצוג</person>
            <role refersTo="נשיא_המדינה">נשיא המדינה</role>
          </p>
        </signature>
      </p>
    </conclusions>
  </act>
</akomaNtoso>