﻿<?xml version="1.0" encoding="utf-8"?>
<akomaNtoso xmlns="http://docs.oasis-open.org/legaldocml/ns/akn/3.0">
  <act contains="originalVersion" name="publicLaw">
    <meta>
      <identification source="#kensset">
        <FRBRWork>
          <FRBRthis value="/akn/il/act/PrimaryLegislation/1954-08-26/147317/main" />
          <FRBRuri value="/akn/il/act/PrimaryLegislation/1954-08-26/147317" />
          <FRBRdate date="1954-08-26" name="Generation" />
          <FRBRauthor href="#knesset" as="#author" />
          <FRBRcountry value="israel" />
        </FRBRWork>
        <FRBRExpression>
          <FRBRthis value="/akn/il/act/PrimaryLegislation/1954-08-26/147317/he@/main" />
          <FRBRuri value="/akn/il/act/PrimaryLegislation/1954-08-26/147317/he@" />
          <FRBRdate date="1954-08-26" name="Generation" />
          <FRBRauthor href="#knesset" as="#author" />
          <FRBRlanguage language="hebrew" />
        </FRBRExpression>
        <FRBRManifestation>
          <FRBRthis value="/akn/il/act/PrimaryLegislation/1954-08-26/147317/he@/main.xml" />
          <FRBRuri value="/akn/il/act/PrimaryLegislation/1954-08-26/147317/he@" />
          <FRBRdate date="1954-08-26" name="Generation" />
          <FRBRauthor href="#knesset" as="#author" />
          <FRBRformat value="xml" />
        </FRBRManifestation>
      </identification>
      <classification source="#kensset">
        <keyword value="{classificationValue}" showAs="{classificationValue}" dictionary="#classification_dictionary" />
      </classification>
      <lifecycle source="#kensset">
        <eventRef eId="eventRef_1" date="1954-08-26" source="#kensset" type="generation" />
      </lifecycle>
      <references source="#kensset">
        <TLCOrganization eId="kensset" href="/ontology/organization/akn/knesset" showAs="Kensset" type="generation" />
        <TLCRole eId="author" href="/ontology/role/akn/author" showAs="Author of Document" />
        <TLCProcess eId="inforce" href="/ontology/process/akn/inforce" showAs="In force" />
        <TLCTerm eId="term_1" href="/ontology/term/בן_משפחה/147317" showAs="בן_משפחה" />
        <TLCTerm eId="term_2" href="/ontology/term/חוק_הכניסה_לישראל/147317" showAs="חוק_הכניסה_לישראל" />
        <TLCTerm eId="term_3" href="/ontology/term/חוק_המעצרים/147317" showAs="חוק_המעצרים" />
        <TLCTerm eId="term_4" href="/ontology/term/מסתנן/147317" showAs="מסתנן" />
        <TLCTerm eId="term_5" href="/ontology/term/ראש_המטה_הכללי/147317" showAs="ראש_המטה_הכללי" />
        <TLCTerm eId="term_6" href="/ontology/term/מזויין/147317" showAs="מזויין" />
        <TLCTerm eId="term_7" href="/ontology/term/ממונה_ביקורת_הגבולות/147317" showAs="ממונה_ביקורת_הגבולות" />
        <TLCTerm eId="term_8" href="/ontology/term/הוצאת_רכוש_מישראל/147317" showAs="הוצאת_רכוש_מישראל" />
        <TLCTerm eId="term_9" href="/ontology/term/חוק_העונשין/147317" showAs="חוק_העונשין" />
        <TLCTerm eId="term_10" href="/ontology/term/כספים/147317" showAs="כספים" />
        <TLCTerm eId="term_11" href="/ontology/term/כרטיס_תשלום/147317" showAs="כרטיס_תשלום" />
        <TLCTerm eId="term_12" href="/ontology/term/מסתנן/147317" showAs="מסתנן" />
        <TLCTerm eId="term_13" href="/ontology/term/נכסים_פיננסיים/147317" showAs="נכסים_פיננסיים" />
        <TLCTerm eId="term_14" href="/ontology/term/רכוש/147317" showAs="רכוש" />
        <TLCTerm eId="term_15" href="/ontology/term/שכר_מינימום/147317" showAs="שכר_מינימום" />
        <TLCPerson eId="משה_שרת" href="/ontology/person/משה_שרת" showAs="משה שרת" />
        <TLCPerson eId="פנחס_לבון" href="/ontology/person/פנחס_לבון" showAs="פנחס לבון" />
        <TLCPerson eId="יצחק_בן־צבי" href="/ontology/person/יצחק_בן־צבי" showAs="יצחק בן־צבי" />
        <TLCRole eId="ראש_הממשלה" href="ontology/role/akn/ראש_הממשלה" showAs="ראש הממשלה" />
        <TLCRole eId="שר_הבטחון" href="ontology/role/akn/שר_הבטחון" showAs="שר הבטחון" />
        <TLCRole eId="נשיא_המדינה" href="ontology/role/akn/נשיא_המדינה" showAs="נשיא המדינה" />
      </references>
      <temporalData source="#kensset">
        <temporalGroup eId="tmpg_1" />
      </temporalData>
      <Publication></Publication>
    </meta>
    <body period="#tmpg_1">
      <title eId="title">
        <content>
          <p>חוק למניעת הסתננות (עבירות ושיפוט), תשי"ד–1954</p>
        </content>
      </title>
      <chapter eId="chp_א">
        <num>פרק א׳:</num>
        <title>
          <content>
            <p>הגדרות</p>
          </content>
        </title>
        <list>
          <point eId="point_1" class="definitions">
            <heading>
              <authorialNote placement="side">
                <p>הגדרות</p>
              </authorialNote>
            </heading>
            <num>1.</num>
            <list>
              <intro>
                <p>בחוק זה –</p>
              </intro>
              <point eId="point_1__point_בן_משפחה">
                <content>
                  <p>
                    <def />”בן משפחה“ – הורה, הורה הורה, וכן אח או אחות ודוד או דודה שגילם עולה על 21 שנים;</p>
                </content>
              </point>
              <point eId="point_1__point_חוק_הכניסה_לישראל">
                <content>
                  <p>
                    <def />”חוק הכניסה לישראל“ – <ref href="/akn/il/act/PrimaryLegislation/1952-09-05/174477">חוק הכניסה לישראל, התשי"ב–1952</ref>;</p>
                </content>
              </point>
              <point eId="point_1__point_חוק_המעצרים">
                <content>
                  <p>
                    <def />”חוק המעצרים“ – <ref href="/akn/il/act/PrimaryLegislation/1996-05-12/159712">חוק סדר הדין הפלילי (סמכויות אכיפה – מעצרים), התשנ"ו–1996</ref>;</p>
                </content>
              </point>
              <point eId="point_1__point_מסתנן">
                <content>
                  <p>
                    <def />”מסתנן“ – מי שאינו תושב כמשמעותו <ref href="/akn/il/act/PrimaryLegislation/1965-08-01/147973#point_1">בסעיף 1 לחוק מרשם האוכלוסין, התשכ"ה–1965</ref>, שנכנס לישראל שלא דרך תחנת גבול שקבע שר הפנים לפי <ref href="/akn/il/act/PrimaryLegislation/1952-09-05/174477#point_7">סעיף 7 לחוק הכניסה לישראל</ref>;</p>
                </content>
              </point>
              <point eId="point_1__point_ראש_המטה_הכללי">
                <content>
                  <p>
                    <def />”ראש המטה הכללי“ – <wikicomment font-size="x-small">(נמחקה);</wikicomment></p>
                </content>
              </point>
              <point eId="point_1__point_מזויין">
                <content>
                  <p>
                    <def />”מזויין“ – לרבות מי שמזויין במכשיר או בחומר העשוי להמית אדם או לגרום לו חבלה חמורה או חבלה מסוכנת, אף שאינו כלי יריה או חומר נפץ או חומר מתלקח;</p>
                </content>
              </point>
              <point eId="point_1__point_ממונה_ביקורת_הגבולות">
                <content>
                  <p>
                    <def />”ממונה ביקורת הגבולות“ – כמשמעותו <ref href="/akn/il/act/PrimaryLegislation/1952-09-05/174477">בחוק הכניסה לישראל</ref>.</p>
                </content>
              </point>
            </list>
          </point>
        </list>
      </chapter>
      <chapter eId="chp_ב">
        <num>פרק ב׳:</num>
        <title>
          <content>
            <p>עבירות</p>
          </content>
        </title>
        <list>
          <point eId="point_2">
            <heading>
              <authorialNote placement="side">
                <p>דין מסתנן</p>
              </authorialNote>
            </heading>
            <num>2.</num>
            <content>
              <p>המסתנן, דינו – מאסר חמש שנים או קנס חמשת אלפים לירות, או שני הענשים כאחד.</p>
            </content>
          </point>
          <point eId="point_2א">
            <heading>
              <authorialNote placement="side">
                <p>יציאה שלא כדין</p>
              </authorialNote>
            </heading>
            <num>2א.</num>
            <content>
              <p>היוצא, ביודעין ושלא כדין, מישראל ללבנון, לסוריה, למצרים, לעבר־הירדן, לסעודיה, לעיראק, לתימן, לאיראן או לכל חלק מארץ ישראל שמחוץ לישראל, דינו – מאסר ארבע שנים או קנס חמשת אלפים לירות.</p>
            </content>
          </point>
          <point eId="point_3">
            <heading>
              <authorialNote placement="side">
                <p>דין מסתנן לאחר שגורש מן הארץ</p>
              </authorialNote>
            </heading>
            <num>3.</num>
            <content>
              <p>מי שמסתנן לאחר שגורש מן הארץ, דינו – מאסר שבע שנים או קנס שבעת אלפים לירות, או שני הענשים כאחד.</p>
            </content>
          </point>
          <point eId="point_4">
            <heading>
              <authorialNote placement="side">
                <p>דין מסתנן מזויין</p>
              </authorialNote>
            </heading>
            <num>4.</num>
            <content>
              <p>מי שהסתנן כשהוא מזויין, או בחברת אדם מזויין או נתמך על ידי אדם מזויין, דינו – מאסר חמש עשרה שנה, ואם היה המסתנן או האדם כאמור מזויין בכלי יריה או חומר נפץ, או חומר מתלקח, דינו – מאסר עולם.<br xml:space="preserve" xmlns=""> </br><wikicomment font-size="x-small">(הוראת שעה עד יום 10.12.2021):</wikicomment> מי שהסתנן כשהוא מזויין, או בחברת אדם מזויין או נתמך על ידי אדם מזויין, דינו – מאסר חמש עשרה שנה.</p>
            </content>
          </point>
          <point eId="point_5">
            <heading>
              <authorialNote placement="side">
                <p>דין מסתנן שביצע עבירות מסויימות</p>
              </authorialNote>
            </heading>
            <num>5.</num>
            <content>
              <p>מי שהסתנן וביצע פשע או עבירה שיש בה פגיעה ברכוש, שימוש בכוח או הפרת השלום, דינו – מאסר עולם.<br xml:space="preserve" xmlns=""> </br><wikicomment font-size="x-small">(ראו <ref href="#point_9א">סעיף 9א(2)</ref> לעניין תחולה)</wikicomment></p>
            </content>
          </point>
          <point eId="point_6">
            <heading>
              <authorialNote placement="side">
                <p>דין הנותן מחסה או סעד אחר למסתנן</p>
              </authorialNote>
            </heading>
            <num>6.</num>
            <content>
              <p>מי שנתן מחסה למסתנן או נתן לו סעד אחר כדי להקל על הסתננותו או על שהותו שלא כדין בישראל, דינו – מאסר חמש שנים או קנס חמשת אלפים לירות, או שני הענשים כאחד.<br xml:space="preserve" xmlns=""> </br><wikicomment font-size="x-small">(ראו <ref href="#point_9א">סעיף 9א(2)</ref> לעניין תחולה)</wikicomment></p>
            </content>
          </point>
          <point eId="point_7">
            <heading>
              <authorialNote placement="side">
                <p>דין מי שסוחר עם מסתנן</p>
              </authorialNote>
            </heading>
            <num>7.</num>
            <content>
              <p>מי שסוחר עם מסתנן, כל עוד הוא נמצא בישראל שלא כדין, דינו – מאסר חמש שנים או קנס חמשת אלפים לירות או שני הענשים כאחד.<br xml:space="preserve" xmlns=""> </br><wikicomment font-size="x-small">(ראו <ref href="#point_9א">סעיף 9א(2)</ref> לעניין תחולה)</wikicomment></p>
            </content>
          </point>
          <point eId="point_7א">
            <heading>
              <authorialNote placement="side">
                <p>איסור על מסתנן להוציא רכוש מישראל</p>
              </authorialNote>
            </heading>
            <num>7א.</num>
            <list>
              <point eId="point_7א__point_א">
                <num>(א)</num>
                <list>
                  <intro>
                    <p>
                      <wikicomment font-size="x-small">(הוראת שעה עד יום 10.12.2021):</wikicomment>
                      <br xml:space="preserve" xmlns=""> </br> בסעיף זה <ref href="#point_7ב">ובסעיפים 7ב</ref><ref href="#point_7ג">ו־7ג</ref> –</p>
                  </intro>
                  <point eId="point_7א__point_א__point_הוצאת_רכוש_מישראל">
                    <content>
                      <p>
                        <def />”הוצאת רכוש מישראל“ – לרבות קבלת נכסים פיננסיים של המסתנן בישראל כנגד העמדת נכסים פיננסיים בעבורו במדינה אחרת;</p>
                    </content>
                  </point>
                  <point eId="point_7א__point_א__point_חוק_העונשין">
                    <content>
                      <p>
                        <def />”חוק העונשין“ – <ref href="/akn/il/act/PrimaryLegislation/1977-08-04/2002251">חוק העונשין, התשל"ז–1977</ref>;</p>
                    </content>
                  </point>
                  <point eId="point_7א__point_א__point_כספים">
                    <content>
                      <p>
                        <def />”כספים“ – מזומנים, המחאות בנקאיות, המחאות נוסעים, ניירות ערך, שטרות, כרטיס תשלום וכל אמצעי תשלום אחר;</p>
                    </content>
                  </point>
                  <point eId="point_7א__point_א__point_כרטיס_תשלום">
                    <content>
                      <p>
                        <def />”כרטיס תשלום“ – כל לוחית או חפץ אחר המיועדים לרכישת נכסים או שירותים או למשיכת מזומנים, שניתן לצבור בהם ערך כספי;</p>
                    </content>
                  </point>
                  <point eId="point_7א__point_א__point_מסתנן">
                    <content>
                      <p>
                        <def />”מסתנן“ – כהגדרתו <ref href="#point_1">בסעיף 1</ref>, למעט מסתנן כאמור שניתנו לו אשרה ורישיון לפי <ref href="/akn/il/act/PrimaryLegislation/1952-09-05/174477">חוק הכניסה לישראל</ref> לשם שיקום בשל היותו נפגע מעבירה לפי <ref href="/akn/il/act/PrimaryLegislation/1977-08-04/2002251#point_375א">סעיפים 375א</ref><ref href="/akn/il/act/PrimaryLegislation/1977-08-04/2002251#point_377א">או 377א(א) לחוק העונשין</ref>;</p>
                    </content>
                  </point>
                  <point eId="point_7א__point_א__point_נכסים_פיננסיים">
                    <content>
                      <p>
                        <def />”נכסים פיננסיים“ – כספים, אשראי או פיקדונות כספיים;</p>
                    </content>
                  </point>
                  <point eId="point_7א__point_א__point_רכוש">
                    <content>
                      <p>
                        <def />”רכוש“ – מיטלטלין, לרבות כספים וזכויות רכושיות, וכן רכוש שהוא תמורתו של רכוש כאמור;</p>
                    </content>
                  </point>
                  <point eId="point_7א__point_א__point_שכר_מינימום">
                    <content>
                      <p>
                        <def />”שכר מינימום“, לחודש – כהגדרתו <ref href="/akn/il/act/PrimaryLegislation/1987-04-09/151459">בחוק שכר מינימום, התשמ"ז–1987</ref>.</p>
                    </content>
                  </point>
                </list>
              </point>
              <point eId="point_7א__point_ב">
                <num>(ב)</num>
                <list>
                  <point eId="point_7א__point_ב__point_1">
                    <num>(1)</num>
                    <list>
                      <intro>
                        <p>מסתנן לא יוציא רכוש מישראל, אלא בעת יציאתו מישראל, ובהתקיים אחד מהמקרים המפורטים להלן:</p>
                      </intro>
                      <point eId="point_7א__point_ב__point_1__point_א">
                        <num>(א)</num>
                        <content>
                          <p>הרכוש הוא מיטלטלין לשימוש אישי סביר, שאינם כספים;</p>
                        </content>
                      </point>
                      <point eId="point_7א__point_ב__point_1__point_ב">
                        <num>(ב)</num>
                        <list>
                          <point eId="point_7א__point_ב__point_1__point_ב__point_1">
                            <num>(1)</num>
                            <content>
                              <p>הרכוש הוא בשווי שאינו עולה על המכפלה של שכר המינימום, לחודש, במספר חודשי השהייה של המסתנן בישראל (להלן – הסכום הקובע);</p>
                            </content>
                          </point>
                          <point eId="point_7א__point_ב__point_1__point_ב__point_2">
                            <num>(2)</num>
                            <content>
                              <p>הרכוש הוא בשווי העולה על הסכום הקובע והמסתנן הוכיח לממונה ביקורת הגבולות כי הרכוש ששוויו עולה על הסכום הקובע שייך לו כדין ולא ניתן לו לצורך הוצאתו מישראל עבור מסתנן אחר;</p>
                            </content>
                          </point>
                        </list>
                      </point>
                    </list>
                  </point>
                  <point eId="point_7א__point_ב__point_2">
                    <num>(2)</num>
                    <content>
                      <p>התקיים אחד המקרים המנויים בפסקה (1), ייתן ממונה ביקורת הגבולות אישור למסתנן כדי שיוכל להוציא את הרכוש בעת יציאתו מישראל;</p>
                    </content>
                  </point>
                  <point eId="point_7א__point_ב__point_3">
                    <num>(3)</num>
                    <content>
                      <p>שר הפנים רשאי לקבוע תקנות לעניין סעיף קטן זה.</p>
                    </content>
                  </point>
                </list>
              </point>
              <point eId="point_7א__point_ג">
                <num>(ג)</num>
                <list>
                  <point eId="point_7א__point_ג__point_1">
                    <num>(1)</num>
                    <content>
                      <p>נמצא על גופו, בבגדיו או בכליו של מסתנן היוצא מישראל רכוש, בלי שניתן לגביו אישור ממונה ביקורת הגבולות לפי סעיפים קטנים (ב) או (ד), רשאי שוטר או פקיד מכס לתפוס בלא צו שופט את הרכוש האמור, ורכוש זה יישאר בשמירת המשטרה או המכס; לעניין זה, ”רכוש“ – למעט כספים בשווי שאינו עולה על הסכום הקובע, על סמך נתוני ממונה ביקורת הגבולות, ולמעט מיטלטלין לשימוש אישי סביר, שאינם כספים;</p>
                    </content>
                  </point>
                  <point eId="point_7א__point_ג__point_2">
                    <num>(2)</num>
                    <content>
                      <p>נמצא רכוש כאמור בפסקה (1), והמסתנן שהה במשמורת עד ליציאתו מישראל, לא ייתפס הרכוש, אלא אם כן ממונה ביקורת הגבולות אישר כי למסתנן ניתנה אפשרות סבירה לקבל אישור כאמור בסעיף קטן (ב)(2), להוצאת הרכוש מישראל;</p>
                    </content>
                  </point>
                  <point eId="point_7א__point_ג__point_3">
                    <num>(3)</num>
                    <content>
                      <p>אין בהוראות פסקאות (1) ו־(2) כדי לגרוע מהוראות כל דין;</p>
                    </content>
                  </point>
                  <point eId="point_7א__point_ג__point_4">
                    <num>(4)</num>
                    <content>
                      <p>שר הפנים, בהסכמת השר לביטחון הפנים, בהתייעצות עם שר האוצר ובאישור ועדת הפנים והגנת הסביבה של הכנסת, רשאי לקבוע הוראות לעניין אופן הטיפול ברכוש התפוס, לרבות אופן החזרתו, ובכלל זה החזרתו לפי החלטת בית המשפט כאמור בפסקה (5) או עם פקיעת תוקפו של <ref href="/akn/il/act/PrimaryOrSecondaryLegislation/UnknownWorkDate/http_fs_knesset_gov_il_19_law_19_lsr_301504_pdf">חוק למניעת הסתננות (הוראת שעה), התשע"ג–2013</ref><wikicomment font-size="x-small">(ביום 10.12.2021).</wikicomment>;</p>
                    </content>
                  </point>
                  <point eId="point_7א__point_ג__point_5">
                    <num>(5)</num>
                    <content>
                      <p>לבקשת מסתנן או טוען אחר לזכות ברכוש שנתפס, רשאי בית משפט שלום לצוות כי הרכוש יוחזר למסתנן או יימסר לטוען אחר לזכות ברכוש, או שינהגו בו אחרת כפי שיורה בית המשפט, והכול בכפוף להוראות <ref href="#point_7א">סעיף 7א(ב)</ref>.</p>
                    </content>
                  </point>
                </list>
              </point>
              <point eId="point_7א__point_ד">
                <num>(ד)</num>
                <list>
                  <intro>
                    <p>על אף האמור בסעיף קטן (ב), מסתנן רשאי להוציא רכוש מישראל אם ממונה ביקורת הגבולות התיר לו, באופן חריג ומיוחד, לעשות כן, לאחר שהשתכנע כי מתקיימים שניים אלה:</p>
                  </intro>
                  <point eId="point_7א__point_ד__point_1">
                    <num>(1)</num>
                    <content>
                      <p>המסתנן אינו יכול לצאת מישראל למדינה אחרת;</p>
                    </content>
                  </point>
                  <point eId="point_7א__point_ד__point_2">
                    <num>(2)</num>
                    <content>
                      <p>הוכחה סכנת חיים שבה שרוי קרוב משפחה מדרגה ראשונה של המסתנן; לעניין זה לא יראו בתנאי המחייב בארץ מוצאו של המסתנן, כשלעצמם, שיקול לעניין מתן היתר לפי סעיף קטן זה.</p>
                    </content>
                  </point>
                </list>
              </point>
              <point eId="point_7א__point_ה">
                <num>(ה)</num>
                <content>
                  <p>הוראות סעיף זה לא יחולו על כספי פיקדון שעובד זר שהוא מסתנן זכאי להם לפי <ref href="/akn/il/act/PrimaryLegislation/1991-03-21/174403#chp_ד">פרק ד׳ לחוק עובדים זרים, התשנ"א–1991</ref>.</p>
                </content>
              </point>
            </list>
          </point>
          <point eId="point_7ב">
            <heading>
              <authorialNote placement="side">
                <p>איסור הוצאת רכוש מישראל עבור מסתנן</p>
              </authorialNote>
            </heading>
            <num>7ב.</num>
            <list>
              <intro>
                <p>
                  <wikicomment font-size="x-small">(הוראת שעה עד יום 10.12.2021):</wikicomment>
                  <br xml:space="preserve" xmlns=""> </br>לא יוציא אדם רכוש מישראל, עבור מסתנן, אלא בהתקיים אחד מאלה:</p>
              </intro>
              <point eId="point_7ב__point_1">
                <num>(1)</num>
                <content>
                  <p>המסתנן קיבל היתר להוצאת הרכוש מישראל לפי <ref href="#point_7א">סעיף 7א(ד)</ref>;</p>
                </content>
              </point>
              <point eId="point_7ב__point_2">
                <num>(2)</num>
                <content>
                  <p>המסתנן קיבל אישור להוצאת כספים מממונה ביקורת הגבולות לאחר שיצא מישראל, ובלבד שהכספים מגיעים לו כדין וטרם שולמו לו;</p>
                </content>
              </point>
              <wrapup eId="point_7ב__wrapup_none">
                <content>
                  <p>התקיימו התנאים האמורים, ייתן ממונה ביקורת הגבולות אישור לאדם להוציא כספים מישראל עבור מסתנן.</p>
                </content>
              </wrapup>
            </list>
          </point>
          <point eId="point_7ג">
            <heading>
              <authorialNote placement="side">
                <p>עונשין</p>
              </authorialNote>
            </heading>
            <num>7ג.</num>
            <list>
              <point eId="point_7ג__point_א">
                <num>(א)</num>
                <content>
                  <p>
                    <wikicomment font-size="x-small">(הוראת שעה עד יום 10.12.2021):</wikicomment>
                    <br xml:space="preserve" xmlns=""> </br> מסתנן המוציא רכוש מישראל, בניגוד להוראות <ref href="#point_7א">סעיף 7א</ref>, דינו – מאסר שלושה חודשים או הקנס הקבוע <ref href="/akn/il/act/PrimaryLegislation/1977-08-04/2002251#point_61">בסעיף 61(א)(1) לחוק העונשין</ref>.</p>
                </content>
              </point>
              <point eId="point_7ג__point_ב">
                <num>(ב)</num>
                <list>
                  <intro>
                    <p>אדם המוציא רכוש מישראל, עבור מסתנן, בניגוד להוראות <ref href="#point_7ב">סעיף 7ב</ref>, דינו – מאסר שנה או קנס שהוא אחד מאלה, לפי הגבוה:</p>
                  </intro>
                  <point eId="point_7ג__point_ב__point_1">
                    <num>(1)</num>
                    <content>
                      <p>הקנס הקבוע <ref href="/akn/il/act/PrimaryLegislation/1977-08-04/2002251#point_61">בסעיף 61(א)(2) לחוק העונשין</ref>;</p>
                    </content>
                  </point>
                  <point eId="point_7ג__point_ב__point_2">
                    <num>(2)</num>
                    <content>
                      <p>פי שניים משווי הרכוש שהוציא מישראל או שהתכוון להוציא מישראל, עבור אותו מסתנן.</p>
                    </content>
                  </point>
                </list>
              </point>
            </list>
          </point>
          <point eId="point_8">
            <heading>
              <authorialNote placement="side">
                <p>דין מי שדרכו לתת מחסה או סעד אחר למסתנן</p>
              </authorialNote>
            </heading>
            <num>8.</num>
            <content>
              <p>מי שנתן מחסה למסתנן, או נתן לו סעד אחר כדי להקל על הסתננותו או כדי להקל על שהותו שלא כדין בישראל ונוכח בית הדין לדעת שהוא כבר נתן מחסה או סעד כאמור, דינו – מאסר חמש עשרה שנה או קנס עשרת אלפים לירות או שני הענשים כאחד.<br xml:space="preserve" xmlns=""> </br><wikicomment font-size="x-small">(ראו <ref href="#point_9א">סעיף 9א(2)</ref> לעניין תחולה)</wikicomment></p>
            </content>
          </point>
          <point eId="point_9">
            <heading>
              <authorialNote placement="side">
                <p>חזקת ידיעה</p>
              </authorialNote>
            </heading>
            <num>9.</num>
            <list>
              <intro>
                <p>כל עוד לא הוכח היפוכו של דבר –</p>
              </intro>
              <point eId="point_9__point_1">
                <num>(1)</num>
                <content>
                  <p>רואים נאשם לפי <ref href="#point_6">סעיפים 6</ref><ref href="#point_8">או 8</ref> כאילו ידע במקבל המחסה או הסעד האחר, שהוא מסתנן ושהוא שוהה בישראל שלא כדין;</p>
                </content>
              </point>
              <point eId="point_9__point_2">
                <num>(2)</num>
                <content>
                  <p>רואים נאשם לפי <ref href="#point_7">סעיף 7</ref> כאילו ידע באדם שסחר עמו שהוא מסתנן ושהוא שוהה בישראל שלא כדין.<br xml:space="preserve" xmlns=""> </br><wikicomment font-size="x-small">(ראו <ref href="#point_9א">סעיף 9א(2)</ref> לעניין תחולה)</wikicomment></p>
                </content>
              </point>
            </list>
          </point>
          <point eId="point_9א">
            <heading>
              <authorialNote placement="side">
                <p>סייג לתחולה הוראת שעה</p>
              </authorialNote>
            </heading>
            <num>9א.</num>
            <list>
              <intro>
                <p>
                  <wikicomment font-size="x-small">(הוראת שעה עד יום 10.12.2021):</wikicomment>
                  <br xml:space="preserve" xmlns=""> </br>בתקופות האמורות <ref href="/akn/il/act/PrimaryOrSecondaryLegislation/UnknownWorkDate/http_fs_knesset_gov_il_18_law_18_lsr_301346_pdf#point_9">בסעיפים 9 ו־10 לחוק למניעת הסתננות (עבירות ושיפוט) (תיקון מס׳ 3 והוראת שעה), התשע"ב–2011</ref><wikicomment font-size="x-small">(התקופה האמורה היא התקופה מיום 18.1.2012 עד ליום 10.12.2021).</wikicomment> –</p>
              </intro>
              <point eId="point_9א__point_1">
                <num>(1)</num>
                <content>
                  <p>
                    <ref href="#point_4">בסעיף 4</ref>, הסיפה החל במילים ”ואם היה המסתנן או האדם כאמור מזויין“ – לא תיקרא;</p>
                </content>
              </point>
              <point eId="point_9א__point_2">
                <num>(2)</num>
                <list>
                  <intro>
                    <p>הוראות <ref href="#point_5">סעיפים 5 עד 7</ref>, <ref href="#point_8">8</ref><ref href="#point_9">ו־9</ref> לא יחולו אלא לעניין מסתנן שהוא מזוין או שהסתנן כדי לבצע עבירה –</p>
                  </intro>
                  <point eId="point_9א__point_2__point_א">
                    <num>(א)</num>
                    <content>
                      <p>של סחר בבני אדם לפי <ref href="/akn/il/act/PrimaryLegislation/1977-08-04/2002251#point_377א">סעיף 377א(א)(5) לחוק העונשין, התשל"ז–1977</ref>;</p>
                    </content>
                  </point>
                  <point eId="point_9א__point_2__point_ב">
                    <num>(ב)</num>
                    <content>
                      <p>כדי לבצע עבירה לפי <ref href="/akn/il/act/PrimaryLegislation/1973-07-10/2002282#chp_ג_sec_ב">סימן ב׳ בפרק ג׳ לפקודת הסמים המסוכנים [נוסח חדש], התשל"ג–1973</ref>.</p>
                    </content>
                  </point>
                </list>
              </point>
            </list>
          </point>
          <point eId="point_10">
            <heading>
              <authorialNote placement="side">
                <p>חזקת מסתנן</p>
              </authorialNote>
            </heading>
            <num>10.</num>
            <content>
              <p>אדם שנכנס לישראל ללא רשות כניסה, או שוהה בישראל שלא כדין, רואים אותו לענין חוק זה כמסתנן, כל עוד לא יוכיח את ההיפך.</p>
            </content>
          </point>
          <point eId="point_11">
            <heading>
              <authorialNote placement="side">
                <p xml:space="preserve"> </p>
              </authorialNote>
            </heading>
            <num>11.</num>
            <content>
              <p>
                <wikicomment font-size="x-small">(בוטל).</wikicomment>
              </p>
            </content>
          </point>
          <point eId="point_12">
            <heading>
              <authorialNote placement="side">
                <p xml:space="preserve"> </p>
              </authorialNote>
            </heading>
            <num>12.</num>
            <content>
              <p>
                <wikicomment font-size="x-small">(בוטל).</wikicomment>
              </p>
            </content>
          </point>
          <point eId="point_13">
            <heading>
              <authorialNote placement="side">
                <p xml:space="preserve"> </p>
              </authorialNote>
            </heading>
            <num>13.</num>
            <content>
              <p>
                <wikicomment font-size="x-small">(בוטל).</wikicomment>
              </p>
            </content>
          </point>
          <point eId="point_14">
            <heading>
              <authorialNote placement="side">
                <p xml:space="preserve"> </p>
              </authorialNote>
            </heading>
            <num>14.</num>
            <content>
              <p>
                <wikicomment font-size="x-small">(בוטל).</wikicomment>
              </p>
            </content>
          </point>
          <point eId="point_15">
            <heading>
              <authorialNote placement="side">
                <p xml:space="preserve"> </p>
              </authorialNote>
            </heading>
            <num>15.</num>
            <content>
              <p>
                <wikicomment font-size="x-small">(בוטל).</wikicomment>
              </p>
            </content>
          </point>
          <point eId="point_16">
            <heading>
              <authorialNote placement="side">
                <p xml:space="preserve"> </p>
              </authorialNote>
            </heading>
            <num>16.</num>
            <content>
              <p>
                <wikicomment font-size="x-small">(בוטל).</wikicomment>
              </p>
            </content>
          </point>
          <point eId="point_17">
            <heading>
              <authorialNote placement="side">
                <p xml:space="preserve"> </p>
              </authorialNote>
            </heading>
            <num>17.</num>
            <content>
              <p>
                <wikicomment font-size="x-small">(בוטל).</wikicomment>
              </p>
            </content>
          </point>
          <point eId="point_18">
            <heading>
              <authorialNote placement="side">
                <p xml:space="preserve"> </p>
              </authorialNote>
            </heading>
            <num>18.</num>
            <content>
              <p>
                <wikicomment font-size="x-small">(בוטל).</wikicomment>
              </p>
            </content>
          </point>
          <point eId="point_19">
            <heading>
              <authorialNote placement="side">
                <p xml:space="preserve"> </p>
              </authorialNote>
            </heading>
            <num>19.</num>
            <content>
              <p>
                <wikicomment font-size="x-small">(בוטל).</wikicomment>
              </p>
            </content>
          </point>
          <point eId="point_20">
            <heading>
              <authorialNote placement="side">
                <p xml:space="preserve"> </p>
              </authorialNote>
            </heading>
            <num>20.</num>
            <content>
              <p>
                <wikicomment font-size="x-small">(בוטל).</wikicomment>
              </p>
            </content>
          </point>
          <point eId="point_21">
            <heading>
              <authorialNote placement="side">
                <p xml:space="preserve"> </p>
              </authorialNote>
            </heading>
            <num>21.</num>
            <content>
              <p>
                <wikicomment font-size="x-small">(בוטל).</wikicomment>
              </p>
            </content>
          </point>
          <point eId="point_22">
            <heading>
              <authorialNote placement="side">
                <p xml:space="preserve"> </p>
              </authorialNote>
            </heading>
            <num>22.</num>
            <content>
              <p>
                <wikicomment font-size="x-small">(בוטל).</wikicomment>
              </p>
            </content>
          </point>
          <point eId="point_23">
            <heading>
              <authorialNote placement="side">
                <p xml:space="preserve"> </p>
              </authorialNote>
            </heading>
            <num>23.</num>
            <content>
              <p>
                <wikicomment font-size="x-small">(בוטל).</wikicomment>
              </p>
            </content>
          </point>
          <point eId="point_24">
            <heading>
              <authorialNote placement="side">
                <p xml:space="preserve"> </p>
              </authorialNote>
            </heading>
            <num>24.</num>
            <content>
              <p>
                <wikicomment font-size="x-small">(בוטל).</wikicomment>
              </p>
            </content>
          </point>
          <point eId="point_25">
            <heading>
              <authorialNote placement="side">
                <p xml:space="preserve"> </p>
              </authorialNote>
            </heading>
            <num>25.</num>
            <content>
              <p>
                <wikicomment font-size="x-small">(בוטל).</wikicomment>
              </p>
            </content>
          </point>
          <point eId="point_26">
            <heading>
              <authorialNote placement="side">
                <p xml:space="preserve"> </p>
              </authorialNote>
            </heading>
            <num>26.</num>
            <content>
              <p>
                <wikicomment font-size="x-small">(בוטל).</wikicomment>
              </p>
            </content>
          </point>
          <point eId="point_27">
            <heading>
              <authorialNote placement="side">
                <p>מאסר וחיפוש</p>
              </authorialNote>
            </heading>
            <num>27.</num>
            <list>
              <intro>
                <p>
                  <ref href="/akn/il/act/PrimaryOrSecondaryLegislation/UnknownWorkDate/פקודת_הפרוצדורה_הפלילית_מאסר_וחיפושים">פקודת הפרוצדורה הפלילית (מאסר וחיפושים)</ref>, חלה על אדם הנאשם בעבירה לפי חוק זה, בשינויים הבאים:</p>
              </intro>
              <point eId="point_27__point_1">
                <num>(1)</num>
                <content>
                  <p>הסמכות לשחרר בערבות לפני האישום תהיה נתונה לדן יחיד;</p>
                </content>
              </point>
              <point eId="point_27__point_2">
                <num>(2)</num>
                <content>
                  <p>הסמכות הנתונה <ref href="/akn/il/act/PrimaryOrSecondaryLegislation/UnknownWorkDate/פקודת_הפרוצדורה_הפלילית_מאסר_וחיפושים">בה</ref> לשוטר תהיתה נתונה גם לחייל.</p>
                </content>
              </point>
            </list>
          </point>
          <point eId="point_28">
            <heading>
              <authorialNote placement="side">
                <p xml:space="preserve"> </p>
              </authorialNote>
            </heading>
            <num>28.</num>
            <content>
              <p>
                <wikicomment font-size="x-small">(בוטל).</wikicomment>
              </p>
            </content>
          </point>
          <point eId="point_29">
            <heading>
              <authorialNote placement="side">
                <p xml:space="preserve"> </p>
              </authorialNote>
            </heading>
            <num>29.</num>
            <content>
              <p>
                <wikicomment font-size="x-small">(בוטל).</wikicomment>
              </p>
            </content>
          </point>
        </list>
      </chapter>
      <chapter eId="chp_ג">
        <num>פרק ג׳:</num>
        <title>
          <content>
            <p>גירוש והחזקה במשמורת</p>
          </content>
        </title>
        <list>
          <point eId="point_30">
            <heading>
              <authorialNote placement="side">
                <p>גירוש</p>
              </authorialNote>
            </heading>
            <num>30.</num>
            <list>
              <point eId="point_30__point_א">
                <num>(א)</num>
                <content>
                  <p>שר הבטחון, או מי שהוסמך על ידיו, רשאי לצוות בכתב על גירושו של מסתנן בין שהואשם לפי חוק זה ובין שלא הואשם. הצו ישמש אסמכתה חוקית להחזיק את המסתנן במשמורת עד לגירושו.</p>
                </content>
              </point>
              <point eId="point_30__point_א1">
                <num>(א1)</num>
                <content>
                  <p>
                    <wikicomment font-size="x-small">(הוראת שעה עד יום 10.12.2021):</wikicomment> צו גירוש לפי סעיף קטן (א) לא יבוצע אלא לאחר ששר הביטחון או עובד מדינה בכיר שהוסמך על ידיו, קבע כי ניתן לעשות כן בהתחשב בנסיבותיו האישיות של המסתנן ובמדינת היעד לגירושו.</p>
                </content>
              </point>
              <point eId="point_30__point_א2">
                <num>(א2)</num>
                <content>
                  <p>
                    <wikicomment font-size="x-small">((הוראת שעה עד יום 10.12.2021):</wikicomment> ניתנו למסתנן אשרה ורישיון לישיבה בישראל לפי <ref href="/akn/il/act/PrimaryLegislation/1952-09-05/174477">חוק הכניסה לישראל</ref>, יבטל שר הביטחון או מי שהוסמך על ידו את צו הגירוש שניתן לגביו לפי סעיף קטן (א).</p>
                </content>
              </point>
              <point eId="point_30__point_ב">
                <num>(ב)</num>
                <content>
                  <p>מי שנכנס לישראל ללא רשות כניסה לפני תחילתו של חוק זה ומותר בגלל זה לצוות על גירושו מישראל בין לפי <ref href="/akn/il/act/PrimaryLegislation/1952-09-05/174477">פקודת העליה, 1941</ref>, ובין לפי <ref href="/akn/il/act/PrimaryLegislation/1952-09-05/174477">חוק הכניסה לישראל, תשי"ב–1952</ref>, יחולו עליו הוראות סעיף זה, כאילו נכנס לישראל לאחר תחילתו של חוק זה.</p>
                </content>
              </point>
            </list>
          </point>
          <point eId="point_30א">
            <heading>
              <authorialNote placement="side">
                <p>הבאה לפני ממונה ביקורת הגבולות וסמכויותיו</p>
              </authorialNote>
            </heading>
            <num>30א.</num>
            <list>
              <point eId="point_30א__point_א">
                <num>(א)</num>
                <content>
                  <p>
                    <wikicomment font-size="x-small">(הוראת שעה עד יום 10.12.2021):</wikicomment>
                    <br xml:space="preserve" xmlns=""> </br> מסתנן הנתון במשמורת יובא לפני ממונה ביקורת הגבולות, לא יאוחר מחמישה ימים מיום תחילת החזקתו במשמורת.</p>
                </content>
              </point>
              <point eId="point_30א__point_ב">
                <num>(ב)</num>
                <list>
                  <intro>
                    <p>ממונה ביקורת הגבולות רשאי לשחרר מסתנן בעירבון כספי, בערבות בנקאית או בערובה מתאימה אחרת או בתנאים שימצא לנכון (בחוק זה – ערובה), אם שוכנע כי מתקיים אחד מאלה:</p>
                  </intro>
                  <point eId="point_30א__point_ב__point_1">
                    <num>(1)</num>
                    <content>
                      <p>בשל גילו או מצב בריאותו של המסתנן לרבות בריאותו הנפשית, החזקתו במשמורת עלולה לגרום נזק לבריאותו כאמור, ואין דרך אחרת למנוע את הנזק האמור;</p>
                    </content>
                  </point>
                  <point eId="point_30א__point_ב__point_2">
                    <num>(2)</num>
                    <content>
                      <p>קיימים טעמים הומניטריים מיוחדים אחרים מהאמור בפסקה (1) המצדיקים את שחרורו של המסתנן בערובה, לרבות אם עקב החזקה במשמורת ייוותר קטין בלא השגחה;</p>
                    </content>
                  </point>
                  <point eId="point_30א__point_ב__point_3">
                    <num>(3)</num>
                    <content>
                      <p>המסתנן הוא קטין שאינו מלווה בבן משפחה או באפוטרופוס;</p>
                    </content>
                  </point>
                  <point eId="point_30א__point_ב__point_4">
                    <num>(4)</num>
                    <content>
                      <p>שחרורו בערובה של המסתנן יש בו כדי לסייע בהליכי גירושו;</p>
                    </content>
                  </point>
                  <point eId="point_30א__point_ב__point_5">
                    <num>(5)</num>
                    <content>
                      <p>חלפו 60 ימים מהמועד שבו הגיש המסתנן בקשה לקבלת אשרה ורישיון לישיבה בישראל לפי <ref href="/akn/il/act/PrimaryLegislation/1952-09-05/174477">חוק הכניסה לישראל</ref>, וטרם החל הטיפול בבקשה.</p>
                    </content>
                  </point>
                </list>
              </point>
              <point eId="point_30א__point_ג">
                <num>(ג)</num>
                <content>
                  <p>ממונה ביקורת הגבולות ישחרר מסתנן בערובה אם חלפו שלושה חודשים מיום תחילת החזקתו של המסתנן במשמורת.</p>
                </content>
              </point>
              <point eId="point_30א__point_ד">
                <num>(ד)</num>
                <list>
                  <intro>
                    <p>על אף הוראות סעיף קטן (ב)(2), (4), או (5) או סעיף קטן (ג), לא ישוחרר מסתנן בערובה אם שוכנע ממונה ביקורת הגבולות כי מתקיים אחד מאלה:</p>
                  </intro>
                  <point eId="point_30א__point_ד__point_1">
                    <num>(1)</num>
                    <content>
                      <p>גירושו מישראל נמנע או מתעכב בשל העדר שיתוף פעולה מלא מצדו, לרבות לעניין הבהרת זהותו או הסדרת הליכי גירושו מישראל;</p>
                    </content>
                  </point>
                  <point eId="point_30א__point_ד__point_2">
                    <num>(2)</num>
                    <content>
                      <p>יש בשחרורו כדי לסכן את ביטחון המדינה, את שלום הציבור או את בריאות הציבור; לעניין זה רשאי ממונה ביקורת הגבולות להסתמך על חוות דעת מאת גורמי הביטחון המוסמכים, ולפיה במדינת מושבו או באזור מגוריו של המסתנן מתבצעת פעילות העלולה לסכן את ביטחון מדינת ישראל או אזרחיה;</p>
                    </content>
                  </point>
                  <wrapup eId="point_30א__point_ד__wrapup_none">
                    <content>
                      <p>והכול, אלא אם כן שוכנע ממונה ביקורת הגבולות כי בשל גילו או מצב בריאותו של המסתנן, החזקתו במשמורת עלולה לגרום נזק לבריאותו, ואין דרך אחרת למנוע את הנזק האמור.</p>
                    </content>
                  </wrapup>
                </list>
              </point>
              <point eId="point_30א__point_ה">
                <num>(ה)</num>
                <content>
                  <p>שחרור בערובה ממשמורת יותנה בתנאים שיקבע ממונה ביקורת הגבולות לשם הבטחת התייצבותו של המסתנן לצורך גירושו מישראל במועד שנקבע או לצורך הליכים אחרים לפי דין; ממונה ביקורת הגבולות רשאי, בכל עת, לעיין מחדש בתנאי הערובה, אם התגלו עובדות חדשות או אם השתנו הנסיבות ממועד מתן ההחלטה על השחרור בערובה.</p>
                </content>
              </point>
              <point eId="point_30א__point_ו">
                <num>(ו)</num>
                <content>
                  <p>מסתנן ששוחרר בערובה ממשמורת לפי סעיף זה, יראו את ההחלטה בדבר שחרורו בערובה כאסמכתה חוקית לשהייתו בישראל, לתקופת השחרור בערובה; תוקף ההחלטה בדבר שחרור בערובה מותנה בקיום התנאים לשחרור כאמור.</p>
                </content>
              </point>
              <point eId="point_30א__point_ז">
                <num>(ז)</num>
                <content>
                  <p>ביקש ערב לבטל ערובה שנתן, רשאי ממונה ביקורת הגבולות להיעתר לבקשה או לסרב לה, ובלבד שבהחלטתו יהיה כדי להבטיח את התייצבותו של המסתנן על ידי המצאת ערובה אחרת; לא ניתן להבטיח את התייצבותו של המסתנן בהמצאת ערובה אחרת, יוחזר המסתנן למשמורת.</p>
                </content>
              </point>
              <point eId="point_30א__point_ח">
                <num>(ח)</num>
                <content>
                  <p>גורש המסתנן מישראל במועד שנקבע, יופטרו הוא וערביו מערבותם ויוחזר העירבון הכספי, לפי העניין.</p>
                </content>
              </point>
              <point eId="point_30א__point_ט">
                <num>(ט)</num>
                <content>
                  <p>נוכח ממונה ביקורת הגבולות כי מסתנן ששוחרר בערובה הפר או עומד להפר תנאי מתנאי שחרורו בערובה, רשאי הוא להורות, בצו, על החזרתו למשמורת, וכן רשאי הוא להורות על חילוט או מימוש הערובה.</p>
                </content>
              </point>
              <point eId="point_30א__point_י">
                <num>(י)</num>
                <content>
                  <p>לא תינתן הוראה על חילוט או מימוש הערובה כאמור בסעיף קטן (ט) אלא לאחר שניתנה הזדמנות למסתנן או לערב, לפי העניין, לטעון את טענותיו, ובלבד שניתן לאתרו באופן סביר.</p>
                </content>
              </point>
              <point eId="point_30א__point_יא">
                <num>(יא)</num>
                <content>
                  <p>הורה ממונה ביקורת הגבולות על שחרורו בערובה של מסתנן לפי סעיף זה, ומתקיימים התנאים למתן הוראת שהייה לאותו מסתנן לפי <ref href="#point_32ד">סעיף 32ד</ref>, ייתן לו הממונה הוראת שהייה כאמור לפי הוראות <ref href="#point_32ד">אותו סעיף</ref>.</p>
                </content>
              </point>
            </list>
          </point>
          <point eId="point_30ב">
            <heading>
              <authorialNote placement="side">
                <p>תנאי החזקה במשמורת</p>
              </authorialNote>
            </heading>
            <num>30ב.</num>
            <list>
              <point eId="point_30ב__point_א">
                <num>(א)</num>
                <list>
                  <intro>
                    <p>
                      <wikicomment font-size="x-small">(הוראת שעה עד יום 10.12.2021):</wikicomment>
                      <br xml:space="preserve" xmlns=""> </br> מסתנן יוחזק במקום משמורת; לעניין זה, ”מקום משמורת“ – כל אחד מאלה:</p>
                  </intro>
                  <point eId="point_30ב__point_א__point_1">
                    <num>(1)</num>
                    <content>
                      <p>מקום משמורת כהגדרתו <ref href="/akn/il/act/PrimaryLegislation/1952-09-05/174477#point_13א">בסעיף 13א לחוק הכניסה לישראל</ref>, בשינויים המחויבים;</p>
                    </content>
                  </point>
                  <point eId="point_30ב__point_א__point_2">
                    <num>(2)</num>
                    <content>
                      <p>מקום ששר הביטחון, לבדו או יחד עם השר לביטחון הפנים, קבע, בצו, באישור הממשלה, כמקום משמורת לעניין חוק זה.</p>
                    </content>
                  </point>
                </list>
              </point>
              <point eId="point_30ב__point_ב">
                <num>(ב)</num>
                <content>
                  <p>מסתנן הנתון במשמורת יוחזק בתנאים הולמים שלא יהיה בהם, בהתחשב בנסיבות העניין, לרבות משך החזקתו במשמורת, כדי לפגוע בבריאותו ובכבודו.</p>
                </content>
              </point>
              <point eId="point_30ב__point_ג">
                <num>(ג)</num>
                <content>
                  <p>מסתנן הנתון במשמורת יוחזק בתא נפרד מאסירים ומעצורים פליליים.</p>
                </content>
              </point>
              <point eId="point_30ב__point_ד">
                <num>(ד)</num>
                <content>
                  <p>הוראות <ref href="/akn/il/act/PrimaryLegislation/1996-05-12/159712#point_9">סעיף 9(ב) לחוק המעצרים</ref> יחולו על החזקה במשמורת לפי חוק זה, בשינויים המחויבים.</p>
                </content>
              </point>
              <point eId="point_30ב__point_ה">
                <num>(ה)</num>
                <content>
                  <p>הוראות <ref href="/akn/il/act/PrimaryLegislation/1996-05-12/159712#point_10">סעיף 10 לחוק המעצרים</ref> יחולו על החזקה במשמורת לפי חוק זה, בשינויים המחויבים.</p>
                </content>
              </point>
              <point eId="point_30ב__point_ו">
                <num>(ו)</num>
                <content>
                  <p>השר לביטחון הפנים, בהסכמת שר הפנים, ובאישור ועדת הפנים והגנת הסביבה של הכנסת, רשאי לקבוע, בכפוף להוראות סעיף קטן (ב), הוראות אחרות לעניין תנאי החזקה במקום משמורת מיוחד, לרבות לעניין תנאי החזקה של משפחות וילדים.</p>
                </content>
              </point>
              <point eId="point_30ב__point_ז">
                <num>(ז)</num>
                <content>
                  <p>עיקר זכויות המסתננים וחובותיהם במקום המשמורת יפורסמו במקום בולט במקום המשמורת בעברית ובאנגלית.</p>
                </content>
              </point>
            </list>
          </point>
          <point eId="point_30ג">
            <heading>
              <authorialNote placement="side">
                <p>מינוי בית דין לביקורת משמורת של מסתננים</p>
              </authorialNote>
            </heading>
            <num>30ג.</num>
            <content>
              <p>
                <wikicomment font-size="x-small">(הוראת שעה עד יום 10.12.2021):</wikicomment>
                <br xml:space="preserve" xmlns=""> </br>שר המשפטים ימנה, מבין מי שנתמנו לבתי דין לביקורת משמורת של שוהים שלא כדין לפי <ref href="/akn/il/act/PrimaryLegislation/1952-09-05/174477#point_13יא">סעיף 13יא לחוק הכניסה לישראל</ref>, בית דין אחד או יותר לביקורת משמורת של מסתננים לפי חוק זה (בחוק זה – בית הדין לביקורת משמורת של מסתננים).</p>
            </content>
          </point>
          <point eId="point_30ד">
            <heading>
              <authorialNote placement="side">
                <p>סמכויות בית הדין</p>
              </authorialNote>
            </heading>
            <num>30ד.</num>
            <list>
              <point eId="point_30ד__point_א">
                <num>(א)</num>
                <list>
                  <intro>
                    <p>
                      <wikicomment font-size="x-small">(הוראת שעה עד יום 10.12.2021):</wikicomment>
                      <br xml:space="preserve" xmlns=""> </br> בית הדין לביקורת משמורת של מסתננים רשאי –</p>
                  </intro>
                  <point eId="point_30ד__point_א__point_1">
                    <num>(1)</num>
                    <content>
                      <p>לאשר את החזקתו של המסתנן במשמורת, ואם אישר כאמור יקבע כי עניינו של המסתנן יובא לפניו לבחינה נוספת בהתקיים תנאים שקבע או בתוך פרק זמן שקבע אשר לא יעלה על 30 ימים;</p>
                    </content>
                  </point>
                  <point eId="point_30ד__point_א__point_2">
                    <num>(2)</num>
                    <content>
                      <p>להורות על שחרורו בערובה של המסתנן בתום פרק זמן שקבע, אם שוכנע כי התקיימו התנאים לשחרור בערובה לפי <ref href="#point_30א">סעיף 30א(ב) או (ג)</ref> ובכפוף לסייגים הקבועים <ref href="#point_30א">בסעיף 30א(ד)</ref>;</p>
                    </content>
                  </point>
                  <point eId="point_30ד__point_א__point_3">
                    <num>(3)</num>
                    <content>
                      <p>להורות על שינוי תנאי ערובה שנקבעו לפי <ref href="#point_30א">סעיף 30א(ה)</ref>, וכן על חילוט ערובה עקב הפרת תנאי מתנאי השחרור בערובה.</p>
                    </content>
                  </point>
                </list>
              </point>
              <point eId="point_30ד__point_ב">
                <num>(ב)</num>
                <content>
                  <p>הוראות <ref href="#point_30א">סעיף 30א(ה)</ref> יחולו, בשינויים המחויבים, על שחרור בערובה לפי צו של בית הדין לביקורת משמורת של מסתננים.</p>
                </content>
              </point>
              <point eId="point_30ד__point_ג">
                <num>(ג)</num>
                <content>
                  <p>החלטת בית הדין לביקורת משמורת של מסתננים תכלול את עיקרי טענות הצדדים, תהיה מנומקת ובכתב, ותימסר למסתנן בו במקום, במידת האפשר; ראה בית הדין צורך בבירור נוסף, יורה על הבאת המסתנן הנתון במשמורת לפניו במועד שיקבע.</p>
                </content>
              </point>
              <point eId="point_30ד__point_ד">
                <num>(ד)</num>
                <content>
                  <p>
                    <wikicomment font-size="x-small">(פקע).</wikicomment>
                  </p>
                </content>
              </point>
            </list>
          </point>
          <point eId="point_30ה">
            <heading>
              <authorialNote placement="side">
                <p>החלת הוראות מחוק הכניסה לישראל לעניין בית הדין</p>
              </authorialNote>
            </heading>
            <num>30ה.</num>
            <list>
              <intro>
                <p>
                  <wikicomment font-size="x-small">(הוראת שעה עד יום 10.12.2021):</wikicomment>
                  <br xml:space="preserve" xmlns=""> </br>הוראות <ref href="/akn/il/act/PrimaryLegislation/1952-09-05/174477#chp_4_sec_ב">סימן ב׳ בפרק רביעי לחוק הכניסה לישראל</ref>, למעט הוראות <ref href="/akn/il/act/PrimaryLegislation/1952-09-05/174477#point_13טו">סעיפים 13טו</ref><ref href="/akn/il/act/PrimaryLegislation/1952-09-05/174477#point_13כא">ו־13כא לחוק האמור</ref>, יחולו לעניין בית הדין לביקורת משמורת של מסתננים, בשינויים המחויבים ובשינויים אלה:</p>
              </intro>
              <point eId="point_30ה__point_1">
                <num>(1)</num>
                <list>
                  <intro>
                    <p>
                      <ref href="/akn/il/act/PrimaryLegislation/1952-09-05/174477#point_13יד">בסעיף 13יד לחוק הכניסה לישראל</ref> –</p>
                  </intro>
                  <point eId="point_30ה__point_1__point_א">
                    <num>(א)</num>
                    <content>
                      <p>בסעיף קטן (א), במקום ”בהקדם האפשרי ולא יאוחר מתום 96 שעות מעת תחילת החזקתו“ יקראו ”לא יאוחר מעשרה ימים מיום תחילת החזקתו במשמורת“;</p>
                    </content>
                  </point>
                  <point eId="point_30ה__point_1__point_ב">
                    <num>(ב)</num>
                    <content>
                      <p>בסעיף קטן (ב), במקום ”<ref href="/akn/il/act/PrimaryLegislation/1952-09-05/174477#point_13ז">סעיף 13ז</ref>“ יקראו ”<ref href="#point_30א">סעיף 30א(ט) לחוק למניעת הסתננות (עבירות ושיפוט), התשי"ד–1954</ref> (<ref href="/akn/il/act/PrimaryLegislation/1952-09-05/174477#chp_4_sec_ב">בסימן זה</ref> – חוק למניעת הסתננות)“;</p>
                    </content>
                  </point>
                </list>
              </point>
              <point eId="point_30ה__point_2">
                <num>(2)</num>
                <content>
                  <p>
                    <ref href="/akn/il/act/PrimaryLegislation/1952-09-05/174477#point_13טז">בסעיף 13טז לחוק הכניסה לישראל</ref>, במקום ”<ref href="/akn/il/act/PrimaryLegislation/1952-09-05/174477#point_13ז">סעיף 13ז</ref>“ יקראו ”<ref href="#point_30א">סעיף 30א(ט) לחוק למניעת הסתננות</ref>“;</p>
                </content>
              </point>
              <point eId="point_30ה__point_3">
                <num>(3)</num>
                <content>
                  <p>
                    <ref href="/akn/il/act/PrimaryLegislation/1952-09-05/174477#point_13יז">בסעיף 13יז(ב) לחוק הכניסה לישראל</ref>, במקום ”<ref href="/akn/il/act/PrimaryLegislation/1952-09-05/174477#point_13ו">סעיף 13ו(ג)</ref>“ יקראו ”<ref href="#point_30א">סעיף 30א(ה) לחוק למניעת הסתננות</ref>“.</p>
                </content>
              </point>
            </list>
          </point>
          <point eId="point_30ו">
            <heading>
              <authorialNote placement="side">
                <p>ערעור ועתירה מינהליים</p>
              </authorialNote>
            </heading>
            <num>30ו.</num>
            <list>
              <point eId="point_30ו__point_א">
                <num>(א)</num>
                <content>
                  <p>
                    <wikicomment font-size="x-small">(הוראת שעה עד יום 10.12.2021):</wikicomment>
                    <br xml:space="preserve" xmlns=""> </br> החלטת בית הדין לביקורת משמורת של מסתננים נתונה לערעור לפני בית משפט לעניינים מינהליים.</p>
                </content>
              </point>
              <point eId="point_30ו__point_ב">
                <num>(ב)</num>
                <content>
                  <p>הוגשה עתירה לבית משפט לעניינים מינהליים נגד החלטה לפי חוק זה בעניין גירוש, והיה תלוי ועומד, באותו מועד, ערעור מינהלי על החלטת בית הדין לביקורת משמורת של מסתננים בעניין המשמורת או השחרור בערובה, ידון בית המשפט במסגרת העתירה גם בעניין המשמורת או השחרור בערובה, והערעור יימחק; ואולם אם טרם הגיש העותר ערעור מינהלי בעניין המשמורת או השחרור בערובה, יכלול גם עניינים אלה במסגרת העתירה.</p>
                </content>
              </point>
              <point eId="point_30ו__point_ג">
                <num>(ג)</num>
                <content>
                  <p>אין בהחלטת בית משפט לעניינים מינהליים, בערעור או בעתירה כאמור בסעיף זה, כדי לגרוע מסמכות בית הדין לביקורת משמורת של מסתננים, ואולם בכל עניין שהחליט בו בית המשפט במסגרת הערעור או העתירה לא ייזקק לו בית הדין אלא אם כן נוכח כי חל שינוי בנסיבות שהיוו בסיס להחלטת בית המשפט.</p>
                </content>
              </point>
            </list>
          </point>
          <point eId="point_31">
            <heading>
              <authorialNote placement="side">
                <p>שחרור ממאסר לצורך גירוש</p>
              </authorialNote>
            </heading>
            <num>31.</num>
            <content>
              <p>
                <wikicomment font-size="x-small">(הוראת שעה עד יום 10.12.2021):</wikicomment> ניתן צו לפי <ref href="#point_30">סעיף 30</ref> והתקיימו הוראות <ref href="#point_30">סעיף 30(א1)</ref> והמסתנן נמצא מסיבה כל שהיא במאסר, מותר לשחרר את המסתנן ממאסרו לשם ביצוע הצו, אף אם לא תמה תקופת מאסרו.<br xml:space="preserve" xmlns=""> </br><wikicomment font-size="x-small">(הנוסח לאחר פקיעת הוראת השעה):</wikicomment> ניתן צו לפי <ref href="#point_30">סעיף 30</ref> והמסתנן נמצא מסיבה כל שהיא במאסר, מותר לשחרר את המסתנן ממאסרו לשם ביצוע הצו, אף אם לא תמה תקופת מאסרו.</p>
            </content>
          </point>
          <point eId="point_32">
            <heading>
              <authorialNote placement="side">
                <p>כיסוי הוצאות</p>
              </authorialNote>
            </heading>
            <num>32.</num>
            <content>
              <p>מי שנתן צו לפי <ref href="#point_30">סעיף 30</ref> רשאי להורות כי ההוצאות שנגרמו לרגל ביצוע צווי גירוש של המסתנן ושל מסתננים אחרים התלויים בו, יכוסו מכספו או מרכושו האחר של המסתנן.</p>
            </content>
          </point>
        </list>
      </chapter>
      <chapter eId="chp_ד">
        <num>פרק ד׳: מרכז שהייה למסתננים –</num>
        <title>
          <content>
            <p>הוראת שעה</p>
          </content>
        </title>
        <list>
          <point eId="point_32א">
            <heading>
              <authorialNote placement="side">
                <p xml:space="preserve"> </p>
              </authorialNote>
            </heading>
            <num>32א.</num>
            <content>
              <p>
                <wikicomment font-size="x-small">(פקע).</wikicomment>
              </p>
            </content>
          </point>
          <point eId="point_32ב">
            <heading>
              <authorialNote placement="side">
                <p xml:space="preserve"> </p>
              </authorialNote>
            </heading>
            <num>32ב.</num>
            <content>
              <p>
                <wikicomment font-size="x-small">(פקע).</wikicomment>
              </p>
            </content>
          </point>
          <point eId="point_32ג">
            <heading>
              <authorialNote placement="side">
                <p xml:space="preserve"> </p>
              </authorialNote>
            </heading>
            <num>32ג.</num>
            <content>
              <p>
                <wikicomment font-size="x-small">(פקע).</wikicomment>
              </p>
            </content>
          </point>
          <point eId="point_32ד">
            <heading>
              <authorialNote placement="side">
                <p xml:space="preserve"> </p>
              </authorialNote>
            </heading>
            <num>32ד.</num>
            <content>
              <p>
                <wikicomment font-size="x-small">(פקע).</wikicomment>
              </p>
            </content>
          </point>
          <point eId="point_32ה">
            <heading>
              <authorialNote placement="side">
                <p xml:space="preserve"> </p>
              </authorialNote>
            </heading>
            <num>32ה.</num>
            <content>
              <p>
                <wikicomment font-size="x-small">(פקע).</wikicomment>
              </p>
            </content>
          </point>
          <point eId="point_32ו">
            <heading>
              <authorialNote placement="side">
                <p xml:space="preserve"> </p>
              </authorialNote>
            </heading>
            <num>32ו.</num>
            <content>
              <p>
                <wikicomment font-size="x-small">(פקע).</wikicomment>
              </p>
            </content>
          </point>
          <point eId="point_32ז">
            <heading>
              <authorialNote placement="side">
                <p xml:space="preserve"> </p>
              </authorialNote>
            </heading>
            <num>32ז.</num>
            <content>
              <p>
                <wikicomment font-size="x-small">(פקע).</wikicomment>
              </p>
            </content>
          </point>
          <point eId="point_32ח">
            <heading>
              <authorialNote placement="side">
                <p xml:space="preserve"> </p>
              </authorialNote>
            </heading>
            <num>32ח.</num>
            <content>
              <p>
                <wikicomment font-size="x-small">(פקע).</wikicomment>
              </p>
            </content>
          </point>
          <point eId="point_32ט">
            <heading>
              <authorialNote placement="side">
                <p xml:space="preserve"> </p>
              </authorialNote>
            </heading>
            <num>32ט.</num>
            <content>
              <p>
                <wikicomment font-size="x-small">(פקע).</wikicomment>
              </p>
            </content>
          </point>
          <point eId="point_32י">
            <heading>
              <authorialNote placement="side">
                <p xml:space="preserve"> </p>
              </authorialNote>
            </heading>
            <num>32י.</num>
            <content>
              <p>
                <wikicomment font-size="x-small">(פקע).</wikicomment>
              </p>
            </content>
          </point>
          <point eId="point_32יא">
            <heading>
              <authorialNote placement="side">
                <p xml:space="preserve"> </p>
              </authorialNote>
            </heading>
            <num>32יא.</num>
            <content>
              <p>
                <wikicomment font-size="x-small">(פקע).</wikicomment>
              </p>
            </content>
          </point>
          <point eId="point_32יב">
            <heading>
              <authorialNote placement="side">
                <p xml:space="preserve"> </p>
              </authorialNote>
            </heading>
            <num>32יב.</num>
            <content>
              <p>
                <wikicomment font-size="x-small">(פקע).</wikicomment>
              </p>
            </content>
          </point>
          <point eId="point_32יג">
            <heading>
              <authorialNote placement="side">
                <p xml:space="preserve"> </p>
              </authorialNote>
            </heading>
            <num>32יג.</num>
            <content>
              <p>
                <wikicomment font-size="x-small">(פקע).</wikicomment>
              </p>
            </content>
          </point>
          <point eId="point_32יד">
            <heading>
              <authorialNote placement="side">
                <p xml:space="preserve"> </p>
              </authorialNote>
            </heading>
            <num>32יד.</num>
            <content>
              <p>
                <wikicomment font-size="x-small">(פקע).</wikicomment>
              </p>
            </content>
          </point>
          <point eId="point_32טו">
            <heading>
              <authorialNote placement="side">
                <p xml:space="preserve"> </p>
              </authorialNote>
            </heading>
            <num>32טו.</num>
            <content>
              <p>
                <wikicomment font-size="x-small">(פקע).</wikicomment>
              </p>
            </content>
          </point>
          <point eId="point_32טז">
            <heading>
              <authorialNote placement="side">
                <p xml:space="preserve"> </p>
              </authorialNote>
            </heading>
            <num>32טז.</num>
            <content>
              <p>
                <wikicomment font-size="x-small">(פקע).</wikicomment>
              </p>
            </content>
          </point>
          <point eId="point_32יז">
            <heading>
              <authorialNote placement="side">
                <p xml:space="preserve"> </p>
              </authorialNote>
            </heading>
            <num>32יז.</num>
            <content>
              <p>
                <wikicomment font-size="x-small">(פקע).</wikicomment>
              </p>
            </content>
          </point>
          <point eId="point_32יח">
            <heading>
              <authorialNote placement="side">
                <p xml:space="preserve"> </p>
              </authorialNote>
            </heading>
            <num>32יח.</num>
            <content>
              <p>
                <wikicomment font-size="x-small">(פקע).</wikicomment>
              </p>
            </content>
          </point>
          <point eId="point_32יט">
            <heading>
              <authorialNote placement="side">
                <p xml:space="preserve"> </p>
              </authorialNote>
            </heading>
            <num>32יט.</num>
            <content>
              <p>
                <wikicomment font-size="x-small">(פקע).</wikicomment>
              </p>
            </content>
          </point>
          <point eId="point_32כ">
            <heading>
              <authorialNote placement="side">
                <p xml:space="preserve"> </p>
              </authorialNote>
            </heading>
            <num>32כ.</num>
            <content>
              <p>
                <wikicomment font-size="x-small">(פקע).</wikicomment>
              </p>
            </content>
          </point>
          <point eId="point_32כא">
            <heading>
              <authorialNote placement="side">
                <p xml:space="preserve"> </p>
              </authorialNote>
            </heading>
            <num>32כא.</num>
            <content>
              <p>
                <wikicomment font-size="x-small">(פקע).</wikicomment>
              </p>
            </content>
          </point>
          <point eId="point_32כב">
            <heading>
              <authorialNote placement="side">
                <p xml:space="preserve"> </p>
              </authorialNote>
            </heading>
            <num>32כב.</num>
            <content>
              <p>
                <wikicomment font-size="x-small">(פקע).</wikicomment>
              </p>
            </content>
          </point>
        </list>
      </chapter>
      <chapter eId="chp_ה">
        <num>פרק ה׳:</num>
        <title>
          <content>
            <p>הוראות שונות</p>
          </content>
        </title>
        <list>
          <point eId="point_33">
            <heading>
              <authorialNote placement="side">
                <p>החוק מוסיף ולא גורע</p>
              </authorialNote>
            </heading>
            <num>33.</num>
            <content>
              <p>חוק זה אינו בא לגרוע מאחריותו הפלילית של אדם לפי דין אחר, או מסמכותו של בית משפט אחר לשפוט על עבירה לפי חוק זה, או מסמכותה של כל רשות אחרת.</p>
            </content>
          </point>
          <point eId="point_34">
            <heading>
              <authorialNote placement="side">
                <p xml:space="preserve"> </p>
              </authorialNote>
            </heading>
            <num>34.</num>
            <content>
              <p>
                <wikicomment font-size="x-small">(בוטל).</wikicomment>
              </p>
            </content>
          </point>
          <point eId="point_35">
            <heading>
              <authorialNote placement="side">
                <p>ביצוע</p>
              </authorialNote>
            </heading>
            <num>35.</num>
            <content>
              <p>שר הבטחון ממונה על ביצוע חוק זה, והוא רשאי להתקין תקנות בכל דבר הנוגע לביצועו.</p>
            </content>
          </point>
        </list>
      </chapter>
    </body>
    <conclusions eId="eId">
      <p class="signatures">
        <signature>
          <p>
            <person refersTo="משה_שרת">משה שרת</person>
            <role refersTo="ראש_הממשלה">ראש הממשלה</role>
          </p>
        </signature>
        <signature>
          <p>
            <person refersTo="פנחס_לבון">פנחס לבון</person>
            <role refersTo="שר_הבטחון">שר הבטחון</role>
          </p>
        </signature>
        <signature>
          <p>
            <person refersTo="יצחק_בן־צבי">יצחק בן־צבי</person>
            <role refersTo="נשיא_המדינה">נשיא המדינה</role>
          </p>
        </signature>
      </p>
    </conclusions>
  </act>
</akomaNtoso>