﻿<?xml version="1.0" encoding="utf-8"?>
<akomaNtoso xmlns="http://docs.oasis-open.org/legaldocml/ns/akn/3.0">
  <act contains="originalVersion" name="publicLaw">
    <meta>
      <identification source="#kensset">
        <FRBRWork>
          <FRBRthis value="/akn/il/act/PrimaryLegislation/1988-07-07/151696/main" />
          <FRBRuri value="/akn/il/act/PrimaryLegislation/1988-07-07/151696" />
          <FRBRdate date="1988-07-07" name="Generation" />
          <FRBRauthor href="#knesset" as="#author" />
          <FRBRcountry value="israel" />
        </FRBRWork>
        <FRBRExpression>
          <FRBRthis value="/akn/il/act/PrimaryLegislation/1988-07-07/151696/he@/main" />
          <FRBRuri value="/akn/il/act/PrimaryLegislation/1988-07-07/151696/he@" />
          <FRBRdate date="1988-07-07" name="Generation" />
          <FRBRauthor href="#knesset" as="#author" />
          <FRBRlanguage language="hebrew" />
        </FRBRExpression>
        <FRBRManifestation>
          <FRBRthis value="/akn/il/act/PrimaryLegislation/1988-07-07/151696/he@/main.xml" />
          <FRBRuri value="/akn/il/act/PrimaryLegislation/1988-07-07/151696/he@" />
          <FRBRdate date="1988-07-07" name="Generation" />
          <FRBRauthor href="#knesset" as="#author" />
          <FRBRformat value="xml" />
        </FRBRManifestation>
      </identification>
      <classification source="#kensset">
        <keyword value="{classificationValue}" showAs="{classificationValue}" dictionary="#classification_dictionary" />
      </classification>
      <lifecycle source="#kensset">
        <eventRef eId="eventRef_1" date="1988-07-07" source="#kensset" type="generation" />
      </lifecycle>
      <references source="#kensset">
        <TLCOrganization eId="kensset" href="/ontology/organization/akn/knesset" showAs="Kensset" type="generation" />
        <TLCRole eId="author" href="/ontology/role/akn/author" showAs="Author of Document" />
        <TLCProcess eId="inforce" href="/ontology/process/akn/inforce" showAs="In force" />
        <TLCTerm eId="term_1" href="/ontology/term/מועצה_חקלאית/151696" showAs="מועצה_חקלאית" />
        <TLCTerm eId="term_2" href="/ontology/term/חיקוקי_המועצות_החקלאיות/151696" showAs="חיקוקי_המועצות_החקלאיות" />
        <TLCTerm eId="term_3" href="/ontology/term/חיקוקי_החקלאות/151696" showAs="חיקוקי_החקלאות" />
        <TLCTerm eId="term_4" href="/ontology/term/המנהל/151696" showAs="המנהל" />
        <TLCTerm eId="term_5" href="/ontology/term/הרשות/151696" showAs="הרשות" />
        <TLCTerm eId="term_6" href="/ontology/term/השר/151696" showAs="השר" />
        <TLCPerson eId="יצחק_שמיר" href="/ontology/person/יצחק_שמיר" showAs="יצחק שמיר" />
        <TLCPerson eId="אריה_נחמקין" href="/ontology/person/אריה_נחמקין" showAs="אריה נחמקין" />
        <TLCPerson eId="חיים_הרצוג" href="/ontology/person/חיים_הרצוג" showAs="חיים הרצוג" />
        <TLCRole eId="ראש_הממשלה" href="ontology/role/akn/ראש_הממשלה" showAs="ראש הממשלה" />
        <TLCRole eId="שר_החקלאות" href="ontology/role/akn/שר_החקלאות" showAs="שר החקלאות" />
        <TLCRole eId="נשיא_המדינה" href="ontology/role/akn/נשיא_המדינה" showAs="נשיא המדינה" />
      </references>
      <temporalData source="#kensset">
        <temporalGroup eId="tmpg_1" />
      </temporalData>
      <Publication></Publication>
    </meta>
    <body period="#tmpg_1">
      <title eId="title">
        <content>
          <p>חוק הרשות לפיקוח חקלאי, התשמ"ח–1988</p>
        </content>
      </title>
      <chapter eId="chp_א">
        <num>פרק א׳:</num>
        <title>
          <content>
            <p>פרשנות</p>
          </content>
        </title>
        <list>
          <point eId="point_1">
            <heading>
              <authorialNote placement="side">
                <p>הגדרות</p>
              </authorialNote>
            </heading>
            <num>1.</num>
            <list>
              <intro>
                <p>בחוק זה –</p>
              </intro>
              <point eId="point_1__point_מועצה_חקלאית">
                <list>
                  <intro>
                    <p>
                      <def />”מועצה חקלאית“ – כל אחת מאלה:</p>
                  </intro>
                  <point eId="point_1__point_מועצה_חקלאית__point_1">
                    <num>(1)</num>
                    <content>
                      <p>
                        <wikicomment font-size="x-small">(נמחקה);</wikicomment>
                      </p>
                    </content>
                  </point>
                  <point eId="point_1__point_מועצה_חקלאית__point_2">
                    <num>(2)</num>
                    <content>
                      <p>
                        <wikicomment font-size="x-small">(נמחקה);</wikicomment>
                      </p>
                    </content>
                  </point>
                  <point eId="point_1__point_מועצה_חקלאית__point_3">
                    <num>(3)</num>
                    <content>
                      <p>המועצה לפי <ref href="/akn/il/act/PrimaryLegislation/1963-12-06/147568">חוק המועצה לענף הלול (ייצור ושיווק), התשכ"ד–1963</ref>;</p>
                    </content>
                  </point>
                  <point eId="point_1__point_מועצה_חקלאית__point_4">
                    <num>(4)</num>
                    <content>
                      <p>מועצת הצמחים לפי <ref href="/akn/il/act/PrimaryLegislation/1973-08-23/147576">חוק מועצת הצמחים (ייצור ושיווק), התשל"ג–1973</ref>;</p>
                    </content>
                  </point>
                  <point eId="point_1__point_מועצה_חקלאית__point_5">
                    <num>(5)</num>
                    <content>
                      <p>
                        <def />
                        <wikicomment font-size="x-small">(נמחקה);</wikicomment>
                        <br xml:space="preserve" xmlns=""> </br>”חיקוקי המועצות החקלאיות“ – החיקוקים המפורטים בהגדרת ”מועצה חקלאית“;</p>
                    </content>
                  </point>
                </list>
              </point>
              <point eId="point_1__point_חיקוקי_החקלאות">
                <content>
                  <p>
                    <def />”חיקוקי החקלאות“ – החיקוקים המנויים <ref href="#appendix">בתוספת</ref>;</p>
                </content>
              </point>
              <point eId="point_1__point_המנהל">
                <content>
                  <p>
                    <def />”המנהל“ – המנהל הכללי של הרשות שמונה לפי <ref href="#point_13">סעיף 13</ref>;</p>
                </content>
              </point>
              <point eId="point_1__point_הרשות">
                <content>
                  <p>
                    <def />”הרשות“ – הרשות לפיקוח חקלאי שהוקמה לפי חוק זה;</p>
                </content>
              </point>
              <point eId="point_1__point_השר">
                <content>
                  <p>
                    <def />”השר“ – שר החקלאות.</p>
                </content>
              </point>
            </list>
          </point>
        </list>
      </chapter>
      <chapter eId="chp_ב">
        <num>פרק ב׳:</num>
        <title>
          <content>
            <p>הרשות</p>
          </content>
        </title>
        <section eId="chp_ב__sec_א">
          <num>סימן א׳:</num>
          <title>
            <content>
              <p>הקמת הרשות והחלת הפיקוח</p>
            </content>
          </title>
          <list>
            <point eId="point_2">
              <heading>
                <authorialNote placement="side">
                  <p>הקמת הרשות</p>
                </authorialNote>
              </heading>
              <num>2.</num>
              <content>
                <p>מוקמת בזה הרשות לפיקוח חקלאי.</p>
              </content>
            </point>
            <point eId="point_3">
              <heading>
                <authorialNote placement="side">
                  <p>הרשות – תאגיד</p>
                </authorialNote>
              </heading>
              <num>3.</num>
              <content>
                <p>הרשות היא תאגיד.</p>
              </content>
            </point>
            <point eId="point_4">
              <heading>
                <authorialNote placement="side">
                  <p>הרשות – גוף מבוקר</p>
                </authorialNote>
              </heading>
              <num>4.</num>
              <content>
                <p>הרשות היא גוף מבוקר כמשמעותו <ref href="/akn/il/act/PrimaryLegislation/1958-03-20/2001957#point_9">בסעיף 9(6) לחוק מבקר המדינה, התשי"ח–1958 [נוסח משולב]</ref>.</p>
              </content>
            </point>
            <point eId="point_5">
              <heading>
                <authorialNote placement="side">
                  <p>תפקיד הרשות</p>
                </authorialNote>
              </heading>
              <num>5.</num>
              <content>
                <p>תפקידה של הרשות הוא הפעלת פיקוח לענין עבירות לפי חיקוקי המועצות החקלאיות ולפי חיקוקי החקלאות, בכפוף לאמור <ref href="#point_6">בסעיף 6</ref> (להלן – הפיקוח החקלאי).</p>
              </content>
            </point>
            <point eId="point_6">
              <heading>
                <authorialNote placement="side">
                  <p>החלת הפיקוח</p>
                </authorialNote>
              </heading>
              <num>6.</num>
              <list>
                <point eId="point_6__point_א">
                  <num>(א)</num>
                  <list>
                    <intro>
                      <p>השר, בהתייעצות עם מועצת הרשות, יקבע בצו את העבירות שלענינן יופעל הפיקוח החקלאי ואת מועד הפעלתן, ובלבד –</p>
                    </intro>
                    <point eId="point_6__point_א__point_1">
                      <num>(1)</num>
                      <content>
                        <p>שלא יינתן צו כאמור להפעיל פיקוח חקלאי לענין עבירה על חיקוקי המועצות החקלאיות, אלא לאחר התייעצות עם שר התעשיה והמסחר;</p>
                      </content>
                    </point>
                    <point eId="point_6__point_א__point_2">
                      <num>(2)</num>
                      <content>
                        <p>שלא יינתן צו כאמור להפעיל פיקוח חקלאי לענין עבירה פלונית שבחיקוק, אלא לאחר התייעצות עם מי שסמכות הפיקוח לענין אותה עבירה נתונה לו;</p>
                      </content>
                    </point>
                    <point eId="point_6__point_א__point_3">
                      <num>(3)</num>
                      <content>
                        <p>שלא יופעל פיקוח חקלאי כאמור, לענין עבירה על חיקוק מחיקוקי החקלאות, אלא לאחר שהובטח המימון הכרוך בכך כפי שנקבע בתקנות בהתייעצות עם מועצת הרשות.</p>
                      </content>
                    </point>
                  </list>
                </point>
                <point eId="point_6__point_ב">
                  <num>(ב)</num>
                  <content>
                    <p>קבע השר עבירה בצו כאמור בסעיף קטן (א), לא יופעל פיקוח חקלאי, החל במועד הפעלתו של הצו, בידי מי שסמכות הפיקוח לענין אותה עבירה היתה נתונה לו ערב תחילתו של הצו.</p>
                  </content>
                </point>
              </list>
            </point>
          </list>
        </section>
        <section eId="chp_ב__sec_ב">
          <num>סימן ב׳:</num>
          <title>
            <content>
              <p>מועצת הרשות</p>
            </content>
          </title>
          <list>
            <point eId="point_7">
              <heading>
                <authorialNote placement="side">
                  <p>הרכב המועצה</p>
                </authorialNote>
              </heading>
              <num>7.</num>
              <list>
                <point eId="point_7__point_א">
                  <num>(א)</num>
                  <content>
                    <p>לרשות תהיה מועצה של עשרה חברים שימנה השר, והם: ארבעה נציגים, אחד מכל ענף, של מועצה חקלאית כאמור <ref href="#point_1">בפסקה (4) להגדרה ”מועצה חקלאית“ שבסעיף 1</ref>, ונציג אחד של מועצה חקלאית כאמור בפסקה (3) להגדרה האמורה; שני נציגים של השר מבין עובדי משרדו, נציג של שר המשטרה, נציג של שר התעשיה והמסחר ונציג של היועץ המשפטי לממשלה, שיתמנו שלושתם מבין עובדי המדינה; לענין זה, ”ענף“ – כהגדרתו <ref href="/akn/il/act/PrimaryLegislation/1973-08-23/147576">בחוק מועצת הצמחים (ייצור ושיווק), התשל"ג–1973</ref>.</p>
                  </content>
                </point>
                <point eId="point_7__point_ב">
                  <num>(ב)</num>
                  <content>
                    <p>השר ימנה את אחד מנציגיו ליושב ראש המועצה ואת נציגו השני לממלא מקום היושב ראש.</p>
                  </content>
                </point>
              </list>
            </point>
            <point eId="point_8">
              <heading>
                <authorialNote placement="side">
                  <p>אי־תשלום שכר</p>
                </authorialNote>
              </heading>
              <num>8.</num>
              <content>
                <p>חבר המועצה לא יקבל שכר בעד שירותיו.</p>
              </content>
            </point>
            <point eId="point_9">
              <heading>
                <authorialNote placement="side">
                  <p>ישיבות המועצה</p>
                </authorialNote>
              </heading>
              <num>9.</num>
              <list>
                <point eId="point_9__point_א">
                  <num>(א)</num>
                  <content>
                    <p>ישיבות המועצה יתקיימו אחת לחודש לפחות; יושב ראש המועצה יזמן את ישיבותיה ויקבע את זמנן, מקומן וסדר יומן, בכפוף להוראות <ref href="#chp_ב_sec_ב">סימן זה</ref>.</p>
                  </content>
                </point>
                <point eId="point_9__point_ב">
                  <num>(ב)</num>
                  <content>
                    <p>השר או שלושה מחברי המועצה רשאים לדרוש קיום ישיבה מיוחדת של המועצה; בישיבה המיוחדת תדון המועצה בנושאים המפורטים בדרישה; החלטות שנתקבלו בישיבה שקיומה נדרש בידי השר יובאו לידיעתו בהקדם, והוא רשאי, תוך שלושים ימים מהיום שהובאו לידיעתו, לדרוש מן המועצה לקיים דיון נוסף בנושא.</p>
                  </content>
                </point>
              </list>
            </point>
            <point eId="point_10">
              <heading>
                <authorialNote placement="side">
                  <p>סדרי עבודת המועצה</p>
                </authorialNote>
              </heading>
              <num>10.</num>
              <list>
                <point eId="point_10__point_א">
                  <num>(א)</num>
                  <content>
                    <p>המנהל יוזמן לכל ישיבות המועצה.</p>
                  </content>
                </point>
                <point eId="point_10__point_ב">
                  <num>(ב)</num>
                  <content>
                    <p>המנין החוקי בישיבת המועצה הוא רוב חבריה ובהם יושב ראש המועצה או ממלא מקומו; משנפתחה הישיבה במנין חוקי, יהא המשכה כדין בכל מספר משתתפים, ובלבד שלא תתקבל החלטה אלא אם כן נכחו בעת קבלתה לפחות שלושה חברים, ובהם היושב ראש או ממלא מקומו.</p>
                  </content>
                </point>
                <point eId="point_10__point_ג">
                  <num>(ג)</num>
                  <content>
                    <p>החלטות המועצה יתקבלו ברוב דעות המשתתפים בהצבעה.</p>
                  </content>
                </point>
                <point eId="point_10__point_ד">
                  <num>(ד)</num>
                  <content>
                    <p>המועצה תקבע לעצמה את סדרי עבודתה ונהלי דיוניה ככל שלא נקבעו בחוק זה או לפיו.</p>
                  </content>
                </point>
              </list>
            </point>
          </list>
        </section>
        <section eId="chp_ב__sec_ג">
          <num>סימן ג׳:</num>
          <title>
            <content>
              <p>תפקידי המועצה וסמכויותיה</p>
            </content>
          </title>
          <list>
            <point eId="point_11">
              <heading>
                <authorialNote placement="side">
                  <p>תפקידי המועצה</p>
                </authorialNote>
              </heading>
              <num>11.</num>
              <list>
                <point eId="point_11__point_א">
                  <num>(א)</num>
                  <list>
                    <intro>
                      <p>המועצה, מבלי לגרוע משאר תפקידיה –</p>
                    </intro>
                    <point eId="point_11__point_א__point_1">
                      <num>(1)</num>
                      <content>
                        <p>תחליט בדבר מדיניות הפיקוח החקלאי של הרשות ותכין תכניות לביצועה;</p>
                      </content>
                    </point>
                    <point eId="point_11__point_א__point_2">
                      <num>(2)</num>
                      <content>
                        <p>תכין את תקציב הרשות;</p>
                      </content>
                    </point>
                    <point eId="point_11__point_א__point_3">
                      <num>(3)</num>
                      <content>
                        <p>תעקוב אחר ביצוע המדיניות של הרשות, תכניותיה ותקציבה.</p>
                      </content>
                    </point>
                  </list>
                </point>
                <point eId="point_11__point_ב">
                  <num>(ב)</num>
                  <content>
                    <p>החלטות המועצה לפי פסקה (1) טעונות אישור השר, ובלבד שאישור כאמור של החלטות הנוגעות לחיקוקי המועצות החקלאיות, לא יינתן אלא לאחר התייעצות עם שר התעשיה והמסחר.</p>
                  </content>
                </point>
              </list>
            </point>
            <point eId="point_12">
              <heading>
                <authorialNote placement="side">
                  <p>דינים וחשבונות</p>
                </authorialNote>
              </heading>
              <num>12.</num>
              <list>
                <point eId="point_12__point_א">
                  <num>(א)</num>
                  <content>
                    <p>השר רשאי לדרוש מהמועצה דין וחשבון וכן מידע שוטף או חד־פעמי בכל ענין שהוא בגדר תפקידיה וסמכויותיה; המועצה תגיש לשר כל דין וחשבון שדרש, תוך שלושים ימים מיום הדרישה.</p>
                  </content>
                </point>
                <point eId="point_12__point_ב">
                  <num>(ב)</num>
                  <content>
                    <p>סמכות הנתונה לשר לפי סעיף קטן (א), תהא נתונה גם לשר התעשיה והמסחר ככל שמדובר בענין הנוגע למועצות החקלאיות.</p>
                  </content>
                </point>
              </list>
            </point>
          </list>
        </section>
        <section eId="chp_ב__sec_ד">
          <num>סימן ד׳:</num>
          <title>
            <content>
              <p>מנהל הרשות ועובדיה</p>
            </content>
          </title>
          <list>
            <point eId="point_13">
              <heading>
                <authorialNote placement="side">
                  <p>מנהל הרשות</p>
                </authorialNote>
              </heading>
              <num>13.</num>
              <content>
                <p>המועצה, באישור השר, תמנה מנהל כללי לרשות ותקבע את תפקידיו, שכרו ותנאי העסקתו; הודעה על המינוי תפורסם ברשומות.</p>
              </content>
            </point>
            <point eId="point_14">
              <heading>
                <authorialNote placement="side">
                  <p>תפקידי המנהל וסמכויותיו</p>
                </authorialNote>
              </heading>
              <num>14.</num>
              <list>
                <point eId="point_14__point_א">
                  <num>(א)</num>
                  <content>
                    <p>המנהל ינהל את עניני הרשות במסגרת המדיניות שלה, תכניותיה ותקציבה, הכל כפי שתקבע המועצה, ויהיה אחראי כלפי המועצה בביצוע תפקידיו במסגרת סמכויותיו.</p>
                  </content>
                </point>
                <point eId="point_14__point_ב">
                  <num>(ב)</num>
                  <content>
                    <p>המועצה רשאית לדרוש מהמנהל דינים וחשבונות על פעולותיה של הרשות, לדון בהם ולקבוע מסקנותיה; דרשה המועצה דין וחשבון כאמור, יגישו המנהל תוך שלושים ימים מיום הדרישה.</p>
                  </content>
                </point>
              </list>
            </point>
            <point eId="point_15">
              <heading>
                <authorialNote placement="side">
                  <p>העסקתם של עובדי הרשות</p>
                </authorialNote>
              </heading>
              <num>15.</num>
              <list>
                <point eId="point_15__point_א">
                  <num>(א)</num>
                  <content>
                    <p>דין קבלתם של עובדים לרשות ומינוייהם יהיה כדין זה של עובדי המדינה, בשינויים שייקבעו בתקנות.</p>
                  </content>
                </point>
                <point eId="point_15__point_ב">
                  <num>(ב)</num>
                  <content>
                    <p>התקן של עובדי הרשות, שכרם ותנאי עבודתם, למעט גימלאות, יהיו כשל עובדי המדינה ובתיאומים שתקבע מועצת הרשות, באישור השר.</p>
                  </content>
                </point>
              </list>
            </point>
          </list>
        </section>
        <section eId="chp_ב__sec_ה">
          <num>סימן ה׳:</num>
          <title>
            <content>
              <p>תקציב וכספים</p>
            </content>
          </title>
          <list>
            <point eId="point_16">
              <heading>
                <authorialNote placement="side">
                  <p>תקציב הרשות</p>
                </authorialNote>
              </heading>
              <num>16.</num>
              <list>
                <point eId="point_16__point_א">
                  <num>(א)</num>
                  <list>
                    <intro>
                      <p>הוצאות תקציב הרשות למימון הפיקוח החקלאי יכוסו כדלקמן:</p>
                    </intro>
                    <point eId="point_16__point_א__point_1">
                      <num>(1)</num>
                      <content>
                        <p>לענין חיקוקי המועצות החקלאיות – בידי המועצות החקלאיות;</p>
                      </content>
                    </point>
                    <point eId="point_16__point_א__point_2">
                      <num>(2)</num>
                      <content>
                        <p>לענין חיקוקי החקלאות – כפי שייקבע בתקנות כאמור <ref href="#point_6">בסעיף 6(3)</ref>.</p>
                      </content>
                    </point>
                  </list>
                </point>
                <point eId="point_16__point_ב">
                  <num>(ב)</num>
                  <content>
                    <p>לענין סעיף קטן (א)(1) יקבע השר בתקנות את חלקה של כל מועצה חקלאית בתקציב הרשות, וכן את השיעורים והמועדים להעברתו לרשות.</p>
                  </content>
                </point>
              </list>
            </point>
            <point eId="point_17">
              <heading>
                <authorialNote placement="side">
                  <p>אישור התקציב</p>
                </authorialNote>
              </heading>
              <num>17.</num>
              <content>
                <p>אחת לשנה תכין המועצה את הצעת התקציב של הרשות לשנת הכספים הבאה, ותגיש אותה לאישורו של השר במועד שייקבע בתקנות.</p>
              </content>
            </point>
            <point eId="point_18">
              <heading>
                <authorialNote placement="side">
                  <p>דו"ח שנתי</p>
                </authorialNote>
              </heading>
              <num>18.</num>
              <list>
                <point eId="point_18__point_א">
                  <num>(א)</num>
                  <content>
                    <p>אחת לשנה תכין המועצה דו"ח שנתי לגבי הרשות.</p>
                  </content>
                </point>
                <point eId="point_18__point_ב">
                  <num>(ב)</num>
                  <list>
                    <intro>
                      <p>הדו"ח השנתי יוגש לשר לא יאוחר מיום 31 במרס של כל שנה לגבי השנה שהסתיימה ביום 31 בדצמבר שקדם לו, והוא יכלול:</p>
                    </intro>
                    <point eId="point_18__point_ב__point_1">
                      <num>(1)</num>
                      <content>
                        <p>מאזן שנתי;</p>
                      </content>
                    </point>
                    <point eId="point_18__point_ב__point_2">
                      <num>(2)</num>
                      <content>
                        <p>דין וחשבון על ההכנסות וההוצאות, לרבות ציון היעוד של עודפי ההכנסות;</p>
                      </content>
                    </point>
                    <point eId="point_18__point_ב__point_3">
                      <num>(3)</num>
                      <content>
                        <p>סקירה על פעולות הרשות.</p>
                      </content>
                    </point>
                  </list>
                </point>
                <point eId="point_18__point_ג">
                  <num>(ג)</num>
                  <content>
                    <p>דין וחשבון כאמור בסעיף קטן (א) יוגש לועדת הכלכלה של הכנסת, וככל שהוא נוגע למועצות החקלאיות, יוגש גם לשר התעשיה והמסחר.</p>
                  </content>
                </point>
              </list>
            </point>
          </list>
        </section>
      </chapter>
      <chapter eId="chp_ג">
        <num>פרק ג׳:</num>
        <title>
          <content>
            <p>סמכויות פיקוח</p>
          </content>
        </title>
        <list>
          <point eId="point_19">
            <heading>
              <authorialNote placement="side">
                <p>מינוי מפקחים</p>
              </authorialNote>
            </heading>
            <num>19.</num>
            <list>
              <point eId="point_19__point_א">
                <num>(א)</num>
                <content>
                  <p>המועצה תמנה מפקחים מבין עובדי הרשות לשם ביצוע הפיקוח החקלאי; המינוי ייעשה בכתב.</p>
                </content>
              </point>
              <point eId="point_19__point_ב">
                <num>(ב)</num>
                <content>
                  <p>על מינוי מפקחים לפי סעיף זה תינתן הודעה לשר המשטרה, ושר המשטרה רשאי להסמיכם, בהסמכה כללית או מיוחדת, לערוך חקירות לשם ביצוע הפיקוח החקלאי.</p>
                </content>
              </point>
            </list>
          </point>
          <point eId="point_20">
            <heading>
              <authorialNote placement="side">
                <p>סמכויות מפקח</p>
              </authorialNote>
            </heading>
            <num>20.</num>
            <list>
              <point eId="point_20__point_א">
                <num>(א)</num>
                <list>
                  <intro>
                    <p>היה למפקח יסוד סביר להניח שהדבר דרוש לביצועו של הפיקוח החקלאי, מוסמך הוא –</p>
                  </intro>
                  <point eId="point_20__point_א__point_1">
                    <num>(1)</num>
                    <content>
                      <p>לעצור כל כלי הובלה ולערוך בו חיפוש;</p>
                    </content>
                  </point>
                  <point eId="point_20__point_א__point_2">
                    <num>(2)</num>
                    <content>
                      <p>להיכנס לכל מקום ולערוך בו חיפוש, אולם אין להיכנס למקום המשמש למגורים אלא לפי צו חיפוש מאת בית משפט מוסמך, והוראות <ref href="/akn/il/act/PrimaryLegislation/1969-02-16/2001931#point_26">סעיפים 26 עד 28 לפקודת סדר הדין הפלילי (מעצר וחיפוש) [נוסח חדש], התשכ"ט–1969</ref>, יחולו, בשינויים המחוייבים, על חיפוש לפי פסקה זו;</p>
                    </content>
                  </point>
                  <point eId="point_20__point_א__point_3">
                    <num>(3)</num>
                    <content>
                      <p>לתפוס כל חפץ, אם יש למפקח יסוד סביר להניח שנעברה בו עבירה שחל עליה הפיקוח החקלאי, ורשאי הוא לתפוס חמרי אריזה או מסמכים העשויים, לדעתו, לשמש ראיה במשפט על עבירה כאמור.</p>
                    </content>
                  </point>
                </list>
              </point>
              <point eId="point_20__point_ב">
                <num>(ב)</num>
                <content>
                  <p>לענין פרק זה, ”חפץ“ – לרבות כלי הובלה, בעל חיים, בשר, צמח וכל תוצרת חקלאית.</p>
                </content>
              </point>
              <point eId="point_20__point_ג">
                <num>(ג)</num>
                <content>
                  <p>מפקח שהוסמך כאמור <ref href="#point_19">בסעיף 19(ב)</ref>, רשאי לחקור כל אדם בשל עבירה שלענינה חל הפיקוח החקלאי; על החקירה יחולו הוראות <ref href="/akn/il/act/PrimaryLegislation/1933-12-31/2001433#point_2">סעיפים 2</ref><ref href="/akn/il/act/PrimaryLegislation/1933-12-31/2001433#point_3">ו־3 לפקודת הפרוצידורה הפלילית (עדות)</ref>.</p>
                </content>
              </point>
            </list>
          </point>
          <point eId="point_21">
            <heading>
              <authorialNote placement="side">
                <p>חובה למסור מידע ודוגמאות</p>
              </authorialNote>
            </heading>
            <num>21.</num>
            <list>
              <point eId="point_21__point_א">
                <num>(א)</num>
                <content>
                  <p>חייב אדם למסור למפקח, לפי דרישתו, ידיעות, דוגמאות, פנקסים ושאר תעודות שלדעת המפקח יש במסירתם כדי להבטיח ביצועו של הפיקוח החקלאי; דרש המפקח דוגמאות – הן יימסרו לו ללא תשלום.</p>
                </content>
              </point>
              <point eId="point_21__point_ב">
                <num>(ב)</num>
                <content>
                  <p>דוגמאות שנמסרו לפי סעיף קטן (א), מותר לבדקן במעבדה ולנהוג בהן בכל דרך אחרת.</p>
                </content>
              </point>
            </list>
          </point>
          <point eId="point_22">
            <heading>
              <authorialNote placement="side">
                <p>טיפול בחפצים שנתפסו</p>
              </authorialNote>
            </heading>
            <num>22.</num>
            <list>
              <intro>
                <p>נתפס חפץ כאמור <ref href="#point_20">בסעיף 20(א)(3)</ref>, ינהגו כדלקמן:</p>
              </intro>
              <point eId="point_22__point_1">
                <num>(1)</num>
                <content>
                  <p>הרשות רשאית לשמור את החפץ עד שבית משפט או ועדת קנסות כמשמעותה בחיקוקי המועצות החקלאיות, שלהם הוגש כתב אישום על העבירה שנעברה לענין אותו חפץ, יחליטו מה ייעשה בו; לא הוגש כתב אישום כאמור תוך ששים ימים מיום התפיסה, יוחזר החפץ לידי מי שמידיו נתפס; התעורר ספק למי להחזירו – רשאים הרשות או האדם התובע זכות בחפץ, לבקש הכרעה בענין מבית משפט השלום שבתחום שיפוטו נתפס החפץ;</p>
                </content>
              </point>
              <point eId="point_22__point_2">
                <num>(2)</num>
                <content>
                  <p>נשמד החפץ, ניזוק או שערכו פחת ובית המשפט שוכנע כי הרשות התרשלה בשמירתו, רשאי הוא לחייב את הרשות בתשלום פיצויים בסכום שייקבע;</p>
                </content>
              </point>
              <point eId="point_22__point_3">
                <num>(3)</num>
                <list>
                  <point eId="point_22__point_3__point_none">
                    <content>
                      <p>עלול החפץ להתקלקל אם לא יימכר מיד, בין בשל טיבו המיוחד ובין מסיבה אחרת, רשאית הרשות למכרו; דמי המכר יופקדו בקופת הרשות ויחולו עליהם הוראות פסקה (1) כאילו היו חפץ שנתפס; זוכה מי שהוגש נגדו כתב האישום, יוחזר לו שווי החפץ ביום תפיסתו, לפי מחירם הממוצע באותו יום של חפצים מסוגו, בשוק הסיטונאי לפירות וירקות של תל־אביב;</p>
                    </content>
                  </point>
                  <point eId="point_22__point_3__point_none">
                    <content>
                      <p>לסכום האמור יווספו הפרשי הצמדה למדד, מן המדד שפורסם לאחרונה לפני מועד המכירה של החפץ עד המדד שפורסם לאחרונה לפני יום החזרתם בפועל של דמי המכר. לענין זה, ”מדד“ – מדד המחירים לצרכן שמפרסמת הלשכה המרכזית לסטטיסטיקה;</p>
                    </content>
                  </point>
                </list>
              </point>
              <point eId="point_22__point_4">
                <num>(4)</num>
                <content>
                  <p>על אף האמור בפסקה (3), אם היה החפץ שנמסר גידול חקלאי כמשמעותו בחיקוק מחיקוקי המועצות החקלאיות, יופקדו דמי המכר בקופת המועצה החקלאית הנוגעת לענין במקום בקופת הרשות, והוראות פסקה (1) החלות על הרשות יחולו בשינויים המחוייבים על המועצה החקלאית האמורה;</p>
                </content>
              </point>
              <point eId="point_22__point_5">
                <num>(5)</num>
                <content>
                  <p>היה החפץ כלי הובלה, רשאי בית משפט השלום לשחררו, לבקשת האדם התובע זכות בו, אף לפני שהוגש כתב אישום, ורשאי הוא להתנות את השחרור במתן ערובה.</p>
                </content>
              </point>
            </list>
          </point>
        </list>
      </chapter>
      <chapter eId="chp_ד">
        <num>פרק ד׳:</num>
        <title>
          <content>
            <p>הוראות שונות</p>
          </content>
        </title>
        <list>
          <point eId="point_23">
            <heading>
              <authorialNote placement="side">
                <p>סמכות מפקח לענין חוקי מס</p>
              </authorialNote>
            </heading>
            <num>23.</num>
            <content>
              <p>הופעלה סמכות של מפקח לענין חוק זה, יהיה כוחם של הממצאים וחומר החקירה יפה לענין <ref href="/akn/il/act/PrimaryOrSecondaryLegislation/UnknownWorkDate/פקודת_מס_הכנסה">פקודת מס הכנסה</ref> ולענין <ref href="/akn/il/act/PrimaryLegislation/1976-01-06/147931">חוק מס ערך מוסף, התשל"ה–1975</ref>, הכל לפי כללים ותיאומים שיקבע שר האוצר בהסכמת השר.</p>
            </content>
          </point>
          <point eId="point_24">
            <heading>
              <authorialNote placement="side">
                <p>דין הרשות כדין המדינה</p>
              </authorialNote>
            </heading>
            <num>24.</num>
            <list>
              <intro>
                <p>דין הרשות כדין המדינה לענין –</p>
              </intro>
              <point eId="point_24__point_1">
                <num>(1)</num>
                <content>
                  <p>תשלום מסים, מס בולים, אגרות, ארנונות, היטלים ותשלומי חובה אחרים;</p>
                </content>
              </point>
              <point eId="point_24__point_2">
                <num>(2)</num>
                <content>
                  <p>
                    <ref href="/akn/il/act/PrimaryOrSecondaryLegislation/UnknownWorkDate/חוק_הנזיקין_האזרחיים_אחריות_המדינה">חוק הנזיקין האזרחיים (אחריות המדינה), התשי"ב–1952</ref>;</p>
                </content>
              </point>
              <point eId="point_24__point_3">
                <num>(3)</num>
                <content>
                  <p>סעד בדרך צו מניעה וצו עשה.</p>
                </content>
              </point>
            </list>
          </point>
          <point eId="point_25">
            <heading>
              <authorialNote placement="side">
                <p>דין חברי מועצת הרשות ועובדי הרשות</p>
              </authorialNote>
            </heading>
            <num>25.</num>
            <list>
              <point eId="point_25__point_א">
                <num>(א)</num>
                <list>
                  <intro>
                    <p>דין חברי מועצת הרשות ועובדי הרשות לענין חיקוקים אלה כדין עובדי המדינה:</p>
                  </intro>
                  <point eId="point_25__point_א__point_1">
                    <num>(1)</num>
                    <content>
                      <p>
                        <ref href="/akn/il/act/PrimaryLegislation/1969-04-14/2002229">חוק הבחירות לכנסת [נוסח משולב], התשכ"ט–1969</ref>;</p>
                    </content>
                  </point>
                  <point eId="point_25__point_א__point_2">
                    <num>(2)</num>
                    <content>
                      <p>
                        <ref href="/akn/il/act/PrimaryLegislation/1959-08-14/148673">חוק שירות המדינה (סיוג פעילות מפלגתית ומגבית כספים), התשי"ט–1959</ref>;</p>
                    </content>
                  </point>
                  <point eId="point_25__point_א__point_3">
                    <num>(3)</num>
                    <content>
                      <p>
                        <ref href="/akn/il/act/PrimaryLegislation/1979-11-01/148674">חוק שירות הציבור (מתנות), התש"ם–1980</ref>;</p>
                    </content>
                  </point>
                  <point eId="point_25__point_א__point_4">
                    <num>(4)</num>
                    <content>
                      <p>
                        <ref href="/akn/il/act/PrimaryLegislation/1969-07-03/148676">חוק שירות הציבור (הגבלות לאחר פרישה), התשכ"ט–1969</ref>;</p>
                    </content>
                  </point>
                  <point eId="point_25__point_א__point_5">
                    <num>(5)</num>
                    <content>
                      <p>
                        <ref href="/akn/il/act/PrimaryLegislation/1971-04-28/2002283">פקודת הראיות [נוסח חדש], התשל"א–1971</ref>;</p>
                    </content>
                  </point>
                  <point eId="point_25__point_א__point_6">
                    <num>(6)</num>
                    <content>
                      <p>
                        <ref href="/akn/il/act/PrimaryLegislation/1968-04-17/2002279">פקודת הנזיקין [נוסח חדש]</ref>.</p>
                    </content>
                  </point>
                </list>
              </point>
              <point eId="point_25__point_ב">
                <num>(ב)</num>
                <content>
                  <p>
                    <ref href="/akn/il/act/PrimaryOrSecondaryLegislation/UnknownWorkDate/חוק_שירות_המדינה_משמעת">חוק שירות המדינה (משמעת), התשכ"ג–1963</ref>, יחול על עובדי הרשות כאילו היו עובדי המדינה; לענין זה יבוא שר החקלאות במקומו של השר בכל מקום שמדובר <ref href="/akn/il/act/PrimaryOrSecondaryLegislation/UnknownWorkDate/חוק_שירות_המדינה_משמעת">בחוק האמור</ref> בשר, ומנהל הרשות יבוא במקום המנהל הכללי בכל מקום שמדובר בו <ref href="/akn/il/act/PrimaryOrSecondaryLegislation/UnknownWorkDate/חוק_שירות_המדינה_משמעת">בחוק האמור</ref>.</p>
                </content>
              </point>
            </list>
          </point>
          <point eId="point_26">
            <heading>
              <authorialNote placement="side">
                <p>ביצוע ותקנות</p>
              </authorialNote>
            </heading>
            <num>26.</num>
            <list>
              <point eId="point_26__point_א">
                <num>(א)</num>
                <content>
                  <p>השר ממונה על ביצוע חוק זה והוא רשאי להתקין תקנות לביצועו.</p>
                </content>
              </point>
              <point eId="point_26__point_ב">
                <num>(ב)</num>
                <content>
                  <p>השר רשאי, בצו, לאחר התייעצות עם מועצת הרשות ובאישור ועדת הכלכלה של הכנסת, לשנות את רשימת חיקוקי החקלאות <ref href="#appendix">שבתוספת</ref>.</p>
                </content>
              </point>
            </list>
          </point>
          <point eId="point_27">
            <heading>
              <authorialNote placement="side">
                <p>תחילה</p>
              </authorialNote>
            </heading>
            <num>27.</num>
            <content>
              <p>תחילתו של חוק זה ששים ימים מיום פרסומו.</p>
            </content>
          </point>
        </list>
      </chapter>
      <appendix eId="appendix">
        <num></num>
        <title>
          <content>
            <p>תוספת</p>
          </content>
        </title>
        <subtitle eId="eId">
          <num></num>
          <content>
            <p>
              <wikicomment font-size="x-small">(<ref href="#point_1">סעיף 1</ref>)</wikicomment>
            </p>
          </content>
        </subtitle>
        <list>
          <point eId="appendix__point_none">
            <heading>
              <authorialNote placement="side">
                <p xml:space="preserve"> </p>
              </authorialNote>
            </heading>
            <num></num>
            <content>
              <p>חיקוקי החקלאות:</p>
            </content>
          </point>
          <point eId="appendix__point_1">
            <heading>
              <authorialNote placement="side">
                <p xml:space="preserve"> </p>
              </authorialNote>
            </heading>
            <num>1.</num>
            <content>
              <p>
                <ref href="/akn/il/act/PrimaryLegislation/1956-08-03/147348">חוק הזרעים, התשט"ז–1956</ref>;</p>
            </content>
          </point>
          <point eId="appendix__point_2">
            <heading>
              <authorialNote placement="side">
                <p xml:space="preserve"> </p>
              </authorialNote>
            </heading>
            <num>2.</num>
            <content>
              <p>
                <wikicomment font-size="x-small">(נמחק);</wikicomment>
              </p>
            </content>
          </point>
          <point eId="appendix__point_3">
            <heading>
              <authorialNote placement="side">
                <p xml:space="preserve"> </p>
              </authorialNote>
            </heading>
            <num>3.</num>
            <content>
              <p>
                <ref href="/akn/il/act/PrimaryLegislation/1956-07-27/147249">חוק הגנת הצומח, התשט"ז–1957</ref>;</p>
            </content>
          </point>
          <point eId="appendix__point_4">
            <heading>
              <authorialNote placement="side">
                <p xml:space="preserve"> </p>
              </authorialNote>
            </heading>
            <num>4.</num>
            <content>
              <p>
                <ref href="/akn/il/act/PrimaryOrSecondaryLegislation/UnknownWorkDate/חוק_הפיקוח_על_יצוא_הצמח_ומוצריו">חוק הפיקוח על יצוא הצמח ומוצריו, התשי"ד–1954</ref>;</p>
            </content>
          </point>
          <point eId="appendix__point_5">
            <heading>
              <authorialNote placement="side">
                <p xml:space="preserve"> </p>
              </authorialNote>
            </heading>
            <num>5.</num>
            <content>
              <p>
                <ref href="/akn/il/act/PrimaryLegislation/1933-12-31/2001780">פקודת היערות, 1936</ref>;</p>
            </content>
          </point>
          <point eId="appendix__point_6">
            <heading>
              <authorialNote placement="side">
                <p xml:space="preserve"> </p>
              </authorialNote>
            </heading>
            <num>6.</num>
            <content>
              <p>
                <ref href="/akn/il/act/PrimaryLegislation/1955-01-20/147325">חוק להגנת חיית הבר, התשט"ו–1955</ref>;</p>
            </content>
          </point>
          <point eId="appendix__point_7">
            <heading>
              <authorialNote placement="side">
                <p xml:space="preserve"> </p>
              </authorialNote>
            </heading>
            <num>7.</num>
            <content>
              <p>
                <ref href="/akn/il/act/PrimaryOrSecondaryLegislation/UnknownWorkDate/חוק_גנים_לאומיים_שמורות_טבע_ואתרי_הלאום">חוק גנים לאומיים, שמורות טבע ואתרי הלאום, התשכ"ג–1963</ref>;</p>
            </content>
          </point>
          <point eId="appendix__point_8">
            <heading>
              <authorialNote placement="side">
                <p xml:space="preserve"> </p>
              </authorialNote>
            </heading>
            <num>8.</num>
            <content>
              <p>
                <ref href="/akn/il/act/PrimaryLegislation/1937-02-18/2001757">פקודת הדיג, 1937</ref>;</p>
            </content>
          </point>
          <point eId="appendix__point_9">
            <heading>
              <authorialNote placement="side">
                <p xml:space="preserve"> </p>
              </authorialNote>
            </heading>
            <num>9.</num>
            <content>
              <p>
                <ref href="/akn/il/act/PrimaryOrSecondaryLegislation/UnknownWorkDate/פקודת_הגנת_הדבורים">פקודת הגנת הדבורים [נוסח חדש], התשמ"ג–1983</ref>;</p>
            </content>
          </point>
          <point eId="appendix__point_10">
            <heading>
              <authorialNote placement="side">
                <p xml:space="preserve"> </p>
              </authorialNote>
            </heading>
            <num>10.</num>
            <content>
              <p>
                <ref href="/akn/il/act/PrimaryLegislation/1934-12-20/2001783">פקודת הכלבת, 1934</ref>;</p>
            </content>
          </point>
          <point eId="appendix__point_11">
            <heading>
              <authorialNote placement="side">
                <p xml:space="preserve"> </p>
              </authorialNote>
            </heading>
            <num>11.</num>
            <content>
              <p>
                <ref href="/akn/il/act/PrimaryLegislation/1985-04-08/2002289">פקודת מחלות בעלי חיים [נוסח חדש], התשמ"ה–1985</ref>;</p>
            </content>
          </point>
          <point eId="appendix__point_12">
            <heading>
              <authorialNote placement="side">
                <p xml:space="preserve"> </p>
              </authorialNote>
            </heading>
            <num>12.</num>
            <content>
              <p>
                <ref href="/akn/il/act/PrimaryLegislation/1952-03-06/147473">חוק להשבחת ייצור חקלאי (בעלי חיים), התשי"ב–1952</ref>;</p>
            </content>
          </point>
          <point eId="appendix__point_13">
            <heading>
              <authorialNote placement="side">
                <p xml:space="preserve"> </p>
              </authorialNote>
            </heading>
            <num>13.</num>
            <content>
              <p>
                <ref href="/akn/il/act/PrimaryOrSecondaryLegislation/UnknownWorkDate/חוק_לפיקוח_על_ייצוא_של_בעלי_חיים_ושל_תוצרת_מן_החי">חוק לפיקוח על ייצוא של בעלי חיים ושל תוצרת מן החי, התשי"ז–1957</ref>;</p>
            </content>
          </point>
          <point eId="appendix__point_14">
            <heading>
              <authorialNote placement="side">
                <p xml:space="preserve"> </p>
              </authorialNote>
            </heading>
            <num>14.</num>
            <content>
              <p>
                <ref href="/akn/il/act/PrimaryLegislation/1959-03-13/147566">חוק המועצה לייצור ולשיווק של אגוזי אדמה, התשי"ט–1959</ref>;</p>
            </content>
          </point>
          <point eId="appendix__point_15">
            <heading>
              <authorialNote placement="side">
                <p xml:space="preserve"> </p>
              </authorialNote>
            </heading>
            <num>15.</num>
            <content>
              <p>
                <ref href="/akn/il/act/PrimaryLegislation/1968-08-16/148450">חוק רישוי עסקים, התשכ"ח–1968</ref>, ככל שהוא נוגע לתקנות שהתקין שר החקלאות לפיו;</p>
            </content>
          </point>
          <point eId="appendix__point_16">
            <heading>
              <authorialNote placement="side">
                <p xml:space="preserve"> </p>
              </authorialNote>
            </heading>
            <num>16.</num>
            <content>
              <p>
                <ref href="/akn/il/act/PrimaryLegislation/1958-01-09/148355">חוק הפיקוח על מצרכים ושירותים, התשי"ח–1957</ref>, ככל שהוא נוגע לצוים שהתקין שר החקלאות לפיו;</p>
            </content>
          </point>
          <point eId="appendix__point_17">
            <heading>
              <authorialNote placement="side">
                <p xml:space="preserve"> </p>
              </authorialNote>
            </heading>
            <num>17.</num>
            <content>
              <p>
                <ref href="/akn/il/act/PrimaryOrSecondaryLegislation/UnknownWorkDate/חוק_ההתישבות_החקלאית_סייגים_לשימוש_בקרקע_חקלאית_ובמים">חוק ההתישבות החקלאית (סייגים לשימוש בקרקע חקלאית ובמים), התשכ"ז–1967</ref>;</p>
            </content>
          </point>
          <point eId="appendix__point_18">
            <heading>
              <authorialNote placement="side">
                <p xml:space="preserve"> </p>
              </authorialNote>
            </heading>
            <num>18.</num>
            <content>
              <p>
                <ref href="/akn/il/act/PrimaryOrSecondaryLegislation/UnknownWorkDate/חוק_תכנון_משק_החלב_בישראל">חוק תכנון משק החלב בישראל, התשנ"ב–1992</ref>.</p>
            </content>
          </point>
        </list>
      </appendix>
    </body>
    <conclusions eId="eId">
      <p class="signatures">
        <signature>
          <p>
            <person refersTo="יצחק_שמיר">יצחק שמיר</person>
            <role refersTo="ראש_הממשלה">ראש הממשלה</role>
          </p>
        </signature>
        <signature>
          <p>
            <person refersTo="אריה_נחמקין">אריה נחמקין</person>
            <role refersTo="שר_החקלאות">שר החקלאות</role>
          </p>
        </signature>
        <signature>
          <p>
            <person refersTo="חיים_הרצוג">חיים הרצוג</person>
            <role refersTo="נשיא_המדינה">נשיא המדינה</role>
          </p>
        </signature>
      </p>
    </conclusions>
  </act>
</akomaNtoso>