﻿<?xml version="1.0" encoding="utf-8"?>
<akomaNtoso xmlns="http://docs.oasis-open.org/legaldocml/ns/akn/3.0">
  <act contains="originalVersion" name="publicLaw">
    <meta>
      <identification source="#kensset">
        <FRBRWork>
          <FRBRthis value="/akn/il/act/PrimaryLegislation/1953-09-04/148579/main" />
          <FRBRuri value="/akn/il/act/PrimaryLegislation/1953-09-04/148579" />
          <FRBRdate date="1953-09-04" name="Generation" />
          <FRBRauthor href="#knesset" as="#author" />
          <FRBRcountry value="israel" />
        </FRBRWork>
        <FRBRExpression>
          <FRBRthis value="/akn/il/act/PrimaryLegislation/1953-09-04/148579/he@/main" />
          <FRBRuri value="/akn/il/act/PrimaryLegislation/1953-09-04/148579/he@" />
          <FRBRdate date="1953-09-04" name="Generation" />
          <FRBRauthor href="#knesset" as="#author" />
          <FRBRlanguage language="hebrew" />
        </FRBRExpression>
        <FRBRManifestation>
          <FRBRthis value="/akn/il/act/PrimaryLegislation/1953-09-04/148579/he@/main.xml" />
          <FRBRuri value="/akn/il/act/PrimaryLegislation/1953-09-04/148579/he@" />
          <FRBRdate date="1953-09-04" name="Generation" />
          <FRBRauthor href="#knesset" as="#author" />
          <FRBRformat value="xml" />
        </FRBRManifestation>
      </identification>
      <classification source="#kensset">
        <keyword value="{classificationValue}" showAs="{classificationValue}" dictionary="#classification_dictionary" />
      </classification>
      <lifecycle source="#kensset">
        <eventRef eId="eventRef_1" date="1953-09-04" source="#kensset" type="generation" />
      </lifecycle>
      <references source="#kensset">
        <TLCOrganization eId="kensset" href="/ontology/organization/akn/knesset" showAs="Kensset" type="generation" />
        <TLCRole eId="author" href="/ontology/role/akn/author" showAs="Author of Document" />
        <TLCProcess eId="inforce" href="/ontology/process/akn/inforce" showAs="In force" />
        <TLCTerm eId="term_1" href="/ontology/term/בת_שירות/148579" showAs="בת_שירות" />
        <TLCTerm eId="term_2" href="/ontology/term/שירות_לאומי/148579" showAs="שירות_לאומי" />
        <TLCTerm eId="term_3" href="/ontology/term/השר/148579" showAs="השר" />
        <TLCPerson eId="משה_שרת" href="/ontology/person/משה_שרת" showAs="משה שרת" />
        <TLCPerson eId="גולדה_מאירסון" href="/ontology/person/גולדה_מאירסון" showAs="גולדה מאירסון" />
        <TLCPerson eId="יצחק_בן־צבי" href="/ontology/person/יצחק_בן־צבי" showAs="יצחק בן־צבי" />
        <TLCRole eId="שר_החוץ_|_ממלא_מקום_ראש_הממשלה" href="ontology/role/akn/שר_החוץ_|_ממלא_מקום_ראש_הממשלה" showAs="שר החוץ | ממלא מקום ראש הממשלה" />
        <TLCRole eId="שרת_העבודה" href="ontology/role/akn/שרת_העבודה" showAs="שרת העבודה" />
        <TLCRole eId="נשיא_המדינה" href="ontology/role/akn/נשיא_המדינה" showAs="נשיא המדינה" />
      </references>
      <temporalData source="#kensset">
        <temporalGroup eId="tmpg_1" />
      </temporalData>
      <Publication></Publication>
    </meta>
    <body period="#tmpg_1">
      <title eId="title">
        <content>
          <p>חוק שירות לאומי, תשי"ג–1953</p>
        </content>
      </title>
      <preamble eId="eId">
        <p>
          <span style="font-weight: bold" xmlns="">לפי <ref href="/akn/il/act/PrimaryLegislation/2017-04-05/568470#point_89" xmlns="http://docs.oasis-open.org/legaldocml/ns/akn/3.0">סעיף 89 לחוק שירות אזרחי, התשע"ז–2017</ref>, חוק זה בטל ביום 1.4.2018.</span>
        </p>
      </preamble>
      <list>
        <point eId="point_1" class="definitions">
          <heading>
            <authorialNote placement="side">
              <p>פירושים</p>
            </authorialNote>
          </heading>
          <num>1.</num>
          <list>
            <intro>
              <p>בחוק זה –</p>
            </intro>
            <point eId="point_1__point_בת_שירות">
              <content>
                <p>
                  <def />”בת שירות“ פירושו – אשה שפוטרה מחובת שירות בטחון לפי <ref href="/akn/il/act/PrimaryLegislation/1986-01-30/2002309#point_11">סעיף 11(ד) לחוק שירות בטחון, תש"ט–1949</ref>, והיא באחד הגילים מ־18 עד 26 ועד בכלל;</p>
              </content>
            </point>
            <point eId="point_1__point_שירות_לאומי">
              <list>
                <intro>
                  <p>
                    <def />”שירות לאומי“ פירושו – אחד מאלה:</p>
                </intro>
                <point eId="point_1__point_שירות_לאומי__point_1">
                  <num>(1)</num>
                  <content>
                    <p>שירות בעבודה חקלאית או בהכשרה חקלאית, אם בישוב חקלאי דתי או במוסד חקלאי דתי;</p>
                  </content>
                </point>
                <point eId="point_1__point_שירות_לאומי__point_2">
                  <num>(2)</num>
                  <content>
                    <p>שירות עבודה למען צבא־הגנה לישראל, או שירות עבודה אחר למען בטחון המדינה;</p>
                  </content>
                </point>
                <point eId="point_1__point_שירות_לאומי__point_3">
                  <num>(3)</num>
                  <content>
                    <p>שירות במחנה עולים, במעברה או במוסד לחינוך, לסעד או לטיפול רפואי;</p>
                  </content>
                </point>
                <point eId="point_1__point_שירות_לאומי__point_4">
                  <num>(4)</num>
                  <content>
                    <p>שירות עבודה במוסד אחר של המדינה שנקבע על ידי השר כמוסד לצורך חוק זה;</p>
                  </content>
                </point>
              </list>
            </point>
            <point eId="point_1__point_השר">
              <content>
                <p>
                  <def />”השר“ פירושו – חבר הממשלה שהממשלה העניקה לו את הסמכות לביצוע חוק זה.</p>
              </content>
            </point>
          </list>
        </point>
        <point eId="point_2">
          <heading>
            <authorialNote placement="side">
              <p>שירות לאומי</p>
            </authorialNote>
          </heading>
          <num>2.</num>
          <content>
            <p>בת שירות חייבת בשירות לאומי של 24 חדשים.</p>
          </content>
        </point>
        <point eId="point_3">
          <heading>
            <authorialNote placement="side">
              <p>מפקחים</p>
            </authorialNote>
          </heading>
          <num>3.</num>
          <content>
            <p>השר ימנה מפקחים לצורך חוק זה. המינוי יכול להיות כללי או מסוייג, והודעה עליו תפורסם ברשומות.</p>
          </content>
        </point>
        <point eId="point_4">
          <heading>
            <authorialNote placement="side">
              <p>השירות ותנאיו</p>
            </authorialNote>
          </heading>
          <num>4.</num>
          <list>
            <point eId="point_4__point_א">
              <num>(א)</num>
              <content>
                <p>טיב השירות הלאומי, תנאיו, מקומו וזמנו ייקבעו על ידי מפקח בצו.</p>
              </content>
            </point>
            <point eId="point_4__point_ב">
              <num>(ב)</num>
              <content>
                <p>את סוג השירות במסגרת השירות הלאומי, יקבע המפקח בשים לב לבחירתה של בת השירות.</p>
              </content>
            </point>
          </list>
        </point>
        <point eId="point_5">
          <heading>
            <authorialNote placement="side">
              <p>צווי משמעת</p>
            </authorialNote>
          </heading>
          <num>5.</num>
          <content>
            <p>צו המסדיר עניני משמעת לא יינתן, אלא על ידי מפקח שמינויו כללי.</p>
          </content>
        </point>
        <point eId="point_6">
          <heading>
            <authorialNote placement="side">
              <p>כושר לשירות לאומי</p>
            </authorialNote>
          </heading>
          <num>6.</num>
          <content>
            <p>לא יתן מפקח צו לפי <ref href="#point_4">סעיף 4</ref>, אלא לגבי בת שירות שנמצאת כשרה מבחינה רפואית לשירות לאומי. הוראות <ref href="/akn/il/act/PrimaryLegislation/1986-01-30/2002309">חוק שירות בטחון, תש"ט–1949</ref>, בדבר קביעת הכושר לשירות בטחון יחולו, בתיאומים שייקבעו בתקנות, על קביעת הכושר לשירות לאומי.</p>
          </content>
        </point>
        <point eId="point_7">
          <heading>
            <authorialNote placement="side">
              <p>חישוב גילים</p>
            </authorialNote>
          </heading>
          <num>7.</num>
          <content>
            <p>חישוב הגילים לצורך חוק זה ייעשה לפי הוראות <ref href="/akn/il/act/PrimaryLegislation/1986-01-30/2002309">חוק שירות בטחון, תש"ט–1949</ref>, בדבר חישוב הגילים.</p>
          </content>
        </point>
        <point eId="point_8">
          <heading>
            <authorialNote placement="side">
              <p>אורח חיים דתי</p>
            </authorialNote>
          </heading>
          <num>8.</num>
          <content>
            <p>בת שירות שפוטרה משירות בטחון מטעמים שבדת, תובטח לה בשעת שירותה הלאומי האפשרות לשמור על אורח חיים דתי, לפי כללים שייקבעו בתקנות.</p>
          </content>
        </point>
        <point eId="point_9">
          <heading>
            <authorialNote placement="side">
              <p>חובה למלא תפקיד</p>
            </authorialNote>
          </heading>
          <num>9.</num>
          <content>
            <p>בת שירות חייבת למלא בשירות לאומי כל תפקיד שהוטל עליה כדין, ולציית לכל הוראה חוקית שניתנה על ידי הממונה עליה בשעת שירותה.</p>
          </content>
        </point>
        <point eId="point_10">
          <heading>
            <authorialNote placement="side">
              <p>פיצויים על פגיעה בעבודה</p>
            </authorialNote>
          </heading>
          <num>10.</num>
          <content>
            <p>לענין <ref href="/akn/il/act/PrimaryOrSecondaryLegislation/UnknownWorkDate/פקודת_הפיצויים_לעובדים">פקודת הפיצויים לעובדים, 1947</ref>, ולענין כל חוק הקובע ביטוח חובה בפני פגיעה בעבודה, דין בת שירות בשירות לאומי כדין עובדת; ודין מי שאצלו היא עובדת כדין מעבידה.</p>
          </content>
        </point>
        <point eId="point_11">
          <heading>
            <authorialNote placement="side">
              <p>חובות המעסיקים</p>
            </authorialNote>
          </heading>
          <num>11.</num>
          <content>
            <p>החובות של מי שעובדת אצלו בת שירות, בקשר לשירותה הלאומי, ייקבעו על ידי מפקח בצו.</p>
          </content>
        </point>
        <point eId="point_12">
          <heading>
            <authorialNote placement="side">
              <p>פטור</p>
            </authorialNote>
          </heading>
          <num>12.</num>
          <content>
            <p>אשה נשואה פטורה מחובת שירות לאומי.</p>
          </content>
        </point>
        <point eId="point_none">
          <content>
            <p>בסעיף זה ”אשה נשואה“ לרבות אם לילד, אשה הרה ואשה שנישאה בתקופת שירותה הלאומי.</p>
          </content>
        </point>
        <point eId="point_13">
          <heading>
            <authorialNote placement="side">
              <p>שחרור על־ידי ועדות</p>
            </authorialNote>
          </heading>
          <num>13.</num>
          <content>
            <p>השר ימנה ועדות לשירות לאומי כלליות או מיוחדות, שיהיו רשאיות לשחרר מחובת שירות לאומי, או לדחות את השירות, מטעמי משפחה, חינוך, משק או אורח חיים משפחתי מיוחד. הגשת בקשה לועדה לא תדחה את חובת השירות, אלא אם הועדה תצווה כך.</p>
          </content>
        </point>
        <point eId="point_14">
          <heading>
            <authorialNote placement="side">
              <p>שחרור על ידי השר</p>
            </authorialNote>
          </heading>
          <num>14.</num>
          <content>
            <p>השר רשאי לשחרר מחובת שירות לאומי מאחד הטעמים המנויים <ref href="#point_13">בסעיף 13</ref>, אם ביזמתו ואם על פי ערר על החלטת ועדה לשירות לאומי.</p>
          </content>
        </point>
        <point eId="point_15">
          <heading>
            <authorialNote placement="side">
              <p>צווים – הוראות כלליות</p>
            </authorialNote>
          </heading>
          <num>15.</num>
          <content>
            <p>צו לפי חוק זה יכול להיות אישי או לסוג מסויים של בני אדם ואין חובה לפרסמו ברשומות. הצו מחייב את האדם שעליו הוא חל מן הזמן שהגיע לידיעתו.</p>
          </content>
        </point>
        <point eId="point_16">
          <heading>
            <authorialNote placement="side">
              <p>צו שנשלח בדואר</p>
            </authorialNote>
          </heading>
          <num>16.</num>
          <content>
            <p>צו שנשלח בדואר רשום לפי כתובת מגוריו הקבוע של האדם שעליו הוא חל, רואים אותו כאילו הגיע לידיעת אותו אדם בתום 72 שעות מזמן שנמסר לדואר למשלוח.</p>
          </content>
        </point>
        <point eId="point_17">
          <heading>
            <authorialNote placement="side">
              <p>עבירות</p>
            </authorialNote>
          </heading>
          <num>17.</num>
          <list>
            <intro>
              <p>מי שעשה אחד מאלה:</p>
            </intro>
            <point eId="point_17__point_1">
              <num>(1)</num>
              <content>
                <p>לא מילא חובה המוטלת עליו לפי חוק זה;</p>
              </content>
            </point>
            <point eId="point_17__point_2">
              <num>(2)</num>
              <content>
                <p>סירב לציית להוראה שניתנה לו כדין או התרשל במילויה,</p>
              </content>
            </point>
            <wrapup eId="point_17__wrapup_none">
              <content>
                <p>דינו – מאסר שבה או קנס אלף לירות או שיי הענשים כאחד, ואם לא מילא חובה המוטלת עליו לפי חוק זה בכוונה להשתמט משירות לאומי, דינו – מאסר שלוש שנים.</p>
              </content>
            </wrapup>
          </list>
        </point>
        <point eId="point_18">
          <heading>
            <authorialNote placement="side">
              <p>תוקף צווים</p>
            </authorialNote>
          </heading>
          <num>18.</num>
          <content>
            <p>ניתן צו לפי חוק זה המטיל על בת שירות חובה שיש למלא בזמן שנקבע בצו, והיא לא מילאה את החובה באותו זמן, יעמוד הצו בתקפו לגביה עד שהיא תמלא את החובה; הוראת סעיף זה אינה גורעת מאחריותה הפלילית של בת שירות על אי מילוי חובה בזמן שנקבע בצו, וחיובה בדין על אי מילוי חובה המוטלת עליה אינה פוטרת אותה מאותה חובה.</p>
          </content>
        </point>
        <point eId="point_19">
          <heading>
            <authorialNote placement="side">
              <p>תקנות</p>
            </authorialNote>
          </heading>
          <num>19.</num>
          <content>
            <p>השר רשאי להתקין תקנות בכל ענין הנוגע לביצוע חוק זה.</p>
          </content>
        </point>
        <point eId="point_20">
          <heading>
            <authorialNote placement="side">
              <p>תחולה</p>
            </authorialNote>
          </heading>
          <num>20.</num>
          <content>
            <p>חוק זה אינו חל על בת שירות שפוטרה מחובת שירות בטחון, בין לפני תחילת תקפו של חוק זה ובין לאחר מכן, ובלבד שפוטרה על פי בקשה שהוגשה לועדת פטור לפני יום א׳ באב תשי"ג (13 ביולי 1953).</p>
          </content>
        </point>
        <point eId="point_21">
          <heading>
            <authorialNote placement="side">
              <p>תחילת ביצוע</p>
            </authorialNote>
          </heading>
          <num>21.</num>
          <content>
            <p>ביצועו של חוק זה לא יחל אלא לאחר שהממשלה תחליט על כך.</p>
          </content>
        </point>
      </list>
    </body>
    <conclusions eId="eId">
      <p class="signatures">
        <signature>
          <p>
            <person refersTo="משה_שרת">משה שרת</person>
            <role refersTo="שר_החוץ_|_ממלא_מקום_ראש_הממשלה">שר החוץ | ממלא מקום ראש הממשלה</role>
          </p>
        </signature>
        <signature>
          <p>
            <person refersTo="גולדה_מאירסון">גולדה מאירסון</person>
            <role refersTo="שרת_העבודה">שרת העבודה</role>
          </p>
        </signature>
        <signature>
          <p>
            <person refersTo="יצחק_בן־צבי">יצחק בן־צבי</person>
            <role refersTo="נשיא_המדינה">נשיא המדינה</role>
          </p>
        </signature>
      </p>
    </conclusions>
  </act>
</akomaNtoso>