﻿<?xml version="1.0" encoding="utf-8"?>
<akomaNtoso xmlns="http://docs.oasis-open.org/legaldocml/ns/akn/3.0">
  <act contains="originalVersion" name="publicLaw">
    <meta>
      <identification source="#kensset">
        <FRBRWork>
          <FRBRthis value="/akn/il/act/PrimaryLegislation/1988-07-27/151588/main" />
          <FRBRuri value="/akn/il/act/PrimaryLegislation/1988-07-27/151588" />
          <FRBRdate date="1988-07-27" name="Generation" />
          <FRBRauthor href="#knesset" as="#author" />
          <FRBRcountry value="israel" />
        </FRBRWork>
        <FRBRExpression>
          <FRBRthis value="/akn/il/act/PrimaryLegislation/1988-07-27/151588/he@/main" />
          <FRBRuri value="/akn/il/act/PrimaryLegislation/1988-07-27/151588/he@" />
          <FRBRdate date="1988-07-27" name="Generation" />
          <FRBRauthor href="#knesset" as="#author" />
          <FRBRlanguage language="hebrew" />
        </FRBRExpression>
        <FRBRManifestation>
          <FRBRthis value="/akn/il/act/PrimaryLegislation/1988-07-27/151588/he@/main.xml" />
          <FRBRuri value="/akn/il/act/PrimaryLegislation/1988-07-27/151588/he@" />
          <FRBRdate date="1988-07-27" name="Generation" />
          <FRBRauthor href="#knesset" as="#author" />
          <FRBRformat value="xml" />
        </FRBRManifestation>
      </identification>
      <classification source="#kensset">
        <keyword value="{classificationValue}" showAs="{classificationValue}" dictionary="#classification_dictionary" />
      </classification>
      <lifecycle source="#kensset">
        <eventRef eId="eventRef_1" date="1988-07-27" source="#kensset" type="generation" />
      </lifecycle>
      <references source="#kensset">
        <TLCOrganization eId="kensset" href="/ontology/organization/akn/knesset" showAs="Kensset" type="generation" />
        <TLCRole eId="author" href="/ontology/role/akn/author" showAs="Author of Document" />
        <TLCProcess eId="inforce" href="/ontology/process/akn/inforce" showAs="In force" />
        <TLCTerm eId="term_1" href="/ontology/term/מועצה_אזורית/151588" showAs="מועצה_אזורית" />
        <TLCTerm eId="term_2" href="/ontology/term/ראש_מועצה/151588" showAs="ראש_מועצה" />
        <TLCTerm eId="term_3" href="/ontology/term/השר/151588" showAs="השר" />
        <TLCPerson eId="יצחק_שמיר" href="/ontology/person/יצחק_שמיר" showAs="יצחק שמיר" />
        <TLCPerson eId="יצחק_שמיר" href="/ontology/person/יצחק_שמיר" showAs="יצחק שמיר" />
        <TLCPerson eId="חיים_הרצוג" href="/ontology/person/חיים_הרצוג" showAs="חיים הרצוג" />
        <TLCRole eId="ראש_הממשלה" href="ontology/role/akn/ראש_הממשלה" showAs="ראש הממשלה" />
        <TLCRole eId="ראש_הממשלה_ושר_הפנים" href="ontology/role/akn/ראש_הממשלה_ושר_הפנים" showAs="ראש הממשלה ושר הפנים" />
        <TLCRole eId="נשיא_המדינה" href="ontology/role/akn/נשיא_המדינה" showAs="נשיא המדינה" />
      </references>
      <temporalData source="#kensset">
        <temporalGroup eId="tmpg_1" />
      </temporalData>
      <Publication></Publication>
    </meta>
    <body period="#tmpg_1">
      <title eId="title">
        <content>
          <p>חוק המועצות האזוריות (בחירת ראש המועצה), התשמ"ח–1988</p>
        </content>
      </title>
      <list>
        <point eId="point_1">
          <heading>
            <authorialNote placement="side">
              <p>הגדרות</p>
            </authorialNote>
          </heading>
          <num>1.</num>
          <list>
            <point eId="point_1__point_א">
              <num>(א)</num>
              <list>
                <intro>
                  <p>בחוק זה –</p>
                </intro>
                <point eId="point_1__point_א__point_מועצה_אזורית">
                  <content>
                    <p>
                      <def />”מועצה אזורית“ – מועצה מקומית שהוקמה על פי <ref href="/akn/il/act/PrimaryLegislation/1941-12-18/2001788#point_1">סעיף 1 לפקודת המועצות המקומיות [נוסח חדש]</ref>, ואשר כוננה כמועצה אזורית;</p>
                  </content>
                </point>
                <point eId="point_1__point_א__point_ראש_מועצה">
                  <content>
                    <p>
                      <def />”ראש מועצה“ – ראש מועצה אזורית;</p>
                  </content>
                </point>
                <point eId="point_1__point_א__point_השר">
                  <content>
                    <p>
                      <def />”השר“ – שר הפנים.</p>
                  </content>
                </point>
              </list>
            </point>
            <point eId="point_1__point_ב">
              <num>(ב)</num>
              <content>
                <p>לשאר המונחים בחוק זה תהא המשמעות שיש להם <ref href="/akn/il/act/PrimaryLegislation/1965-07-30/148505">בחוק הרשויות המקומיות (בחירות), התשכ"ה–1965</ref>, <ref href="/akn/il/act/PrimaryLegislation/1975-08-07/174532">ובחוק הרשויות המקומיות (בחירת ראש הרשות וסגניו וכהונתם), התשל"ה–1975</ref>.</p>
              </content>
            </point>
          </list>
        </point>
        <point eId="point_2">
          <heading>
            <authorialNote placement="side">
              <p>שיטת הבחירות</p>
            </authorialNote>
          </heading>
          <num>2.</num>
          <content>
            <p>ראש המועצה ייבחר בבחירות אישיות, ישירות, שוות וחשאיות.</p>
          </content>
        </point>
        <point eId="point_3">
          <heading>
            <authorialNote placement="side">
              <p>מועד הבחירות</p>
            </authorialNote>
          </heading>
          <num>3.</num>
          <content>
            <p>הבחירות לראשות המועצה יתקיימו במועד עריכתן של הבחירות למועצה.</p>
          </content>
        </point>
        <point eId="point_4">
          <heading>
            <authorialNote placement="side">
              <p>הזכות לבחור ולהיבחר</p>
            </authorialNote>
          </heading>
          <num>4.</num>
          <list>
            <point eId="point_4__point_א">
              <num>(א)</num>
              <content>
                <p>מי שרשאי לבחור למועצה רשאי לבחור לראשות המועצה.</p>
              </content>
            </point>
            <point eId="point_4__point_ב">
              <num>(ב)</num>
              <content>
                <p>זכאי להיבחר לראשות המועצה אזרח ישראלי הזכאי להיבחר לחבר המועצה.</p>
              </content>
            </point>
            <point eId="point_4__point_ג">
              <num>(ג)</num>
              <content>
                <p>על אף האמור בסעיף קטן (ב), מי שכיהן כראש מועצה וכהונתו פקעה לפי <ref href="#point_6ב">סעיף 6ב(ה)</ref>, בשל הרשעה בעבירה שעבר במהלך כהונתו כראש מועצה או הקשורה להיבחרו כראש מועצה, לא יהיה זכאי להיבחר כראש מועצה בבחירות שייערכו במועצה לראשונה לאחר פקיעת כהונתו.</p>
              </content>
            </point>
          </list>
        </point>
        <point eId="point_5">
          <heading>
            <authorialNote placement="side">
              <p>הצעת מועמד</p>
            </authorialNote>
          </heading>
          <num>5.</num>
          <content>
            <p>כל קבוצת בוחרים המונה 500 אנשים או שלושה אחוזים ממספר הבוחרים, הכל לפי המספר הקטן יותר, רשאית להציע כמועמד לראש הרשות אדם הזכאי להיבחר ראש המועצה לפי <ref href="#point_4">סעיף 4(ב)</ref>, וכן רשאי מי שמכהן כראש המועצה להציע את עצמו כמועמד לכהונה נוספת.</p>
          </content>
        </point>
        <point eId="point_5א">
          <heading>
            <authorialNote placement="side">
              <p>עירבון</p>
            </authorialNote>
          </heading>
          <num>5א.</num>
          <content>
            <p>הוראות <ref href="/akn/il/act/PrimaryLegislation/1975-08-07/174532#point_8">סעיף 8 לחוק הרשויות המקומיות (בחירת ראש הרשות וסגניו וכהונתם), התשל"ה–1975</ref>, יחולו, בשינויים המחויבים, על הגשת הצעת מועמד לראשות המועצה.</p>
          </content>
        </point>
        <point eId="point_5ב">
          <heading>
            <authorialNote placement="side">
              <p>מסירת מידע מפנקס הבוחרים למתמודדים לראשות המועצה</p>
            </authorialNote>
          </heading>
          <num>5ב.</num>
          <list>
            <point eId="point_5ב__point_א">
              <num>(א)</num>
              <list>
                <intro>
                  <p>השר ימסור, באמצעי אלקטרוני או מגנטי, מידע כאמור <ref href="/akn/il/act/PrimaryLegislation/1965-07-30/148505#point_16">בסעיף 16(ב) לחוק הרשויות המקומיות (בחירות), התשכ"ה–1965</ref> (בסעיף זה – חוק הבחירות), בהתאם למפורט להלן, לפי העניין:</p>
                </intro>
                <point eId="point_5ב__point_א__point_1">
                  <num>(1)</num>
                  <list>
                    <intro>
                      <p>מידע כאמור <ref href="/akn/il/act/PrimaryLegislation/1965-07-30/148505#point_16">בסעיף 16(ב)(1) לחוק הבחירות</ref> – לכל אחד מאלה:</p>
                    </intro>
                    <point eId="point_5ב__point_א__point_1__point_א">
                      <num>(א)</num>
                      <content>
                        <p>מי שהודיע בכתב לשר כי בכוונתו להציע מועמד לראש המועצה לפי <ref href="#point_5">סעיף 5</ref>, וצירף 50 חתימות של אנשים הזכאים להצביע בבחירות באותה מועצה אזורית המאשרים כי בדעתם להיות בין מגישי הצעת המועמד כאמור;</p>
                      </content>
                    </point>
                    <point eId="point_5ב__point_א__point_1__point_ב">
                      <num>(ב)</num>
                      <content>
                        <p>ראש מועצה שהודיע בכתב לשר כי בכוונתו להציע את עצמו כמועמד לכהונה נוספת, לפי <ref href="#point_5">סעיף 5</ref>;</p>
                      </content>
                    </point>
                  </list>
                </point>
                <point eId="point_5ב__point_א__point_2">
                  <num>(2)</num>
                  <content>
                    <p>מידע כאמור <ref href="/akn/il/act/PrimaryLegislation/1965-07-30/148505#point_16">בסעיף 16(ב)(2) לחוק הבחירות</ref> – לבא כוח של מי שהגיש הצעת מועמד לראש המועצה לפי <ref href="#point_5">סעיף 5</ref>, כמשמעותו לפי <ref href="/akn/il/act/PrimaryLegislation/1941-12-18/2001788">פקודת המועצות המקומיות</ref>.</p>
                  </content>
                </point>
              </list>
            </point>
            <point eId="point_5ב__point_ב">
              <num>(ב)</num>
              <content>
                <p>ההוראות לפי <ref href="/akn/il/act/PrimaryLegislation/1965-07-30/148505#point_16">סעיף 16 לחוק הבחירות</ref> יחולו, בשינויים המחויבים, לעניין מסירת מידע לפי סעיף קטן (א); ואולם ההתחייבות לפי <ref href="/akn/il/act/PrimaryLegislation/1965-07-30/148505#point_16">פסקה (2) של סעיף 16(ג)</ref> תיחתם בידי מבקש המידע וכן בידי האחראי מטעמו לטיפול במידע.</p>
              </content>
            </point>
            <point eId="point_5ב__point_ג">
              <num>(ג)</num>
              <content>
                <p>העבירה לפי <ref href="/akn/il/act/PrimaryLegislation/1965-07-30/148505#point_85ב">סעיף 85ב לחוק הבחירות</ref> תחול לעניין שימוש במידע פנקס שנמסר לפי הוראות סעיף זה או מסירת מידע ממידע פנקס כאמור.</p>
              </content>
            </point>
          </list>
        </point>
        <point eId="point_6">
          <heading>
            <authorialNote placement="side">
              <p>ראש רשות שאינו חבר המועצה</p>
            </authorialNote>
          </heading>
          <num>6.</num>
          <content>
            <p>נבחר לראש המועצה מי שאינו חבר המועצה, יהיה חבר המועצה לכל דבר וענין ויווסף למניין החברים שנקבע לאותה מועצה כל עוד הוא מכהן כראש המועצה.</p>
          </content>
        </point>
        <point eId="point_6א">
          <heading>
            <authorialNote placement="side">
              <p>התפטרות</p>
            </authorialNote>
          </heading>
          <num>6א.</num>
          <list>
            <point eId="point_6א__point_א">
              <num>(א)</num>
              <content>
                <p>ראש המועצה רשאי, בהודעה בכתב לשר, להתפטר מכהונתו; כהונתו תיפסק כעבור 48 שעות לאחר שכתב ההתפטרות הגיע לידי השר, זולת אם ראש המועצה חזר בו מהתפטרותו לפני כן.</p>
              </content>
            </point>
            <point eId="point_6א__point_ב">
              <num>(ב)</num>
              <content>
                <p>ראש המועצה ישלח העתק מכתב ההתפטרות לחברי המועצה.</p>
              </content>
            </point>
          </list>
        </point>
        <point eId="point_6א1">
          <heading>
            <authorialNote placement="side">
              <p>השעיה בשל כתב אישום</p>
            </authorialNote>
          </heading>
          <num>6א1.</num>
          <content>
            <p>הוראות <ref href="/akn/il/act/PrimaryLegislation/1975-08-07/174532#point_19א">סעיף 19א לחוק הרשויות המקומיות (בחירת ראש הרשות וסגניו וכהונתם), התשל"ה–1975</ref>, יחולו, בשינויים המחויבים, לעניין ראש מועצה שהוגש נגדו כתב אישום במהלך כהונתו או שתלוי ועומד נגדו כתב אישום שהוגש לפני תחילת כהונתו.</p>
          </content>
        </point>
        <point eId="point_6ב">
          <heading>
            <authorialNote placement="side">
              <p>פקיעת כהונה והשעיה מחמת קלון</p>
            </authorialNote>
          </heading>
          <num>6ב.</num>
          <list>
            <point eId="point_6ב__point_א">
              <num>(א)</num>
              <content>
                <p>גזר בית המשפט את דינו של ראש המועצה בשל עבירה פלילית, בין אם העבירה נעברה או ההרשעה היתה בזמן שכיהן כראש המועצה ובין אם לפני שהחל לכהן כראש המועצה, יקבע בית המשפט בגזר הדין אם יש בעבירה שעבר משום קלון; החלטת בית המשפט לענין הקלון ניתנת לערעור כאילו היתה חלק מגזר הדין.</p>
              </content>
            </point>
            <point eId="point_6ב__point_ב">
              <num>(ב)</num>
              <content>
                <p>לא קבע בית המשפט כאמור בסעיף קטן (א) או שראש המועצה החל לכהן בין מועד מתן גזר הדין לבין המועד שבו פסק הדין נהיה סופי, רשאי היועץ המשפטי לממשלה או נציגו, כל עוד פסק הדין לא נהיה סופי, לפנות לבית המשפט ולבקשו לקבוע אם יש בעבירה משום קלון; הבקשה תוגש לבית המשפט שנתן את גזר הדין ואם הוגש ערעור, לבית המשפט שלערעור.</p>
              </content>
            </point>
            <point eId="point_6ב__point_ג">
              <num>(ג)</num>
              <content>
                <p>מזכירות בית המשפט תמציא עותק מפסק הדין או מהחלטת בית המשפט, לפי הענין, למזכיר המועצה האזורית ולשר הפנים.</p>
              </content>
            </point>
            <point eId="point_6ב__point_ד">
              <num>(ד)</num>
              <content>
                <p>קבע בית המשפט לפי סעיף זה כי יש עם העבירה שבה הורשע ראש המועצה משום קלון, יושעה ראש המועצה מכהונתו עד למתן פסק דין סופי בענינו.</p>
              </content>
            </point>
            <point eId="point_6ב__point_ה">
              <num>(ה)</num>
              <content>
                <p>כהונתו של ראש המועצה תפקע מיום שפסק הדין, הקובע כי יש עם העבירה שבה הורשע משום קלון, נהיה סופי.</p>
              </content>
            </point>
            <point eId="point_6ב__point_ו">
              <num>(ו)</num>
              <list>
                <point eId="point_6ב__point_ו__point_1">
                  <num>(1)</num>
                  <content>
                    <p>ראש המועצה שנידון למאסר כאמור <ref href="/akn/il/act/PrimaryLegislation/1965-07-30/148505#point_7">בסעיף 7 לחוק הרשויות המקומיות (בחירות), התשכ"ה–1965</ref> ולא הצהיר אמת, או לא הגיש הודעה או בקשה לפי הוראות <ref href="/akn/il/act/PrimaryLegislation/1965-07-30/148505#point_7א">סעיף 7א לחוק האמור</ref>, תפקע כהונתו ויחדל לכהן כראש המועצה.</p>
                  </content>
                </point>
                <point eId="point_6ב__point_ו__point_2">
                  <num>(2)</num>
                  <content>
                    <p>הודעה בדבר פקיעת כהונתו כאמור תישלח לראש המועצה על ידי השר והוראות <ref href="/akn/il/act/PrimaryOrSecondaryLegislation/UnknownWorkDate/פקודת_העיריות#point_123א">סעיף 123א(ג) לפקודת העיריות</ref> יחולו, בשינויים המחויבים.</p>
                  </content>
                </point>
                <point eId="point_6ב__point_ו__point_3">
                  <num>(3)</num>
                  <content>
                    <p>הגיש ראש המועצה בקשה לביטול ההודעה לפי <ref href="/akn/il/act/PrimaryOrSecondaryLegislation/UnknownWorkDate/פקודת_העיריות#point_123א">סעיף 123א(ג)(1) לפקודת העיריות</ref>, יושעה מכהונתו עד להחלטת בית המשפט בבקשה.</p>
                  </content>
                </point>
              </list>
            </point>
            <point eId="point_6ב__point_ז">
              <num>(ז)</num>
              <list>
                <point eId="point_6ב__point_ז__point_1">
                  <num>(1)</num>
                  <content>
                    <p>פקעה כהונתו של ראש המועצה לפי סעיף זה יחולו הוראות <ref href="/akn/il/act/SecondaryLegislation/1958-06-04/5314#point_36">סעיפים 36</ref><ref href="/akn/il/act/SecondaryLegislation/1958-06-04/5314#point_37א">ו־37א לצו המועצות המקומיות (מועצות אזוריות), התשי"ח–1958</ref> (להלן – הצו), לענין מילוי מקומו עד הבחירות המיוחדות.</p>
                  </content>
                </point>
                <point eId="point_6ב__point_ז__point_2">
                  <num>(2)</num>
                  <list>
                    <intro>
                      <p>הושעה ראש מועצה לפי סעיפים קטנים (ד) או (ו) יחולו הוראות אלה:</p>
                    </intro>
                    <point eId="point_6ב__point_ז__point_2__point_א">
                      <num>(א)</num>
                      <content>
                        <p>בששת החודשים הראשונים מיום תחילת ההשעיה ימלא את מקום ראש המועצה סגנו לפי הוראות <ref href="/akn/il/act/SecondaryLegislation/1958-06-04/5314#point_36">סעיפים 36</ref><ref href="/akn/il/act/SecondaryLegislation/1958-06-04/5314#point_37א">ו־37א לצו</ref>, ובאין סגן כאמור או שנבצר ממנו לפעול תבחר המועצה ממלא מקום לראש הרשות לפי <ref href="#point_6ח">סעיף 6ח</ref>;</p>
                      </content>
                    </point>
                    <point eId="point_6ב__point_ז__point_2__point_ב">
                      <num>(ב)</num>
                      <content>
                        <p>לא ניתן פסק דין סופי בענינו או לא ניתנה החלטה לפי סעיף קטן (ו)(3), בתוך שישה חודשים מיום תחילת ההשעיה, תבחר המועצה ממלא מקום לראש המועצה לפי <ref href="#point_6ח">סעיף 6ח</ref>.</p>
                      </content>
                    </point>
                  </list>
                </point>
                <point eId="point_6ב__point_ז__point_2א">
                  <num>(2א)</num>
                  <content>
                    <p>על אף הוראות פסקה (2), קדמה להשעיה כאמור באותה פסקה השעיה לפי <ref href="/akn/il/act/PrimaryLegislation/1975-08-07/174532#point_19א">סעיף 19א לחוק הרשויות המקומיות (בחירת ראש הרשות וסגניו וכהונתם), התשל"ה–1975</ref>, כפי שהוא מוחל <ref href="#point_6א1">בסעיף 6א1</ref>, ימשיך לכהן כממלא מקום ראש המועצה מי שמכהן בתפקיד האמור לפי <ref href="/akn/il/act/PrimaryLegislation/1975-08-07/174532#point_19א">סעיף 19א(ט)(1) או (יא)</ref> כפי שהוא מוחל כאמור.</p>
                  </content>
                </point>
                <point eId="point_6ב__point_ז__point_3">
                  <num>(3)</num>
                  <content>
                    <p>זוכה ראש המועצה בערעור או קבע בית המשפט שלערעור כי אין בעבירה שבה הורשע משום קלון יחזור לכהן כראש המועצה.</p>
                  </content>
                </point>
              </list>
            </point>
            <point eId="point_6ב__point_ח">
              <num>(ח)</num>
              <content>
                <p>הוראות סעיף זה יחולו גם על סגן ראש מועצה; ואולם אם הושעה סגן ראש מועצה לפי סעיף זה תבחר המועצה ממלא מקום לסגן לפי <ref href="#point_6ח">סעיף 6ח</ref>.</p>
              </content>
            </point>
          </list>
        </point>
        <point eId="point_6ג">
          <heading>
            <authorialNote placement="side">
              <p>העברה מכהונה מטעמי בריאות</p>
            </authorialNote>
          </heading>
          <num>6ג.</num>
          <list>
            <point eId="point_6ג__point_א">
              <num>(א)</num>
              <content>
                <p>נוכח השר שמטעמי בריאות נבצר מראש מועצה דרך קבע למלא את תפקידו, רשאי הוא להעבירו מכהונתו.</p>
              </content>
            </point>
            <point eId="point_6ג__point_ב">
              <num>(ב)</num>
              <content>
                <p>ראש המועצה רשאי לעתור נגד החלטת השר לפני בית משפט לעניינים מינהליים כמשמעותו <ref href="/akn/il/act/PrimaryOrSecondaryLegislation/UnknownWorkDate/חוק_בתי_משפט_לעניינים_מינהליים">בחוק בתי משפט לעניינים מינהליים, התש"ס–2000</ref> תוך 15 ימים מהיום שנמסרה לו החלטת השר.</p>
              </content>
            </point>
            <point eId="point_6ג__point_ג">
              <num>(ג)</num>
              <content>
                <p>כהונתו של ראש מועצה לא תיפסק אלא כעבור המועד להגשת עתירה לפי סעיף קטן (ב); ואם הוגשה עתירה – עם דחייתה.</p>
              </content>
            </point>
          </list>
        </point>
        <point eId="point_6ד">
          <heading>
            <authorialNote placement="side">
              <p>העברה מכהונה מחמת התנהגות</p>
            </authorialNote>
          </heading>
          <num>6ד.</num>
          <list>
            <point eId="point_6ד__point_א">
              <num>(א)</num>
              <content>
                <p>נוכחה המועצה כי ראש המועצה מתנהג בדרך שאינה הולמת את מעמדו של ראש מועצה וסבורה היא שעל כן אין הוא ראוי לכהונתו, רשאית היא, לאחר שנתנה לו הזדמנות להשמיע דברו, להעבירו מכהונתו.</p>
              </content>
            </point>
            <point eId="point_6ד__point_ב">
              <num>(ב)</num>
              <content>
                <p>ההחלטה להעביר את ראש המועצה מכהונתו תהיה מנומקת ותתקבל בישיבה מיוחדת, סגורה, של המועצה ברוב של שלושה רבעים ממספר חבריה; ההחלטה טעונה אישור השר.</p>
              </content>
            </point>
            <point eId="point_6ד__point_ג">
              <num>(ג)</num>
              <content>
                <p>לא קרא ראש המועצה לישיבה מיוחדת כאמור תוך 14 ימים מהיום שרוב חברי המועצה דרשו ממנו לעשות כן, רשאים רוב חברי המועצה לקרוא לישיבה כאמור והם יקבעו מי ישב בראשה.</p>
              </content>
            </point>
            <point eId="point_6ד__point_ד">
              <num>(ד)</num>
              <content>
                <p>הוגש כתב אישום, לא יחולו הוראות סעיף זה לעניין המעשים המיוחסים לראש המועצה בכתב האישום, ויחולו הוראות <ref href="/akn/il/act/PrimaryLegislation/1975-08-07/174532#point_19א">סעיף 19א לחוק הרשויות המקומיות (בחירת ראש הרשות וסגניו וכהונתם), התשל"ה–1975</ref>, כפי שהוא מוחל <ref href="#point_6א1">בסעיף 6א1</ref>.</p>
              </content>
            </point>
          </list>
        </point>
        <point eId="point_6ה">
          <heading>
            <authorialNote placement="side">
              <p xml:space="preserve"> </p>
            </authorialNote>
          </heading>
          <num>6ה.</num>
          <content>
            <p>
              <wikicomment font-size="x-small">(בוטל).</wikicomment>
            </p>
          </content>
        </point>
        <point eId="point_6ו">
          <heading>
            <authorialNote placement="side">
              <p>בחירות מיוחדות</p>
            </authorialNote>
          </heading>
          <num>6ו.</num>
          <list>
            <point eId="point_6ו__point_א">
              <num>(א)</num>
              <list>
                <intro>
                  <p>חדל ראש מועצה לכהן מכל אחת מהסיבות המנויות להלן, למעלה משנה לפני מועד הבחירות כאמור <ref href="#point_5">בסעיף 5</ref>, יתקיימו בחירות רק לראש המועצה (להלן – בחירות מיוחדות):</p>
                </intro>
                <point eId="point_6ו__point_א__point_1">
                  <num>(1)</num>
                  <content>
                    <p>התפטר לפני תחילת כהונתו או בתוך תקופת כהונתו;</p>
                  </content>
                </point>
                <point eId="point_6ו__point_א__point_2">
                  <num>(2)</num>
                  <content>
                    <p>נפטר לפני תחילת כהונתו או בתוך תקופת כהונתו;</p>
                  </content>
                </point>
                <point eId="point_6ו__point_א__point_3">
                  <num>(3)</num>
                  <content>
                    <p>חדל לכהן לפי אחד <ref href="#point_6ב">הסעיפים 6ב עד 6ד</ref>;</p>
                  </content>
                </point>
                <point eId="point_6ו__point_א__point_4">
                  <num>(4)</num>
                  <content>
                    <p>פקעה כהונתו לפי <ref href="/akn/il/act/PrimaryLegislation/1951-07-03/163607#point_13א1">סעיף 13א1 לחוק חסינות חברי הכנסת, זכויותיהם וחובותיהם, התשי"א–1951</ref>.</p>
                  </content>
                </point>
              </list>
            </point>
            <point eId="point_6ו__point_ב">
              <num>(ב)</num>
              <list>
                <intro>
                  <p>על בחירות מיוחדות ועל המועמד לראשות המועצה בבחירות מיוחדות יחולו הוראות חוק זה, בשינויים המחויבים, ובשינויים אלה:</p>
                </intro>
                <point eId="point_6ו__point_ב__point_1">
                  <num>(1)</num>
                  <content>
                    <p>הבחירות יתקיימו ביום ג׳ האחרון שלפני תום 60 הימים מן היום שבו נוצרה העילה לעריכתן, או במועד סמוך לאחר מכן, כפי שיורה השר, אם מצא כי נסיבות הענין מצדיקות זאת;</p>
                  </content>
                </point>
                <point eId="point_6ו__point_ב__point_2">
                  <num>(2)</num>
                  <content>
                    <p>רשאים להציע מועמד, בנוסף לאמור <ref href="#point_5">בסעיף 5</ref> – חמישית מחברי המועצה;</p>
                  </content>
                </point>
                <point eId="point_6ו__point_ב__point_3">
                  <num>(3)</num>
                  <content>
                    <p>
                      <wikicomment font-size="x-small">(נמחקה);</wikicomment>
                    </p>
                  </content>
                </point>
                <point eId="point_6ו__point_ב__point_4">
                  <num>(4)</num>
                  <content>
                    <p>על מועמד לא תחול החובה להיות חבר מועצה.</p>
                  </content>
                </point>
              </list>
            </point>
            <point eId="point_6ו__point_ג">
              <num>(ג)</num>
              <content>
                <p>תקופת כהונתו של ראש מועצה שנבחר בבחירות מיוחדות תסתיים ביום סיום כהונתה של המועצה שכיהנה בזמן היבחרו.</p>
              </content>
            </point>
          </list>
        </point>
        <point eId="point_6ו1">
          <heading>
            <authorialNote placement="side">
              <p>הקדמת מועד הבחירות לראשות המועצה ולמועצה</p>
            </authorialNote>
          </heading>
          <num>6ו1.</num>
          <content>
            <p>חדל ראש מועצה לכהן מכל אחת מהסיבות המנויות <ref href="#point_6ו">בפסקאות (1) עד (4) של סעיף 6ו(א)</ref>, שנה או פחות לפני מועד הבחירות כאמור <ref href="#point_3">בסעיף 3</ref>, יתקיימו בחירות לראשות המועצה ולמועצה.</p>
          </content>
        </point>
        <point eId="point_6ז">
          <heading>
            <authorialNote placement="side">
              <p xml:space="preserve"> </p>
            </authorialNote>
          </heading>
          <num>6ז.</num>
          <content>
            <p>
              <wikicomment font-size="x-small">(בוטל).</wikicomment>
            </p>
          </content>
        </point>
        <point eId="point_6ח">
          <heading>
            <authorialNote placement="side">
              <p>בחירת המועצה בראש המועצה</p>
            </authorialNote>
          </heading>
          <num>6ח.</num>
          <list>
            <point eId="point_6ח__point_א">
              <num>(א)</num>
              <list>
                <intro>
                  <p>על בחירת המועצה בראש המועצה יחולו הוראות אלה:</p>
                </intro>
                <point eId="point_6ח__point_א__point_1">
                  <num>(1)</num>
                  <content>
                    <p>ההצבעה תהיה גלויה;</p>
                  </content>
                </point>
                <point eId="point_6ח__point_א__point_2">
                  <num>(2)</num>
                  <content>
                    <p>המועמד שקיבל למעלה ממחצית הקולות של כל חברי המועצה – הוא הנבחר;</p>
                  </content>
                </point>
                <point eId="point_6ח__point_א__point_3">
                  <num>(3)</num>
                  <content>
                    <p>לא קיבל שום מועמד רוב כזה, מצביעים שנית; לפי דרישת חבר מחברי המועצה תידחה ההצבעה השניה לישיבה אחרת שתיערך ביום החול אחרי יום הישיבה האחרונה;</p>
                  </content>
                </point>
                <point eId="point_6ח__point_א__point_4">
                  <num>(4)</num>
                  <content>
                    <p>המועמד שקיבל בהצבעה השניה או בכל הצבעה נוספת, למעלה ממחצית הקולות של חברי המועצה המצביעים (להלן בסעיף זה – רוב), הוא הנבחר;</p>
                  </content>
                </point>
                <point eId="point_6ח__point_א__point_5">
                  <num>(5)</num>
                  <content>
                    <p>לא קיבל שום מועמד רוב בהצבעה השניה, מצביעים בשלישית;</p>
                  </content>
                </point>
                <point eId="point_6ח__point_א__point_6">
                  <num>(6)</num>
                  <content>
                    <p>לא קיבל שום מועמד רוב בהצבעה השלישית, מצביעים ברביעית; לפי דרישת חבר מחברי המועצה תידחה ההצבעה הרביעית לישיבה אחרת שתיערך ביום החול הבא אחרי יום הישיבה שבה נערכה ההצבעה השלישית; בהצבעה הרביעית יעמדו לבחירה רק המועמדים שעמדו לבחירה בהצבעה השלישית;</p>
                  </content>
                </point>
                <point eId="point_6ח__point_א__point_7">
                  <num>(7)</num>
                  <content>
                    <p>לא קיבל שום מועמד רוב בהצבעה הרביעית, חוזרים ומצביעים עד שאחד המועמדים יקבל רוב; בהצבעה החמישית וכן בכל הצבעה נוספת לא יועמד לבחירה מועמד שקיבל בהצבעה הקודמת את מספר הקולות הקטן ביותר (להלן בפיסקה זו – יצא); קיבלו מועמדים אחדים מספר שווה של הקולות והוא מספר הקולות הקטן ביותר, ינהגו כך: היו שני מועמדים כאמור, יצא אחד מהם, כפי שייקבע בהגרלה; היו יותר משניים, יצא לפני כל הצבעה נוספת רק מועמד אחד, כפי שייקבע בהגרלה;</p>
                  </content>
                </point>
                <point eId="point_6ח__point_א__point_8">
                  <num>(8)</num>
                  <content>
                    <p>כל הגרלה לפי סעיף זה תיערך בו במקום בידי יושב ראש הישיבה; היה היושב ראש עצמו מועמד לראש המועצה, בהצבעה שקדמה להגרלה, תמנה המועצה חבר שאינו מועמד לראש המועצה והוא יערוך את ההגרלה.</p>
                  </content>
                </point>
              </list>
            </point>
            <point eId="point_6ח__point_ב">
              <num>(ב)</num>
              <content>
                <p>על מועמד לבחירות לפי סעיף זה לא יחול התנאי שעליו להיות הראשון ברשימת המועמדים למועצה.</p>
              </content>
            </point>
          </list>
        </point>
        <point eId="point_7">
          <heading>
            <authorialNote placement="side">
              <p>תקנות</p>
            </authorialNote>
          </heading>
          <num>7.</num>
          <content>
            <p>השר ממונה על ביצוע החוק והוא רשאי להתקין תקנות לכל ענין הנוגע לביצועו, לרבות תקנות להתאמת הסדרים לפי חוק זה להסדרים על פי <ref href="/akn/il/act/PrimaryLegislation/1965-07-30/148505">חוק הרשויות המקומיות (בחירות), התשכ"ה–1965</ref>, או על פי <ref href="/akn/il/act/PrimaryOrSecondaryLegislation/UnknownWorkDate/חוק_הרשויות_המקומיות_בחירת_ראש_הרשות_המקומית_וסגניו_וכהונתם">חוק הרשויות המקומיות (בחירת ראש הרשות המקומית וסגניו וכהונתם), התשל"ה–1975</ref>.</p>
          </content>
        </point>
        <point eId="point_8">
          <heading>
            <authorialNote placement="side">
              <p>תחילה</p>
            </authorialNote>
          </heading>
          <num>8.</num>
          <content>
            <p>תחילתו של חוק זה ביום ד׳ בטבת התש"ן (1 בינואר 1990).</p>
          </content>
        </point>
      </list>
    </body>
    <conclusions eId="eId">
      <p class="signatures">
        <signature>
          <p>
            <person refersTo="יצחק_שמיר">יצחק שמיר</person>
            <role refersTo="ראש_הממשלה">ראש הממשלה</role>
          </p>
        </signature>
        <signature>
          <p>
            <person refersTo="יצחק_שמיר">יצחק שמיר</person>
            <role refersTo="ראש_הממשלה_ושר_הפנים">ראש הממשלה ושר הפנים</role>
          </p>
        </signature>
        <signature>
          <p>
            <person refersTo="חיים_הרצוג">חיים הרצוג</person>
            <role refersTo="נשיא_המדינה">נשיא המדינה</role>
          </p>
        </signature>
      </p>
    </conclusions>
  </act>
</akomaNtoso>