﻿<?xml version="1.0" encoding="utf-8"?>
<akomaNtoso xmlns="http://docs.oasis-open.org/legaldocml/ns/akn/3.0">
  <act contains="originalVersion" name="publicLaw">
    <meta>
      <identification source="#kensset">
        <FRBRWork>
          <FRBRthis value="/akn/il/act/PrimaryLegislation/1958-08-14/147288/main" />
          <FRBRuri value="/akn/il/act/PrimaryLegislation/1958-08-14/147288" />
          <FRBRdate date="1958-08-14" name="Generation" />
          <FRBRauthor href="#knesset" as="#author" />
          <FRBRcountry value="israel" />
        </FRBRWork>
        <FRBRExpression>
          <FRBRthis value="/akn/il/act/PrimaryLegislation/1958-08-14/147288/he@/main" />
          <FRBRuri value="/akn/il/act/PrimaryLegislation/1958-08-14/147288/he@" />
          <FRBRdate date="1958-08-14" name="Generation" />
          <FRBRauthor href="#knesset" as="#author" />
          <FRBRlanguage language="hebrew" />
        </FRBRExpression>
        <FRBRManifestation>
          <FRBRthis value="/akn/il/act/PrimaryLegislation/1958-08-14/147288/he@/main.xml" />
          <FRBRuri value="/akn/il/act/PrimaryLegislation/1958-08-14/147288/he@" />
          <FRBRdate date="1958-08-14" name="Generation" />
          <FRBRauthor href="#knesset" as="#author" />
          <FRBRformat value="xml" />
        </FRBRManifestation>
      </identification>
      <classification source="#kensset">
        <keyword value="{classificationValue}" showAs="{classificationValue}" dictionary="#classification_dictionary" />
      </classification>
      <lifecycle source="#kensset">
        <eventRef eId="eventRef_1" date="1958-08-14" source="#kensset" type="generation" />
      </lifecycle>
      <references source="#kensset">
        <TLCOrganization eId="kensset" href="/ontology/organization/akn/knesset" showAs="Kensset" type="generation" />
        <TLCRole eId="author" href="/ontology/role/akn/author" showAs="Author of Document" />
        <TLCProcess eId="inforce" href="/ontology/process/akn/inforce" showAs="In force" />
        <TLCTerm eId="term_1" href="/ontology/term/השכלה_גבוהה/147288" showAs="השכלה_גבוהה" />
        <TLCTerm eId="term_2" href="/ontology/term/מכללה_אקדמית/147288" showAs="מכללה_אקדמית" />
        <TLCTerm eId="term_3" href="/ontology/term/תואר_מוכר/147288" showAs="תואר_מוכר" />
        <TLCTerm eId="term_4" href="/ontology/term/פקודות_הצבא/147288" showAs="פקודות_הצבא" />
        <TLCTerm eId="term_5" href="/ontology/term/יוצא_צבא/147288" showAs="יוצא_צבא" />
        <TLCPerson eId="דוד_בן־גוריון" href="/ontology/person/דוד_בן־גוריון" showAs="דוד בן־גוריון" />
        <TLCPerson eId="זלמן_ארן" href="/ontology/person/זלמן_ארן" showAs="זלמן ארן" />
        <TLCPerson eId="יצחק_בן־צבי" href="/ontology/person/יצחק_בן־צבי" showAs="יצחק בן־צבי" />
        <TLCRole eId="ראש_הממשלה" href="ontology/role/akn/ראש_הממשלה" showAs="ראש הממשלה" />
        <TLCRole eId="שר_החינוך_והתרבות" href="ontology/role/akn/שר_החינוך_והתרבות" showAs="שר החינוך והתרבות" />
        <TLCRole eId="נשיא_המדינה" href="ontology/role/akn/נשיא_המדינה" showAs="נשיא המדינה" />
      </references>
      <temporalData source="#kensset">
        <temporalGroup eId="tmpg_1" />
      </temporalData>
      <Publication></Publication>
    </meta>
    <body period="#tmpg_1">
      <title eId="title">
        <content>
          <p>חוק המועצה להשכלה גבוהה, תשי"ח–1958</p>
        </content>
      </title>
      <list>
        <point eId="point_1" class="definitions">
          <heading>
            <authorialNote placement="side">
              <p>הגדרה</p>
            </authorialNote>
          </heading>
          <num>1.</num>
          <list>
            <intro>
              <p>בחוק זה,</p>
            </intro>
            <point eId="point_1__point_השכלה_גבוהה">
              <content>
                <p>
                  <def />”השכלה גבוהה“ – לרבות הוראה, מדע ומחקר;</p>
              </content>
            </point>
            <point eId="point_1__point_מכללה_אקדמית">
              <list>
                <intro>
                  <p>
                    <def />”מכללה אקדמית“ – מוסד, שביקש להשתמש בכינוי זה, והוא אחד מאלה:</p>
                </intro>
                <point eId="point_1__point_מכללה_אקדמית__point_1">
                  <num>(1)</num>
                  <content>
                    <p>מוסד להשכלה גבוהה, שאינו אוניברסיטה, שהוכר לפי <ref href="#point_9">סעיף 9</ref> והוסמך להעניק לבוגריו תואר מוכר באחת או יותר מיחידותיו, או שניתנה לו תעודת היתר לפי <ref href="#point_21א">סעיף 21א</ref>;</p>
                  </content>
                </point>
                <point eId="point_1__point_מכללה_אקדמית__point_2">
                  <num>(2)</num>
                  <content>
                    <p>מקיים לפחות מסלול אחד ללימודים אקדמיים באחריות אוניברסיטה, המורשית, באישור המועצה, להעניק לבוגר המוסד תואר מוכר, ואשר תכנית הלימודים לתואר מתקיימת בו במלואה; מוסד כאמור רשאי לכלול בפעילותו גם מסלולים נוספים ללימודים אקדמיים באחריות אוניברסיטה כאמור, אם תכנית הלימודים המתקיימת במסלולים אלה היא בהיקף של 75% לפחות מתכנית הלימודים לתואר מוכר.</p>
                  </content>
                </point>
              </list>
            </point>
          </list>
        </point>
        <point eId="point_2">
          <heading>
            <authorialNote placement="side">
              <p>מועצה להשכלה גבוהה</p>
            </authorialNote>
          </heading>
          <num>2.</num>
          <content>
            <p>מוקמת בזה מועצה להשכלה גבוהה שחבריה יתמנו על ידי נשיא המדינה (להלן – המועצה).</p>
          </content>
        </point>
        <point eId="point_3">
          <heading>
            <authorialNote placement="side">
              <p>תפקידי המועצה</p>
            </authorialNote>
          </heading>
          <num>3.</num>
          <content>
            <p>המועצה היא המוסד הממלכתי לעניני השכלה גבוהה במדינה, והיא תמלא את התפקידים המוטלים עליה לפי חוק זה.</p>
          </content>
        </point>
        <point eId="point_3א">
          <heading>
            <authorialNote placement="side">
              <p>המועצה תאגיד</p>
            </authorialNote>
          </heading>
          <num>3א.</num>
          <content>
            <p>המועצה תהא תאגיד, כשר לכל חובה, זכות ופעולה משפטית.</p>
          </content>
        </point>
        <point eId="point_3ב">
          <heading>
            <authorialNote placement="side">
              <p>המועצה גוף מבוקר</p>
            </authorialNote>
          </heading>
          <num>3ב.</num>
          <content>
            <p>המועצה תהא גוף מבוקר, כמשמעותו <ref href="/akn/il/act/PrimaryLegislation/1958-03-20/2001957#point_9">בסעיף 9(6) לחוק מבקר המדינה, תשי"ח–1958 (נוסח משולב)</ref>.</p>
          </content>
        </point>
        <point eId="point_3ג">
          <heading>
            <authorialNote placement="side">
              <p>קבלת עובדים ותנאי עבודתם</p>
            </authorialNote>
          </heading>
          <num>3ג.</num>
          <content>
            <p>קבלת עובדי המועצה ומינוים ייעשו בידי המועצה ויהיו כשל עובדי המדינה, בתיאומים שייקבעו בתקנות; תנאי העבודה ושכרם של עובדי המועצה יהיו זהים לאלה של עובדי המדינה.<br xml:space="preserve" xmlns=""> </br><wikicomment font-size="x-small">פורסמו <ref href="/akn/il/act/PrimaryOrSecondaryLegislation/UnknownWorkDate/תקנות_המועצה_להשכלה_גבוהה_תיאומים_בעניין_קבלת_עובדים_ומינוייהם">תקנות המועצה להשכלה גבוהה (תיאומים בעניין קבלת עובדים ומינוייהם), תשל"ו–1975</ref> (ק"ת תשל"ו, 360).</wikicomment></p>
          </content>
        </point>
        <point eId="point_3ד">
          <heading>
            <authorialNote placement="side">
              <p>איסור העברת נכסים</p>
            </authorialNote>
          </heading>
          <num>3ד.</num>
          <content>
            <p>המועצה לא תהא רשאית למכור או להעביר בדרך אחרת נכס שבבעלותה, למשכנו, להשכירו או להשאילו לתקופה העולה על עשר שנים, אלא באישור שר החינוך והתרבות; שכירות או שאילה לתקופה נוספת שבצירופה לקודמות הן עולות על עשר שנים, טעונות אישור כאמור.</p>
          </content>
        </point>
        <point eId="point_3ה">
          <heading>
            <authorialNote placement="side">
              <p>התקציב</p>
            </authorialNote>
          </heading>
          <num>3ה.</num>
          <content>
            <p>הכנת התקציב ומסירתו לממשלה לאישור יהיו בדרכים שנקבעו בתקנות.<br xml:space="preserve" xmlns=""> </br><wikicomment font-size="x-small">פורסמו <ref href="/akn/il/act/SecondaryLegislation/1975-11-06/19474">תקנות המועצה להשכלה גבוהה (תקציב), תשל"ו–1975</ref> (ק"ת תשל"ו, 364).</wikicomment></p>
          </content>
        </point>
        <point eId="point_3ו">
          <heading>
            <authorialNote placement="side">
              <p>דרכי פעולות התאגיד</p>
            </authorialNote>
          </heading>
          <num>3ו.</num>
          <content>
            <p>לענין <ref href="#point_3א">סעיפים 3א</ref>, <ref href="#point_3ג">3ג</ref>, <ref href="#point_3ד">ו־3ד</ref> רשאית המועצה לפעול באמצעות ועדה, מבין חבריה או בצירוף אנשים שאינם מבין חבריה.</p>
          </content>
        </point>
        <point eId="point_4">
          <heading>
            <authorialNote placement="side">
              <p>מספר חברי המועצה</p>
            </authorialNote>
          </heading>
          <num>4.</num>
          <content>
            <p>מספר חברי המועצה ייקבע מתקופה לתקופה על ידי הממשלה על פי המלצת שר החינוך והתרבות, ובלבד שהמספר לא יפחת מתשעה־עשר ולא יעלה על עשרים וחמישה, ושר החינוך והתרבות ביניהם.</p>
          </content>
        </point>
        <point eId="point_4א">
          <heading>
            <authorialNote placement="side">
              <p>הרכב המועצה</p>
            </authorialNote>
          </heading>
          <num>4א.</num>
          <list>
            <point eId="point_4א__point_א">
              <num>(א)</num>
              <content>
                <p>חברי המועצה יוצעו לנשיא המדינה על ידי הממשלה; לפחות שני שלישים מהם יהיו בעלי מעמד בשדה ההשכלה הגבוהה, שהמליץ עליהם שר החינוך והתרבות לאחר התייעצות עם המוסדות המוכרים להשכלה גבוהה ושני חברים נוספים יהיו האחד יושב ראש ארגון הסטודנטים היציג כהגדרתו <ref href="/akn/il/act/PrimaryLegislation/2007-06-07/142524">בחוק זכויות הסטודנט, התשס"ז–2007</ref> (בחוק זה – ארגון הסטודנטים היציג) והאחר נציג נוסף של הארגון שתבחר האסיפה הכללית של הארגון; במועצה יינתן ייצוג הולם לכל סוגי המוסדות להשכלה גבוהה, שהוכרו לפי <ref href="#point_9">סעיף 9</ref>.</p>
              </content>
            </point>
            <point eId="point_4א__point_ב">
              <num>(ב)</num>
              <content>
                <p>בהעדר ארגון סטודנטים יציג מוכר, יהיו חברים במועצה שני נציגים של ארגון הסטודנטים שאגודות הסטודנטים החברות בו מייצגות את המספר הגדול ביותר של סטודנטים מבין הסטודנטים הלומדים בכלל המוסדות להשכלה גבוהה.</p>
              </content>
            </point>
          </list>
        </point>
        <point eId="point_5">
          <heading>
            <authorialNote placement="side">
              <p>חילופי גברי במועצה</p>
            </authorialNote>
          </heading>
          <num>5.</num>
          <list>
            <point eId="point_5__point_א">
              <num>(א)</num>
              <content>
                <p>נתפנה מקומו של חבר המועצה תוך תקופת־כהונתה של מועצה, מחמת כל סיבה שהיא, יתמנה במקומו לתקופת־כהונתה של אותה מועצה חבר אחר בדרך שנקבעה למינוי של החבר שמקומו נתפנה.</p>
              </content>
            </point>
            <point eId="point_5__point_ב">
              <num>(ב)</num>
              <content>
                <p>נבצר מחבר המועצה לשמש בתפקידו בפועל תקופה קצובה, רשאי שר החינוך והתרבות להציע לנשיא המדינה למנות ממלא מקום לאותו חבר לתקופה כאמור.</p>
              </content>
            </point>
          </list>
        </point>
        <point eId="point_6">
          <heading>
            <authorialNote placement="side">
              <p>יושב ראש המועצה וסגנו</p>
            </authorialNote>
          </heading>
          <num>6.</num>
          <content>
            <p>שר החינוך והתרבות יהיה יושב־ראש המועצה והמועצה רשאית לבחור מבין חבריה סגן יושב־ראש המועצה.</p>
          </content>
        </point>
        <point eId="point_7">
          <heading>
            <authorialNote placement="side">
              <p>תקופת כהונת המועצה</p>
            </authorialNote>
          </heading>
          <num>7.</num>
          <content>
            <p>תקופת־כהונתה של כל מועצה תהיה חמש שנים מיום מינוי חבריה של אותה מועצה; ואולם המועצה הראשונה תכהן שנתיים בלבד.</p>
          </content>
        </point>
        <point eId="point_8">
          <heading>
            <authorialNote placement="side">
              <p>נוהל</p>
            </authorialNote>
          </heading>
          <num>8.</num>
          <content>
            <p>המועצה תקבע נוהל דיוניה, במידה שלא נקבע בחוק זה או בתקנות.<br xml:space="preserve" xmlns=""> </br><wikicomment font-size="x-small">המועצה קבעה <ref href="/akn/il/act/PrimaryOrSecondaryLegislation/UnknownWorkDate/http_che_org_il_wp_content_uploads_2012_04_נוהל_ישיבות_המועצה_להשכלה_גבוהה_pdf">סדרי נוהל לדיוניה</ref>.</wikicomment></p>
          </content>
        </point>
        <point eId="point_8א">
          <heading>
            <authorialNote placement="side">
              <p>גמול והחזר הוצאות</p>
            </authorialNote>
          </heading>
          <num>8א.</num>
          <content>
            <p>שר החינוך, בהסכמת שר האוצר ובאישור ועדת החינוך התרבות והספורט של הכנסת, רשאי לקבוע תקנות בדבר תשלום גמול והחזר הוצאות לחברי המועצה וועדותיה.<br xml:space="preserve" xmlns=""> </br><wikicomment font-size="x-small">פורסמו <ref href="/akn/il/act/SecondaryLegislation/2012-05-02/48216">תקנות המועצה להשכלה גבוהה (תשלום גמול והחזר הוצאות לחברי המועצה), תשע"ב–2012</ref> (ק"ת תשע"ב, 1106).</wikicomment></p>
          </content>
        </point>
        <point eId="point_9">
          <heading>
            <authorialNote placement="side">
              <p>חברה במוסד</p>
            </authorialNote>
          </heading>
          <num>9.</num>
          <content>
            <p>המועצה רשאית להכיר במוסד פלוני מוסד להשכלה גבוהה על יסוד כללים שנקבעו על ידיה להכרה במוסדות להשכלה גבוהה או בסוגים מהם, בנוסף לדרישת רמה מדעית נאותה (להלן – מוסד מוכר), ובלבד שכללים אלה לא יגבילו חופש הדעה והמצפון.<br xml:space="preserve" xmlns=""> </br><wikicomment font-size="x-small">פורסמו <ref href="/akn/il/act/PrimaryOrSecondaryLegislation/UnknownWorkDate/כללי_המועצה_להשכלה_גבוהה_הכרה_במוסדות">כללי המועצה להשכלה גבוהה (הכרה במוסדות), תשכ"ד–1964</ref> (ק"ת תשכ"ד, 634).</wikicomment></p>
          </content>
        </point>
        <point eId="point_10">
          <heading>
            <authorialNote placement="side">
              <p>אישור הממשלה</p>
            </authorialNote>
          </heading>
          <num>10.</num>
          <content>
            <p>החלטת המועצה להכיר במוסד לפי <ref href="#point_9">סעיף 9</ref> טעונה אישור הממשלה.</p>
          </content>
        </point>
        <point eId="point_11">
          <heading>
            <authorialNote placement="side">
              <p>סירוב להכיר</p>
            </authorialNote>
          </heading>
          <num>11.</num>
          <content>
            <p>ביקש מוסד להכיר בו כמוסד להשכלה גבוהה והמועצה סירבה לעשות כן, רשאי שר החינוך והתרבות, או המוסד באמצעות שר החינוך והתרבות, להביא את בקשת ההכרה והחלטת המועצה לפני הממשלה, והיא רשאית להחזירה למועצה לדיון חוזר; החלטת המועצה בדיון החוזר תהא סופית.</p>
          </content>
        </point>
        <point eId="point_12">
          <heading>
            <authorialNote placement="side">
              <p>בקשה חוזרת לאחר סירוב</p>
            </authorialNote>
          </heading>
          <num>12.</num>
          <content>
            <p>מוסד שהממשלה סירבה לבקשת־הכרה שלו, או שאישרה סירובה של המועצה בדיון חוזר לבקשת־הכרה שלו, רשאי כעבור שתי שנים, לחזור ולהביא לפני המועצה בקשת־הכרה, זולת אם קבעה הממשלה בהחלטתה תאריך מוקדם יותר לענין זה.</p>
          </content>
        </point>
        <point eId="point_13">
          <heading>
            <authorialNote placement="side">
              <p>תעודת הכרה</p>
            </authorialNote>
          </heading>
          <num>13.</num>
          <content>
            <p>מוסד שהוכר מוסד להשכלה גבוהה, יקבל תעודה על כך מאת נשיא המדינה; הודעה על מתן התעודה תפורסם ברשומות.<br xml:space="preserve" xmlns=""> </br><wikicomment font-size="x-small">פורסמו הודעות בדבר מתן תעודה לגבי מוסדות ההשכלה הבאים: <br xml:space="preserve" xmlns=""> </br>
האוניברסיטה העברית בירושלים (י"פ תשכ"ב, 2200); <br xml:space="preserve" xmlns=""> </br>
הטכניון, מכון טכנולוגי לישראל (י"פ תשכ"ב, 2200); <br xml:space="preserve" xmlns=""> </br>
מכון ויצמן למדע (י"פ תשכ"ב, 2200); <br xml:space="preserve" xmlns=""> </br>
אוניברסיטת בר־אילן (י"פ תש"ל, 602); <br xml:space="preserve" xmlns=""> </br>
אוניברסיטת תל־אביב (י"פ תש"ל, 602); <br xml:space="preserve" xmlns=""> </br>
בית ספר הגבוה לטכנולוגיה, ירושלים, בחוגים פיזיקה, אלקטרו־אופטיקה, אלקטרוניקה ומדעי המחשב (י"פ תשל"ז, 1612); <br xml:space="preserve" xmlns=""> </br>
מכללה לטכנולוגיה של אפנה וטקסטיל ע"ש שנקר, במגמות טכנולוגיה של טקסטיל וכימיה של טקסטיל (י"פ תשל"ז, 1612); <br xml:space="preserve" xmlns=""> </br>
אוניברסיטת חיפה, בפקולטות למדעי הרוח והחברה (י"פ תשמ"ט, 1740) ובפקולטה למשפטים (י"פ תשנ"א, 2716); <br xml:space="preserve" xmlns=""> </br>
מדרשת רופין, בחוג לרכזי משק (י"פ תשמ"א, 1830); <br xml:space="preserve" xmlns=""> </br>
מכללת בית ברל, במסלולים מסויימים (י"פ תשמ"ב, 854); <br xml:space="preserve" xmlns=""> </br>
אוניברסיטת בן גוריון בנגב, בפקולטות למדעי הטבע והטכנולוגיה (י"פ תשמ"ט, 1746) ובפקולטה למדעי הבריאות (י"פ תש"ן, 1226); <br xml:space="preserve" xmlns=""> </br>
מכללה למינהל בתל אביב (י"פ תשמ"ט, 1764); <br xml:space="preserve" xmlns=""> </br>
מכללת ירושלים לבנות, בחוג למוסיקה (י"פ תשמ"ט, 1764); <br xml:space="preserve" xmlns=""> </br>
חינוך מוסיקלי לבית הספר היסודי ולחטיבת הביניים, חינוך מוסיקלי וריתמיקה לבית הספר היסודי ולגיל הרך (י"פ תשנ"א, 1087); <br xml:space="preserve" xmlns=""> </br>
מכללה האקדמית למורים לטכנולוגיה ”אורט“ ירושלים (י"פ תשנ"ב, 2617); <br xml:space="preserve" xmlns=""> </br>
בצלאל – אקדמיה לאמנות ועיצוב ירושלים (י"פ תשנ"ג, 1286); <br xml:space="preserve" xmlns=""> </br>
מכללה לחינוך ע"ש לוינסקי (י"פ תשנ"ג, 1842); <br xml:space="preserve" xmlns=""> </br>
מכללת גורדון לחינוך, מכללה הדתית להכשרת עובדי חינוך והוראה תלפיות, מכללה הערבית לחינוך בישראל, מכללת ארנים – בית הספר לחינוך של התנועה הקיבוצית (י"פ תשנ"ו, 4826); <br xml:space="preserve" xmlns=""> </br>
מכללת אפרתה להכשרת מורות וגננות, המכללה הדתית להכשרת מורים ”מורשת יעקב“ (י"פ תשס"א, 2100); <br xml:space="preserve" xmlns=""> </br>
מכון האקדמי טכנולוגי בחולון, המכללה האקדמית להנדסה בנגב (י"פ תשס"ג, 232).</wikicomment></p>
          </content>
        </point>
        <point eId="point_14">
          <heading>
            <authorialNote placement="side">
              <p>מוסד מוכר – תאגיד</p>
            </authorialNote>
          </heading>
          <num>14.</num>
          <content>
            <p>מוסד מוכר הוא תאגיד וכשר לתבוע ולהיתבע, לרכוש ולהחזיק נכסים ולהוציאם מרשותו, להתקשר בחוזים ולהיות צד בכל משא־ומתן משפטי או אחר.</p>
          </content>
        </point>
        <point eId="point_15">
          <heading>
            <authorialNote placement="side">
              <p>חופש פעולה</p>
            </authorialNote>
          </heading>
          <num>15.</num>
          <content>
            <p>מוסד מוכר הוא בן־חורין לכלכל עניניו האקדמיים והמינהליים, במסגרת תקציבו, כטוב בעיניו.</p>
          </content>
        </point>
        <point eId="point_none">
          <content>
            <p>בסעיף זה, ”ענינים אקדמיים ומינהליים“ – לרבות קביעת תכנית מחקר והוראה, מינוי רשויות המוסד, מינוי מורים והעלאתם בדרגה, קביעת שיטות הוראה ולימוד, וכל פעולה מדעית, חינוכית או משקית אחרת.</p>
          </content>
        </point>
        <point eId="point_15א">
          <heading>
            <authorialNote placement="side">
              <p>מבקר</p>
            </authorialNote>
          </heading>
          <num>15א.</num>
          <content>
            <p>על המבקר של מוסד מוכר יחולו הוראות <ref href="/akn/il/act/PrimaryLegislation/1992-04-09/153135#point_3">סעיפים 3</ref>, <ref href="/akn/il/act/PrimaryLegislation/1992-04-09/153135#point_4">4</ref>, <ref href="/akn/il/act/PrimaryLegislation/1992-04-09/153135#point_8">8 עד 10</ref>, <ref href="/akn/il/act/PrimaryLegislation/1992-04-09/153135#point_12">12</ref>, <ref href="/akn/il/act/PrimaryLegislation/1992-04-09/153135#point_14">14(ב) ו־(ג)</ref><ref href="/akn/il/act/PrimaryLegislation/1992-04-09/153135#point_24">ו־24(ג) לחוק הביקורת הפנימית, התשנ"ב–1992</ref>, בשינויים המחוייבים לפי הענין.</p>
          </content>
        </point>
        <point eId="point_16">
          <heading>
            <authorialNote placement="side">
              <p>הרחבת מוסדות ושיתוף פעולתם</p>
            </authorialNote>
          </heading>
          <num>16.</num>
          <content>
            <p>המועצה רשאית, לאחר התייעצות עם המוסדות המוכרים הנוגעים בדבר, להציע הצעות בדבר ביסוסם, הרחבתם ושכלולם ובדבר שיתוף־הפעולה בינם לבין עצמם; כן רשאית המועצה להציע הצעות בדבר קידום המחקר המדעי ובדבר הקמתם של מוסדות להשכלה גבוהה נוספים.</p>
          </content>
        </point>
        <point eId="point_17">
          <heading>
            <authorialNote placement="side">
              <p>תקציבי המוסדות</p>
            </authorialNote>
          </heading>
          <num>17.</num>
          <content>
            <p>המועצה רשאית להציע הצעות בדבר השתתפות המדינה בתקציבי המוסדות המוכרים.</p>
          </content>
        </point>
        <point eId="point_17א">
          <heading>
            <authorialNote placement="side">
              <p>אמות מידה לתקצוב</p>
            </authorialNote>
          </heading>
          <num>17א.</num>
          <content>
            <p>תקצוב המדינה במוסדות להשכלה גבוהה ובמכללות האקדמיות, שהמדינה משתתפת בתקציביהם, יהיה על פי אמות מידה שוויוניות, שתיקבענה, בין היתר, בהתחשב בסוגי המוסדות ובתכניות הפיתוח, ההוראה והמחקר שאישרה המועצה, ועדה מועדותיה שהוסמכה לכך, או משרד החינוך, התרבות והספורט, הכל לפי הענין.</p>
          </content>
        </point>
        <point eId="point_17ב">
          <heading>
            <authorialNote placement="side">
              <p>תשלומים נלווים</p>
            </authorialNote>
          </heading>
          <num>17ב.</num>
          <list>
            <point eId="point_17ב__point_א">
              <num>(א)</num>
              <content>
                <p>המועצה, לפי הצעה של הוועדה שהוסמכה לפי <ref href="#point_17א">סעיף 17א</ref>, לאחר התייעצות עם ארגון הסטודנטים היציג ועם המוסדות להשכלה גבוהה שהמדינה משתתפת בתקציבם, תקבע כללים בדבר גובה התשלומים הנלווים במוסדות כאמור, וכן בדבר אופן עדכונם וגבייתם; לעניין זה, ”תשלומים נלווים“ – כל תשלום נוסף על שכר הלימוד ודמי הרישום שאינו בעד הוראה אקדמית, ובכלל זה דמי רווחה ודמי אבטחה.</p>
              </content>
            </point>
            <point eId="point_17ב__point_ב">
              <num>(ב)</num>
              <content>
                <p>בהעדר ארגון סטודנטים יציג מוכר, תהיה ההתייעצות לפי סעיף זה עם ארגון הסטודנטים שאגודות הסטודנטים החברות בו מייצגות את המספר הגדול ביותר של סטודנטים מבין הסטודנטים הלומדים בכלל המוסדות להשכלה גבוהה.</p>
              </content>
            </point>
          </list>
        </point>
        <point eId="point_18">
          <heading>
            <authorialNote placement="side">
              <p>ביטול הכרה</p>
            </authorialNote>
          </heading>
          <num>18.</num>
          <content>
            <p>המועצה רשאית לבטל הכרתה במוסד מוכר, על יסוד כללים שנקבעו על ידיה לביטול הכרה במוסד מוכר; ובלבד שכללים אלה לא יגבילו חופש הדעה והמצפון.<br xml:space="preserve" xmlns=""> </br><wikicomment font-size="x-small">פורסמו <ref href="/akn/il/act/PrimaryOrSecondaryLegislation/UnknownWorkDate/כללי_המועצה_להשכלה_גבוהה_ביטול_הכרה_במוסד_מוכר">כללי המועצה להשכלה גבוהה (ביטול הכרה במוסד מוכר), תשמ"ח–1988</ref> (ק"ת תשמ"ח, 384).</wikicomment></p>
          </content>
        </point>
        <point eId="point_19">
          <heading>
            <authorialNote placement="side">
              <p>אישור הממשלה לביטול הכרה</p>
            </authorialNote>
          </heading>
          <num>19.</num>
          <content>
            <p>החלטת המועצה לפי <ref href="#point_18">סעיף 18</ref> טעונה אישור הממשלה, אך לא תאשר הממשלה החלטה זו, אלא לאחר שניתנה למוסד שהכרתו בוטלה, הזדמנות סבירה לטעון טענותיו ולהביא ראיותיו לפני שר החינוך והתרבות או מי שימנה לכך; הממשלה רשאית גם להחזיר את הענין למועצה לדיון חוזר, ואם החליטה כך יחולו הוראות <ref href="#point_11">סעיף 11</ref>, בשינויים המחוייבים לפי הענין.</p>
          </content>
        </point>
        <point eId="point_20">
          <heading>
            <authorialNote placement="side">
              <p>הודעה על ביטול הכרה</p>
            </authorialNote>
          </heading>
          <num>20.</num>
          <content>
            <p>אישרה הממשלה את ביטול ההכרה של מוסד מוכר, תודיע על כך לנשיא המדינה ולאחר מכן תפרסם הודעה על כך ברשומות.</p>
          </content>
        </point>
        <point eId="point_21">
          <heading>
            <authorialNote placement="side">
              <p>בקשה חוזרת לאחר ביטול</p>
            </authorialNote>
          </heading>
          <num>21.</num>
          <content>
            <p>מוסד שבוטלה ההכרה בו רשאי, כעבור שתי שנים, לחזור ולהביא לפני המועצה בקשת־הכרה, על יסוד ראיות שיביא כי העילות ששימשו לביטול אינן קיימות עוד, זולת אם קבעה הממשלה באישור הביטול תאריך מוקדם יותר לענין זה.</p>
          </content>
        </point>
        <point eId="point_21א">
          <heading>
            <authorialNote placement="side">
              <p>תעודת היתר</p>
            </authorialNote>
          </heading>
          <num>21א.</num>
          <list>
            <point eId="point_21א__point_א">
              <num>(א)</num>
              <content>
                <p>לא יפתח אדם ולא יקיים מוסד, ולא יפרסם פתיחתו או קיומו, אם המוסד לא הוכר לפי <ref href="#point_9">סעיף 9</ref> והוא מעניק, או מבטיח להעניק, תואר אקדמי או נקודות זכות לקראת תואר אקדמי, אלא אם ניתנה למוסד תעודת היתר מאת המועצה (להלן – היתר).</p>
              </content>
            </point>
            <point eId="point_21א__point_ב">
              <num>(ב)</num>
              <content>
                <p>לענין סעיף זה, אין נפקא מינה אם המוסד נפתח או קויים על ידי מוסד להשכלה גבוהה, אם כשלוחה או סניף או בדרך אחרת.</p>
              </content>
            </point>
            <point eId="point_21א__point_ג">
              <num>(ג)</num>
              <content>
                <p>על אף האמור בסעיף זה, מוסד כאמור בפסקה (2) להגדרת ”מכללה אקדמית“, ייפתח או יתקיים באישור המועצה, על פי כללים שתקבע.</p>
              </content>
            </point>
          </list>
        </point>
        <point eId="point_21ב">
          <heading>
            <authorialNote placement="side">
              <p>כללים ותנאים להיתר</p>
            </authorialNote>
          </heading>
          <num>21ב.</num>
          <list>
            <point eId="point_21ב__point_א">
              <num>(א)</num>
              <content>
                <p>המועצה, לאחר התייעצות עם ועדת החינוך והתרבות של הכנסת, תקבע כללים למתן היתר למוסדות להשכלה גבוהה או לסוגים מהם; הכללים יפורסמו ברשומות.<br xml:space="preserve" xmlns=""> </br><wikicomment font-size="x-small">פורסמו <ref href="/akn/il/act/PrimaryOrSecondaryLegislation/UnknownWorkDate/כללי_המועצה_להשכלה_גבוהה_היתר_לפתוח_ולקיים_מוסד_להשכלה_גבוהה">כללי המועצה להשכלה גבוהה (היתר לפתוח ולקיים מוסד להשכלה גבוהה), תשל"ג–1972</ref> (ק"ת תשל"ג, 96).</wikicomment></p>
              </content>
            </point>
            <point eId="point_21ב__point_ב">
              <num>(ב)</num>
              <content>
                <p>המועצה רשאית להתנות מתן היתר בתנאים שהמוסד חייב למלאם בין קודם למתן ההיתר ובין לאחר שניתן לו ההיתר.</p>
              </content>
            </point>
            <point eId="point_21ב__point_ג">
              <num>(ג)</num>
              <content>
                <p>כללים ותנאים כאמור לא יגבילו חופש הדעה והמצפון.</p>
              </content>
            </point>
          </list>
        </point>
        <point eId="point_21ג">
          <heading>
            <authorialNote placement="side">
              <p>תקפו של היתר</p>
            </authorialNote>
          </heading>
          <num>21ג.</num>
          <content>
            <p>תקפו של היתר הוא לארבע שנים; לא נפתח המוסד תוך ארבע שנים מיום מתן ההיתר, או לא הוכר לפי <ref href="#point_9">סעיף 9</ref>, הכרה מלאה, חלקית זמנית או מותנית, רשאית המועצה להאריך את תוקף ההיתר לתקופות נוספות שלא יעלו בסך הכל על ארבע שנים.</p>
          </content>
        </point>
        <point eId="point_21ד">
          <heading>
            <authorialNote placement="side">
              <p>אישור הממשלה</p>
            </authorialNote>
          </heading>
          <num>21ד.</num>
          <list>
            <point eId="point_21ד__point_א">
              <num>(א)</num>
              <content>
                <p>החליטה המועצה לתת היתר, תהיה החלטתה טעונה אישור הממשלה, והחלטת הממשלה בדבר ההיתר תהיה סופית.</p>
              </content>
            </point>
            <point eId="point_21ד__point_ב">
              <num>(ב)</num>
              <content>
                <p>המועצה תודיע למבקש על החלטה כאמור בסעיף קטן (א) תוך שנה מיום הגשת הבקשה.</p>
              </content>
            </point>
          </list>
        </point>
        <point eId="point_21ה">
          <heading>
            <authorialNote placement="side">
              <p>ביטול היתר</p>
            </authorialNote>
          </heading>
          <num>21ה.</num>
          <content>
            <p>חדל להתקיים או הופר אחד הכללים או התנאים שעל יסודם ניתן ההיתר, רשאית המועצה, לאחר שנתנה למוסד הזדמנות להשמיע דברו, לבטל את ההיתר או להתלותו לתקופה שתקבע המועצה.</p>
          </content>
        </point>
        <point eId="point_21ו">
          <heading>
            <authorialNote placement="side">
              <p>ערר</p>
            </authorialNote>
          </heading>
          <num>21ו.</num>
          <list>
            <point eId="point_21ו__point_א">
              <num>(א)</num>
              <content>
                <p>מוסד שהמועצה סירבה לתת לו היתר או להאריך את תקפו של ההיתר, או ביטלה או התלתה אותו, רשאי שר החינוך והתרבות, או המוסד באמצעות שר החינוך והתרבות, לערור לפני הממשלה.</p>
              </content>
            </point>
            <point eId="point_21ו__point_ב">
              <num>(ב)</num>
              <content>
                <p>הממשלה רשאית לאשר את החלטת המועצה או להחזיר את הענין למועצה לדיון חוזר; החזירה הממשלה את הענין למועצה, תחזור המועצה ותדון בו מחדש, והחלטתה בדיון החוזר טעונה אישור הממשלה; החלטת הממשלה בדבר תהיה סופית.</p>
              </content>
            </point>
          </list>
        </point>
        <point eId="point_21ז">
          <heading>
            <authorialNote placement="side">
              <p>צו סגירה מאת בית־המשפט</p>
            </authorialNote>
          </heading>
          <num>21ז.</num>
          <content>
            <p>מוסד שנפתח או מתקיים ללא היתר כאמור <ref href="#point_21א">בסעיף 21א</ref>, או ללא רשיון כאמור <ref href="#point_25ג">בסעיף 25ג</ref>, רשאי בית־המשפט המחוזי, על פי בקשת היועץ המשפטי לממשלה, לצוות על סגירתו במועד ובדרך שבית־המשפט יקבע, ובלבד שצו הסגירה לא ייכנס לתקפו לפני תום שלושים יום מתאריך הצו.</p>
          </content>
        </point>
        <point eId="point_21ח">
          <heading>
            <authorialNote placement="side">
              <p>כינויים הטעונים אישור</p>
            </authorialNote>
          </heading>
          <num>21ח.</num>
          <list>
            <point eId="point_21ח__point_א">
              <num>(א)</num>
              <content>
                <p>לא ישתמש מוסד חינוך באחד הכינויים האלה – אוניברסיטה, טכניון, מכון טכנולוגי, פקולטה, אקדמיה, בית־ספר גבוה, מכללה אקדמית, השכלה גבוהה או חינוך גבוה – בין בנפרד ובין בסמיכות, ובין בצירופו, כשם או כתואר, לכינוי אחר, בין בעברית ובין בלועזית, אלא אם המוסד הוכר לפי <ref href="#point_9">סעיף 9</ref>, או שהכינוי ניתן לו בחוק או שקיבל עליו אישור מאת המועצה להשכלה גבוהה.</p>
              </content>
            </point>
            <point eId="point_21ח__point_ב">
              <num>(ב)</num>
              <content>
                <p>לא ישתמש מוסד חינוך בכינוי שיש בו כדי להצביע על היתר, הכרה או רשיון לפי חוק זה, אלא אם קיבל היתר, הוכר, או קיבל רשיון, לפי הענין.</p>
              </content>
            </point>
            <point eId="point_21ח__point_ג">
              <num>(ג)</num>
              <content>
                <p>המועצה רשאית, לאחר התייעצות עם ועדת החינוך והתרבות של הכנסת, לקבוע כללים לאישור כינויים.</p>
              </content>
            </point>
            <point eId="point_21ח__point_ד">
              <num>(ד)</num>
              <content>
                <p>על אף הוראות סעיף זה, מוסד בעל רשיון, כאמור <ref href="#point_25ג">בסעיף 25ג</ref>, רשאי להשתמש באחד מן הכינויים המנויים בסעיף קטן (א), ובלבד שיקדים לו את הכינוי שלוחה או סניף.</p>
              </content>
            </point>
          </list>
        </point>
        <point eId="point_22">
          <heading>
            <authorialNote placement="side">
              <p>תארים מוכרים</p>
            </authorialNote>
          </heading>
          <num>22.</num>
          <content>
            <p>המועצה רשאית להכיר בתואר אקדמי פלוני תואר מוכר, על יסוד כללים שנקבעו על ידיה להכרה בתארים אקדמיים (להלן – תואר מוכר).<br xml:space="preserve" xmlns=""> </br><wikicomment font-size="x-small">פורסמו <ref href="/akn/il/act/PrimaryOrSecondaryLegislation/UnknownWorkDate/כללי_המועצה_להשכלה_גבוהה_תארים_מוכרים">כללי המועצה להשכלה גבוהה (תארים מוכרים), תשכ"ד–1964</ref> (ק"ת תשכ"ד, 636).</wikicomment></p>
          </content>
        </point>
        <point eId="point_23">
          <heading>
            <authorialNote placement="side">
              <p>הענקת תארים מוכרים</p>
            </authorialNote>
          </heading>
          <num>23.</num>
          <list>
            <point eId="point_23__point_א">
              <num>(א)</num>
              <content>
                <p>המועצה רשאית להסמיך מוסד מוכר להעניק תואר מוכר לפלוני או להעניק תארים מוכרים בדרך כלל, על יסוד כללים שנקבעו על ידיה להסמכת מוסדות מוכרים לענין סעיף זה, ורשאית היא לקבוע כללים בדבר בחינות ממלכתיות שייערכו כתנאי להענקת תואר מוכר פלוני על־ידי מוסד מוכר פלוני.<br xml:space="preserve" xmlns=""> </br><wikicomment font-size="x-small">פורסמו <ref href="/akn/il/act/PrimaryOrSecondaryLegislation/UnknownWorkDate/כללי_המועצה_להשכלה_גבוהה_הסמכת_מוסד_להענקת_תואר_מוכר">כללי המועצה להשכלה גבוהה (הסמכת מוסד להענקת תואר מוכר), תשכ"ד–1964</ref> (ק"ת תשכ"ד, 635).</wikicomment></p>
              </content>
            </point>
            <point eId="point_23__point_ב">
              <num>(ב)</num>
              <list>
                <point eId="point_23__point_ב__point_none">
                  <content>
                    <p>בבואה להסמיך מוסד מוכר להעניק תואר מוכר, כאמור בסעיף קטן (א), לא תפלה המועצה בין מוסדות מוכרים מפאת סוגם.</p>
                  </content>
                </point>
              </list>
            </point>
            <point eId="point_23__point_סעיף_זה,_”תואר_מוכר">
              <content>
                <p>
                  <def />בסעיף זה, ”תואר מוכר“ – לרבות צירופי התואר והקיצורים הנוהגים בו.</p>
              </content>
            </point>
          </list>
        </point>
        <point eId="point_24">
          <heading>
            <authorialNote placement="side">
              <p>פיקוח על הענקת תארים</p>
            </authorialNote>
          </heading>
          <num>24.</num>
          <content>
            <p>המועצה רשאית, בעצמה או על־ידי מי שתמנה לכך, לפקח על הענקת תארים מוכרים, והיא רשאית לקבוע כללים לפיקוח לפי סעיף זה.</p>
          </content>
        </point>
        <point eId="point_25">
          <heading>
            <authorialNote placement="side">
              <p>הגנת תואר מוכר</p>
            </authorialNote>
          </heading>
          <num>25.</num>
          <content>
            <p>תואר שהוכר לפי חוק זה יוכר לענין כל דין אחר.</p>
          </content>
        </point>
        <point eId="point_25א">
          <heading>
            <authorialNote placement="side">
              <p>שוויון תארים מוכרים</p>
            </authorialNote>
          </heading>
          <num>25א.</num>
          <content>
            <p>תארים מוכרים זהים המוענקים על ידי מוסדות מוכרים להשכלה גבוהה מסוגים שונים – דינם אחד, לרבות לענין קבלה לעבודה, דירוג העובד ודרגתו ושכר ותנאי עבודה.</p>
          </content>
        </point>
        <point eId="point_25ב">
          <heading>
            <authorialNote placement="side">
              <p>סיוע לתלמידים</p>
            </authorialNote>
          </heading>
          <num>25ב.</num>
          <list>
            <point eId="point_25ב__point_א">
              <num>(א)</num>
              <content>
                <p>במערך הסיוע שמקיימת המדינה לתלמידים במוסדות מוכרים, במסגרת חוק התקציב, ייקבעו אמות מידה, בין היתר, להעדפתם של תלמידים שהם תושבי קבע באזורי עדיפות לאומית שקבעה הממשלה, ושל תלמידים במוסדות להשכלה גבוהה או במכללות אקדמיות, המצויים באזורים אלה;</p>
              </content>
            </point>
            <point eId="point_25ב__point_א1">
              <num>(א1)</num>
              <list>
                <intro>
                  <p>תלמיד שהוא יוצא צבא החייב להתייצב לשירות סדיר ולא התייצב, בלא צידוק מספיק, או עריק משירות סדיר, והכל כפי שנקבע בפקודות הצבא, לא יהיה זכאי לקבל סיוע לפי סעיף קטן (א) כל עוד מתקיים בו האמור; לעניין זה –</p>
                </intro>
                <point eId="point_25ב__point_א1__point_פקודות_הצבא">
                  <content>
                    <p>
                      <def />”פקודות הצבא“ – כהגדרתן <ref href="/akn/il/act/PrimaryLegislation/1955-07-20/148698">בחוק השיפוט הצבאי, התשט"ו–1959</ref>;</p>
                  </content>
                </point>
                <point eId="point_25ב__point_א1__point_יוצא_צבא">
                  <content>
                    <p>
                      <def />”יוצא צבא“ ו”שירות סדיר“ – כהגדרתם <ref href="/akn/il/act/PrimaryOrSecondaryLegislation/UnknownWorkDate/חוק_שירות_הביטחון">בחוק שירות הביטחון [נוסח משולב], התשמ"ו–1986</ref>.</p>
                  </content>
                </point>
              </list>
            </point>
            <point eId="point_25ב__point_ב">
              <num>(ב)</num>
              <content>
                <p>בסעיף זה, ”תלמידים במוסדות מוכרים“ – לרבות תלמידים הלומדים לקראת קבלת תואר שהוכר כאמור <ref href="#point_28א">בסעיף 28א</ref>.</p>
              </content>
            </point>
          </list>
        </point>
        <point eId="point_25ג">
          <heading>
            <authorialNote placement="side">
              <p>רשיון לפעולה של מוסד המבטיח תואר אקדמי פלוני</p>
            </authorialNote>
          </heading>
          <num>25ג.</num>
          <content>
            <p>לא יפתח אדם ולא יקיים מוסד המעניק או המבטיח להעניק תואר אקדמי פלוני (להלן – תואר) או המקיים לימודים המקנים בסיומם תואר או נקודות זכות לקראת תואר, ולא יפרסם דבר פתיחתו או קיומו של מוסד כאמור, אם המוסד לא הוכר לפי <ref href="#point_9">סעיף 9</ref> או שלא ניתנה לו תעודת היתר לפי <ref href="#point_21א">סעיף 21א</ref>, אלא אם כן ניתן למוסד רשיון מאת המועצה (להלן – רשיון).</p>
          </content>
        </point>
        <point eId="point_25ד">
          <heading>
            <authorialNote placement="side">
              <p>כללים ותנאים לרשיון</p>
            </authorialNote>
          </heading>
          <num>25ד.</num>
          <list>
            <point eId="point_25ד__point_א">
              <num>(א)</num>
              <content>
                <p>המועצה תיתן רשיון כאמור <ref href="#point_25ג">בסעיף 25ג</ref> למוסד (להלן – מוסד בישראל) שהוא שלוחה או סניף של מוסד להשכלה גבוהה הפועל בארץ אחרת (להלן – מוסד־האם).</p>
              </content>
            </point>
            <point eId="point_25ד__point_ב">
              <num>(ב)</num>
              <list>
                <intro>
                  <p>שלוחה או סניף של מוסד־אם הוא מוסד שנתקיימו בו, להנחת דעתה של המועצה, כל אלה:</p>
                </intro>
                <point eId="point_25ד__point_ב__point_1">
                  <num>(1)</num>
                  <content>
                    <p>המוסד בישראל נסמך על מוסדותיו האקדמיים של מוסד־האם ואינו מקיים ועדת מינויים משלו או מוסדות אקדמיים הקובעים מדיניות ותכנית לימודים;</p>
                  </content>
                </point>
                <point eId="point_25ד__point_ב__point_2">
                  <num>(2)</num>
                  <content>
                    <p>מוסד־האם מוכר כמוסד להשכלה גבוהה על פי הדין החל בארץ שבה הוא פועל (להלן – ארץ־האם), ומוסמך על פי הדין האמור להעניק תארים אקדמיים ובכללם את התואר המובטח או המוענק לתלמידי המוסד בישראל;</p>
                  </content>
                </point>
                <point eId="point_25ד__point_ב__point_3">
                  <num>(3)</num>
                  <content>
                    <p>המועצה הכירה בהליך מסוים של הסמכה להעניק תארים אקדמיים, המתקיים בארץ־האם ובגוף המסמיך את מוסד־האם;</p>
                  </content>
                </point>
                <point eId="point_25ד__point_ב__point_4">
                  <num>(4)</num>
                  <content>
                    <p>הלימודים המתקיימים על ידי המוסד בישראל מוכרים על ידי מוסד־האם, בהתאם לדין החל בארץ־האם, ומצויים תחת פיקוחו של מוסד־האם;</p>
                  </content>
                </point>
                <point eId="point_25ד__point_ב__point_5">
                  <num>(5)</num>
                  <content>
                    <p>כל הלימודים המתקיימים על ידי המוסד בישראל זהים, או שונים רק במקצת, מן הלימודים המתקיימים באותו תחום במוסד־האם בארץ־האם;</p>
                  </content>
                </point>
                <point eId="point_25ד__point_ב__point_6">
                  <num>(6)</num>
                  <list>
                    <intro>
                      <p>המוסד בישראל מקיים את לימודיו על ידי מרצים שהם –</p>
                    </intro>
                    <point eId="point_25ד__point_ב__point_6__point_א">
                      <num>(א)</num>
                      <content>
                        <p>כולם בעלי מינוי אקדמי כמוסד־האם;</p>
                      </content>
                    </point>
                    <point eId="point_25ד__point_ב__point_6__point_ב">
                      <num>(ב)</num>
                      <content>
                        <p>לפחות 20% מהם, משרתם העיקרית היא במוסד האמור, או שהם מרצים בו באופן קבוע כמשך תקופה שלא תפחת מארבע שנים;</p>
                      </content>
                    </point>
                  </list>
                </point>
                <point eId="point_25ד__point_ב__point_7">
                  <num>(7)</num>
                  <content>
                    <p>תכנית הלימודים במוסד בישראל, בהיקף של 30% לפחות, מתקיימת על ידי מרצים שמשרתם העיקרית במוסד־האם;</p>
                  </content>
                </point>
                <point eId="point_25ד__point_ב__point_8">
                  <num>(8)</num>
                  <list>
                    <point eId="point_25ד__point_ב__point_8__point_א">
                      <num>(א)</num>
                      <content>
                        <p>אם התואר המובטח או המוענק לתלמידי המוסד בישראל זהה, או שווה־ערך, לתואר אקדמי ראשון מוכר הנהוג בישראל במוסדות מוכרים להשכלה גבוהה (להלן – תואר ראשון), לא יפחתו היקף הלימודים לתואר ומשך הלימודים, או יפחתו רק במקצת, מהיקף הלימודים ומשך הלימודים לתואר האקדמי הראשון המוכר האמור הנהוגים בישראל, ובלבד שלא יפחתו משישה סימסטרים אקדמיים מלאים הנהוגים בישראל;</p>
                      </content>
                    </point>
                    <point eId="point_25ד__point_ב__point_8__point_ב">
                      <num>(ב)</num>
                      <content>
                        <p>אם התואר המובטח או המוענק לתלמידי המוסד בישראל זהה או שווה־ערך לתואר אקדמי שני מוכר הנהוג בישראל במוסדות מוכרים להשכלה גבוהה (להלן – תואר שני), לא יפחת היקף הלימודים לתואר, או יפחת רק במקצת, מהיקף הלימודים לתואר האקדמי השני המוכר הנהוג בישראל;</p>
                      </content>
                    </point>
                    <point eId="point_25ד__point_ב__point_8__point_ג">
                      <num>(ג)</num>
                      <content>
                        <p>לענין פסקה זו, ”היקף הלימודים“ ו”משך הלימודים“ – בין אם הלימודים האקדמיים נערכים כולם במוסד בישראל או במוסד בישראל ובמוסד־האם במצטבר;</p>
                      </content>
                    </point>
                    <point eId="point_25ד__point_ב__point_8__point_ד">
                      <num>(ד)</num>
                      <content>
                        <p>על אף האמור בפסקה זו לענין היקף הלימודים ומשך הלימודים, רשאית המועצה, במליאתה, ובאישור ועדת החינוך והתרבות של הכנסת, לקבוע כללים והוראות לגבי הכרה בלימודים על־תיכוניים קודמים;</p>
                      </content>
                    </point>
                  </list>
                </point>
                <point eId="point_25ד__point_ב__point_9">
                  <num>(9)</num>
                  <list>
                    <point eId="point_25ד__point_ב__point_9__point_א">
                      <num>(א)</num>
                      <content>
                        <p>אם התואר המובטח או המוענק לתלמידי המוסד בישראל הוא תואר ראשון, לא יקבל המוסד בישראל תלמידים ללימודים אלא על יסוד תעודת בגרות ישראלית או תעודה שוות־ערך, ואולם רשאי המוסד בישראל, בהתאם לכללי המועצה הקבועים לגבי מוסדות להשכלה גבוהה בישראל, לפטור תלמידים מדרישה זו;</p>
                      </content>
                    </point>
                    <point eId="point_25ד__point_ב__point_9__point_ב">
                      <num>(ב)</num>
                      <content>
                        <p>אם התואר המובטח או המוענק לתלמידי המוסד בישראל הוא תואר שני, לא יקבל המוסד בישראל תלמידים ללימודים אלא על יסוד תואר אקדמי ראשון;</p>
                      </content>
                    </point>
                  </list>
                </point>
                <point eId="point_25ד__point_ב__point_10">
                  <num>(10)</num>
                  <content>
                    <p>התואר המובטח או המוענק לתלמידי המוסד בישראל מוכר על פי הדין החל בארץ־האם וזהה, לכל דבר וענין, לתואר המוענק על ידי מוסד־האם לבוגריו באותה תכנית לימודים בארץ־האם;</p>
                  </content>
                </point>
                <point eId="point_25ד__point_ב__point_11">
                  <num>(11)</num>
                  <content>
                    <p>המוסד בישראל אינו מקיים תכנית לימודים לתואר שלישי ואינו מעניק או מבטיח כי יוענק תואר שלישי, אלא אם כן הוכר לענין זה כמוסד להשכלה גבוהה לפי <ref href="#point_9">סעיף 9</ref>;</p>
                  </content>
                </point>
                <point eId="point_25ד__point_ב__point_12">
                  <num>(12)</num>
                  <content>
                    <p>מוסד־האם מתחייב לראות בבוגרי המוסד בישראל כשירים ללימודים מתקדמים על פי אותם תנאים החלים על בוגרי מוסד־האם, ולקבל את תלמידי המוסד בישראל, אם זה פסק מלפעול, להמשך לימודי התואר שלקראתו למדו בישראל;</p>
                  </content>
                </point>
                <point eId="point_25ד__point_ב__point_13">
                  <num>(13)</num>
                  <content>
                    <p>המוסד בישראל מקיים את הלימודים במקום הולם בעל תנאים מתאימים, לרבות אמצעים הנדרשים להבטחת רמת לימודים נאותה.</p>
                  </content>
                </point>
              </list>
            </point>
          </list>
        </point>
        <point eId="point_25ה">
          <heading>
            <authorialNote placement="side">
              <p>שיתוף פעולה עם מוסדות להשכלה גבוהה</p>
            </authorialNote>
          </heading>
          <num>25ה.</num>
          <list>
            <point eId="point_25ה__point_א">
              <num>(א)</num>
              <content>
                <p>מוסד בישראל שהוא שלוחה או סניף של מוסד־אם לא יפעל בשיתוף עם מוסד מוכר להשכלה גבוהה או מוסד שקיבל היתר לפי חוק זה, אלא אם כן אישרה זאת המועצה, ובתנאים שאישרה.</p>
              </content>
            </point>
            <point eId="point_25ה__point_ב">
              <num>(ב)</num>
              <content>
                <p>המועצה רשאית לאשר, בתנאים שתקבע, למוסד בישראל שהוא שלוחה או סניף של מוסד־אם, להשתמש במבנים או באמצעי הוראה אחרים של מוסד מוכר להשכלה גבוהה או של מוסד שקיבל היתר לפי חוק זה.</p>
              </content>
            </point>
          </list>
        </point>
        <point eId="point_25ו">
          <heading>
            <authorialNote placement="side">
              <p>השתתפות בתקציב</p>
            </authorialNote>
          </heading>
          <num>25ו.</num>
          <content>
            <p>המדינה לא תשתתף בתקציבו של מוסד בישראל שהוא שלוחה או סניף של מוסד־אם אלא מנימוקים מיוחדים, באישור הממשלה, על פי הצעת המועצה.</p>
          </content>
        </point>
        <point eId="point_25ז">
          <heading>
            <authorialNote placement="side">
              <p>מידע וביקורת</p>
            </authorialNote>
          </heading>
          <num>25ז.</num>
          <content>
            <p>המוסד בישראל יציג בפני המועצה, בכל עת לפי דרישתה, פרטים בדבר מבנהו ופעילותו, וכל מידע אחר שתדרוש ממנו המועצה; המועצה, או מי מטעמה, רשאים לבקר במוסד בישראל לשם בדיקת התקיימותם של התנאים לרשיון.</p>
          </content>
        </point>
        <point eId="point_25ח">
          <heading>
            <authorialNote placement="side">
              <p>קביעת תנאים</p>
            </authorialNote>
          </heading>
          <num>25ח.</num>
          <list>
            <point eId="point_25ח__point_א">
              <num>(א)</num>
              <content>
                <p>המועצה רשאית להתנות מתן רשיון כאמור <ref href="#point_25ג">בסעיף 25ג</ref> בתנאים, לשם קיום הוראות <ref href="#point_25ד">סעיף 25ד</ref>, בין שהמוסד בישראל חייב למלאם קודם למתן הרשיון ובין לאחר שניתן לו.</p>
              </content>
            </point>
            <point eId="point_25ח__point_ב">
              <num>(ב)</num>
              <content>
                <p>אין בהוראות <ref href="#point_25ד">סעיף 25ד</ref> כדי למנוע ממוסד בישראל לקיים הוראה ובחינות בשפה העברית או בשפה הערבית, אלא אם כן סברה המועצה כי קיום הוראה ובחינות כאמור עלול לפגוע באפשרות של מוסד־האם לקיים פיקוח על המוסד בישראל לשם קיום הוראות <ref href="#point_25ד">הסעיף האמור</ref>.</p>
              </content>
            </point>
          </list>
        </point>
        <point eId="point_25ט">
          <heading>
            <authorialNote placement="side">
              <p>רשיון זמני</p>
            </authorialNote>
          </heading>
          <num>25ט.</num>
          <content>
            <p>המועצה רשאית ליתן רשיון זמני למוסד בישראל, לתקופה שתקבע ושלא תעלה על ארבע שנים, אף אם אינו מקיים תנאי מן התנאים המפורטים <ref href="#point_25ד">בסעיף 25ד</ref>, ורשאית היא להתנותו בתנאים כאמור <ref href="#point_25ח">בסעיף 25ח</ref>.</p>
          </content>
        </point>
        <point eId="point_25י">
          <heading>
            <authorialNote placement="side">
              <p>חובת גילוי בפרסום</p>
            </authorialNote>
          </heading>
          <num>25י.</num>
          <content>
            <p>מוסד בעל רשיון יציין, בכל פרסומיו לציבור, כי התואר שיוענק ללומדים בתום לימודיהם, הנו תואר אקדמי של מוסד־האם בחוץ־לארץ ואינו תואר אקדמי ישראלי ויציין את זהות ארץ־האם; אופן הציון כי למוסד רשיון מאת המועצה ייקבע בכללים על ידי המועצה, באישור ועדת החינוך והתרבות של הכנסת.<br xml:space="preserve" xmlns=""> </br><wikicomment font-size="x-small">פורסמו <ref href="/akn/il/act/PrimaryOrSecondaryLegislation/UnknownWorkDate/כללי_המועצה_להשכלה_גבוהה_אופן_פרסום_מוסד_בעל_רשיון">כללי המועצה להשכלה גבוהה (אופן פרסום מוסד בעל רשיון), תשנ"ט–1999</ref> (ק"ת תשנ"ט, 445).</wikicomment></p>
          </content>
        </point>
        <point eId="point_25יא">
          <heading>
            <authorialNote placement="side">
              <p>ביטול או התלייה של רשיון</p>
            </authorialNote>
          </heading>
          <num>25יא.</num>
          <content>
            <p>לא קוים או פסק מלהתקיים תנאי מתנאי <ref href="#point_25ד">סעיף 25ד</ref> או תנאי מן התנאים למתן הרשיון לפי <ref href="#point_25ח">סעיפים 25ח</ref><ref href="#point_25ט">או 25ט</ref>, או שהפר המוסד את הוראות <ref href="#point_25ה">סעיפים 25ה</ref>, <ref href="#point_25ז">25ז</ref><ref href="#point_25י">או 25י</ref>, רשאית המועצה לבטל את הרשיון או להתלותו לתקופה שתקבע; המועצה לא תחליט על ביטול הרשיון או על התלייתו אלא לאחר שנתנה למוסד הזדמנות להשמיע דברו וקבעה תקופה סבירה לתקן את הטעון תיקון לשם הבטחת קיום התנאים או ההוראות כאמור.</p>
          </content>
        </point>
        <point eId="point_25יב">
          <heading>
            <authorialNote placement="side">
              <p>מתן החלטה</p>
            </authorialNote>
          </heading>
          <num>25יב.</num>
          <content>
            <p>המועצה תודיע למבקש רשיון על החלטתה בבקשתו, תוך שנה מיום הגשת הבקשה.</p>
          </content>
        </point>
        <point eId="point_25יג">
          <heading>
            <authorialNote placement="side">
              <p>בקשה חוזרת למתן רשיון</p>
            </authorialNote>
          </heading>
          <num>25יג.</num>
          <content>
            <p>מוסד בישראל שסורבה בקשתו לרשיון או שבוטל הרשיון שניתן לו, רשאי כעבור שנה לחזור ולהביא לפני המועצה בקשה למתן רשיון, על יסוד ראיות שיביא כי העילות ששימשו לסירוב או לביטול אינן קיימות עוד.</p>
          </content>
        </point>
        <point eId="point_25יד">
          <heading>
            <authorialNote placement="side">
              <p>הודעה על מתן רשיון, התלייתו או ביטולו</p>
            </authorialNote>
          </heading>
          <num>25יד.</num>
          <content>
            <p>הודעה על מתן רשיון, התלייתו או ביטולו תפורסם ברשומות, ויצוין בה מועד מתן הרשיון, התלייתו או ביטולו, לפי הענין.</p>
          </content>
        </point>
        <point eId="point_25טו">
          <heading>
            <authorialNote placement="side">
              <p>כללים לביצוע</p>
            </authorialNote>
          </heading>
          <num>25טו.</num>
          <content>
            <p>המועצה רשאית לקבוע, באישור ועדת החינוך והתרבות של הכנסת, כללים לביצוע סמכויותיה לפי <ref href="#point_25ד">סעיפים 25ד עד 25יג</ref>.</p>
          </content>
        </point>
        <point eId="point_25טז">
          <heading>
            <authorialNote placement="side">
              <p>דין תואר של מוסד בעל רשיון</p>
            </authorialNote>
          </heading>
          <num>25טז.</num>
          <content>
            <p>תואר המוענק לבוגרי מוסד בעל רשיון כאמור <ref href="#point_25ג">בסעיף 25ג</ref> דינו, לכל דבר וענין למעט לענין קבלה לעבודה, לענין דירוג העובד ודרגתו ולענין שכר ותנאי עבודה, כדין התואר הזהה המוענק על ידי מוסד־האם בארץ־האם, ואין בהענקת הרשיון למוסד בישראל משום הכרה של המועצה במוסד בישראל כמוסד מוכר להשכלה גבוהה או משום הסמכתו של המוסד בישראל להעניק תארים מוכרים כמשמעותם בחוק זה.</p>
          </content>
        </point>
        <point eId="point_26">
          <heading>
            <authorialNote placement="side">
              <p>עבירות</p>
            </authorialNote>
          </heading>
          <num>26.</num>
          <list>
            <intro>
              <p>העושה אחד מאלה, דינו – מאסר שנה אחת:</p>
            </intro>
            <point eId="point_26__point_1">
              <num>(1)</num>
              <content>
                <p>מוסר ידיעות למועצה או בשבילה בענין הנתון לסמכותה, והוא יודע שהן כוזבות;</p>
              </content>
            </point>
            <point eId="point_26__point_2">
              <num>(2)</num>
              <content>
                <p>מעניק תואר מוכר או מסייע להענקתו ואין הוא מוסמך לכך לפי חוק זה;</p>
              </content>
            </point>
            <point eId="point_26__point_3">
              <num>(3)</num>
              <content>
                <p>מתחזה כבעל תואר מוכר שהוענק לו לפי חוק זה, כשלא הוענק לו תואר כאמור;</p>
              </content>
            </point>
            <point eId="point_26__point_4">
              <num>(4)</num>
              <content>
                <p>המפר הוראה מהוראות <ref href="#point_21א">סעיף 21א</ref> או תקנה לפיו;</p>
              </content>
            </point>
            <point eId="point_26__point_5">
              <num>(5)</num>
              <content>
                <p>המפר הוראה מההוראות האמורות <ref href="#point_21ח">בסעיף 21ח</ref>;</p>
              </content>
            </point>
            <point eId="point_26__point_6">
              <num>(6)</num>
              <content>
                <p>המפר הוראה מהוראות <ref href="#point_25ג">סעיף 25ג</ref>;</p>
              </content>
            </point>
            <point eId="point_26__point_7">
              <num>(7)</num>
              <content>
                <p>המפר הוראה מהוראות <ref href="#point_25י">סעיף 25י</ref>.</p>
              </content>
            </point>
          </list>
        </point>
        <point eId="point_26א">
          <heading>
            <authorialNote placement="side">
              <p>סמכויות הממונה על הגנת הצרכן והסחר ההוגן</p>
            </authorialNote>
          </heading>
          <num>26א.</num>
          <content>
            <p>מבלי לגרוע מן האמור <ref href="#point_26">בסעיף 26</ref>, יראו עבירה לפי <ref href="#point_26">פסקאות (2) ו־(4) עד (7) לסעיף האמור</ref> גם כעבירה לפי <ref href="/akn/il/act/PrimaryLegislation/1981-04-26/148395">חוק הגנת הצרכן, התשמ"א–1981</ref>, ולממונה על הגנת הצרכן והסחר ההוגן לפי <ref href="/akn/il/act/PrimaryLegislation/1981-04-26/148395">החוק האמור</ref> יהיו נתונות, לענין עבירות אלה, כל הסמכויות שיש לו לפי <ref href="/akn/il/act/PrimaryLegislation/1981-04-26/148395#chp_ה">פרקים ה׳</ref><ref href="/akn/il/act/PrimaryLegislation/1981-04-26/148395#chp_ו">ו־ו׳ לאותו חוק</ref>.</p>
          </content>
        </point>
        <point eId="point_27">
          <heading>
            <authorialNote placement="side">
              <p>דין המדינה</p>
            </authorialNote>
          </heading>
          <num>27.</num>
          <list>
            <point eId="point_27__point_א">
              <num>(א)</num>
              <content>
                <p>הוראות חוק זה יחולו גם על המדינה, אולם <ref href="#point_14">סעיפים 14</ref>, <ref href="#point_15">15</ref>, <ref href="#point_17">17</ref><ref href="#point_17א">ו־17א</ref> לא יחולו על מוסד להכשרת עובדי חינוך שהיא מקיימת.</p>
              </content>
            </point>
            <point eId="point_27__point_ב">
              <num>(ב)</num>
              <content>
                <p>שר החינוך והתרבות רשאי, על פי הצעת המועצה או מיזמתו ובהסכמת המועצה, ובאישור ועדת החינוך והתרבות של הכנסת, להתקין תקנות בדבר חופש פעולה של מוסד כאמור בסעיף קטן (א), בענינים המנויים <ref href="#point_15">בסעיף 15</ref>, כולם או מקצתם.<br xml:space="preserve" xmlns=""> </br><wikicomment font-size="x-small">פורסמו <ref href="/akn/il/act/SecondaryLegislation/2018-05-22/52905">תקנות המועצה להשכלה גבוהה (חופש פעולה של מוסד להכשרת עובדי חינוך), התשע"ח–2018</ref>.</wikicomment></p>
              </content>
            </point>
          </list>
        </point>
        <point eId="point_28">
          <heading>
            <authorialNote placement="side">
              <p>אי־תחולה</p>
            </authorialNote>
          </heading>
          <num>28.</num>
          <content>
            <p>
              <ref href="/akn/il/act/PrimaryLegislation/1978-08-15/2002299">פקודת החינוך</ref> לא תחול על מוסד שהוכר, על מוסד שניתן לו היתר ועל מוסד שניתן לו רשיון לפי חוק זה.</p>
          </content>
        </point>
        <point eId="point_28א">
          <heading>
            <authorialNote placement="side">
              <p>תחולה של סמכויות, זכויות וחובות באזור</p>
            </authorialNote>
          </heading>
          <num>28א.</num>
          <content>
            <p>המועצה תהיה מוסמכת להפעיל את סמכויותיה לפי חוק זה כלפי ישראלים באזור, והזכויות והחובות לפי חוק זה יחולו עליהם; לעניין זה, ”אזור“ ו”ישראלי“ – כהגדרתם <ref href="/akn/il/act/PrimaryLegislation/1969-01-08/149189">בתקנות שעת חירום (יהודה והשומרון – שיפוט בעבירות ועזרה משפטית), התשכ"ז–1967</ref>, כפי שהוארך תוקפן ותוקן נוסחן בחוק מעת לעת.</p>
          </content>
        </point>
        <point eId="point_29">
          <heading>
            <authorialNote placement="side">
              <p>ביצוע</p>
            </authorialNote>
          </heading>
          <num>29.</num>
          <content>
            <p>שר החינוך והתרבות ממונה על ביצוע חוק זה והוא יביא לפני הממשלה החלטות המועצה הטעונות אישור והצעותיה, ולפני הנשיא – כל ענין שיש להביא לפניו לפי חוק זה.</p>
          </content>
        </point>
        <point eId="point_30">
          <heading>
            <authorialNote placement="side">
              <p>תקנות</p>
            </authorialNote>
          </heading>
          <num>30.</num>
          <content>
            <p>שר החינוך והתרבות רשאי, לאחר התייעצות עם המועצה, להתקין תקנות לביצוע חוק זה, ובין השאר, בדבר מועדים לטיפול, תוך זמן סביר, בבקשות למתן רשיון למוסדות ובבקשות הכרה של מוסדות – משעת הגשתן עד ההחלטה בהן, במועצה ובממשלה.</p>
          </content>
        </point>
        <point eId="point_31">
          <heading>
            <authorialNote placement="side">
              <p>אגרות</p>
            </authorialNote>
          </heading>
          <num>31.</num>
          <list>
            <intro>
              <p>שר החינוך, בהסכמת שר האוצר ובאישור ועדת החינוך התרבות והספורט של הכנסת, רשאי לקבוע בתקנות אגרות בעד הגשת בקשות כמפורט להלן, ורשאי הוא לקבוע אגרות שונות בשים לב לסוגים שונים של מוסדות להשכלה גבוהה:</p>
            </intro>
            <point eId="point_31__point_1">
              <num>(1)</num>
              <content>
                <p>בקשה להכרה לפי <ref href="#point_9">סעיף 9</ref>;</p>
              </content>
            </point>
            <point eId="point_31__point_2">
              <num>(2)</num>
              <content>
                <p>בקשה לתעודת היתר לפי <ref href="#point_21א">סעיף 21א</ref>;</p>
              </content>
            </point>
            <point eId="point_31__point_3">
              <num>(3)</num>
              <content>
                <p>בקשה להסמכה לפי <ref href="#point_23">סעיף 23</ref>;</p>
              </content>
            </point>
            <point eId="point_31__point_4">
              <num>(4)</num>
              <content>
                <p>בקשה לרישיון לפי <ref href="#point_25ג">סעיף 25ג</ref>;</p>
              </content>
            </point>
            <point eId="point_31__point_5">
              <num>(5)</num>
              <content>
                <p>בקשה להכרה בתארים לפי <ref href="#point_28א">סעיף 28א</ref>.<br xml:space="preserve" xmlns=""> </br>iswrapup="true"&gt;
  <wikicomment font-size="x-small">פורסמו <ref href="/akn/il/act/PrimaryOrSecondaryLegislation/UnknownWorkDate/תקנות_המועצה_להשכלה_גבוהה_אגרות">תקנות המועצה להשכלה גבוהה (אגרות), תשע"ב–2012</ref> (ק"ת תשע"ב, 1667).</wikicomment></p>
              </content>
            </point>
          </list>
        </point>
      </list>
    </body>
    <conclusions eId="eId">
      <p class="signatures">
        <signature>
          <p>
            <person refersTo="דוד_בן־גוריון">דוד בן־גוריון</person>
            <role refersTo="ראש_הממשלה">ראש הממשלה</role>
          </p>
        </signature>
        <signature>
          <p>
            <person refersTo="זלמן_ארן">זלמן ארן</person>
            <role refersTo="שר_החינוך_והתרבות">שר החינוך והתרבות</role>
          </p>
        </signature>
        <signature>
          <p>
            <person refersTo="יצחק_בן־צבי">יצחק בן־צבי</person>
            <role refersTo="נשיא_המדינה">נשיא המדינה</role>
          </p>
        </signature>
      </p>
    </conclusions>
  </act>
</akomaNtoso>