﻿<?xml version="1.0" encoding="utf-8"?>
<akomaNtoso xmlns="http://docs.oasis-open.org/legaldocml/ns/akn/3.0">
  <act contains="originalVersion" name="publicLaw">
    <meta>
      <identification source="#kensset">
        <FRBRWork>
          <FRBRthis value="/akn/il/act/PrimaryLegislation/1965-08-01/148920/main" />
          <FRBRuri value="/akn/il/act/PrimaryLegislation/1965-08-01/148920" />
          <FRBRdate date="1965-08-01" name="Generation" />
          <FRBRauthor href="#knesset" as="#author" />
          <FRBRcountry value="israel" />
        </FRBRWork>
        <FRBRExpression>
          <FRBRthis value="/akn/il/act/PrimaryLegislation/1965-08-01/148920/he@/main" />
          <FRBRuri value="/akn/il/act/PrimaryLegislation/1965-08-01/148920/he@" />
          <FRBRdate date="1965-08-01" name="Generation" />
          <FRBRauthor href="#knesset" as="#author" />
          <FRBRlanguage language="hebrew" />
        </FRBRExpression>
        <FRBRManifestation>
          <FRBRthis value="/akn/il/act/PrimaryLegislation/1965-08-01/148920/he@/main.xml" />
          <FRBRuri value="/akn/il/act/PrimaryLegislation/1965-08-01/148920/he@" />
          <FRBRdate date="1965-08-01" name="Generation" />
          <FRBRauthor href="#knesset" as="#author" />
          <FRBRformat value="xml" />
        </FRBRManifestation>
      </identification>
      <classification source="#kensset">
        <keyword value="{classificationValue}" showAs="{classificationValue}" dictionary="#classification_dictionary" />
      </classification>
      <lifecycle source="#kensset">
        <eventRef eId="eventRef_1" date="1965-08-01" source="#kensset" type="generation" />
      </lifecycle>
      <references source="#kensset">
        <TLCOrganization eId="kensset" href="/ontology/organization/akn/knesset" showAs="Kensset" type="generation" />
        <TLCRole eId="author" href="/ontology/role/akn/author" showAs="Author of Document" />
        <TLCProcess eId="inforce" href="/ontology/process/akn/inforce" showAs="In force" />
        <TLCPerson eId="לוי_אשכול" href="/ontology/person/לוי_אשכול" showAs="לוי אשכול" />
        <TLCPerson eId="לוי_אשכול" href="/ontology/person/לוי_אשכול" showAs="לוי אשכול" />
        <TLCPerson eId="שניאור_זלמן_שזר" href="/ontology/person/שניאור_זלמן_שזר" showAs="שניאור זלמן שזר" />
        <TLCRole eId="ראש_הממשלה" href="ontology/role/akn/ראש_הממשלה" showAs="ראש הממשלה" />
        <TLCRole eId="שר_הבטחון" href="ontology/role/akn/שר_הבטחון" showAs="שר הבטחון" />
        <TLCRole eId="נשיא_המדינה" href="ontology/role/akn/נשיא_המדינה" showAs="נשיא המדינה" />
      </references>
      <temporalData source="#kensset">
        <temporalGroup eId="tmpg_1" />
      </temporalData>
      <Publication></Publication>
    </meta>
    <body period="#tmpg_1">
      <title eId="title">
        <content>
          <p>חוק תגמול לחייל הנפגע בהצלת חיי הזולת, תשכ"ה–1965</p>
        </content>
      </title>
      <list>
        <point eId="point_1">
          <heading>
            <authorialNote placement="side">
              <p>פרשנות</p>
            </authorialNote>
          </heading>
          <num>1.</num>
          <content>
            <p>בחוק זה, משמעותו של כל ביטוי כמשמעותו <ref href="/akn/il/act/PrimaryLegislation/1959-09-23/2002247">בחוק הנכים (תגמולים ושיקום), תשי"ט–1959 [נוסח משולב]</ref>, או <ref href="/akn/il/act/PrimaryOrSecondaryLegislation/UnknownWorkDate/חוק_משפחות_החיילים_שנספו_במערכה_תגמולים_ושיקום">בחוק משפחות החיילים שנספו במערכה (תגמולים ושיקום), תש"י–1950</ref>, לפי הענין.</p>
          </content>
        </point>
        <point eId="point_2">
          <heading>
            <authorialNote placement="side">
              <p>דין חייל בהצלת נפש</p>
            </authorialNote>
          </heading>
          <num>2.</num>
          <content>
            <p>חייל שהקריב חייו או נעשה נכה עקב הצלת אדם מסכנת קיפוח חייו, דינו לכל דבר כדין נכה צבא־הגנה לישראל או חייל שנספה במערכה, לפי הענין.</p>
          </content>
        </point>
        <point eId="point_3">
          <heading>
            <authorialNote placement="side">
              <p>הגדרת נסיבות</p>
            </authorialNote>
          </heading>
          <num>3.</num>
          <content>
            <p>הנסיבות בהן יראו פעולה כפעולת הצלה לענין <ref href="#point_2">סעיף 2</ref> ייקבעו בתקנות באישור ועדת העבודה של הכנסת.<br xml:space="preserve" xmlns=""> </br><wikicomment font-size="x-small">פורסמו <ref href="/akn/il/act/SecondaryLegislation/1968-03-14/13459">תקנות תגמול לחייל הנפגע בהצלת חיי הזולת, תשכ"ח–1968</ref>.</wikicomment></p>
          </content>
        </point>
        <point eId="point_4">
          <heading>
            <authorialNote placement="side">
              <p>ביצוע</p>
            </authorialNote>
          </heading>
          <num>4.</num>
          <content>
            <p>שר הבטחון ממונה על ביצוע חוק זה והוא רשאי להתקין תקנות לביצועו.</p>
          </content>
        </point>
      </list>
    </body>
    <conclusions eId="eId">
      <p class="signatures">
        <signature>
          <p>
            <person refersTo="לוי_אשכול">לוי אשכול</person>
            <role refersTo="ראש_הממשלה">ראש הממשלה</role>
          </p>
        </signature>
        <signature>
          <p>
            <person refersTo="לוי_אשכול">לוי אשכול</person>
            <role refersTo="שר_הבטחון">שר הבטחון</role>
          </p>
        </signature>
        <signature>
          <p>
            <person refersTo="שניאור_זלמן_שזר">שניאור זלמן שזר</person>
            <role refersTo="נשיא_המדינה">נשיא המדינה</role>
          </p>
        </signature>
      </p>
    </conclusions>
  </act>
</akomaNtoso>