﻿<?xml version="1.0" encoding="utf-8"?>
<akomaNtoso xmlns="http://docs.oasis-open.org/legaldocml/ns/akn/3.0">
  <act contains="originalVersion" name="publicLaw">
    <meta>
      <identification source="#kensset">
        <FRBRWork>
          <FRBRthis value="/akn/il/act/PrimaryLegislation/1963-08-16/148301/main" />
          <FRBRuri value="/akn/il/act/PrimaryLegislation/1963-08-16/148301" />
          <FRBRdate date="1963-08-16" name="Generation" />
          <FRBRauthor href="#knesset" as="#author" />
          <FRBRcountry value="israel" />
        </FRBRWork>
        <FRBRExpression>
          <FRBRthis value="/akn/il/act/PrimaryLegislation/1963-08-16/148301/he@/main" />
          <FRBRuri value="/akn/il/act/PrimaryLegislation/1963-08-16/148301/he@" />
          <FRBRdate date="1963-08-16" name="Generation" />
          <FRBRauthor href="#knesset" as="#author" />
          <FRBRlanguage language="hebrew" />
        </FRBRExpression>
        <FRBRManifestation>
          <FRBRthis value="/akn/il/act/PrimaryLegislation/1963-08-16/148301/he@/main.xml" />
          <FRBRuri value="/akn/il/act/PrimaryLegislation/1963-08-16/148301/he@" />
          <FRBRdate date="1963-08-16" name="Generation" />
          <FRBRauthor href="#knesset" as="#author" />
          <FRBRformat value="xml" />
        </FRBRManifestation>
      </identification>
      <classification source="#kensset">
        <keyword value="{classificationValue}" showAs="{classificationValue}" dictionary="#classification_dictionary" />
      </classification>
      <lifecycle source="#kensset">
        <eventRef eId="eventRef_1" date="1963-08-16" source="#kensset" type="generation" />
      </lifecycle>
      <references source="#kensset">
        <TLCOrganization eId="kensset" href="/ontology/organization/akn/knesset" showAs="Kensset" type="generation" />
        <TLCRole eId="author" href="/ontology/role/akn/author" showAs="Author of Document" />
        <TLCProcess eId="inforce" href="/ontology/process/akn/inforce" showAs="In force" />
        <TLCTerm eId="term_1" href="/ontology/term/עונה/148301" showAs="עונה" />
        <TLCTerm eId="term_2" href="/ontology/term/שאירים/148301" showAs="שאירים" />
        <TLCTerm eId="term_3" href="/ontology/term/מזמין_זירות/148301" showAs="מזמין_זירות" />
        <TLCTerm eId="term_4" href="/ontology/term/מעסיק_בפועל/148301" showAs="מעסיק_בפועל" />
        <TLCTerm eId="term_5" href="/ontology/term/קבלן/148301" showAs="קבלן" />
        <TLCPerson eId="לוי_אשכול" href="/ontology/person/לוי_אשכול" showAs="לוי אשכול" />
        <TLCPerson eId="יגאל_אלון" href="/ontology/person/יגאל_אלון" showAs="יגאל אלון" />
        <TLCPerson eId="שניאור_זלמן_שזר" href="/ontology/person/שניאור_זלמן_שזר" showAs="שניאור זלמן שזר" />
        <TLCRole eId="ראש_הממשלה" href="ontology/role/akn/ראש_הממשלה" showAs="ראש הממשלה" />
        <TLCRole eId="שר_העבודה" href="ontology/role/akn/שר_העבודה" showAs="שר העבודה" />
        <TLCRole eId="נשיא_המדינה" href="ontology/role/akn/נשיא_המדינה" showAs="נשיא המדינה" />
      </references>
      <temporalData source="#kensset">
        <temporalGroup eId="tmpg_1" />
      </temporalData>
      <Publication></Publication>
    </meta>
    <body period="#tmpg_1">
      <title eId="title">
        <content>
          <p>חוק פיצויי פיטורים, תשכ"ג–1963</p>
        </content>
      </title>
      <list>
        <point eId="point_1">
          <heading>
            <authorialNote placement="side">
              <p>הזכות לפיצויי פיטורים</p>
            </authorialNote>
          </heading>
          <num>1.</num>
          <list>
            <point eId="point_1__point_א">
              <num>(א)</num>
              <list>
                <intro>
                  <p>מי שעבד שנה אחת ברציפות – ובעובד עונתי שתי עונות בשתי שנים רצופות – אצל מעסיק אחד או במקום עבודה אחד ופוטר, זכאי לקבל ממעסיקו שפיטרו פיצויי פיטורים.</p>
                </intro>
                <point eId="point_1__point_א__point_עונה">
                  <content>
                    <p>
                      <def />”עונה“ לענין חוק זה – שלושה חדשים רצופים בשנה שבהם עבד לפחות 60 יום.</p>
                  </content>
                </point>
              </list>
            </point>
            <point eId="point_1__point_ב">
              <num>(ב)</num>
              <content>
                <p>עובד שעבר ממקום עבודה למקום עבודה אצל אותו מעסיק ונתחלפו המעסיקים במקום העבודה הנוכחי, זכאי לקבל פיצויי פיטורים מהמעסיק הקודם בעד תקופת עבודתו אצלו או במקום העבודה הקודם כאילו פוטר העובד ביום חילופי המעסיקים כאמור; קיבל המעסיק החדש כאמור על עצמו, על פי התחייבות בכתב כלפי העובד, את האחריות לפיצויי הפיטורים שהיה העובד זכאי לקבלם מהמעסיק הקודם כאמור, יהיה המעסיק הקודם פטור מתשלום הפיצויים ויראו לענין חוק זה את תקופת עבודתו של העובד אצל המעסיק הקודם או במקום העבודה הקודם כאילו עבד במקום העבודה הנוכחי.</p>
              </content>
            </point>
          </list>
        </point>
        <point eId="point_2">
          <heading>
            <authorialNote placement="side">
              <p>רציפות בעבודה</p>
            </authorialNote>
          </heading>
          <num>2.</num>
          <list>
            <intro>
              <p>לענין <ref href="#point_1">סעיף 1</ref> יראו רציפות בעבודה אפילו חלה בה הפסקה מחמת –</p>
            </intro>
            <point eId="point_2__point_1">
              <num>(1)</num>
              <content>
                <p>שירות צבאי ושירות חלקי כמשמעותם <ref href="/akn/il/act/PrimaryOrSecondaryLegislation/UnknownWorkDate/חוק_החיילים_המשוחררים_החזרה_לעבודה">בחוק החיילים המשוחררים (החזרה לעבודה), תש"ט–1949</ref>, למעט שירות צבאי מלא על פי התחייבות לשירות־קבע שלא נתקיימו בו התנאים הקבועים <ref href="/akn/il/act/PrimaryOrSecondaryLegislation/UnknownWorkDate/חוק_החיילים_המשוחררים_החזרה_לעבודה#point_1">בסעיף 1(ד) לחוק האמור</ref>, וכן שירות מילואים לפי <ref href="/akn/il/act/PrimaryLegislation/2008-04-16/245332">חוק שירות המילואים, התשס"ח–2008</ref> (בחוק זה – חוק שירות המילואים);</p>
              </content>
            </point>
            <point eId="point_2__point_2">
              <num>(2)</num>
              <content>
                <p>יום המנוחה השבועית או חג שאין עובדים בהם, אם על פי חוק ואם על פי נוהג או הסכם, וכן אחד במאי;</p>
              </content>
            </point>
            <point eId="point_2__point_3">
              <num>(3)</num>
              <content>
                <p>חופשה שנתית;</p>
              </content>
            </point>
            <point eId="point_2__point_4">
              <num>(4)</num>
              <content>
                <p>חופשה או פגרה בשכר שניתנו לעובד על פי חוק או בהסכמת המעסיק;</p>
              </content>
            </point>
            <point eId="point_2__point_5">
              <num>(5)</num>
              <content>
                <p>חופשה או פגרה שלא בשכר שניתנו לעובד על פי חוק או בהסכמת המעסיק;</p>
              </content>
            </point>
            <point eId="point_2__point_6">
              <num>(6)</num>
              <content>
                <p>שביתה או השבתה;</p>
              </content>
            </point>
            <point eId="point_2__point_7">
              <num>(7)</num>
              <content>
                <p>תאונה או מחלה;</p>
              </content>
            </point>
            <point eId="point_2__point_8">
              <num>(8)</num>
              <content>
                <p>ימי אבל במשפחה שמטעמי דת או נוהג לא עבד בהם העובד;</p>
              </content>
            </point>
            <point eId="point_2__point_9">
              <num>(9)</num>
              <content>
                <p>הפסקה ארעית ללא ניתוק יחסי עבודה או הפסקה תוך ניתוק יחסי עבודה שאינה עולה על שישה חודשים;</p>
              </content>
            </point>
            <point eId="point_2__point_10">
              <num>(10)</num>
              <content>
                <p>אימון לשירות עבודה לפי <ref href="/akn/il/act/PrimaryOrSecondaryLegislation/UnknownWorkDate/חוק_שירות_עבודה_בשעת_חירום">חוק שירות עבודה בשעת חירום, תשכ"ז–1967</ref>.</p>
              </content>
            </point>
          </list>
        </point>
        <point eId="point_3">
          <heading>
            <authorialNote placement="side">
              <p>אימתי פיטורים אינם פוגעים בזכויות</p>
            </authorialNote>
          </heading>
          <num>3.</num>
          <content>
            <p>פיטורים סמוך לפני סוף שנת עבודה ראשונה, יראו אותם – אם לא הוכח היפוכו של דבר – כאילו נעשו מתוך כוונה להימנע מחובת תשלום פיצויי פיטורים ואין פיטורים כאלה פוגעים בזכות הפיצויים.</p>
          </content>
        </point>
        <point eId="point_4">
          <heading>
            <authorialNote placement="side">
              <p>מעסיק שנפטר</p>
            </authorialNote>
          </heading>
          <num>4.</num>
          <content>
            <p>עובד שעבודתו נפסקה מחמת פטירה או פשיטת רגל של מעסיקו, ובתאגיד – פירוקו או מחיקתו, זכאי לפיצויי פיטורים כאילו פוטר.</p>
          </content>
        </point>
        <point eId="point_5">
          <heading>
            <authorialNote placement="side">
              <p>עובד שנפטר</p>
            </authorialNote>
          </heading>
          <num>5.</num>
          <list>
            <point eId="point_5__point_א">
              <num>(א)</num>
              <list>
                <intro>
                  <p>נפטר עובד, ישלם המעסיק לשאיריו פיצויים כאילו פיטר אותו.</p>
                </intro>
                <point eId="point_5__point_א__point_שאירים">
                  <content>
                    <p>
                      <def />”שאירים“ לענין זה – בן זוג של העובד בשעת פטירתו, לרבות הידוע בציבור כבן זוגו והוא גר עמו, וילד של העובד שהוא בגדר תלוי במבוטח לענין גימלאות לפי <ref href="/akn/il/act/PrimaryLegislation/1995-05-15/158093#chp_ה">פרק ג׳ לחוק הביטוח הלאומי [נוסח משולב], תשכ"ח–1968</ref>, ובאין בן־זוג או ילדים כאמור – ילדים והורים שעיקר פרנסתם היתה על הנפטר וכן אחים ואחיות שגרו בביתו של הנפטר לפחות שנים־עשר חודש לפני פטירתו וכל פרנסתם היתה על הנפטר.</p>
                  </content>
                </point>
              </list>
            </point>
            <point eId="point_5__point_ב">
              <num>(ב)</num>
              <content>
                <p>היו פיצויי פיטורים משתלמים לשאירים שאינם בן־זוג או ילד התלוי כאמור, יופקדו הפיצויים בבית הדין האזורי לעבודה ויינתנו לשאירים שיקבע בית הדין האזורי לעבודה ולפי החלוקה שיקבע, בהתחשב במצבם הכלכלי ובמידת תלותם בעובד שנפטר.</p>
              </content>
            </point>
            <point eId="point_5__point_ג">
              <num>(ג)</num>
              <content>
                <p>פיצויים המשתלמים לשאירים של עובד שנפטר לא יראו אותם כחלק מהעזבון.</p>
              </content>
            </point>
          </list>
        </point>
        <point eId="point_6">
          <heading>
            <authorialNote placement="side">
              <p>התפטרות לרגל מצב בריאות לקוי</p>
            </authorialNote>
          </heading>
          <num>6.</num>
          <content>
            <p>התפטר עובד לרגל מצב בריאותו הוא או של בן־משפחתו, ולאור המימצאים הרפואיים, תנאי העבודה ושאר נסיבות הענין היתה סיבה מספקת להתפטרות – רואים לענין פיצויי פיטורים את התפטרותו כפיטורים.</p>
          </content>
        </point>
        <point eId="point_none">
          <content>
            <p>בסעיף זה ”בן־משפחה“ – בן־משפחה שנקבע <ref href="/akn/il/act/SecondaryLegislation/1964-01-20/9654#point_11">בתקנות</ref> באישור ועדת העבודה של הכנסת.</p>
          </content>
        </point>
        <point eId="point_7">
          <heading>
            <authorialNote placement="side">
              <p>התפטרות של הורה</p>
            </authorialNote>
          </heading>
          <num>7.</num>
          <list>
            <point eId="point_7__point_א">
              <num>(א)</num>
              <list>
                <intro>
                  <p>התפטרה עובדת, תוך תשעה חדשים מיום שילדה, על מנת לטפל בילדה – יראו לענין חוק זה את התפטרותה כפיטורים, והוא הדין לגבי עובדת שהתקיימו לגביה אחד מאלה:</p>
                </intro>
                <point eId="point_7__point_א__point_1">
                  <num>(1)</num>
                  <content>
                    <p>קיבלה לאימוץ ילד שטרם מלאו לו 13 שנים והודיעה על כך למעסיקה, ובתוך תשעה חודשים מיום קבלתו לאימוץ התפטרה כדי לטפל בו;</p>
                  </content>
                </point>
                <point eId="point_7__point_א__point_2">
                  <num>(2)</num>
                  <content>
                    <p>קיבלה למשמורתה, כהורה מיועד לפי <ref href="/akn/il/act/PrimaryLegislation/1996-03-17/174449">חוק הסכמים לנשיאת עוברים (אישור הסכם ומעמד היילוד), התשנ"ו–1996</ref>, ילד, ובתוך תשעה חודשים מיום קבלת הילד כאמור התפטרה כדי לטפל בו;</p>
                  </content>
                </point>
                <point eId="point_7__point_א__point_3">
                  <num>(3)</num>
                  <content>
                    <p>קיבלה לביתה, כאומן כהגדרתו <ref href="/akn/il/act/PrimaryLegislation/2016-03-06/482355">בחוק אומנה לילדים, התשע"ו–2016</ref>, ילד שגילו אינו עולה על עשר, ובתוך תשעה חודשים מיום קבלת הילד כאמור התפטרה כדי לטפל בו, ובלבד שניתן אישור מאת מנחה האומנה כהגדרתו <ref href="/akn/il/act/PrimaryLegislation/2016-03-06/482355">בחוק האמור</ref> כי ההתפטרות נדרשה מטעמים של טובת הילד.</p>
                  </content>
                </point>
              </list>
            </point>
            <point eId="point_7__point_ב">
              <num>(ב)</num>
              <list>
                <intro>
                  <p>הוראות סעיף קטן (א) יחולו בשינויים המחוייבים, על עובד, והכל אם נתקיים בו אחד מאלה:</p>
                </intro>
                <point eId="point_7__point_ב__point_1">
                  <num>(1)</num>
                  <content>
                    <p>בת זוגו של העובד הועסקה כעובדת במשך ששה חדשים רצופים לפחות בסמוך לפני יום התפטרותו; לענין זה יראו כעבודה גם תקופת הפסקה בעבודה שבה נמשכים יחסי עבודה;</p>
                  </content>
                </point>
                <point eId="point_7__point_ב__point_2">
                  <num>(2)</num>
                  <content>
                    <p>הילד נמצא בהחזקתו הבלעדית, או בטיפולו הבלעדי מחמת נכות או מחלה של בת זוגו;</p>
                  </content>
                </point>
                <point eId="point_7__point_ב__point_3">
                  <num>(3)</num>
                  <content>
                    <p>בת זוגו של העובד היתה עובדת עצמאית במשך שנים־עשר חודשים רצופים לפחות בסמוך לפני יום הלידה או בסמוך לפני קבלת הילד לאימוץ, למשמורת או לאומנה, לפי הענין, ולא הפסיקה את עיסוקה לצורך טיפול בילד.</p>
                  </content>
                </point>
              </list>
            </point>
            <point eId="point_7__point_ג">
              <num>(ג)</num>
              <content>
                <p>התפטר אחד מבני הזוג כאמור בסעיף קטן (א) או (ב) לפי הענין, לא יחולו הוראות סעיף זה על בן הזוג השני.</p>
              </content>
            </point>
            <point eId="point_7__point_ד">
              <num>(ד)</num>
              <content>
                <p>שר העבודה והרווחה רשאי לקבוע <ref href="/akn/il/act/PrimaryOrSecondaryLegislation/UnknownWorkDate/תקנות_פיצויי_פיטורים_חובת_מסירת_הודעות_למעביד">בתקנות</ref>, באישור ועדת העבודה והרווחה של הכנסת, הוראות בדבר חובת מסירת הודעות למעסיק לענין סעיף זה מאת בני זוג או אחד מהם ותוצאות אי מסירת הודעות כאמור.<br xml:space="preserve" xmlns=""> </br><wikicomment font-size="x-small">הותקנו <ref href="/akn/il/act/PrimaryOrSecondaryLegislation/UnknownWorkDate/תקנות_פיצויי_פיטורים_חובת_מסירת_הודעות_למעביד">תקנות בדבר חובת מסירת הודעות למעביד</ref> (ק"ת תשמ"ט, 5).</wikicomment></p>
              </content>
            </point>
            <point eId="point_7__point_ה">
              <num>(ה)</num>
              <content>
                <p>שר העבודה והרווחה יקבע בתקנות, באישור ועדת העבודה והרווחה של הכנסת, הוראות בדבר הגדרת עובדת עצמאית לענין סעיף קטן (ב)(3) וכן כללים בדבר הוכחת עיסוקה כעובדת עצמאית ודרכי הוכחה בענין אי הפסקת עיסוקה, כאמור באותו סעיף קטן.</p>
              </content>
            </point>
          </list>
        </point>
        <point eId="point_7א">
          <heading>
            <authorialNote placement="side">
              <p>התפטרות עקב שהייה במקלט לנשים מוכות</p>
            </authorialNote>
          </heading>
          <num>7א.</num>
          <content>
            <p>התפטרה עובדת עקב שהייתה במקלט לנשים מוכות, אשר אושרה על ידי מחלקה לשירותים חברתיים או משרד העבודה והרווחה, רואים את ההתפטרות לענין חוק זה כפיטורים, ובלבד שסמוך לפני התפטרותה שהתה במקלט כאמור תקופה של שישים ימים לפחות; לענין סעיף זה, ”אישור“, ”מחלקה לשירותים חברתיים“ ו”מקלט לנשים מוכות“ – כהגדרתם <ref href="/akn/il/act/PrimaryLegislation/1954-08-12/148069#point_7">בסעיף 7(ג)(5) לחוק עבודת נשים, תשי"ד–1954</ref>.</p>
          </content>
        </point>
        <point eId="point_8">
          <heading>
            <authorialNote placement="side">
              <p>התפטרות לרגל העתקת מגורים</p>
            </authorialNote>
          </heading>
          <num>8.</num>
          <list>
            <intro>
              <p>לענין חוק זה יראו כפיטורים התפטרות של עובד עקב העתקת מקום מגוריו –</p>
            </intro>
            <point eId="point_8__point_1">
              <num>(1)</num>
              <content>
                <p>לרגל נישואיו – לישוב בישראל בו היה גר בן־זוגו, בתנאים שנקבעו <ref href="/akn/il/act/SecondaryLegislation/1964-01-20/9654#point_12">בתקנות</ref> באישור ועדת העבודה של הכנסת;</p>
              </content>
            </point>
            <point eId="point_8__point_2">
              <num>(2)</num>
              <content>
                <p>לישוב חקלאי – מישוב שאינו חקלאי, או לישוב באזור פיתוח מישוב שאינו באזור פיתוח, בתנאים שנקבעו <ref href="/akn/il/act/SecondaryLegislation/1964-01-20/9654#point_12">בתקנות</ref> באישור ועדת העבודה של הכנסת; לענין פסקה זו ”ישוב חקלאי“ או ”ישוב באזור פיתוח“ – ישוב שנמנה עם סוגי ישובים שנקבעו <ref href="/akn/il/act/SecondaryLegislation/1964-01-20/9654#point_12">בתקנות</ref> באישור ועדת העבודה של הכנסת כישובים חקלאיים או ישובים באזור פיתוח, הכל לפי הענין;</p>
              </content>
            </point>
            <point eId="point_8__point_3">
              <num>(3)</num>
              <content>
                <p>מחמת סיבות אחרות שנקבעו <ref href="/akn/il/act/SecondaryLegislation/1964-01-20/9654#point_12">בתקנות</ref>, באישור ועדת העבודה של הכנסת, כסיבות המצדיקות את העתקת מקום מגוריו של העובד.<br xml:space="preserve" xmlns=""> </br><wikicomment font-size="x-small">הותקנו <ref href="/akn/il/act/SecondaryLegislation/1964-01-20/9654">תקנות בדבר חישוב הפיצויים, והתפטרות שרואים אותה כפיטורים</ref> (ק"ת תשכ"ד, 632).</wikicomment></p>
              </content>
            </point>
          </list>
        </point>
        <point eId="point_9">
          <heading>
            <authorialNote placement="side">
              <p>אי חידוש חוזה עבודה</p>
            </authorialNote>
          </heading>
          <num>9.</num>
          <list>
            <point eId="point_9__point_א">
              <num>(א)</num>
              <content>
                <p>היה עובד מועסק על פי חוזה לתקופה קצובה והגיעה התקופה לקצה, רואים אותו לענין חוק זה כאילו פוטר, זולת אם הציע לו המעסיק לחדש את החוזה; סירב העובד לחדש את החוזה – רואים אותו, לענין חוק זה, כאילו התפטר.</p>
              </content>
            </point>
            <point eId="point_9__point_ב">
              <num>(ב)</num>
              <content>
                <p>הצעת המעסיק לחדש את החוזה כאמור בסעיף קטן (א) צריך שתימסר לעובד לפחות שלושה חדשים לפני תום תקופת החוזה.</p>
              </content>
            </point>
          </list>
        </point>
        <point eId="point_9א">
          <heading>
            <authorialNote placement="side">
              <p>זכאות לפיצויי פיטורים בעת חילופי קבלנים במקום העבודה</p>
            </authorialNote>
          </heading>
          <num>9א.</num>
          <list>
            <point eId="point_9א__point_א">
              <num>(א)</num>
              <list>
                <intro>
                  <p>בסעיף זה –</p>
                </intro>
                <point eId="point_9א__point_א__point_מזמין_זירות">
                  <content>
                    <p>
                      <def />”מזמין זירות“ – מי שמקבל אצלו שירות מקבלן שירות;</p>
                  </content>
                </point>
                <point eId="point_9א__point_א__point_מעסיק_בפועל">
                  <content>
                    <p>
                      <def />”מעסיק בפועל“, ”קבלן כוח אדם“ ו”קבלן שירות“ – כהגדרתם <ref href="/akn/il/act/PrimaryLegislation/1996-03-21/159655">בחוק העסקת עובדים על ידי קבלני כוח אדם, התשנ"ו–1996</ref>;</p>
                  </content>
                </point>
                <point eId="point_9א__point_א__point_קבלן">
                  <content>
                    <p>
                      <def />”קבלן“ – קבלן כוח אדם או קבלן שירות, לפי העניין.</p>
                  </content>
                </point>
              </list>
            </point>
            <point eId="point_9א__point_ב">
              <num>(ב)</num>
              <content>
                <p>הסתיימה ההתקשרות בין קבלן ובין מעסיק בפועל או מזמין שירות, לפי העניין, ועבר עובדו של הקבלן להיות מועסק על ידי קבלן אחר שהתקשר עם אותו מעסיק בפועל או אותו מזמין שירות, יהיה העובד שצבר תקופת העסקה המזכה בפיצויי פיטורים זכאי לפיצויי פיטורים מהקבלן שההתקשרות עמו הסתיימה כאילו פוטר, אף אם אותו קבלן הציע לו עבודה חלופית.</p>
              </content>
            </point>
            <point eId="point_9א__point_ג">
              <num>(ג)</num>
              <list>
                <intro>
                  <p>אין בהוראות סעיף זה כדי לגרוע מהוראות –</p>
                </intro>
                <point eId="point_9א__point_ג__point_1">
                  <num>(1)</num>
                  <content>
                    <p>
                      <ref href="#point_1">סעיף 1</ref> לגבי עובד כאמור בסעיף קטן (ב) שלא צבר במועד מסוים ההתקשורת תקופת העסקה המזכה בפיצויי פיטורים;</p>
                  </content>
                </point>
                <point eId="point_9א__point_ג__point_2">
                  <num>(2)</num>
                  <content>
                    <p>
                      <ref href="/akn/il/act/PrimaryLegislation/1996-03-21/159655#point_12א">סעיף 12א לחוק העסקת עובדים על ידי קבלני כוח אדם, התשנ"ו–1996</ref>.</p>
                  </content>
                </point>
              </list>
            </point>
          </list>
        </point>
        <point eId="point_10">
          <heading>
            <authorialNote placement="side">
              <p xml:space="preserve"> </p>
            </authorialNote>
          </heading>
          <num>10.</num>
          <content>
            <p>
              <wikicomment font-size="x-small">(בוטל).</wikicomment>
            </p>
          </content>
        </point>
        <point eId="point_11">
          <heading>
            <authorialNote placement="side">
              <p>התפטרות אחרת שדינה כפיטורים</p>
            </authorialNote>
          </heading>
          <num>11.</num>
          <list>
            <point eId="point_11__point_א">
              <num>(א)</num>
              <content>
                <p>התפטר עובד מחמת הרעה מוחשית בתנאי העבודה, או מחמת נסיבות אחרות שביחסי עבודה לגבי אותו העובד שבהן אין לדרוש ממנו כי ימשיך בעבודתו, רואים את ההתפטרות לענין חוק זה כפיטורים.</p>
              </content>
            </point>
            <point eId="point_11__point_ב">
              <num>(ב)</num>
              <content>
                <p>התפטר עובד עונתי לאחר שעבד לפחות שלוש עונות רצופות באותו מקום עבודה מחמת שלא הובטחה לו עבודה רצופה באותו מקום עבודה – רואים אותו כאילו פוטר.</p>
              </content>
            </point>
            <point eId="point_11__point_ג">
              <num>(ג)</num>
              <list>
                <intro>
                  <p>עובד שהתפטר סמוך לפני שהתקיים לגביו אחד מהתנאים המפורטים להלן, ובשל אותו תנאי, רואים את ההתפטרות לעניין חוק זה כפיטורים:</p>
                </intro>
                <point eId="point_11__point_ג__point_1">
                  <num>(1)</num>
                  <content>
                    <p>הוא התגייס לשירות סדיר כמשמעותו <ref href="/akn/il/act/PrimaryOrSecondaryLegislation/UnknownWorkDate/חוק_החיילים_המשוחררים_החזרה_לעבודה#point_1">בסעיף 1 לחוק החיילים המשוחררים (החזרה לעבודה), התש"ט–1949</ref>;</p>
                  </content>
                </point>
                <point eId="point_11__point_ג__point_2">
                  <num>(2)</num>
                  <content>
                    <p>הוא החל לשרת בשירות אזרחי כהגדרתו <ref href="/akn/il/act/PrimaryLegislation/2017-04-05/568470">בחוק שירות אזרחי, התשע"ז–2017</ref>, ובלבד ששירת בשירות אזרחי שישה חודשים לפחות;</p>
                  </content>
                </point>
                <point eId="point_11__point_ג__point_3">
                  <num>(3)</num>
                  <content>
                    <p>
                      <wikicomment font-size="x-small">(נמחקה);</wikicomment>
                    </p>
                  </content>
                </point>
                <point eId="point_11__point_ג__point_4">
                  <num>(4)</num>
                  <content>
                    <p>הוא התנדב לשרת בשירות למטרה ציבורית או לאומית כאמור בפסקה (4) להגדרה ”ילד“ האמורה בפסקה (2), ועקב כך נדחה שירותו הסדיר לפי <ref href="/akn/il/act/PrimaryOrSecondaryLegislation/UnknownWorkDate/חוק_שירות_ביטחון">חוק שירות ביטחון [נוסח משולב], התשמ"ו–1986</ref>, ובלבד ששירת בשירות בהתנדבות כאמור שישה חודשים לפחות;</p>
                  </content>
                </point>
                <point eId="point_11__point_ג__point_5">
                  <num>(5)</num>
                  <content>
                    <p>הוא החל לשרת בשירות לאומי–אזרחי כהגדרתו <ref href="/akn/il/act/PrimaryLegislation/2014-03-19/487131">בחוק שירות לאומי–אזרחי, התשע"ד–2014</ref>, ובלבד ששירת בשירות לאומי–אזרחי שישה חודשים לפחות.</p>
                  </content>
                </point>
              </list>
            </point>
            <point eId="point_11__point_ד">
              <num>(ד)</num>
              <content>
                <p>עובד שהתפטר מחמת שנבחר לראש רשות מקומית או לסגן ראש רשות מקומית וכהונתו במשכורת מקופת הרשות המקומית, רואים את ההתפטרות לענין חוק זה כפיטורים; הוראה זו לא תחול אם המעסיק הסכים בכתב כלפי העובד כי התקופה שבה יכהן העובד בכהונתו תיחשב כחופשה ללא תשלום.</p>
              </content>
            </point>
            <point eId="point_11__point_ה">
              <num>(ה)</num>
              <content>
                <p>התפטר עובד לאחר שהגיע לגיל הפרישה, כמשמעותו <ref href="/akn/il/act/PrimaryLegislation/2004-01-18/16634">בחוק גיל פרישה, התשס"ד–2004</ref>, רואים את ההתפטרות לענין חוק זה כפיטורים; ואולם מותר לזקוף על חשבון פיצויי הפיטורים המגיעים מכוח סעיף קטן זה, או במקומם, כל סכום המשתלם לעובד מקופת גמל, כמשמעותה <ref href="/akn/il/act/PrimaryOrSecondaryLegislation/UnknownWorkDate/פקודת_מס_הכנסה#point_47">בסעיף 47 לפקודת מס הכנסה</ref>, עקב תשלומי המעסיק לקופה, ושנועד לשמש כפיצויי פיטורים או לבוא במקומם, והוא אף אם לא נתקיימו התנאים האמורים <ref href="#point_14">בסעיפים 14</ref><ref href="#point_20">או 20</ref>.</p>
              </content>
            </point>
          </list>
        </point>
        <point eId="point_11א">
          <heading>
            <authorialNote placement="side">
              <p>פיצויים למתגייס למשטרה</p>
            </authorialNote>
          </heading>
          <num>11א.</num>
          <list>
            <intro>
              <p>המתגייס למשטרת ישראל או לשירות בתי הסוהר, ובסמוך לפני גיוסו היה עובד והתפטר מעבודתו על מנת להתגייס כאמור, יהיו הוא או שאיריו זכאים לפיצויי פיטורים אם נתקיימה בו אחת מאלה:</p>
            </intro>
            <point eId="point_11א__point_1">
              <num>(1)</num>
              <content>
                <p>הוא שירת במשטרה או בשירות בתי הסוהר ששה חדשים לפחות;</p>
              </content>
            </point>
            <point eId="point_11א__point_2">
              <num>(2)</num>
              <content>
                <p>שירותו כאמור נפסק מחמת אחת העילות המזכות בפיצויי פיטורים לפי חוק זה;</p>
              </content>
            </point>
            <point eId="point_11א__point_3">
              <num>(3)</num>
              <content>
                <p>שירותו כאמור נפסק מחמת שנמצא בלתי מתאים לשירות, ובלבד שלא נפסק השירות בנסיבות שלא היו מזכות אותו בפיצויי פרישה מהמשטרה או משירות בתי הסוהר, הכל לפי הענין.</p>
              </content>
            </point>
          </list>
        </point>
        <point eId="point_12">
          <heading>
            <authorialNote placement="side">
              <p>שיעור הפיצויים</p>
            </authorialNote>
          </heading>
          <num>12.</num>
          <list>
            <point eId="point_12__point_א">
              <num>(א)</num>
              <content>
                <p>שיעורם של פיצויי הפיטורים הוא: שכר חודש אחד לכל שנת עבודה בעובד במשכורת אצל מעסיק, או באותו מקום עבודה, ושכר שבועיים לכל שנת עבודה בעובד בשכר כאמור; חלק של שנה שלאחר שנת עבודה מזכה את העובד בפיצויים יחסיים, ולגבי עובד עונתי – חלק של שנה מזכה אותו בפיצויים יחסיים אף אם תקופות עבודתו אינן מצטרפות לשנה. לענין זה, ”עובד במשכורת“ – עובד שעיקר גמול עבודתו, משתלם על בסיס של חודש או של תקופה ארוכה יותר; ”עובד־בשכר“ – עובד שאינו עובד במשכורת.</p>
              </content>
            </point>
            <point eId="point_12__point_ב">
              <num>(ב)</num>
              <content>
                <p>שר העבודה רשאי, לאחר התייעצות בשר האוצר ובאישור ועדת העבודה של הכנסת, להגדיל בתקנות את שיעור פיצויי הפיטורים לעובד בשכר; תקנות כאמור יכול שיהיו כלליות או לפי ענפי עבודה.<br xml:space="preserve" xmlns=""> </br><wikicomment font-size="x-small">הותקנו <ref href="/akn/il/act/PrimaryOrSecondaryLegislation/UnknownWorkDate/תקנות_פיצויי_פיטורים_שיעורי_פיצויי_פיטורים_לעובד_בשכר">תקנות בדבר שיעורי פיצויי פיטורים לעובד בשכר</ref> (ק"ת תשמ"ג, 1731).</wikicomment></p>
              </content>
            </point>
          </list>
        </point>
        <point eId="point_13">
          <heading>
            <authorialNote placement="side">
              <p>חישוב שכר עבודה</p>
            </authorialNote>
          </heading>
          <num>13.</num>
          <content>
            <p>שר העבודה באישור ועדת העבודה של הכנסת, יקבע <ref href="/akn/il/act/SecondaryLegislation/1964-01-20/9654#point_1">בתקנות</ref>, דרך כלל או לסוגים, את המרכיבים של שכר העבודה הכולל שיובאו בחשבון שכר העבודה לענין פיצויי פיטורים, את שיטת חישוב השכר שישמש בסיס לחישוב פיצויי הפיטורים ואת ההפסקות שחלו בעבודה בנסיבות האמורות <ref href="#point_2">בפסקאות (1)</ref> – למעט שירות מילואים לפי <ref href="/akn/il/act/PrimaryLegislation/2008-04-16/245332">חוק שירות המילואים</ref> – <ref href="#point_2">(5), (7) או (9) לסעיף 2</ref> שלא יבואו במנין לקביעת סכום הפיצויים; בהתקנת תקנות אלה יתחשב שר העבודה בהוראות לענין זה שבהסכם הקיבוצי החל על המספר הגדול ביותר של עובדים שהתקנות נוגעות להם.<br xml:space="preserve" xmlns=""> </br><wikicomment font-size="x-small">הותקנו <ref href="/akn/il/act/SecondaryLegislation/1964-01-20/9654">תקנות בדבר חישוב הפיצויים, והתפטרות שרואים אותה כפיטורים</ref> (ק"ת תשכ"ד, 632).</wikicomment></p>
          </content>
        </point>
        <point eId="point_13א">
          <heading>
            <authorialNote placement="side">
              <p>חישוב הפיצויים כשהשכר הופחת זמנית</p>
            </authorialNote>
          </heading>
          <num>13א.</num>
          <content>
            <p>נקבע בהסכם קיבוצי כי שכרם של העובדים יופחת זמנית או לתקופה מסוימת בלבד שנקבעה בו, לעומת השכר שהיו זכאים לו אילולא כן, יראו לענין חישוב הפיצויים של עובד שההסכם חל עליו, כאילו שכרו לא הופחת; לענין זה, ”הסכם קיבוצי“ – לרבות הסדר קיבוצי.</p>
          </content>
        </point>
        <point eId="point_13ב">
          <heading>
            <authorialNote placement="side">
              <p>חישוב הפיצויים לפי שכר מינימום</p>
            </authorialNote>
          </heading>
          <num>13ב.</num>
          <content>
            <p>על אף הוראות <ref href="#point_13">סעיף 13</ref>, לא יפחת שכר העבודה שיובא בחשבון לענין חישוב פיצויי פיטורים, משיעור שכר המינימום כהגדרתו <ref href="/akn/il/act/PrimaryLegislation/1987-04-09/151459#point_1">בסעיף 1 לחוק שכר מינימום, תשמ"ז–1987</ref>, לפי היקף המשרה.</p>
          </content>
        </point>
        <point eId="point_14">
          <heading>
            <authorialNote placement="side">
              <p>פיצויים ותגמולים</p>
            </authorialNote>
          </heading>
          <num>14.</num>
          <content>
            <p>תשלום לקופת תגמולים, לקרן פנסיה או לקרן כיוצא באלה, לא יבוא במקום פיצויי פיטורים אלא אם נקבע כך בהסכם הקיבוצי החל על המעסיק והעובד ובמידה שנקבע, או אם תשלום כאמור אושר על ידי שר העבודה ובמידה שאושר.</p>
          </content>
        </point>
        <point eId="point_15">
          <heading>
            <authorialNote placement="side">
              <p>פיצויים וגימלת פרישה</p>
            </authorialNote>
          </heading>
          <num>15.</num>
          <content>
            <p>היה עובד או שאירו זכאי על פי חיקוק לגימלה מן המעסיק עקב פרישת העובד מהעבודה או מסיבה אחרת, תבוא הגימלה במקום זכותו לפיצויי פיטורים לפי חוק זה.</p>
          </content>
        </point>
        <point eId="point_16">
          <heading>
            <authorialNote placement="side">
              <p>פיטורים ללא פיצויים מכוח הסכם קיבוצי</p>
            </authorialNote>
          </heading>
          <num>16.</num>
          <content>
            <p>לא יהיה עובד זכאי לפיצויים או יהיה זכאי לפיצויים חלקיים בלבד, הכל לפי הענין, אם פוטר בנסיבות, שעל פי הסכם קיבוצי החל על המעסיק והעובד – ובאין הסכם כזה, על פי ההסכם הקיבוצי החל על המספר הגדול ביותר של העובדים באותו ענף – מצדיקות פיטורים ללא פיצויים או בפיצויים חלקיים בלבד.</p>
          </content>
        </point>
        <point eId="point_17">
          <heading>
            <authorialNote placement="side">
              <p>פיטורים ללא פיצויים מכוח פסק דין</p>
            </authorialNote>
          </heading>
          <num>17.</num>
          <content>
            <p>בענף העבודה שאין בו הסכם קיבוצי, רשאי בית הדין האזורי לעבודה לקבוע שפיטוריו של עובד היו בנסיבות המצדיקות פיטורים ללא פיצויים או בפיצויים חלקיים שיקבע; בדונו בענין זה יונחה בית הדין האזורי לעבודה על פי הכללים שבהסכם הקיבוצי החל על המספר הגדול ביותר של עובדים.</p>
          </content>
        </point>
        <point eId="point_18">
          <heading>
            <authorialNote placement="side">
              <p>אישור</p>
            </authorialNote>
          </heading>
          <num>18.</num>
          <content>
            <p>אישור של שר העבודה, או של מי שהוסמך לכך על ידיו, כי הסכם קיבוצי פלוני חל על מעסיק ועובד, או על המספר הגדול ביותר של עובדים בענף או על המספר הגדול ביותר של עובדים, הכל לפי הענין, יהיה ראיה מכרעת לענין <ref href="#point_16">הסעיפים 16</ref><ref href="#point_17">ו־17</ref>.</p>
          </content>
        </point>
        <point eId="point_19">
          <heading>
            <authorialNote placement="side">
              <p>זכות עדיפות לחזור לעבודה ופיצויי פיטורים</p>
            </authorialNote>
          </heading>
          <num>19.</num>
          <content>
            <p>פוטר עובד עקב צמצום בהיקף העבודה במפעל והובטחה לו זכות עדיפות לחזור לעבודה במפעל תוך זמן קצוב, יחולו בכל הנוגע לפיצויי פיטורים ההוראות שבהסכם הקיבוצי החל על העובד והמעסיק – ובאין הסכם קיבוצי לאותו ענין, ההוראות שבהסכם מיוחד בין הרשאים להיות צד להסכם קיבוצי – ובלבד שלא יהיה בהסכמים כאמור ויתור של קבע על פיצויי פיטורים.</p>
          </content>
        </point>
        <point eId="point_20">
          <heading>
            <authorialNote placement="side">
              <p>הבטחת צבירת הפיצויים בהסכם קיבוצי</p>
            </authorialNote>
          </heading>
          <num>20.</num>
          <content>
            <p>מותר שהסכם קיבוצי יקבע את הדרכים והשיטות לתשלום פיצויי פיטורים, לרבות הפקדתם לזכות העובד, כדי להבטיח הצטברותם לזכותו ומשנקבע כך ישולמו הפיצויים בהתאם להסכם.</p>
          </content>
        </point>
        <point eId="point_21">
          <heading>
            <authorialNote placement="side">
              <p>צו הפקדה</p>
            </authorialNote>
          </heading>
          <num>21.</num>
          <content>
            <p>שר העבודה, לאחר התייעצות בשר האוצר ובאישור ועדת העבודה של הכנסת, רשאי להורות, בצו, למעסיקים להפקיד בקופת גמל כהגדרתה <ref href="/akn/il/act/PrimaryLegislation/2005-08-10/100899">בחוק הפיקוח על שירותים פיננסיים (קופות גמל), התשס"ה–2005</ref> (להלן – קופת גמל), סכומים בשיעור שייקבע בצו, כדי להבטיח הצטברותם של פיצויי הפיטורים שהמעסיקים עשויים לשלם לעובדיהם על פי חוק זה (להלן – צו הפקדה).</p>
          </content>
        </point>
        <point eId="point_22">
          <heading>
            <authorialNote placement="side">
              <p>סוגי מעסיקים</p>
            </authorialNote>
          </heading>
          <num>22.</num>
          <content>
            <p>בצו הפקדה שיפורסם ברשומות, יוגדרו סוגי המעסיקים שעליהם הוא חל לפי ענפי כלכלה, גודל מפעלים או אזורים ותחילת תקפו ובלבד שתחילתו לא תקדם לתאריך פרסומו.</p>
          </content>
        </point>
        <point eId="point_23">
          <heading>
            <authorialNote placement="side">
              <p>תקנות בדבר הכספים שהופקדו</p>
            </authorialNote>
          </heading>
          <num>23.</num>
          <list>
            <intro>
              <p>שר העבודה, רשאי, באישור ועדת העבודה של הכנסת, לקבוע בתקנות הוראות בענינים שלהלן במידה ולא נקבע אחרת, בכללים שהותקנו על פי <ref href="/akn/il/act/PrimaryOrSecondaryLegislation/UnknownWorkDate/פקודת_מס_הכנסה#point_47">סעיף 47 לפקודת מס הכנסה</ref>:</p>
            </intro>
            <point eId="point_23__point_1">
              <num>(1)</num>
              <content>
                <p>אופן השקעת הכספים שהופקדו על פי צו הפקדה;</p>
              </content>
            </point>
            <point eId="point_23__point_2">
              <num>(2)</num>
              <content>
                <p>אופן תשלום פיצויי הפיטורים לעובדים שלזכותם הופקדו הכספים על פי צו הפקדה, והנוהל בקשר לכך;</p>
              </content>
            </point>
            <point eId="point_23__point_3">
              <num>(3)</num>
              <content>
                <p>ייעוד הכספים שהופקדו על פי צו הפקדה בקופת גמל והאישור שניתן לה על פי <ref href="/akn/il/act/PrimaryOrSecondaryLegislation/UnknownWorkDate/פקודת_מס_הכנסה#point_47">סעיף 47 לפקודת מס הכנסה</ref>, תם תקפו או בוטל, או שהקופה התפרקה או נמחקה;</p>
              </content>
            </point>
            <point eId="point_23__point_4">
              <num>(4)</num>
              <content>
                <p>הגדלת הסכומים שיש להפקיד בהתאם לצו הפקדה, במקרה של פיגור בהפקדתם ושיעור ההגדלה.</p>
              </content>
            </point>
          </list>
        </point>
        <point eId="point_24">
          <heading>
            <authorialNote placement="side">
              <p>גביה</p>
            </authorialNote>
          </heading>
          <num>24.</num>
          <list>
            <point eId="point_24__point_א">
              <num>(א)</num>
              <content>
                <p>
                  <ref href="/akn/il/act/PrimaryLegislation/1933-12-31/2001803">פקודת המסים (גביה)</ref> – להוציא <ref href="/akn/il/act/PrimaryLegislation/1933-12-31/2001803#point_12">סעיף 12 שבה</ref> – חלה על גביית הכספים שיש להפקידם בהתאם לצו הפקדה כאילו היו מס כמשמעותו <ref href="/akn/il/act/PrimaryLegislation/1933-12-31/2001803">בפקודה האמורה</ref>.</p>
              </content>
            </point>
            <point eId="point_24__point_ב">
              <num>(ב)</num>
              <content>
                <p>שר העבודה רשאי למנות אדם שיהיו לו הסמכויות של ממונה על המחוז ושל קצין מחוז לענין <ref href="/akn/il/act/PrimaryLegislation/1933-12-31/2001803">הפקודה האמורה</ref> והוא ימלא לענין סעיף זה את התפקידים המוטלים על ממונה על מחוז ועל קצין מחוז לפי <ref href="/akn/il/act/PrimaryLegislation/1933-12-31/2001803">הפקודה האמורה</ref>.</p>
              </content>
            </point>
          </list>
        </point>
        <point eId="point_25">
          <heading>
            <authorialNote placement="side">
              <p>מועד ההפקדה</p>
            </authorialNote>
          </heading>
          <num>25.</num>
          <content>
            <p>סכומים שיש להפקידם בהתאם לצו הפקדה, יופקדו תוך 42 יום לאחר תשלום השכר בעד אותה תקופת עבודה; שר העבודה או מי שיוסמך לכך על ידיו, רשאי להאריך את המועד האמור לתקופה שלא תעלה על שלושה חדשים.</p>
          </content>
        </point>
        <point eId="point_26">
          <heading>
            <authorialNote placement="side">
              <p>סכומים משוריינים</p>
            </authorialNote>
          </heading>
          <num>26.</num>
          <list>
            <point eId="point_26__point_א">
              <num>(א)</num>
              <list>
                <intro>
                  <p>סכומים ששולמו במקום פיצויי פיטורים לפי <ref href="#point_14">סעיף 14</ref>, או שהופקדו לפי <ref href="#point_20">סעיף 20</ref> או לפי <ref href="#point_21">סעיף 21</ref>, או ששולמו לקופת גמל לתשלום פיצויי פיטורים, או ששולמו או שהופרשו לקופת גמל לקצבה –</p>
                </intro>
                <point eId="point_26__point_א__point_1">
                  <num>(1)</num>
                  <content>
                    <p>אינם ניתנים להחזרה, להעברה לשעבוד או לעיקול; הוראה זו לא תחול על סכום ששולם או הופקד כאמור בעד עובד שבינתיים חדל לעבוד בנסיבות שאינן מזכות אותו בפיצויי פיטורים, אלא אם הסכום מיועד גם לביטוח קצבה ולא נקבע בהסכם קיבוצי או בהסכם אחר, שהוא ניתן להחזרה או להעברה;</p>
                  </content>
                </point>
                <point eId="point_26__point_א__point_2">
                  <num>(2)</num>
                  <content>
                    <p>אינם חלק מנכסי המעסיק במקרה של פטירה, פשיטת רגל או פירוק, במידה שתביעות העובדים לפי חוק זה לא סולקו.</p>
                  </content>
                </point>
              </list>
            </point>
            <point eId="point_26__point_ב">
              <num>(ב)</num>
              <content>
                <p>הוראות סעיף זה יחולו גם לגבי ריבית והפרשי הצמדה, שנוספו על סכומים כאמור.</p>
              </content>
            </point>
          </list>
        </point>
        <point eId="point_27">
          <heading>
            <authorialNote placement="side">
              <p>זכות בכורה</p>
            </authorialNote>
          </heading>
          <num>27.</num>
          <content>
            <p>לענין גביית חובות, אשר לפי <ref href="/akn/il/act/PrimaryLegislation/2018-03-15/577400">פקודת פשיטת הרגל, 1936</ref>, או לפי <ref href="/akn/il/act/PrimaryLegislation/1999-05-27/165159#part_8א">פקודת החברות</ref> סילוקם קודם לכל יתר החובות – רואים פיצויי פיטורים כשכר עבודה שיש לסלקו קודם לכל יתר החובות, אלא שסכום הפיצויים ושכר העבודה ביחד המסולקים כאמור לא יעלה על 150% מהסכום המכסימלי של שכר העבודה שאפשר לסלקו קודם לכל יתר החובות לפי הפקודות האמורות; כן יהיו פיצויים כאמור חוב מהחובות שסילוקם קודם לחובות אחרים בפירוק אגודה שיתופית, או אגודה לפי <ref href="/akn/il/act/PrimaryLegislation/1980-08-12/148260">החוק העותומני</ref>.</p>
          </content>
        </point>
        <point eId="point_28">
          <heading>
            <authorialNote placement="side">
              <p>שכר הכולל פיצויי פיטורים</p>
            </authorialNote>
          </heading>
          <num>28.</num>
          <content>
            <p>הסכם בין מעסיק לבין עובד, שפורש בו שהפיצויים כלולים בשכר העבודה וההסכם אושר על ידי שר העבודה או מי שהוסמך על ידיו לכך, יבוא לענין הפיצויים במקום הוראות חוק זה ובלבד שאין הסכם קיבוצי החל על המעסיק והעובד המחייב תשלום פיצויי פיטורים.</p>
          </content>
        </point>
        <point eId="point_29">
          <heading>
            <authorialNote placement="side">
              <p>פשרה והודאת סילוק</p>
            </authorialNote>
          </heading>
          <num>29.</num>
          <content>
            <p>פשרה לענין פיצויי פיטורים והודאת סילוק לא יהא להם תוקף, אלא אם נערכו בכתב ונאמר בהם במפורש שהם לגבי פיצויי הפיטורים.</p>
          </content>
        </point>
        <point eId="point_30">
          <heading>
            <authorialNote placement="side">
              <p>המדינה כמעסיק</p>
            </authorialNote>
          </heading>
          <num>30.</num>
          <list>
            <point eId="point_30__point_א">
              <num>(א)</num>
              <content>
                <p>לענין חוק זה דין המדינה בתור מעסיק כדין כל מעסיק אחר.</p>
              </content>
            </point>
            <point eId="point_30__point_ב">
              <num>(ב)</num>
              <list>
                <intro>
                  <p>לגבי הנמנה עם חיל המשטרה או שירות בתי הסוהר, לרבות סוהר נוסף זמני –</p>
                </intro>
                <point eId="point_30__point_ב__point_1">
                  <num>(1)</num>
                  <content>
                    <p>לא יחולו <ref href="#point_2">סעיפים 2(6)</ref>, <ref href="#point_8">8</ref><ref href="#point_17">ו־17</ref>;</p>
                  </content>
                </point>
                <point eId="point_30__point_ב__point_2">
                  <num>(2)</num>
                  <content>
                    <p>
                      <ref href="#point_3">סעיף 3</ref> לא יחול על פיטורים לפי <ref href="/akn/il/act/PrimaryLegislation/1971-03-11/2001806#point_12">סעיף 9 לפקודת המשטרה</ref> ולפי <ref href="/akn/il/act/PrimaryLegislation/1971-10-20/2002271#point_82">סעיף 16 לפקודת בתי הסוהר, 1946</ref>;</p>
                  </content>
                </point>
                <point eId="point_30__point_ב__point_3">
                  <num>(3)</num>
                  <content>
                    <p>אין רואים שינוי בתנאי עבודה כהרעה מוחשית בתנאי עבודה כאמור <ref href="#point_11">בסעיף 11</ref> אם השינוי נעשה מכוח סמכות לפי <ref href="/akn/il/act/PrimaryLegislation/1971-03-11/2001806">פקודת המשטרה</ref>, <ref href="/akn/il/act/PrimaryLegislation/1971-10-20/2002271">פקודת בתי הסוהר, 1946</ref>, תקנות לפיהן, כללי השירות במשטרה או כללי השירות בבתי הסוהר;</p>
                  </content>
                </point>
                <point eId="point_30__point_ב__point_4">
                  <num>(4)</num>
                  <content>
                    <p>במקום הסכם קיבוצי החל על המעסיק והעובד שמדובר בו <ref href="#point_16">בסעיף 16</ref>, רואים כאילו מדובר בו בכללי השירות במשטרה או בכללי השירות בבתי הסוהר, לפי הענין.</p>
                  </content>
                </point>
              </list>
            </point>
          </list>
        </point>
        <point eId="point_31">
          <heading>
            <authorialNote placement="side">
              <p>שמירת זכויות</p>
            </authorialNote>
          </heading>
          <num>31.</num>
          <list>
            <point eId="point_31__point_א">
              <num>(א)</num>
              <content>
                <p>חוק זה אינו בא למעט מכל זכות הנתונה לעובד לפי דין, הסכם קיבוצי או חוזה עבודה, ולענין <ref href="#point_12">סעיף 12</ref> גם לפי הנוהג, ולא יתפרש כממצה זכויותיו של עובד בכל משא ומתן לקביעת זכויות בקשר לפרישה מעבודה.</p>
              </content>
            </point>
            <point eId="point_31__point_ב">
              <num>(ב)</num>
              <content>
                <p>אין בזכאות לפיצויי פיטורים לפי חוק זה כדי לגרוע מזכויות העובד התלויות בוותק.</p>
              </content>
            </point>
          </list>
        </point>
        <point eId="point_32">
          <heading>
            <authorialNote placement="side">
              <p>חובת התייעצות</p>
            </authorialNote>
          </heading>
          <num>32.</num>
          <content>
            <p>לא יתקין שר העבודה תקנות אלא לאחר התייעצות עם ארגון העובדים המייצג את המספר הגדול ביותר של עובדים במדינה ועם ארגונים ארציים יציגים של מעבידים שלדעת השר הם נוגעים בדבר.</p>
          </content>
        </point>
        <point eId="point_33">
          <heading>
            <authorialNote placement="side">
              <p>ביצוע ותקנות</p>
            </authorialNote>
          </heading>
          <num>33.</num>
          <content>
            <p>שר העבודה ממונה על ביצוע חוק זה, והוא רשאי להתקין תקנות בכל ענין הנוגע לביצועו.<br xml:space="preserve" xmlns=""> </br><wikicomment font-size="x-small">הותקנו <ref href="/akn/il/act/SecondaryLegislation/1964-01-20/9654">תקנות בדבר חישוב הפיצויים, והתפטרות שרואים אותה כפיטורים</ref> (ק"ת תשכ"ד, 632).</wikicomment></p>
          </content>
        </point>
        <point eId="point_34">
          <heading>
            <authorialNote placement="side">
              <p>תחילה</p>
            </authorialNote>
          </heading>
          <num>34.</num>
          <content>
            <p>תחילתו של חוק זה הוא ביום ט"ז בטבת תשכ"ד (1 בינואר 1964).</p>
          </content>
        </point>
      </list>
    </body>
    <conclusions eId="eId">
      <p class="signatures">
        <signature>
          <p>
            <person refersTo="לוי_אשכול">לוי אשכול</person>
            <role refersTo="ראש_הממשלה">ראש הממשלה</role>
          </p>
        </signature>
        <signature>
          <p>
            <person refersTo="יגאל_אלון">יגאל אלון</person>
            <role refersTo="שר_העבודה">שר העבודה</role>
          </p>
        </signature>
        <signature>
          <p>
            <person refersTo="שניאור_זלמן_שזר">שניאור זלמן שזר</person>
            <role refersTo="נשיא_המדינה">נשיא המדינה</role>
          </p>
        </signature>
      </p>
    </conclusions>
  </act>
</akomaNtoso>