﻿<?xml version="1.0" encoding="utf-8"?>
<akomaNtoso xmlns="http://docs.oasis-open.org/legaldocml/ns/akn/3.0">
  <act contains="originalVersion" name="publicLaw">
    <meta>
      <identification source="#kensset">
        <FRBRWork>
          <FRBRthis value="/akn/il/act/PrimaryLegislation/1950-04-07/314382/main" />
          <FRBRuri value="/akn/il/act/PrimaryLegislation/1950-04-07/314382" />
          <FRBRdate date="1950-04-07" name="Generation" />
          <FRBRauthor href="#knesset" as="#author" />
          <FRBRcountry value="israel" />
        </FRBRWork>
        <FRBRExpression>
          <FRBRthis value="/akn/il/act/PrimaryLegislation/1950-04-07/314382/he@/main" />
          <FRBRuri value="/akn/il/act/PrimaryLegislation/1950-04-07/314382/he@" />
          <FRBRdate date="1950-04-07" name="Generation" />
          <FRBRauthor href="#knesset" as="#author" />
          <FRBRlanguage language="hebrew" />
        </FRBRExpression>
        <FRBRManifestation>
          <FRBRthis value="/akn/il/act/PrimaryLegislation/1950-04-07/314382/he@/main.xml" />
          <FRBRuri value="/akn/il/act/PrimaryLegislation/1950-04-07/314382/he@" />
          <FRBRdate date="1950-04-07" name="Generation" />
          <FRBRauthor href="#knesset" as="#author" />
          <FRBRformat value="xml" />
        </FRBRManifestation>
      </identification>
      <classification source="#kensset">
        <keyword value="{classificationValue}" showAs="{classificationValue}" dictionary="#classification_dictionary" />
      </classification>
      <lifecycle source="#kensset">
        <eventRef eId="eventRef_1" date="1950-04-07" source="#kensset" type="generation" />
      </lifecycle>
      <references source="#kensset">
        <TLCOrganization eId="kensset" href="/ontology/organization/akn/knesset" showAs="Kensset" type="generation" />
        <TLCRole eId="author" href="/ontology/role/akn/author" showAs="Author of Document" />
        <TLCProcess eId="inforce" href="/ontology/process/akn/inforce" showAs="In force" />
        <TLCPerson eId="דוד_בן־גוריון" href="/ontology/person/דוד_בן־גוריון" showAs="דוד בן־גוריון" />
        <TLCPerson eId="פנחס_רוזן" href="/ontology/person/פנחס_רוזן" showAs="פנחס רוזן" />
        <TLCPerson eId="חיים_ווייצמן" href="/ontology/person/חיים_ווייצמן" showAs="חיים ווייצמן" />
        <TLCRole eId="ראש_הממשלה" href="ontology/role/akn/ראש_הממשלה" showAs="ראש הממשלה" />
        <TLCRole eId="שר_המשפטים" href="ontology/role/akn/שר_המשפטים" showAs="שר המשפטים" />
        <TLCRole eId="נשיא_המדינה" href="ontology/role/akn/נשיא_המדינה" showAs="נשיא המדינה" />
      </references>
      <temporalData source="#kensset">
        <temporalGroup eId="tmpg_1" />
      </temporalData>
      <Publication></Publication>
    </meta>
    <body period="#tmpg_1">
      <title eId="title">
        <content>
          <p>חוק בדבר מניעתו וענישתו של הפשע השמדת עם, תש"י–1950</p>
        </content>
      </title>
      <list>
        <point eId="point_1">
          <heading>
            <authorialNote placement="side">
              <p>”השמדת עם“ – פירוש</p>
            </authorialNote>
          </heading>
          <num>1.</num>
          <list>
            <point eId="point_1__point_א">
              <num>(א)</num>
              <content>
                <p>בחוק זה ”השמדת עם“ פירושה – אחד המעשים המפורטים להלן שנעשה בכוונה להשמיד, השמדה גמורה או חלקית, קיבוץ לאומי, אתני, גזעי או דתי (להלן: ”קיבוץ“), באשר הוא קיבוץ כזה.</p>
              </content>
            </point>
            <point eId="point_1__point_none">
              <list>
                <intro>
                  <p>ואלה המעשים:</p>
                </intro>
                <point eId="point_1__point_none__point_1">
                  <num>(1)</num>
                  <content>
                    <p>הריגת אנשים הנמנים עם הקיבוץ;</p>
                  </content>
                </point>
                <point eId="point_1__point_none__point_2">
                  <num>(2)</num>
                  <content>
                    <p>גרימת נזק חמור, בגוף או בנפש, לאנשים הנמנים עם הקיבוץ;</p>
                  </content>
                </point>
                <point eId="point_1__point_none__point_3">
                  <num>(3)</num>
                  <content>
                    <p>העמדת הקיבוץ בתנאי־חיים שיש בהם כדי להביא להשמדתו הגופנית, כולו או מקצתו;</p>
                  </content>
                </point>
                <point eId="point_1__point_none__point_4">
                  <num>(4)</num>
                  <content>
                    <p>קביעת אמצעים שכוונתם למנוע את הילודה בקיבוץ;</p>
                  </content>
                </point>
                <point eId="point_1__point_none__point_5">
                  <num>(5)</num>
                  <content>
                    <p>העברת ילדי הקיבוץ לקיבוץ אחר בדרך כפייה.</p>
                  </content>
                </point>
              </list>
            </point>
            <point eId="point_1__point_ב">
              <num>(ב)</num>
              <content>
                <p>בסעיף קטן (א), ”ילד“ פירושו – אדם שלא מלאו לו שמונה עשרה שנה.</p>
              </content>
            </point>
          </list>
        </point>
        <point eId="point_2">
          <heading>
            <authorialNote placement="side">
              <p>עונש על השמדת עם</p>
            </authorialNote>
          </heading>
          <num>2.</num>
          <content>
            <p>האשם בהשמדת עם, דינו – מיתה; אך אם עשה את המעשה, המהווה את העבירה, בנסיבות אשר, אלמלא <ref href="#point_6">סעיף 6</ref>, היו פוטרות אותו מאחריות פלילית או היו משמשות עילה למחילת העבירה, והוא עשה כמיטב יכלתו כדי להקל את חומרת התוצאות שנגרמו על ידי המעשה, יהיה דינו – מאסר לתקופה של לא פחות מעשר שנים.</p>
          </content>
        </point>
        <point eId="point_3">
          <heading>
            <authorialNote placement="side">
              <p>קשר, הסתה ונסיון להשמדת עם, והשתתפות בה</p>
            </authorialNote>
          </heading>
          <num>3.</num>
          <list>
            <point eId="point_3__point_א">
              <num>(א)</num>
              <list>
                <intro>
                  <p>האשם באחד המעשים המפורטים להלן, דינו כדין האשם בהשמדת עם. ואלה המעשים:</p>
                </intro>
                <point eId="point_3__point_א__point_1">
                  <num>(1)</num>
                  <content>
                    <p>קשר לבצע השמדת עם;</p>
                  </content>
                </point>
                <point eId="point_3__point_א__point_2">
                  <num>(2)</num>
                  <content>
                    <p>הסתה לבצע השמדת עם;</p>
                  </content>
                </point>
                <point eId="point_3__point_א__point_3">
                  <num>(3)</num>
                  <content>
                    <p>נסיון לבצע השמדת עם;</p>
                  </content>
                </point>
                <point eId="point_3__point_א__point_4">
                  <num>(4)</num>
                  <content>
                    <p>השתתפות בהשמדת עם.</p>
                  </content>
                </point>
              </list>
            </point>
            <point eId="point_3__point_ב">
              <num>(ב)</num>
              <content>
                <p>המונחים ”קשר“, ”הסתה“ ו”נסיון“ שבסעיף קטן (א), יש לפרשם מתוך סמוכין להוראות <ref href="/akn/il/act/PrimaryLegislation/1977-08-04/2002251">פקודת החוק הפלילי, 1936</ref>.</p>
              </content>
            </point>
            <point eId="point_3__point_ג">
              <num>(ג)</num>
              <content>
                <p>לצורך סעיף קטן (א)(4), רואים אדם כמשתתף בהשמדת עם, אם רואים אותו כך על פי <ref href="/akn/il/act/PrimaryLegislation/1977-08-04/2002251#chp_ה_sec_ב">סעיף 23(1)(ב), (ג) או (ד) לפקודת החוק הפלילי, 1936</ref>.</p>
              </content>
            </point>
          </list>
        </point>
        <point eId="point_4">
          <heading>
            <authorialNote placement="side">
              <p>אחריות על השמדת עם</p>
            </authorialNote>
          </heading>
          <num>4.</num>
          <content>
            <p>האשם בעבירה לפי חוק זה יבוא על ענשו, בין שהוא מושל הנושא באחריות מכוח החוק, בין שהוא חבר של מוסד מחוקק, בין שהוא פקיד ציבור ובין שהוא אדם פרטי.</p>
          </content>
        </point>
        <point eId="point_5">
          <heading>
            <authorialNote placement="side">
              <p>מקום הפשע</p>
            </authorialNote>
          </heading>
          <num>5.</num>
          <content>
            <p>מי שעשה מחוץ לישראל מעשה שהוא עבירה לפי חוק זה, אפשר להביאו לדין ולהענישו בישראל, כאילו עשה את המעשה בישראל.</p>
          </content>
        </point>
        <point eId="point_6">
          <heading>
            <authorialNote placement="side">
              <p>תפקיד משפטי, הכרח, צורך וצידוק אינם הגנה</p>
            </authorialNote>
          </heading>
          <num>6.</num>
          <content>
            <p>הוראות <ref href="/akn/il/act/PrimaryLegislation/1977-08-04/2002251#point_34כ">הסעיפים 16</ref>, <ref href="/akn/il/act/PrimaryLegislation/1977-08-04/2002251#point_34יב">17</ref>, <ref href="/akn/il/act/PrimaryLegislation/1977-08-04/2002251#point_34יא">18</ref><ref href="/akn/il/act/PrimaryLegislation/1977-08-04/2002251#point_34יג">ו־19 לפקודת החוק הפלילי, 1936</ref>, לא יחולו לגבי עבירות לפי חוק זה.</p>
          </content>
        </point>
        <point eId="point_7">
          <heading>
            <authorialNote placement="side">
              <p>תחולת החוק הפלילי הכללי</p>
            </authorialNote>
          </heading>
          <num>7.</num>
          <content>
            <p>הוראות <ref href="/akn/il/act/PrimaryLegislation/1977-08-04/2002251#part_א">החלק הראשון של פקודת החוק הפלילי, 1936</ref>, יחולו לגבי עבירות לפי חוק זה, במידה שאין בחוק זה הוראה אחרת.<br xml:space="preserve" xmlns=""> </br><wikicomment font-size="x-small">עפ"י <ref href="/akn/il/act/PrimaryLegislation/1982-03-01/2002215#point_9">סעיף 9(ב) לחוק סדר הדין הפלילי [נוסח משולב], התשמ"ב–1982</ref>, בעבירות לפי חוק זה אין התיישנות.</wikicomment></p>
          </content>
        </point>
        <point eId="point_8">
          <heading>
            <authorialNote placement="side">
              <p>הסגרה</p>
            </authorialNote>
          </heading>
          <num>8.</num>
          <content>
            <p>על אף האמור בכל חוק אחר, בדיון בדבר הסגרתו של אדם שנאשם, או שנתחייב בדין, על השמדת עם או על אחד המעשים המפורטים <ref href="#point_3">בסעיף 3(א)</ref>, אין נזקקים לטענה שהעבירה שעליה הוא נאשם או נתחייב בדין היא עבירה בעלת אופי פוליטי.</p>
          </content>
        </point>
        <point eId="point_9">
          <heading>
            <authorialNote placement="side">
              <p>ביצוע</p>
            </authorialNote>
          </heading>
          <num>9.</num>
          <content>
            <p>שר המשפטים ממונה על ביצוע חוק זה.</p>
          </content>
        </point>
        <point eId="point_10">
          <heading>
            <authorialNote placement="side">
              <p>תוקף החוק</p>
            </authorialNote>
          </heading>
          <num>10.</num>
          <content>
            <p>חוק זה – הבא בעקבות <ref href="/akn/il/act/PrimaryOrSecondaryLegislation/UnknownWorkDate/w_אמנת_האו_amp_quot_ם_בדבר_מניעת_רצח_עם">האמנה בדבר מניעתו וענישתו של הפשע השמדת עם</ref>, שנתקבלה על ידי עצרת האומות המאוחדות ביום ז׳ בכסלו תש"ט (9 בדצמבר 1948), נחתמה מטעם מדינת ישראל, ובהתאם להחלטת הכנסת נתאשרה על ידי מדינת־ישראל, – ייכנס לתקפו ביום פרסומו ברשומות, ויעמוד בתקפו, בין שהאמנה תיכנס לתקפה או תעמוד בתקפה ובין אם לאו.</p>
          </content>
        </point>
      </list>
    </body>
    <conclusions eId="eId">
      <p class="signatures">
        <signature>
          <p>
            <person refersTo="דוד_בן־גוריון">דוד בן־גוריון</person>
            <role refersTo="ראש_הממשלה">ראש הממשלה</role>
          </p>
        </signature>
        <signature>
          <p>
            <person refersTo="פנחס_רוזן">פנחס רוזן</person>
            <role refersTo="שר_המשפטים">שר המשפטים</role>
          </p>
        </signature>
        <signature>
          <p>
            <person refersTo="חיים_ווייצמן">חיים ווייצמן</person>
            <role refersTo="נשיא_המדינה">נשיא המדינה</role>
          </p>
        </signature>
      </p>
    </conclusions>
  </act>
</akomaNtoso>