﻿<?xml version="1.0" encoding="utf-8"?>
<akomaNtoso xmlns="http://docs.oasis-open.org/legaldocml/ns/akn/3.0">
  <act contains="originalVersion" name="publicLaw">
    <meta>
      <identification source="#kensset">
        <FRBRWork>
          <FRBRthis value="/akn/il/act/PrimaryLegislation/1991-07-11/153080/main" />
          <FRBRuri value="/akn/il/act/PrimaryLegislation/1991-07-11/153080" />
          <FRBRdate date="1991-07-11" name="Generation" />
          <FRBRauthor href="#knesset" as="#author" />
          <FRBRcountry value="israel" />
        </FRBRWork>
        <FRBRExpression>
          <FRBRthis value="/akn/il/act/PrimaryLegislation/1991-07-11/153080/he@/main" />
          <FRBRuri value="/akn/il/act/PrimaryLegislation/1991-07-11/153080/he@" />
          <FRBRdate date="1991-07-11" name="Generation" />
          <FRBRauthor href="#knesset" as="#author" />
          <FRBRlanguage language="hebrew" />
        </FRBRExpression>
        <FRBRManifestation>
          <FRBRthis value="/akn/il/act/PrimaryLegislation/1991-07-11/153080/he@/main.xml" />
          <FRBRuri value="/akn/il/act/PrimaryLegislation/1991-07-11/153080/he@" />
          <FRBRdate date="1991-07-11" name="Generation" />
          <FRBRauthor href="#knesset" as="#author" />
          <FRBRformat value="xml" />
        </FRBRManifestation>
      </identification>
      <classification source="#kensset">
        <keyword value="{classificationValue}" showAs="{classificationValue}" dictionary="#classification_dictionary" />
      </classification>
      <lifecycle source="#kensset">
        <eventRef eId="eventRef_1" date="1991-07-11" source="#kensset" type="generation" />
      </lifecycle>
      <references source="#kensset">
        <TLCOrganization eId="kensset" href="/ontology/organization/akn/knesset" showAs="Kensset" type="generation" />
        <TLCRole eId="author" href="/ontology/role/akn/author" showAs="Author of Document" />
        <TLCProcess eId="inforce" href="/ontology/process/akn/inforce" showAs="In force" />
        <TLCTerm eId="term_1" href="/ontology/term/אופטומטריה/153080" showAs="אופטומטריה" />
        <TLCTerm eId="term_2" href="/ontology/term/אופטומטראי/153080" showAs="אופטומטראי" />
        <TLCTerm eId="term_3" href="/ontology/term/המנהל/153080" showAs="המנהל" />
        <TLCTerm eId="term_4" href="/ontology/term/השר/153080" showAs="השר" />
        <TLCTerm eId="term_5" href="/ontology/term/ועדה_מייעצת/153080" showAs="ועדה_מייעצת" />
        <TLCTerm eId="term_6" href="/ontology/term/רופא/153080" showAs="רופא" />
        <TLCPerson eId="יצחק_שמיר" href="/ontology/person/יצחק_שמיר" showAs="יצחק שמיר" />
        <TLCPerson eId="אהוד_אולמרט" href="/ontology/person/אהוד_אולמרט" showAs="אהוד אולמרט" />
        <TLCPerson eId="חיים_הרצוג" href="/ontology/person/חיים_הרצוג" showAs="חיים הרצוג" />
        <TLCPerson eId="דב_שילנסקי" href="/ontology/person/דב_שילנסקי" showAs="דב שילנסקי" />
        <TLCRole eId="ראש_הממשלה" href="ontology/role/akn/ראש_הממשלה" showAs="ראש הממשלה" />
        <TLCRole eId="שר_הבריאות" href="ontology/role/akn/שר_הבריאות" showAs="שר הבריאות" />
        <TLCRole eId="נשיא_המדינה" href="ontology/role/akn/נשיא_המדינה" showAs="נשיא המדינה" />
        <TLCRole eId="יושב_ראש_הכנסת" href="ontology/role/akn/יושב_ראש_הכנסת" showAs="יושב ראש הכנסת" />
      </references>
      <temporalData source="#kensset">
        <temporalGroup eId="tmpg_1" />
      </temporalData>
      <Publication></Publication>
    </meta>
    <body period="#tmpg_1">
      <title eId="title">
        <content>
          <p>חוק העיסוק באופטומטריה, התשנ"א–1991</p>
        </content>
      </title>
      <list>
        <point eId="point_1" class="definitions">
          <heading>
            <authorialNote placement="side">
              <p>הגדרות</p>
            </authorialNote>
          </heading>
          <num>1.</num>
          <list>
            <intro>
              <p>בחוק זה –</p>
            </intro>
            <point eId="point_1__point_אופטומטריה">
              <content>
                <p>
                  <def />”אופטומטריה“ – מדידה של כושר הראייה או של טווח הראייה של אדם, קביעה של מצב ההסתגלות או השבירה של קרני האור בעינו של אדם, התאמת עדשות לשיפור הראייה, מתן מרשם או הוראה בדבר שימוש במכשיר אופטי לראייה ומתן מרשם לעדשות מגע, התאמתן או קביעתן לעינו של אדם;</p>
              </content>
            </point>
            <point eId="point_1__point_אופטומטראי">
              <content>
                <p>
                  <def />”אופטומטראי“ – מי שהורשה לפי חוק זה לעסוק באופטומטריה;</p>
              </content>
            </point>
            <point eId="point_1__point_המנהל">
              <content>
                <p>
                  <def />”המנהל“ – המנהל הכללי של משרד הבריאות או מי שהוא הסמיך לענין חוק זה;</p>
              </content>
            </point>
            <point eId="point_1__point_השר">
              <content>
                <p>
                  <def />”השר“ – שר הבריאות;</p>
              </content>
            </point>
            <point eId="point_1__point_ועדה_מייעצת">
              <content>
                <p>
                  <def />”ועדה מייעצת“ – הועדה המייעצת שמונתה לפי <ref href="#point_18">סעיף 18</ref>;</p>
              </content>
            </point>
            <point eId="point_1__point_רופא">
              <content>
                <p>
                  <def />”רופא“ – רופא מורשה לפי <ref href="/akn/il/act/PrimaryLegislation/1976-12-16/2002278">פקודת הרופאים [נוסח חדש], התשל"ז–1976</ref>.</p>
              </content>
            </point>
          </list>
        </point>
        <point eId="point_2">
          <heading>
            <authorialNote placement="side">
              <p>זכאות לרשיון</p>
            </authorialNote>
          </heading>
          <num>2.</num>
          <list>
            <point eId="point_2__point_א">
              <num>(א)</num>
              <content>
                <p>המנהל יתן רשיון לעסוק באופטומטריה למבקש שהוא בעל הכשרה מקצועית באופטומטריה.</p>
              </content>
            </point>
            <point eId="point_2__point_ב">
              <num>(ב)</num>
              <list>
                <intro>
                  <p>בעל הכשרה מקצועית באופטומטריה ייחשב מי שהתקיימו בו כל אלה:</p>
                </intro>
                <point eId="point_2__point_ב__point_1">
                  <num>(1)</num>
                  <content>
                    <p>הוא בעל השכלה באופטומטריה;</p>
                  </content>
                </point>
                <point eId="point_2__point_ב__point_2">
                  <num>(2)</num>
                  <content>
                    <p>סיים התמחות שנקבעה בתקנות;</p>
                  </content>
                </point>
                <point eId="point_2__point_ב__point_3">
                  <num>(3)</num>
                  <content>
                    <p>עמד בהצלחה בבחינות ממשלתיות שנקבעו בתקנות.</p>
                  </content>
                </point>
              </list>
            </point>
          </list>
        </point>
        <point eId="point_3">
          <heading>
            <authorialNote placement="side">
              <p>בעל השכלה</p>
            </authorialNote>
          </heading>
          <num>3.</num>
          <list>
            <intro>
              <p>בעל השכלה לענין <ref href="#point_2">סעיף 2(ב)(1)</ref> הוא מי שנתקיים בו אחד מאלה:</p>
            </intro>
            <point eId="point_3__point_1">
              <num>(1)</num>
              <content>
                <p>הוא קיבל תואר המעיד על סיום חוק לימודיו כאופטומטראי בבית ספר לאופטומטריה של מוסד מוכר כהגדרתו <ref href="/akn/il/act/PrimaryLegislation/1958-08-14/147288">בחוק המועצה להשכלה גבוהה, התשי"ח–1958</ref>;</p>
              </content>
            </point>
            <point eId="point_3__point_2">
              <num>(2)</num>
              <content>
                <p>היא סיים את חוק לימודיו באופטומטריה באוניברסיטה או בבית ספר לאופטומטריה ברמה אוניברסיטאית בחוץ לארץ אשר המנהל הכיר בהם, ויש בידו דיפלומה שהמנהל הכיר בה.</p>
              </content>
            </point>
          </list>
        </point>
        <point eId="point_4">
          <heading>
            <authorialNote placement="side">
              <p>הוראות לתקופת ביניים</p>
            </authorialNote>
          </heading>
          <num>4.</num>
          <list>
            <intro>
              <p>כל עוד לא קיים בישראל בית ספר כאמור <ref href="#point_3">בסעיף 3(1)</ref>, יתן המנהל רשיון גם למי שאינו בעל השכלה כאמור <ref href="#point_3">בסעיף 3</ref>, ובלבד שהתקיימו בו שני אלה:</p>
            </intro>
            <point eId="point_4__point_1">
              <num>(1)</num>
              <content>
                <p>בידו תעודה המעידה כי סיים בהצלחה לימודי אופטומטריה בישראל, במוסד ולפי תכנית לימודים שהכיר בהם המנהל לפני תחילתו של חוק זה;</p>
              </content>
            </point>
            <point eId="point_4__point_2">
              <num>(2)</num>
              <content>
                <p>הוא מילא אחר דרישות <ref href="#point_2">סעיף 2(ב)(2) ו־(3)</ref>.</p>
              </content>
            </point>
          </list>
        </point>
        <point eId="point_5">
          <heading>
            <authorialNote placement="side">
              <p>ייחוד העיסוק והכינוי</p>
            </authorialNote>
          </heading>
          <num>5.</num>
          <list>
            <point eId="point_5__point_א">
              <num>(א)</num>
              <content>
                <p>לא יעסוק אדם באופטומטריה ולא ישתמש בתואר אופטומטראי או תואר דומה המרמז על היותו אופטומטראי אלא אם כן יש בידו רשיון לפי חוק זה.</p>
              </content>
            </point>
            <point eId="point_5__point_ב">
              <num>(ב)</num>
              <list>
                <intro>
                  <p>הוראת איסור העיסוק באופטומטריה כמפורט בסעיף קטן (א) לא תחול –</p>
                </intro>
                <point eId="point_5__point_ב__point_1">
                  <num>(1)</num>
                  <content>
                    <p>על רופא מומחה במחלות עיניים, או מתמחה במחלות עיניים לפי <ref href="/akn/il/act/PrimaryOrSecondaryLegislation/UnknownWorkDate/תקנות_הרופאים_אישור_תואר_מומחה_ובחינות">תקנות הרופאים (אישור תואר מומחה ובחינות), התשל"ג–1973</ref> (להלן – רופא עיניים), ועל רופא מורשה שהוכיח להנחת דעתו של המנהל כי בתקופה של 5 שנים לפני תחילתו של חוק זה ייחד עיסוקו לרפואת עיניים;</p>
                  </content>
                </point>
                <point eId="point_5__point_ב__point_2">
                  <num>(2)</num>
                  <content>
                    <p>על מי שמתמחה בעבודה מעשית באופטומטריה בפיקוחו ובהדרכתו של אופטומטראי מורשה או של רופא מורשה.</p>
                  </content>
                </point>
              </list>
            </point>
          </list>
        </point>
        <point eId="point_6">
          <heading>
            <authorialNote placement="side">
              <p>רשיון לעסוק באורטופטיקה</p>
            </authorialNote>
          </heading>
          <num>6.</num>
          <list>
            <point eId="point_6__point_א">
              <num>(א)</num>
              <content>
                <p>בסעיף זה, ”אורטופטיקה“ – מדידה של פעילות השרירים של העין ומידת ההתאמה הדו־עינית, וכן טיפול – בפיקוחו של רופא עיניים – בפזילה ובעין עצלה בדרך של כיסוי עין, תירגולה ותיקונה במיכשור אופטי מתאים.</p>
              </content>
            </point>
            <point eId="point_6__point_ב">
              <num>(ב)</num>
              <list>
                <intro>
                  <p>המנהל רשאי להעניק רשיון לעסוק באורטופטיקה למי שהתקיימו בו כל אלה:</p>
                </intro>
                <point eId="point_6__point_ב__point_1">
                  <num>(1)</num>
                  <content>
                    <p>בידו תעודה המעידה כי סיים בהצלחה לימודי אורטופטיקה במוסד ולפי תכנית לימודים שהכיר בהם המנהל;</p>
                  </content>
                </point>
                <point eId="point_6__point_ב__point_2">
                  <num>(2)</num>
                  <content>
                    <p>הוא עמד בהצלחה בבחינות שקבע המנהל.</p>
                  </content>
                </point>
              </list>
            </point>
            <point eId="point_6__point_ג">
              <num>(ג)</num>
              <content>
                <p>הוראות <ref href="#point_5">סעיפים 5</ref>, <ref href="#point_8">8(ג) עד (ה)</ref><ref href="#point_9">ו־9 עד 17</ref> יחולו, בשינויים המחוייבים, גם על אורטופטיקאים.</p>
              </content>
            </point>
          </list>
        </point>
        <point eId="point_7">
          <heading>
            <authorialNote placement="side">
              <p>מומחיות מוכרת</p>
            </authorialNote>
          </heading>
          <num>7.</num>
          <list>
            <point eId="point_7__point_א">
              <num>(א)</num>
              <list>
                <intro>
                  <p>שר הבריאות רשאי לקבוע בתקנות –</p>
                </intro>
                <point eId="point_7__point_א__point_1">
                  <num>(1)</num>
                  <content>
                    <p>שענף פלוני באופטומטריה יהיה מומחיות מוכרת וכן את התנאים, ההכשרה באותו ענף והבחינה הנדרשים לשם הכרה באופטומטראי כבעל תואר מומחה (להלן – בעל תואר מומחה);</p>
                  </content>
                </point>
                <point eId="point_7__point_א__point_2">
                  <num>(2)</num>
                  <content>
                    <p>שירותים מסויימים באופטומטריה שייוחדו לבעל תואר מומחה; בתקנות לפי פסקה זו רשאי השר לקבוע תנאים להרשאה להמשך מתן השירותים, למי שערב תחילתן של התקנות נתן כדין שירותים כאמור.</p>
                  </content>
                </point>
              </list>
            </point>
            <point eId="point_7__point_ב">
              <num>(ב)</num>
              <content>
                <p>לא ישתמש אופטומטראי בתואר מומחה או בתואר דומה המרמז על היותו בעל אותו תואר ולא יתן שירות שיוחד לבעל תואר מומחה, אלא אם כן הוכר כבעל תואר כאמור.</p>
              </content>
            </point>
            <point eId="point_7__point_ג">
              <num>(ג)</num>
              <list>
                <point eId="point_7__point_ג__point_1">
                  <num>(1)</num>
                  <content>
                    <p>לא יתן אופטומטראי שירות שיוחד לבעל תואר מומחה ולא ישתמש בתואר כאמור או בתואר דומה המרמז על היותו בעל תואר מומחה, אלא אם כן הוא הוכר כבעל תואר מומחה לאותו ענף באופטומטריה.</p>
                  </content>
                </point>
                <point eId="point_7__point_ג__point_2">
                  <num>(2)</num>
                  <content>
                    <p>על אף האמור בפסקה 1, רשאי אופטומטראי לתת שירות שיוחד לבעל תואר מומחה לאחר הכשרה, בחינות ובהתאם לתנאים שקבע המנהל.</p>
                  </content>
                </point>
              </list>
            </point>
          </list>
        </point>
        <point eId="point_8">
          <heading>
            <authorialNote placement="side">
              <p>הליכות העיסוק</p>
            </authorialNote>
          </heading>
          <num>8.</num>
          <list>
            <point eId="point_8__point_א">
              <num>(א)</num>
              <content>
                <p>לא יטפל אופטומטראי באדם הסובל ממחלה או פגיעה בעינו, אלא אם כן נבדק אותו אדם לפני הטיפול בידי רופא עיניים והרופא קבע שאותו אדם יכול שיטופל בידי אופטומטראי.</p>
              </content>
            </point>
            <point eId="point_8__point_ב">
              <num>(ב)</num>
              <content>
                <p>לא יטפל אופטומטראי בילד או בזקן, אלא אם כן הטיפול נעשה בפיקוחו או לפי הפנייתו של רופא עיניים; השר יקבע בתקנות כללים, על פי המלצת צוות מקצועי של רופאים ואופטומטראים שמינה, מיהו ילד או זקן לענין סעיף זה.</p>
              </content>
            </point>
            <point eId="point_8__point_ג">
              <num>(ג)</num>
              <content>
                <p>לא יטפל אופטומטראי באדם בתרופות ובתכשירי רוקחות ולא יחזיק בהם, אלא בהתאם לכללים שקבע המנהל לענין זה.</p>
              </content>
            </point>
            <point eId="point_8__point_ד">
              <num>(ד)</num>
              <content>
                <p>אופטומטראי יציין על כל מסמך או תעודה שהוא נותן במהלך עיסוקו כי הוא אופטומטראי מורשה.</p>
              </content>
            </point>
            <point eId="point_8__point_ה">
              <num>(ה)</num>
              <content>
                <p>אופטומטראי יציג במקום גלוי במקום עסקו את הרשיון שניתן לו לפי <ref href="#point_2">סעיף 2</ref>.</p>
              </content>
            </point>
          </list>
        </point>
        <point eId="point_8א">
          <heading>
            <authorialNote placement="side">
              <p>מסירת תוצאות בדיקה ומרשם</p>
            </authorialNote>
          </heading>
          <num>8א.</num>
          <content>
            <p>בדיקה ומרשם בסיום בדיקת ראייה להתאמת משקפיים או עדשות מגע שנערכה על ידי אופטומטראי, ימסור בעל בית העסק שבו נערכה הבדיקה, למטופל, את תוצאות הבדיקה ואת המרשם להתאמת משקפיים או עדשות מגע, לפי העניין.</p>
          </content>
        </point>
        <point eId="point_9">
          <heading>
            <authorialNote placement="side">
              <p>סייגים לפרסומת</p>
            </authorialNote>
          </heading>
          <num>9.</num>
          <list>
            <point eId="point_9__point_א">
              <num>(א)</num>
              <content>
                <p>אופטומטראי לא יעשה, במישרין או בעקיפין, פרסומת לעיסוקו שיש בה כדי להטעות או שיש בה משום פגיעה בכבוד המקצוע או שהיא בניגוד לתקנות שהותקנו לפי סעיף קטן (ג).</p>
              </content>
            </point>
            <point eId="point_9__point_ב">
              <num>(ב)</num>
              <list>
                <intro>
                  <p>השר, בהתייעצות עם הארגון שלדעתו מייצג את המספר הגדול ביותר של אופטומטראים (להלן – הארגון המייצג) ובאישור ועדת החוקה חוק ומשפט של הכנסת, רשאי לקבוע סוגים, צורות, ודרכים של פרסומת –</p>
                </intro>
                <point eId="point_9__point_ב__point_1">
                  <num>(1)</num>
                  <content>
                    <p>שיש בהם כדי להטעות;</p>
                  </content>
                </point>
                <point eId="point_9__point_ב__point_2">
                  <num>(2)</num>
                  <content>
                    <p>שיש בהם משום פגיעה בכבוד המקצוע.</p>
                  </content>
                </point>
              </list>
            </point>
            <point eId="point_9__point_ג">
              <num>(ג)</num>
              <content>
                <p>השר, בהתייעצות עם הארגון המייצג ובאישור ועדת החוקה חוק ומשפט של הכנסת, רשאי לקבוע איסורים על סוגים, צורות ודרכים של פרסומת שיש בהם משום פגיעה בציבור.</p>
              </content>
            </point>
            <point eId="point_9__point_ד">
              <num>(ד)</num>
              <content>
                <p>לא יעשה אדם פרסומת לעיסוק באופטומטריה או לעיסוקו של אופטומטראי, אשר אילו נעשתה בידי אופטומטראי היתה אסורה לפי הוראות סעיף קטן (א).</p>
              </content>
            </point>
            <point eId="point_9__point_ה">
              <num>(ה)</num>
              <content>
                <p>אופטומטראי, שאדם אחר עוסק בפרסום עיסוקו, חייב לעשות כל שאפשר כדי למנוע מאותו אדם לפעול בניגוד להוראות סעיף קטן (ד); המפר הוראה זו, דינו – מחצית הקנס הקבוע <ref href="/akn/il/act/PrimaryLegislation/1977-08-04/2002251#point_61">בסעיף 61(א)(1) לחוק העונשין, התשל"ז–1977</ref>.</p>
              </content>
            </point>
            <point eId="point_9__point_ו">
              <num>(ו)</num>
              <content>
                <p>הפר אדם את הוראות סעיף קטן (ד), לענין אופטומטראי מסוים, חזקה היא כי אותו אופטומטראי הפר את חובתו לפי סעיף קטן (ה), אלא אם כן הוכיח האופטומטראי כי עשה כל שאפשר כדי למלא את חובתו.</p>
              </content>
            </point>
            <point eId="point_9__point_ז">
              <num>(ז)</num>
              <content>
                <p>הוראות לפי סעיף זה <ref href="#point_13">וסעיף 13</ref> באות להוסיף על הוראות כל דין.</p>
              </content>
            </point>
          </list>
        </point>
        <point eId="point_10">
          <heading>
            <authorialNote placement="side">
              <p xml:space="preserve"> </p>
            </authorialNote>
          </heading>
          <num>10.</num>
          <content>
            <p>
              <wikicomment font-size="x-small">(בוטל).</wikicomment>
            </p>
          </content>
        </point>
        <point eId="point_11">
          <heading>
            <authorialNote placement="side">
              <p xml:space="preserve"> </p>
            </authorialNote>
          </heading>
          <num>11.</num>
          <content>
            <p>
              <wikicomment font-size="x-small">(בוטל).</wikicomment>
            </p>
          </content>
        </point>
        <point eId="point_12">
          <heading>
            <authorialNote placement="side">
              <p xml:space="preserve"> </p>
            </authorialNote>
          </heading>
          <num>12.</num>
          <content>
            <p>
              <wikicomment font-size="x-small">(בוטל).</wikicomment>
            </p>
          </content>
        </point>
        <point eId="point_13">
          <heading>
            <authorialNote placement="side">
              <p>ביטול והתליה של רשיון או תעודת מומחה</p>
            </authorialNote>
          </heading>
          <num>13.</num>
          <content>
            <p>מצא המנהל כי אופטומטראי פעל בחוסר יכולת או כושר מקצועי או ברשלנות, או שהשיג את רשיונו או את הכרתו כמומחה במצג שוא, או שהורשע בעבירה שיש עמה קלון או שהפר הוראות לפי <ref href="#point_9">סעיף 9</ref>, רשאי הוא לבטל את רשיונו או את תואר המומחה שלו, לפי הענין, או להתלותו לתקופה שלא תעלה על חמש שנים.</p>
          </content>
        </point>
        <point eId="point_14">
          <heading>
            <authorialNote placement="side">
              <p>ועדת שמיעה</p>
            </authorialNote>
          </heading>
          <num>14.</num>
          <content>
            <p>לא ינקוט המנהל אמצעי כאמור <ref href="#point_13">בסעיף 13</ref> אלא אם כן ניתנה לאופטומטראי הזדמנות להשמיע את הסבריו לפני ועדה בת שלושה חברים שמינה המנהל; הועדה תורכב מנציג היועץ המשפטי לממשלה, שיהיה יושב ראש הועדה, מרופא עיניים וכן מאופטומטראי בעל רשיון של לא פחות מחמש שנים.</p>
          </content>
        </point>
        <point eId="point_15">
          <heading>
            <authorialNote placement="side">
              <p>ערר</p>
            </authorialNote>
          </heading>
          <num>15.</num>
          <list>
            <point eId="point_15__point_א">
              <num>(א)</num>
              <content>
                <p>אופטומטראי הרואה עצמו נפגע מהחלטת המנהל לפי <ref href="#point_13">סעיף 13</ref>, רשאי לערור על החלטת המנהל לפני בית משפט השלום שבתחום שיפוטו נמצא מקום עיסוקו של האופטומטראי.</p>
              </content>
            </point>
            <point eId="point_15__point_ב">
              <num>(ב)</num>
              <content>
                <p>על פסק דינו של בית משפט השלום בערר ניתן לערער לפני בית המשפט המחוזי, אם ניתנה רשות לכך מאת שופט של בית המשפט המחוזי.</p>
              </content>
            </point>
            <point eId="point_15__point_ג">
              <num>(ג)</num>
              <content>
                <p>שר המשפטים רשאי לקבוע סדרי דין לענין ערר לפי סעיף קטן (א), לרבות בדבר המועד להגשתו וסמכות בית המשפט להארכת המועד.</p>
              </content>
            </point>
          </list>
        </point>
        <point eId="point_16">
          <heading>
            <authorialNote placement="side">
              <p>תשלום אגרות</p>
            </authorialNote>
          </heading>
          <num>16.</num>
          <list>
            <point eId="point_16__point_א">
              <num>(א)</num>
              <content>
                <p>אופטומטראי ישלם מדי שנתיים אגרת רשיון; כמו כן ישולמו אגרות עבור תעודות מומחה ובחינות, הכל כפי שייקבע בתקנות.</p>
              </content>
            </point>
            <point eId="point_16__point_ב">
              <num>(ב)</num>
              <content>
                <p>לא שילם אופטומטראי אגרת רשיון כאמור בסעיף קטן (א) בשל תקופה של ארבע שנים, ישלח לו המנהל הודעה על חובתו לשלמה תוך חמישה עשר ימים מקבלת ההודעה; לא שולמה האגרה במועד האמור, רשאי המנהל לבטל את רשיונו של האופטומטראי.</p>
              </content>
            </point>
            <point eId="point_16__point_ג">
              <num>(ג)</num>
              <content>
                <p>אגרות לפי סעיף זה תיועדנה למימון הטיפול בכל הקשור לביצוע הוראות חוק זה.</p>
              </content>
            </point>
          </list>
        </point>
        <point eId="point_17">
          <heading>
            <authorialNote placement="side">
              <p>עונשין</p>
            </authorialNote>
          </heading>
          <num>17.</num>
          <list>
            <point eId="point_17__point_א">
              <num>(א)</num>
              <content>
                <p>העוסק באופטומטריה ואין בידו רשיון תקף לפי חוק זה, דינו – מאסר שנה או קנס 123,000 שקלים חדשים.</p>
              </content>
            </point>
            <point eId="point_17__point_ב">
              <num>(ב)</num>
              <content>
                <p>המשתמש בתואר אופטומטראי בניגוד להוראת <ref href="#point_5">סעיף 5(א)</ref> והעובר על הוראה מהוראות <ref href="#point_7">סעיפים 7(ב)</ref>, <ref href="#point_7">7(ג)</ref><ref href="#point_8">ו־8</ref>, דינם – מאסר שלושה חדשים או קנס 35,500 שקלים חדשים.</p>
              </content>
            </point>
            <point eId="point_17__point_ג">
              <num>(ג)</num>
              <content>
                <p>העובר על הוראות <ref href="#point_9">סעיף 9(א) ו־(ד)</ref>, דינו – קנס.</p>
              </content>
            </point>
          </list>
        </point>
        <point eId="point_18">
          <heading>
            <authorialNote placement="side">
              <p>ועדה מייעצת</p>
            </authorialNote>
          </heading>
          <num>18.</num>
          <content>
            <p>השר ימנה ועדה מייעצת של חמישה חברים, ובהם עובד משרד הבריאות והוא יהיה יושב ראש הועדה, שני רופאי עיניים ושני אופטומטראים, וכן ימנה לכל חבר ממלא מקום.</p>
          </content>
        </point>
        <point eId="point_19">
          <heading>
            <authorialNote placement="side">
              <p>ביצוע ותקנות</p>
            </authorialNote>
          </heading>
          <num>19.</num>
          <list>
            <point eId="point_19__point_א">
              <num>(א)</num>
              <list>
                <intro>
                  <p>השר ממונה על ביצוע חוק זה והוא רשאי להתקין תקנות בכל ענין הנוגע לביצועו, לרבות בענינים אלה:</p>
                </intro>
                <point eId="point_19__point_א__point_1">
                  <num>(1)</num>
                  <content>
                    <p>התנאים למתן הכרה במוסד ובתכנית לימודים לענין <ref href="#point_3">סעיפים 3(2)</ref>, <ref href="#point_4">4(1)</ref><ref href="#point_6">ו־6(ב)(1)</ref>, תקופת ההתמחות ותנאיה וכן נושאי הבחינות וסדריהן;</p>
                  </content>
                </point>
                <point eId="point_19__point_א__point_2">
                  <num>(2)</num>
                  <content>
                    <p>החובות המקצועיות החלות על אופטומטראי במסגרת עיסוקו;</p>
                  </content>
                </point>
                <point eId="point_19__point_א__point_3">
                  <num>(3)</num>
                  <content>
                    <p>חובת האופטומטראי למסור למנהל פרטים שלדעת המנהל עשויה להיות להם נפקות לעיסוקו באופטומטריה, וכל שינוי בהם;</p>
                  </content>
                </point>
                <point eId="point_19__point_א__point_4">
                  <num>(4)</num>
                  <content>
                    <p>הרישומים שאופטומטראי ינהל וישמור בקשר לשירותים שנתן במהלך עיסוקו;</p>
                  </content>
                </point>
                <point eId="point_19__point_א__point_5">
                  <num>(5)</num>
                  <content>
                    <p>שיעורי האגרות לרשיונות, לתעודות מומחה ולבחינות, לרבות הוראות בדבר הצמדה וריבית בשל פיגור בתשלום האגרה;</p>
                  </content>
                </point>
                <point eId="point_19__point_א__point_6">
                  <num>(6)</num>
                  <content>
                    <p>החלת ההוראות בפסקה (5) גם לענין אורטופטיקאים.</p>
                  </content>
                </point>
              </list>
            </point>
            <point eId="point_19__point_ב">
              <num>(ב)</num>
              <content>
                <p>תקנות לפי סעיף קטן (א)(1) ו־(5) ולפי <ref href="#point_7">סעיפים 7</ref><ref href="#point_8">ו־8(ב)</ref> טעונות אישורה של ועדת העבודה והרווחה של הכנסת.</p>
              </content>
            </point>
            <point eId="point_19__point_ג">
              <num>(ג)</num>
              <content>
                <p>תקנות לפי סעיף קטן (א)(2) ו־(4) ולפי <ref href="#point_7">סעיף 7</ref> יותקנו לאחר התייעצות עם הועדה המייעצת.</p>
              </content>
            </point>
          </list>
        </point>
        <point eId="point_20">
          <heading>
            <authorialNote placement="side">
              <p>תחילה והוראות מעבר</p>
            </authorialNote>
          </heading>
          <num>20.</num>
          <list>
            <point eId="point_20__point_א">
              <num>(א)</num>
              <content>
                <p>תחילתו של חוק זה ביום כ"א באב התשנ"א (1 באוגוסט 1991).</p>
              </content>
            </point>
            <point eId="point_20__point_ב">
              <num>(ב)</num>
              <content>
                <p>מי שערב תחילתו של חוק זה היה רשום בפנקס לפי צו הפיקוח על מצרכים ושירותים (עיסוק באופטומטריה), התש"ם–1980, זכאי לקבל רשיון לעסוק באופטומטריה אם הגיש בקשה תוך שנה מיום פרסומו של חוק זה.</p>
              </content>
            </point>
            <point eId="point_20__point_ג">
              <num>(ג)</num>
              <content>
                <p>מי שערב תחילתו של חוק זה היתה בידו תעודה ממשרד הבריאות המכירה בו כבעל מעמד במקצוע האורטופטיקה, זכאי לקבל רשיון לעסוק באורטופטיקה אם הגיש בקשה תוך ששה חדשים מיום פרסומו של חוק זה.</p>
              </content>
            </point>
          </list>
        </point>
        <point eId="point_21">
          <heading>
            <authorialNote placement="side">
              <p>ביטול צו האופטומטראים</p>
            </authorialNote>
          </heading>
          <num>21.</num>
          <content>
            <p>צו הפיקוח על מצרכים ושירותים (עיסוק באופטומטריה), התש"ם–1980 – בטל.</p>
          </content>
        </point>
      </list>
    </body>
    <conclusions eId="eId">
      <p class="signatures">
        <signature>
          <p>
            <person refersTo="יצחק_שמיר">יצחק שמיר</person>
            <role refersTo="ראש_הממשלה">ראש הממשלה</role>
          </p>
        </signature>
        <signature>
          <p>
            <person refersTo="אהוד_אולמרט">אהוד אולמרט</person>
            <role refersTo="שר_הבריאות">שר הבריאות</role>
          </p>
        </signature>
        <signature>
          <p>
            <person refersTo="חיים_הרצוג">חיים הרצוג</person>
            <role refersTo="נשיא_המדינה">נשיא המדינה</role>
          </p>
        </signature>
        <signature>
          <p>
            <person refersTo="דב_שילנסקי">דב שילנסקי</person>
            <role refersTo="יושב_ראש_הכנסת">יושב ראש הכנסת</role>
          </p>
        </signature>
      </p>
    </conclusions>
  </act>
</akomaNtoso>