﻿<?xml version="1.0" encoding="utf-8"?>
<akomaNtoso xmlns="http://docs.oasis-open.org/legaldocml/ns/akn/3.0">
  <act contains="originalVersion" name="publicLaw">
    <meta>
      <identification source="#kensset">
        <FRBRWork>
          <FRBRthis value="/akn/il/act/PrimaryLegislation/1953-08-07/147305/main" />
          <FRBRuri value="/akn/il/act/PrimaryLegislation/1953-08-07/147305" />
          <FRBRdate date="1953-08-07" name="Generation" />
          <FRBRauthor href="#knesset" as="#author" />
          <FRBRcountry value="israel" />
        </FRBRWork>
        <FRBRExpression>
          <FRBRthis value="/akn/il/act/PrimaryLegislation/1953-08-07/147305/he@/main" />
          <FRBRuri value="/akn/il/act/PrimaryLegislation/1953-08-07/147305/he@" />
          <FRBRdate date="1953-08-07" name="Generation" />
          <FRBRauthor href="#knesset" as="#author" />
          <FRBRlanguage language="hebrew" />
        </FRBRExpression>
        <FRBRManifestation>
          <FRBRthis value="/akn/il/act/PrimaryLegislation/1953-08-07/147305/he@/main.xml" />
          <FRBRuri value="/akn/il/act/PrimaryLegislation/1953-08-07/147305/he@" />
          <FRBRdate date="1953-08-07" name="Generation" />
          <FRBRauthor href="#knesset" as="#author" />
          <FRBRformat value="xml" />
        </FRBRManifestation>
      </identification>
      <classification source="#kensset">
        <keyword value="{classificationValue}" showAs="{classificationValue}" dictionary="#classification_dictionary" />
      </classification>
      <lifecycle source="#kensset">
        <eventRef eId="eventRef_1" date="1953-08-07" source="#kensset" type="generation" />
      </lifecycle>
      <references source="#kensset">
        <TLCOrganization eId="kensset" href="/ontology/organization/akn/knesset" showAs="Kensset" type="generation" />
        <TLCRole eId="author" href="/ontology/role/akn/author" showAs="Author of Document" />
        <TLCProcess eId="inforce" href="/ontology/process/akn/inforce" showAs="In force" />
        <TLCTerm eId="term_1" href="/ontology/term/מוסד_מיישב/147305" showAs="מוסד_מיישב" />
        <TLCTerm eId="term_2" href="/ontology/term/גוף_התישבותי_ארצי/147305" showAs="גוף_התישבותי_ארצי" />
        <TLCTerm eId="term_3" href="/ontology/term/ישוב_חקלאי/147305" showAs="ישוב_חקלאי" />
        <TLCTerm eId="term_4" href="/ontology/term/מתיישב/147305" showAs="מתיישב" />
        <TLCTerm eId="term_5" href="/ontology/term/ישוב_מאורגן/147305" showAs="ישוב_מאורגן" />
        <TLCPerson eId="משה_שרת" href="/ontology/person/משה_שרת" showAs="משה שרת" />
        <TLCPerson eId="פרץ_נפתלי" href="/ontology/person/פרץ_נפתלי" showAs="פרץ נפתלי" />
        <TLCPerson eId="יצחק_בן־צבי" href="/ontology/person/יצחק_בן־צבי" showAs="יצחק בן־צבי" />
        <TLCRole eId="שר_החוץ_|_ממלא_מקום_ראש_הממשלה" href="ontology/role/akn/שר_החוץ_|_ממלא_מקום_ראש_הממשלה" showAs="שר החוץ | ממלא מקום ראש הממשלה" />
        <TLCRole eId="שר_החקלאות" href="ontology/role/akn/שר_החקלאות" showAs="שר החקלאות" />
        <TLCRole eId="נשיא_המדינה" href="ontology/role/akn/נשיא_המדינה" showAs="נשיא המדינה" />
      </references>
      <temporalData source="#kensset">
        <temporalGroup eId="tmpg_1" />
      </temporalData>
      <Publication></Publication>
    </meta>
    <body period="#tmpg_1">
      <title eId="title">
        <content>
          <p>חוק המועמדים להתישבות חקלאית, תשי"ג–1953</p>
        </content>
      </title>
      <list>
        <point eId="point_1" class="definitions">
          <heading>
            <authorialNote placement="side">
              <p>פירושים</p>
            </authorialNote>
          </heading>
          <num>1.</num>
          <list>
            <intro>
              <p>בחוק זה –</p>
            </intro>
            <point eId="point_1__point_מוסד_מיישב">
              <content>
                <p>
                  <def />”מוסד מיישב“ פירושו – הממשלה, ההסתדרות הציונית העולמית – הסוכנות היהודית לא"י, וכל גוף אחר העוסק ביישוב בני אדם על הקרקע, ושר החקלאות, בהודעה ברשומות, הכיר בו כמוסד מיישב לענין חוק זה;</p>
              </content>
            </point>
            <point eId="point_1__point_גוף_התישבותי_ארצי">
              <content>
                <p>
                  <def />”גוף התישבותי ארצי“ פירושו – גוף המארגן בני אדם להתישבות חקלאית, ושר החקלאות, בהודעה ברשומות, הכיר בו כגוף התישבותי ארצי לענין חוק זה;</p>
              </content>
            </point>
            <point eId="point_1__point_ישוב_חקלאי">
              <content>
                <p>
                  <def />”ישוב חקלאי“ פירושו – מקום שתושביו יושבו לשם התישבות חקלאית, בין בזמן אחד ובין בזמנים שונים, על ידי מוסד מיישב אחד או יותר או בעזרת גוף התישבותי ארצי, אולם אם היה אותו מקום חלק מישוב שתושביו לא יושבו כאמור, לא יראו כישוב חקלאי אלא את המקום שיושב כאמור;</p>
              </content>
            </point>
            <point eId="point_1__point_מתיישב">
              <content>
                <p>
                  <def />”מתיישב“ או ”מועמד“ פירושו – אדם שהתיישב בישוב חקלאי;</p>
              </content>
            </point>
            <point eId="point_1__point_ישוב_מאורגן">
              <content>
                <p>
                  <def />”ישוב מאורגן“ פירושו – ישוב חקלאי הקשור קשר ארגוני לגוף התישבותי ארצי.</p>
              </content>
            </point>
          </list>
        </point>
        <point eId="point_2">
          <heading>
            <authorialNote placement="side">
              <p>הרחקת מועמד מישוב חקלאי</p>
            </authorialNote>
          </heading>
          <num>2.</num>
          <content>
            <p>אפשר להרחיק מועמד מישוב חקלאי על פי הוראות חוק זה, אם התביעה להרחקתו הוגשה לפני שמלאו שלוש שנים להתישבותו בישוב.</p>
          </content>
        </point>
        <point eId="point_3">
          <heading>
            <authorialNote placement="side">
              <p>ועדות</p>
            </authorialNote>
          </heading>
          <num>3.</num>
          <list>
            <point eId="point_3__point_א">
              <num>(א)</num>
              <content>
                <p>שר החקלאות ימנה ועדה אחת או יותר לענין חוק זה (להלן – ועדה).</p>
              </content>
            </point>
            <point eId="point_3__point_ב">
              <num>(ב)</num>
              <content>
                <p>כל ועדה תהיה של שלושה. יושב ראש הועדה יהיה שופט שיתמנה על פי המלצת שר המשפטים, ואחד מחברי הועדה יתמנה מתוך רשימות בני אדם שהוגשו לשר החקלאות מאת הסתדרויות ארציות של חקלאים או מאת גופים התישבותיים ארציים.</p>
              </content>
            </point>
            <point eId="point_3__point_ג">
              <num>(ג)</num>
              <content>
                <p>מינויה של ועדה יכול להיות כללי או מסוייג.</p>
              </content>
            </point>
            <point eId="point_3__point_ד">
              <num>(ד)</num>
              <content>
                <p>הודעה על מינויה של ועדה ועל כתבתה תפורסם ברשומות.</p>
              </content>
            </point>
          </list>
        </point>
        <point eId="point_4">
          <heading>
            <authorialNote placement="side">
              <p>תביעה להרחקת מועמד מישוב חקלאי</p>
            </authorialNote>
          </heading>
          <num>4.</num>
          <list>
            <point eId="point_4__point_א">
              <num>(א)</num>
              <list>
                <intro>
                  <p>אלה זכאים לתבוע לפני ועדה, מטעמים המפורטים <ref href="#point_6">בסעיף 6</ref>, כולם או מקצתם, את הרחקתו של מועמד מישוב חקלאי:</p>
                </intro>
                <point eId="point_4__point_א__point_1">
                  <num>(1)</num>
                  <content>
                    <p>מוסד מיישב שעשה ליישוב המועמד על הקרקע;</p>
                  </content>
                </point>
                <point eId="point_4__point_א__point_2">
                  <num>(2)</num>
                  <content>
                    <p>הגוף ההתישבותי הארצי, שאותו ישוב קשור בו קשר ארגוני (להלן – הגוף ההתישבותי המארגן);</p>
                  </content>
                </point>
                <point eId="point_4__point_א__point_3">
                  <num>(3)</num>
                  <content>
                    <p>הישוב החקלאי באישור מוסד מיישב שעשה ליישוב המועמד על הקרקע. ואם הוא ישוב מאורגן – באישור הגוף ההתישבותי המארגן.</p>
                  </content>
                </point>
              </list>
            </point>
            <point eId="point_4__point_ב">
              <num>(ב)</num>
              <content>
                <p>היה הנתבע מתיישב בישוב מאורגן או בישוב חקלאי אחר שרוב מתיישביו הם חברים בהסתדרות ארצית של חקלאים, יובא הענין בפני ועדה שאחד מחבריה נתמנה מתוך רשימת בני אדם שהוגשה על ידי הגוף ההתישבותי המארגן, או על ידי אותה הסתדרות ארצית, הכל לפי הענין.</p>
              </content>
            </point>
            <point eId="point_4__point_ג">
              <num>(ג)</num>
              <content>
                <p>מי שזכאי לתבוע לפי סעיף קטן (א) לא יגיש את תביעתו, אלא כתום שני חדשים מיום שמסר למועמד התראה בכתב ובה נדרש המועמד לחדול מן המעשים המפורטים בה, שעליהם הוא עלול להיות מורחק מן הישוב כאמור <ref href="#point_6">בסעיף 6</ref>.</p>
              </content>
            </point>
          </list>
        </point>
        <point eId="point_5">
          <heading>
            <authorialNote placement="side">
              <p>החלטה בתביעה</p>
            </authorialNote>
          </heading>
          <num>5.</num>
          <list>
            <intro>
              <p>בתביעה להרחקת מועמד מישוב חקלאי רשאית הועדה – לפי שיקול דעתה, אך בכפוף לסייגים <ref href="#point_6">שבסעיף 6</ref> – להחליט אחת מאלה:</p>
            </intro>
            <point eId="point_5__point_1">
              <num>(1)</num>
              <content>
                <p>לדחות את התביעה;</p>
              </content>
            </point>
            <point eId="point_5__point_2">
              <num>(2)</num>
              <content>
                <p>להרחיק את המועמד מהישוב החקלאי.</p>
              </content>
            </point>
          </list>
        </point>
        <point eId="point_6">
          <heading>
            <authorialNote placement="side">
              <p>טעמים להרחקה</p>
            </authorialNote>
          </heading>
          <num>6.</num>
          <list>
            <point eId="point_6__point_א">
              <num>(א)</num>
              <list>
                <intro>
                  <p>הועדה לא תחליט על הרחקת מועמד מישוב חקלאי, אלא אם שוכנעה שנתקיימו במועמד אחד מאלה:</p>
                </intro>
                <point eId="point_6__point_א__point_1">
                  <num>(1)</num>
                  <content>
                    <p>מזניח, דרך קבע, את עיבוד משקו ללא סיבה מספקת לכך;</p>
                  </content>
                </point>
                <point eId="point_6__point_א__point_2">
                  <num>(2)</num>
                  <content>
                    <p>גורם ביודעין נזק למקרקעים או למטלטלים שקיבל ממוסד מיישב לצורך התישבותו, או משתמש בהם, דרך קבע, שלא לצורך התישבותו תוך כדי הזנחת השימוש בהם במידה הדרושה לצרכי התישבותו;</p>
                  </content>
                </point>
                <point eId="point_6__point_א__point_3">
                  <num>(3)</num>
                  <content>
                    <p>נוהג להפר חובות שתקנון הישוב מטיל עליו או חובות שהוטלו עליו על ידי הישוב החקלאי בהתאם לאותו תקנון;</p>
                  </content>
                </point>
                <point eId="point_6__point_א__point_4">
                  <num>(4)</num>
                  <content>
                    <p>נוהג להפר את השלום בישוב על ידי מעשי אלימות או איומים במעשי אלימות, בחברה או במשפחה.</p>
                  </content>
                </point>
              </list>
            </point>
            <point eId="point_6__point_ב">
              <num>(ב)</num>
              <content>
                <p>ועדה לא תחליט על הרחקת מועמד מישוב חקלאי בשל השקפותיו.</p>
              </content>
            </point>
            <point eId="point_6__point_ג">
              <num>(ג)</num>
              <list>
                <intro>
                  <p>בסעיף זה ”תקנון הישוב“ פירושו –</p>
                </intro>
                <point eId="point_6__point_ג__point_1">
                  <num>(1)</num>
                  <content>
                    <p>הכללים אשר ההתחייבות לקיימם על ידי מתיישב משמשת תנאי להתישבותו באותו ישוב, בין שהמועמד התחייב בהם בשעת התישבותו ובין לאחר מכן; או</p>
                  </content>
                </point>
                <point eId="point_6__point_ג__point_2">
                  <num>(2)</num>
                  <content>
                    <p>אם אין כללים כאמור בפסקה (1) ותושבי הישוב אורגנו להתישבותם על ידי גוף התישבותי ארצי לפני תחילת תקפו של חוק זה – הכללים העיקריים שהיו כלולים, בשעת התישבותו של המועמד, בתקנון לדוגמה שנקבע על ידי אותו גוף בשביל ישובים שהוא מארגן את התישבותם ושהתחייבות המתיישבים לקיימם משמשת תנאי להתישבותם.</p>
                  </content>
                </point>
              </list>
            </point>
          </list>
        </point>
        <point eId="point_7">
          <heading>
            <authorialNote placement="side">
              <p>סדרי דין</p>
            </authorialNote>
          </heading>
          <num>7.</num>
          <list>
            <point eId="point_7__point_א">
              <num>(א)</num>
              <content>
                <p>הועדה לא תחליט בתביעה להרחקת מועמד מישוב חקלאי אלא לאחר שניתנה לתובע, ליתר הזכאים לתבוע לפי <ref href="#point_4">סעיף 4</ref> ולנתבע הזדמנות להביא לפניה את ראיותיהם ולהשמיע את דברם.</p>
              </content>
            </point>
            <point eId="point_7__point_ב">
              <num>(ב)</num>
              <content>
                <p>הועדה תשמע טענות ותגבה ראיות במעמד התובע והנתבע או אחרי הזמנתם כדין.</p>
              </content>
            </point>
            <point eId="point_7__point_ג">
              <num>(ג)</num>
              <content>
                <p>לועדה יהיו כל הסמכויות שאפשר להעניק לועדת חקירה לפי <ref href="/akn/il/act/PrimaryLegislation/1969-01-08/147339#point_9">סעיף 5 לפקודת ועדות החקירה</ref>.</p>
              </content>
            </point>
            <point eId="point_7__point_ד">
              <num>(ד)</num>
              <content>
                <p>במידה שלא נקבע אחרת בחוק זה, לא תהיה הועדה קשורה בדיני ראיה ותפעל בדרך שתיראה לה כמועילה ביותר לבירור השאלות העומדות לדיון.</p>
              </content>
            </point>
            <point eId="point_7__point_ה">
              <num>(ה)</num>
              <content>
                <p>הועדה קובעת בעצמה את סדרי דינה, במידה שלא נקבעו בחוק זה ובתקנות שהותקנו לפיו.</p>
              </content>
            </point>
            <point eId="point_7__point_ו">
              <num>(ו)</num>
              <content>
                <p>החלטת הועדה היא סופית.</p>
              </content>
            </point>
          </list>
        </point>
        <point eId="point_8">
          <heading>
            <authorialNote placement="side">
              <p>פינוי מקרקעים</p>
            </authorialNote>
          </heading>
          <num>8.</num>
          <list>
            <point eId="point_8__point_א">
              <num>(א)</num>
              <content>
                <p>החליטה הועדה על הרחקתו של מועמד מישוב חקלאי, תיתם, ביום שנקבע על ידי הועדה בהחלטתה, כל התקשרות וכל זכות שעל פיהן מחזיק המועמד במקרקעים שלפי החלטת הועדה קיבלם, במישרין או בעקיפין, ממוסד מיישב לצורך התישבותו, לרבות כל המבנים שעליהם בשעת ההחלטה.</p>
              </content>
            </point>
            <point eId="point_8__point_ב">
              <num>(ב)</num>
              <content>
                <p>הועדה תפרט בהחלטתה את המקרקעים, לרבות המבנים, והמועמד וכל מי שמחזיק בהם מכוחו חייבים לפנותם ביום שנקבע בהחלטה.</p>
              </content>
            </point>
            <point eId="point_8__point_ג">
              <num>(ג)</num>
              <content>
                <p>הוגשה ההחלטה למשרד ההוצאה לפועל, ימסור המשרד העתק ממנה למועמד ולכל מי שמחזיק במקרקעים מכוחו; ומן המסירה ואילך, ההחלטה כמוה כצו פינוי שניתן כחוק בהוצאה לפועל והמחייב את המועמד, ואת כל מי שמחזיק במקרקעים מכוחו, לפנותם ביום שנקבע בהחלטה.</p>
              </content>
            </point>
          </list>
        </point>
        <point eId="point_9">
          <heading>
            <authorialNote placement="side">
              <p>מסירת מטלטלים כתוצאה מהרחקת מועמד</p>
            </authorialNote>
          </heading>
          <num>9.</num>
          <list>
            <point eId="point_9__point_א">
              <num>(א)</num>
              <content>
                <p>אם הועדה החליטה על כך, תיתם, ביום שנקבע על ידי הועדה בהחלטתה, כל התקשרות וכל זכות שעל פיהן מחזיק המועמד במטלטלים שלפי החלטת הועדה קיבלם במישרין או בעקיפין, ממוסד מיישב לצורך התישבותו ולא עברו לבעלותו.</p>
              </content>
            </point>
            <point eId="point_9__point_ב">
              <num>(ב)</num>
              <content>
                <p>הועדה תפרט בהחלטתה את המטלטלים, והמועמד חייב למסרם למוסד המיישב ביום שנקבע בהחלטה.</p>
              </content>
            </point>
          </list>
        </point>
        <point eId="point_10">
          <heading>
            <authorialNote placement="side">
              <p>החזרת מילוות כתוצאה מהרחקת מועמד</p>
            </authorialNote>
          </heading>
          <num>10.</num>
          <list>
            <point eId="point_10__point_א">
              <num>(א)</num>
              <content>
                <p>אם הועדה החליטה על כך, יעמוד לפרעון, ביום שנקבע על ידי הועדה בהחלטתה, כל מילווה שלפי החלטת הועדה קיבל, המועמד ממוסד מיישב לצורך התישבותו.</p>
              </content>
            </point>
            <point eId="point_10__point_ב">
              <num>(ב)</num>
              <content>
                <p>הועדה תפרט בהחלטתה את הסכום של כל מילווה כזה, והמועמד חייב להחזירו למוסד המיישב ביום שנקבע בהחלטה.</p>
              </content>
            </point>
            <point eId="point_10__point_ג">
              <num>(ג)</num>
              <content>
                <p>בכל הנוגע להוצאה לפועל, ההחלטה כמוה כפסק דין סופי של בית משפט מוסמך המחייב את המועמד לשלם למוסד המיישב, ביום שנקבע בהחלטה, כל סכום כאמור.</p>
              </content>
            </point>
          </list>
        </point>
        <point eId="point_11">
          <heading>
            <authorialNote placement="side">
              <p>פיצוי בעד השבחות</p>
            </authorialNote>
          </heading>
          <num>11.</num>
          <list>
            <point eId="point_11__point_א">
              <num>(א)</num>
              <content>
                <p>השביח המועמד, בהסכמת מוסד מיישב, על חשבונו הוא את המקרקעים שקיבל מהמוסד המיישב לצורך התישבותו, על ידי הקמת מבנים, נטיעת מטעים או בכל דרך שהיא תעריך הועדה בהחלטתה את השווי של אותה השבחה בשעת ההחלטה, והמוסד המיישב ישלם אותו סכום למועמד בשעת הפינוי.</p>
              </content>
            </point>
            <point eId="point_11__point_ב">
              <num>(ב)</num>
              <content>
                <p>הועדה רשאית, אם היא סבורה שמן הדין לעשות זאת בשים לב לנסיבות המקרה, לקבוע בהחלטתה סכום שמוסד מיישב ישלמו למועמד בשעת הפינוי כפיצוי על כל שבח כאמור שהשביח המועמד, שלא בהסכמת מוסד מיישב, על חשבונו הוא מקרקעים שקיבל מהמוסד לצורך התישבותו.</p>
              </content>
            </point>
            <point eId="point_11__point_ג">
              <num>(ג)</num>
              <content>
                <p>היה המועמד חייב חוב למוסד מיישב מכוח החלטה על פי <ref href="#point_10">סעיף 10</ref>, זכאי המוסד המיישב, לפי הוראות הועדה, לזקוף לסילוק החוק כל סכום המגיע למועמד מהמוסד המיישב לפי סעיף זה.</p>
              </content>
            </point>
          </list>
        </point>
        <point eId="point_12">
          <heading>
            <authorialNote placement="side">
              <p>פיצוי בעד מטלטלים</p>
            </authorialNote>
          </heading>
          <num>12.</num>
          <list>
            <point eId="point_12__point_א">
              <num>(א)</num>
              <content>
                <p>השתתף המועמד בהוצאות רכישת המטלטלים <ref href="#point_9">שסעיף 9</ref> חל עליהם, או נתן תמורה כל שהיא בקשר לקבלתם, תעריך הועדה בהחלטתה את השווי של ההשתתפות או התמורה האמורה, והמוסד המיישב ישלם אותו סכום למועמד בשעת מסירת המטלטלים.</p>
              </content>
            </point>
            <point eId="point_12__point_ב">
              <num>(ב)</num>
              <content>
                <p>היה המועמד חייב חוב למוסד המיישב מכוח החלטה על פי <ref href="#point_10">סעיף 10</ref>, זכאי המוסד המיישב, לפי הוראות הועדה, לזקוף לסילוק החוק כל סכום המגיע למועמד מהמוסד המיישב לפי סעיף זה.</p>
              </content>
            </point>
          </list>
        </point>
        <point eId="point_13">
          <heading>
            <authorialNote placement="side">
              <p>הפסקת חברות בגוף מאוגד כתוצאה מהרחקת מועמד</p>
            </authorialNote>
          </heading>
          <num>13.</num>
          <content>
            <p>היה הישוב שממנו מורחק המועמד גוף מאוגד, רואים את המועמד כאילו הוצא מן הגוף הזה ביום שנקבע על ידי הועדה בהחלטתה, וחברותו בגוף תופסק באותו יום.</p>
          </content>
        </point>
        <point eId="point_14">
          <heading>
            <authorialNote placement="side">
              <p>משק חילופי</p>
            </authorialNote>
          </heading>
          <num>14.</num>
          <list>
            <point eId="point_14__point_א">
              <num>(א)</num>
              <content>
                <p>לא תחליט ועדה להרחיק מועמד מישוב חקלאי על סמך הטעמים המפורטים <ref href="#point_6">בסעיף 6(א)(3)</ref>, אלא אם התחייב קודם המוסד המיישב, או הגוף ההתישבותי הארצי שאותו ישוב קשור בו קשר ארגוני, להעמיד לרשות המועמד מקרקעים, ציוד ואשראי אשר לדעת הועדה יאפשרו לו הקמת משק אחר שערכו אינו פחות מהמשק שממנו יורחק.</p>
              </content>
            </point>
            <point eId="point_14__point_ב">
              <num>(ב)</num>
              <content>
                <p>לא תבוצע החלטת הועדה לפי סעיף קטן (א), אלא לאחר שאישר יושב ראש הועדה שקויימה ההתחייבות האמורה.</p>
              </content>
            </point>
          </list>
        </point>
        <point eId="point_15">
          <heading>
            <authorialNote placement="side">
              <p>חובה להכיר בגוף התישבותי</p>
            </authorialNote>
          </heading>
          <num>15.</num>
          <content>
            <p>שר החקלאות לא יסרב להכיר בגוף המארגן בני אדם להתישבות חקלאית כגוף התישבותי ארצי לענין חוק זה, אם חמישה ישובים או יותר קשורים קשר ארגוני לאותו גוף.</p>
          </content>
        </point>
        <point eId="point_16">
          <heading>
            <authorialNote placement="side">
              <p>הוראות מעבר</p>
            </authorialNote>
          </heading>
          <num>16.</num>
          <content>
            <p>מי שמוסד מיישב יישב אותו בישוב חקלאי אחרי יום הקמת המדינה אך לפני תחילת תקפו של חוק זה, אפשר להרחיקו מהישוב החקלאי על פי הוראות חוק זה, אם התביעה להרחקה הוגשה לפני שמלאו שלוש שנים להתישבותו או לפני שמלאו שתי שנים מתחילת תקפו של חוק זה, הכל לפי המועד המאוחר יותר.</p>
          </content>
        </point>
        <point eId="point_17">
          <heading>
            <authorialNote placement="side">
              <p>ביצוע ותקנות</p>
            </authorialNote>
          </heading>
          <num>17.</num>
          <list>
            <point eId="point_17__point_א">
              <num>(א)</num>
              <content>
                <p>שר המשפטים רשאי להתקין תקנות הקובעות את סדרי הדין בפני הועדה.</p>
              </content>
            </point>
            <point eId="point_17__point_ב">
              <num>(ב)</num>
              <content>
                <p>שר החקלאות ממונה על ביצוע חוק זה והוא רשאי להתקין תקנות בכל ענין אחר הנוגע לביצועו.</p>
              </content>
            </point>
          </list>
        </point>
      </list>
    </body>
    <conclusions eId="eId">
      <p class="signatures">
        <signature>
          <p>
            <person refersTo="משה_שרת">משה שרת</person>
            <role refersTo="שר_החוץ_|_ממלא_מקום_ראש_הממשלה">שר החוץ | ממלא מקום ראש הממשלה</role>
          </p>
        </signature>
        <signature>
          <p>
            <person refersTo="פרץ_נפתלי">פרץ נפתלי</person>
            <role refersTo="שר_החקלאות">שר החקלאות</role>
          </p>
        </signature>
        <signature>
          <p>
            <person refersTo="יצחק_בן־צבי">יצחק בן־צבי</person>
            <role refersTo="נשיא_המדינה">נשיא המדינה</role>
          </p>
        </signature>
      </p>
    </conclusions>
  </act>
</akomaNtoso>