﻿<?xml version="1.0" encoding="utf-8"?>
<akomaNtoso xmlns="http://docs.oasis-open.org/legaldocml/ns/akn/3.0">
  <act contains="originalVersion" name="publicLaw">
    <meta>
      <identification source="#kensset">
        <FRBRWork>
          <FRBRthis value="/akn/il/act/PrimaryLegislation/1951-07-26/148764/main" />
          <FRBRuri value="/akn/il/act/PrimaryLegislation/1951-07-26/148764" />
          <FRBRdate date="1951-07-26" name="Generation" />
          <FRBRauthor href="#knesset" as="#author" />
          <FRBRcountry value="israel" />
        </FRBRWork>
        <FRBRExpression>
          <FRBRthis value="/akn/il/act/PrimaryLegislation/1951-07-26/148764/he@/main" />
          <FRBRuri value="/akn/il/act/PrimaryLegislation/1951-07-26/148764/he@" />
          <FRBRdate date="1951-07-26" name="Generation" />
          <FRBRauthor href="#knesset" as="#author" />
          <FRBRlanguage language="hebrew" />
        </FRBRExpression>
        <FRBRManifestation>
          <FRBRthis value="/akn/il/act/PrimaryLegislation/1951-07-26/148764/he@/main.xml" />
          <FRBRuri value="/akn/il/act/PrimaryLegislation/1951-07-26/148764/he@" />
          <FRBRdate date="1951-07-26" name="Generation" />
          <FRBRauthor href="#knesset" as="#author" />
          <FRBRformat value="xml" />
        </FRBRManifestation>
      </identification>
      <classification source="#kensset">
        <keyword value="{classificationValue}" showAs="{classificationValue}" dictionary="#classification_dictionary" />
      </classification>
      <lifecycle source="#kensset">
        <eventRef eId="eventRef_1" date="1951-07-26" source="#kensset" type="generation" />
      </lifecycle>
      <references source="#kensset">
        <TLCOrganization eId="kensset" href="/ontology/organization/akn/knesset" showAs="Kensset" type="generation" />
        <TLCRole eId="author" href="/ontology/role/akn/author" showAs="Author of Document" />
        <TLCProcess eId="inforce" href="/ontology/process/akn/inforce" showAs="In force" />
        <TLCTerm eId="term_1" href="/ontology/term/גוף_ציבורי/148764" showAs="גוף_ציבורי" />
        <TLCTerm eId="term_2" href="/ontology/term/הנהלה/148764" showAs="הנהלה" />
        <TLCTerm eId="term_3" href="/ontology/term/חוק_הרשות_לקידום_מעמד_האישה/148764" showAs="חוק_הרשות_לקידום_מעמד_האישה" />
        <TLCTerm eId="term_4" href="/ontology/term/הרשות/148764" showAs="הרשות" />
        <TLCTerm eId="term_5" href="/ontology/term/ועדת_בדיקה_ממשלתית/148764" showAs="ועדת_בדיקה_ממשלתית" />
        <TLCTerm eId="term_6" href="/ontology/term/ועדת_חקירה/148764" showAs="ועדת_חקירה" />
        <TLCTerm eId="term_7" href="/ontology/term/ועדה_ציבורית/148764" showAs="ועדה_ציבורית" />
        <TLCTerm eId="term_8" href="/ontology/term/צוות/148764" showAs="צוות" />
        <TLCTerm eId="term_9" href="/ontology/term/טיפול_רפואי/148764" showAs="טיפול_רפואי" />
        <TLCTerm eId="term_10" href="/ontology/term/מקום_ציבורי/148764" showAs="מקום_ציבורי" />
        <TLCTerm eId="term_11" href="/ontology/term/שירות_ציבורי/148764" showAs="שירות_ציבורי" />
        <TLCTerm eId="term_12" href="/ontology/term/רשות_ציבורית/148764" showAs="רשות_ציבורית" />
        <TLCPerson eId="דוד_בן־גוריון" href="/ontology/person/דוד_בן־גוריון" showAs="דוד בן־גוריון" />
        <TLCPerson eId="פנחס_רוזן" href="/ontology/person/פנחס_רוזן" showAs="פנחס רוזן" />
        <TLCPerson eId="חיים_ווייצמן" href="/ontology/person/חיים_ווייצמן" showAs="חיים ווייצמן" />
        <TLCRole eId="ראש_הממשלה" href="ontology/role/akn/ראש_הממשלה" showAs="ראש הממשלה" />
        <TLCRole eId="שר_המשפטים" href="ontology/role/akn/שר_המשפטים" showAs="שר המשפטים" />
        <TLCRole eId="נשיא_המדינה" href="ontology/role/akn/נשיא_המדינה" showAs="נשיא המדינה" />
      </references>
      <temporalData source="#kensset">
        <temporalGroup eId="tmpg_1" />
      </temporalData>
      <Publication></Publication>
    </meta>
    <body period="#tmpg_1">
      <title eId="title">
        <content>
          <p>חוק שיווי זכויות האשה, תשי"א–1951</p>
        </content>
      </title>
      <list>
        <point eId="point_1">
          <heading>
            <authorialNote placement="side">
              <p>מטרת החוק</p>
            </authorialNote>
          </heading>
          <num>1.</num>
          <content>
            <p>חוק זה מטרתו לקבוע עקרונות להבטחת שוויון מלא בין האישה לבין האיש, ברוח העקרונות שבהכרזה על הקמת מדינת ישראל.</p>
          </content>
        </point>
        <point eId="point_1א">
          <heading>
            <authorialNote placement="side">
              <p>שויון לפני החוק</p>
            </authorialNote>
          </heading>
          <num>1א.</num>
          <list>
            <point eId="point_1א__point_א">
              <num>(א)</num>
              <content>
                <p>דין אחד יהיה לאישה ולאיש לכל פעולה משפטית; וכל הוראת חוק המפלה לרעה את האישה, באשר היא אישה, לכל פעולה משפטית – אין נוהגים לפיה.</p>
              </content>
            </point>
            <point eId="point_1א__point_ב">
              <num>(ב)</num>
              <content>
                <p>לענין סעיף קטן (א), אין נפקא מינה אם ביסוד פעולה שתוצאתה היא הפליה הייתה כוונה להפלות, או לא.</p>
              </content>
            </point>
          </list>
        </point>
        <point eId="point_1ב">
          <heading>
            <authorialNote placement="side">
              <p>אבחנה מותרת והעדפה מתקנת</p>
            </authorialNote>
          </heading>
          <num>1ב.</num>
          <list>
            <intro>
              <p>אין רואים כפגיעה בשוויון או כהפליה אסורה כל אחד מאלה:</p>
            </intro>
            <point eId="point_1ב__point_1">
              <num>(1)</num>
              <content>
                <p>אבחנה בין אישה לבין איש, במידה שהיא מתחייבת מהשונות הענינית שביניהם, או מאופיו או ממהותו של הענין;</p>
              </content>
            </point>
            <point eId="point_1ב__point_2">
              <num>(2)</num>
              <content>
                <p>הוראה או פעולה, שנועדה לתקן הפליה קודמת או קיימת של נשים, או הוראה או פעולה, שנועדה לקדם את שוויונן.</p>
              </content>
            </point>
          </list>
        </point>
        <point eId="point_1ג">
          <heading>
            <authorialNote placement="side">
              <p>שמירת זכויות</p>
            </authorialNote>
          </heading>
          <num>1ג.</num>
          <content>
            <p>הוראות חוק זה באות להוסיף על זכויות האישה לפי כל דין, הסכם קיבוצי, חוזה עבודה או חוזה אחר, ולא לגרוע מהן.</p>
          </content>
        </point>
        <point eId="point_2">
          <heading>
            <authorialNote placement="side">
              <p>קנינה של אישה נשואה</p>
            </authorialNote>
          </heading>
          <num>2.</num>
          <content>
            <p>לאישה נשואה תהיה כשרות מלאה לקנין ולעשיה בקנינים כאילו הייתה פנויה; ואין קניניה שרכשה לפני הנישואין נפגעים על ידי קשר הנישואין.</p>
          </content>
        </point>
        <point eId="point_3">
          <heading>
            <authorialNote placement="side">
              <p>אפוטרופסות שווה</p>
            </authorialNote>
          </heading>
          <num>3.</num>
          <list>
            <point eId="point_3__point_א">
              <num>(א)</num>
              <content>
                <p>האם והאב כאחד הם האפוטרופסים הטבעיים על ילדיהם; מת אחד ההורים, הנשאר בחיים הוא האפוטרופוס הטבעי.</p>
              </content>
            </point>
            <point eId="point_3__point_ב">
              <num>(ב)</num>
              <content>
                <p>אין בהוראות סעיף קטן (א) כדי לפגוע בכוחו של בית משפט או בית דין מוסמך לנהוג בעניני אפוטרופסות על ילדים, הן על גופם והן על רכושם, בהתחשב עם טובת הילדים בלבד.</p>
              </content>
            </point>
          </list>
        </point>
        <point eId="point_3א">
          <heading>
            <authorialNote placement="side">
              <p>רישום שמות שני ההורים</p>
            </authorialNote>
          </heading>
          <num>3א.</num>
          <content>
            <p>הדורש מאדם לציין בטופס או במסמך אחר, את שם הורהו, ידרוש בו כי יצוינו שמותיהם של שני ההורים, ככל שאלה ידועים לאותו אדם.</p>
          </content>
        </point>
        <point eId="point_4">
          <heading>
            <authorialNote placement="side">
              <p xml:space="preserve"> </p>
            </authorialNote>
          </heading>
          <num>4.</num>
          <content>
            <p>
              <wikicomment font-size="x-small">(בוטל).</wikicomment>
            </p>
          </content>
        </point>
        <point eId="point_5">
          <heading>
            <authorialNote placement="side">
              <p>נישואין וגירושין</p>
            </authorialNote>
          </heading>
          <num>5.</num>
          <content>
            <p>אין חוק זה בא לפגוע בדיני איסור והיתר לנישואין ולגירושין.</p>
          </content>
        </point>
        <point eId="point_6">
          <heading>
            <authorialNote placement="side">
              <p>שוויון בזכויות חברתיות</p>
            </authorialNote>
          </heading>
          <num>6.</num>
          <content>
            <p>לכל אישה ואיש זכות שווה לקיום בכבוד אנושי, ובכלל זה לשוויון בתחומי העבודה, החינוך, ההשכלה, הבריאות, הדיור, איכות הסביבה והרווחה החברתית.</p>
          </content>
        </point>
        <point eId="point_6א">
          <heading>
            <authorialNote placement="side">
              <p>זכות האישה על גופה</p>
            </authorialNote>
          </heading>
          <num>6א.</num>
          <content>
            <p>לכל אישה זכות מלאה על גופה; אין בהוראת סעיף זה כדי להתיר איסורים שנקבעו בדין.</p>
          </content>
        </point>
        <point eId="point_6ב">
          <heading>
            <authorialNote placement="side">
              <p>הגנה מפני אלימות</p>
            </authorialNote>
          </heading>
          <num>6ב.</num>
          <content>
            <p>לכל אישה זכות להגנה מפני אלימות, הטרדה מינית, ניצול מיני וסחר בגופה.</p>
          </content>
        </point>
        <point eId="point_6ג">
          <heading>
            <authorialNote placement="side">
              <p>ייצוג הולם</p>
            </authorialNote>
          </heading>
          <num>6ג.</num>
          <list>
            <point eId="point_6ג__point_א">
              <num>(א)</num>
              <content>
                <p>בגוף ציבורי ובועדות המכרזים והמינויים של גוף ציבורי, יינתן ביטוי הולם בנסיבות הענין, לייצוגן של נשים בסוגי המשרות ובדירוגים השונים בקרב העובדים, ההנהלה, הדירקטוריון והמועצה, ובלבד שאם לצורך ביצוע הוראה זו נדרשת העדפת אישה, תינתן העדפה כאמור אם המועמדים בני שני המינים הם בעלי כישורים דומים.</p>
              </content>
            </point>
            <point eId="point_6ג__point_א1">
              <num>(א1)</num>
              <content>
                <p>
                  <wikicomment font-size="x-small">(בוטל).</wikicomment>
                </p>
              </content>
            </point>
            <point eId="point_6ג__point_ב">
              <num>(ב)</num>
              <list>
                <intro>
                  <p>נקבע בחוק כי ימונו להנהלה, לדירקטוריון או למועצה של גוף ציבורי נציגים או חברים כלהלן, לא יחולו עליהם הוראות סעיף זה:</p>
                </intro>
                <point eId="point_6ג__point_ב__point_1">
                  <num>(1)</num>
                  <content>
                    <p>נציגים של גופים או של ארגונים המנויים באותו חוק, אלא אם כן לגוף או לארגון יותר מנציג אחד;</p>
                  </content>
                </point>
                <point eId="point_6ג__point_ב__point_2">
                  <num>(2)</num>
                  <content>
                    <p>חברים המכהנים בגוף בתוקף היותם נבחרי ציבור.</p>
                  </content>
                </point>
                <point eId="point_6ג__point_ב__point_ג">
                  <num>(ג)</num>
                  <list>
                    <intro>
                      <p>
                        <def />בסעיף זה –<br xml:space="preserve" xmlns=""> </br>”גוף ציבורי“ – כל אחד מאלה,</p>
                    </intro>
                    <point eId="point_6ג__point_ב__point_ג__point_1">
                      <num>(1)</num>
                      <content>
                        <p>משרד ממשלתי, לרבות יחידותיו ויחידות הסמך שלו;</p>
                      </content>
                    </point>
                    <point eId="point_6ג__point_ב__point_ג__point_2">
                      <num>(2)</num>
                      <content>
                        <p>רשות מקומית;</p>
                      </content>
                    </point>
                    <point eId="point_6ג__point_ב__point_ג__point_3">
                      <num>(3)</num>
                      <content>
                        <p>חברה עירונית, כהגדרתה <ref href="/akn/il/act/PrimaryLegislation/1985-04-03/150399#point_21">בסעיף 21 לחוק יסודות התקציב, התשמ"ה–1985</ref>;</p>
                      </content>
                    </point>
                    <point eId="point_6ג__point_ב__point_ג__point_4">
                      <num>(4)</num>
                      <content>
                        <p>תאגיד או גוף ציבורי אחר שהוקם בחוק;</p>
                      </content>
                    </point>
                    <point eId="point_6ג__point_ב__point_ג__point_5">
                      <num>(5)</num>
                      <content>
                        <p>חברה ממשלתית כהגדרתה <ref href="/akn/il/act/PrimaryLegislation/1975-07-04/169605">בחוק החברות הממשלתיות, התשל"ה–1975</ref>, אלא אם כן קבע שר המשפטים, באישור הועדה לקידום מעמד האישה של הכנסת, (בחוק זה – הוועדה לקידום מעמד האישה) לענין העובדים, כי חובת הייצוג כאמור בסעיף קטן (א) לא תחול;</p>
                      </content>
                    </point>
                  </list>
                </point>
                <point eId="point_6ג__point_ב__point_הנהלה">
                  <content>
                    <p>
                      <def />”הנהלה“, ”דירקטוריון“ ו”מועצה“ – לרבות כל גוף הממלא תפקיד כאמור או תפקיד הדומה לו אף אם כינויו שונה.</p>
                  </content>
                </point>
              </list>
            </point>
          </list>
        </point>
        <point eId="point_6ג1">
          <heading>
            <authorialNote placement="side">
              <p>ייצוג הולם בוועדת בדיקה ממשלתית, בוועדת חקירה, בוועדה ציבורית ובצוות לעיצוב מדיניות לאומית</p>
            </authorialNote>
          </heading>
          <num>6ג1.</num>
          <list>
            <point eId="point_6ג1__point_א">
              <num>(א)</num>
              <list>
                <intro>
                  <p>בסעיף זה <ref href="#point_6ג2">ובסעיף 6ג2</ref> –</p>
                </intro>
                <point eId="point_6ג1__point_א__point_חוק_הרשות_לקידום_מעמד_האישה">
                  <content>
                    <p>
                      <def />”חוק הרשות לקידום מעמד האישה“ – <ref href="/akn/il/act/PrimaryOrSecondaryLegislation/UnknownWorkDate/חוק_הרשות_לקידום_מעמד_האישה">חוק הרשות לקידום מעמד האישה, התשנ"ח–1998</ref>;</p>
                  </content>
                </point>
                <point eId="point_6ג1__point_א__point_הרשות">
                  <content>
                    <p>
                      <def />”הרשות“ – הרשות לקידום מעמד האישה כמשמעותה <ref href="/akn/il/act/PrimaryOrSecondaryLegislation/UnknownWorkDate/חוק_הרשות_לקידום_מעמד_האישה">בחוק הרשות לקידום מעמד האישה</ref>;</p>
                  </content>
                </point>
                <point eId="point_6ג1__point_א__point_ועדת_בדיקה_ממשלתית">
                  <content>
                    <p>
                      <def />”ועדת בדיקה ממשלתית“ – ועדת בדיקה ממשלתית לפי <ref href="/akn/il/act/PrimaryLegislation/2001-03-18/170267">חוק הממשלה, התשס"א–2001</ref>;</p>
                  </content>
                </point>
                <point eId="point_6ג1__point_א__point_ועדת_חקירה">
                  <content>
                    <p>
                      <def />”ועדת חקירה“ – ועדת חקירה לפי <ref href="/akn/il/act/PrimaryLegislation/1969-01-08/147339">חוק ועדות חקירה, התשכ"ט–1968</ref>;</p>
                  </content>
                </point>
                <point eId="point_6ג1__point_א__point_ועדה_ציבורית">
                  <content>
                    <p>
                      <def />”ועדה ציבורית“ – ועדה שבחבריה נציג ציבור;</p>
                  </content>
                </point>
                <point eId="point_6ג1__point_א__point_צוות">
                  <content>
                    <p>
                      <def />”צוות“ – ועדה או גוף אחר שהוקם לשם עיצוב מדיניות לאומית בכל נושא לרבות בנושאי חוץ או ביטחון, או לשם מניעה, ניהול או פתרון של סכסוך מדיני או בין־לאומי, לרבות ניהול משא ומתן, ובכלל זה לקראת חתימה על הסכם ביניים או על חוזה שלום.</p>
                  </content>
                </point>
              </list>
            </point>
            <point eId="point_6ג1__point_ב">
              <num>(ב)</num>
              <content>
                <p>בוועדת בדיקה ממשלתית, בוועדה ציבורית ובצוות שמינו הממשלה, ראש הממשלה, שר, סגן שר או מנהל כללי של משרד ממשלתי (בסעיף זה – גוף ממנה), יינתן ביטוי הולם, בנסיבות הענין, לייצוגן של נשים ממגוון קבוצות האוכלוסיה.</p>
              </content>
            </point>
            <point eId="point_6ג1__point_ב1">
              <num>(ב1)</num>
              <list>
                <point eId="point_6ג1__point_ב1__point_1">
                  <num>(1)</num>
                  <content>
                    <p>במטרה לקדם את מימוש חובת הייצוג ההולם של נשים בוועדות כאמור בסעיף זה, תקים הרשות מאגר שיכלול פרטים של נשים שנתנו את הסכמתן לכך כאמור בפסקה (4) ואשר מתאימות על פי כישוריהן, לדעת מנהלת הרשות או מי שהסמיכה לכך, להיות מועמדות להתמנות לאותן ועדות (בסעיף זה – המאגר); הרשות תפרסם הודעה בדבר הקמת המאגר והתנאים להיכלל בו.</p>
                  </content>
                </point>
                <point eId="point_6ג1__point_ב1__point_2">
                  <num>(2)</num>
                  <content>
                    <p>במאגר ייכללו פרטים על פי סיווגים אלה: שם, תחומי מומחיות, השכלה, הכשרה, ניסיון.</p>
                  </content>
                </point>
                <point eId="point_6ג1__point_ב1__point_3">
                  <num>(3)</num>
                  <content>
                    <p>אישה הרואה את עצמה מתאימה להיכלל במאגר, רשאית להגיש בקשה שבה יפורטו השכלתה, הכשרתה וניסיונה; הרשות רשאית לפנות ביוזמתה לנשים בבקשה להכלילן במאגר.</p>
                  </content>
                </point>
                <point eId="point_6ג1__point_ב1__point_4">
                  <num>(4)</num>
                  <list>
                    <point eId="point_6ג1__point_ב1__point_4__point_א">
                      <num>(א)</num>
                      <content>
                        <p>לא תיכלל אישה במאגר אלא אם כן נתנה את הסכמתה לכך בכתב, לאחר שהרשות מסרה לה הודעה הכוללת את האמור <ref href="/akn/il/act/PrimaryLegislation/1981-03-11/147337#point_11">בסעיף 11 לחוק הגנת הפרטיות, התשמ"א–1981</ref>; אישה רשאית לבחור לאילו סוגי גופים יהיה ניתן להעביר את פרטיה הכלולים במאגר.</p>
                      </content>
                    </point>
                    <point eId="point_6ג1__point_ב1__point_4__point_ב">
                      <num>(ב)</num>
                      <content>
                        <p>אישה רשאית לבקש בכתב כי פרטיה יוסרו מהמאגר; הגישה אישה בקשה כאמור, יוסרו הפרטים.</p>
                      </content>
                    </point>
                  </list>
                </point>
                <point eId="point_6ג1__point_ב1__point_5">
                  <num>(5)</num>
                  <list>
                    <point eId="point_6ג1__point_ב1__point_5__point_א">
                      <num>(א)</num>
                      <content>
                        <p>לא איתר גוף ממנה אישה שתמונה כחברה בוועדה כאמור בסעיף קטן (ב), יבקש מהרשות לקבל את פרטי המאגר הנוגעים לתחום המינוי והרשות תעביר לו את הפרטים כאמור.</p>
                      </content>
                    </point>
                    <point eId="point_6ג1__point_ב1__point_5__point_ב">
                      <num>(ב)</num>
                      <content>
                        <p>הגוף הממנה יעיין בפרטים שקיבל בהתאם לפסקת משנה (א) בטרם ימנה את חברי הוועדה, ויבדוק את התאמת הנשים שלגביהן קיבל פרטים כאמור, בין השאר בהתחשב בתחום מומחיותן, השכלתן, הכשרתן וניסיונן; מידע שהועבר לפי הוראות סעיף קטן זה, לא ייאגר מעבר לנדרש לצורך השימוש שלו הוא נועד והוא יימחק מיד בתום השימוש בו.</p>
                      </content>
                    </point>
                  </list>
                </point>
                <point eId="point_6ג1__point_ב1__point_6">
                  <num>(6)</num>
                  <content>
                    <p>על אף האמור <ref href="/akn/il/act/PrimaryLegislation/1981-03-11/147337#chp_ד">בפרק ד׳ לחוק הגנת הפרטיות, התשמ"א–1981</ref>, לא יעשה אדם או גוף שימוש במאגר אלא לצורך ביצוע הוראות סעיף זה.</p>
                  </content>
                </point>
              </list>
            </point>
            <point eId="point_6ג1__point_ג">
              <num>(ג)</num>
              <content>
                <p>גוף ממנה ידווח לרשות בכתב על כל מינוי של ועדה או צוות כאמור בסעיף קטן (ב), מיד לאחר המינוי ובטרם החלו הוועדה או הצוות בפעולתם; על דיווח כאמור בסעיף קטן זה יחולו הוראות סעיפים קטנים (ב) עד (ד) של <ref href="/akn/il/act/PrimaryOrSecondaryLegislation/UnknownWorkDate/חוק_הרשות_לקידום_מעמד_האישה#point_7">סעיף 7 לחוק הרשות לקידום מעמד האישה</ref>, בשינויים המחויבים.</p>
              </content>
            </point>
            <point eId="point_6ג1__point_ד">
              <num>(ד)</num>
              <content>
                <p>קיבלה הרשות דיווח לפי סעיף קטן (ג), וסברה כי במינוי לא ניתן ביטוי הולם לייצוג נשים, כאמור בסעיף קטן (ב), תפנה מיד לגוף הממנה, ותפרט את עמדתה בנושא: פנתה הרשות לגוף ממנה כאמור, תודיע על כך מיד לוועדה לקידום מעמד האישה, כן תודיע הרשות לועדה לקידום מעמד האישה על תוצאות כל פניה כאמור.</p>
              </content>
            </point>
            <point eId="point_6ג1__point_ה">
              <num>(ה)</num>
              <content>
                <p>הרשות תמסור לוועדה לקידום מעמד האישה דין וחשבון שנתי ובו יפורטו המינויים שנמסר לה לגביהם דיווח לפי סעיף קטן (ג), עמדתה של הרשות בנושא הייצוג ההולם לגבי כל מינוי, ואופן טיפולה בנושא.</p>
              </content>
            </point>
            <point eId="point_6ג1__point_ו">
              <num>(ו)</num>
              <content>
                <p>הוראות סעיף קטן (ב) יחולו גם על ועדת חקירה שנשיא בית המשפט העליון ממנה את חבריה והוא יהיה רשאי לעיין במאגר בטרם קבלת החלטתו בעניין מינוי חברי הוועדה.</p>
              </content>
            </point>
          </list>
        </point>
        <point eId="point_6ג2">
          <heading>
            <authorialNote placement="side">
              <p>חוות דעת מגדרית</p>
            </authorialNote>
          </heading>
          <num>6ג2.</num>
          <content>
            <p>הועברה לוועדה מוועדות הכנסת (בסעיף זה – הוועדה) הצעת חוק, לרבות הצעת חוק תקציב שנתי, או הובאה לאישור הוועדה או להתייעצות עמה חקיקת משנה, אשר יש להן השלכות על השוויון בין נשים לגברים או הנוגעות לתחום מתחומי פעולתה של הרשות, תגיש הרשות לוועדה חוות דעת בדבר ההשלכות האמורות (בסעיף זה – חוות דעת מגדרית); חוות הדעת המגדרית תונח על שולחן הוועדה לקראת הדיון בעניין.</p>
          </content>
        </point>
        <point eId="point_6ג3">
          <heading>
            <authorialNote placement="side">
              <p>איסוף, עיבוד ופרסום של מידע לפי מין על ידי גוף ציבורי</p>
            </authorialNote>
          </heading>
          <num>6ג3.</num>
          <list>
            <point eId="point_6ג3__point_א">
              <num>(א)</num>
              <content>
                <p>גוף ציבורי העורך דרך קבע איסוף ועיבוד של מידע הנוגע ליחידים, ומפרסמו לציבור במסגרת פרסום כללי שנועד לשמש גם למטרות סטטיסטיות, יכלול בפעולותיו כאמור התייחסות למין; השר או ראש גוף אחר הממונה על הגוף הציבורי (בסעיף זה – הגורם הממונה) רשאי לקבוע, לעניין מסוים, כי יש טעמים המצדיקים שלא לעשות כן.</p>
              </content>
            </point>
            <point eId="point_6ג3__point_ב">
              <num>(ב)</num>
              <content>
                <p>הגורם הממונה רשאי לקבוע כי איסוף ועיבוד של מידע ופרסומו כאמור בסעיף קטן (א) יכללו התייחסות למין, אף אם אינם נוגעים ליחידים, בעניינים שיש להם השלכות מגדריות.</p>
              </content>
            </point>
            <point eId="point_6ג3__point_ג">
              <num>(ג)</num>
              <content>
                <p>בסעיף זה, ”גוף ציבורי“ – משרד ממשלתי, לרבות יחידותיו ויחידות הסמך שלו, רשות מקומית, חברה ממשלתית ותאגיד אחר שהוקם בחוק.</p>
              </content>
            </point>
          </list>
        </point>
        <point eId="point_6ד">
          <heading>
            <authorialNote placement="side">
              <p>שירות בכוחות הביטחון</p>
            </authorialNote>
          </heading>
          <num>6ד.</num>
          <list>
            <point eId="point_6ד__point_א">
              <num>(א)</num>
              <content>
                <p>לכל אישה המועמדת לשירות בכוחות הביטחון, או המשרתת בהם, זכות שווה לזכותו של האיש למלא כל תפקיד, או להיות מוצבת בכל תפקיד; לא יראו פגיעה בזכות זו אם הדבר מתחייב ממהותו או מאופיו של התפקיד.</p>
              </content>
            </point>
            <point eId="point_6ד__point_ב">
              <num>(ב)</num>
              <content>
                <p>בסעיף זה, ”כוחות הביטחון“ – צבא הגנה לישראל, משטרת ישראל, שירות בתי הסוהר וארגוני הביטחון האחרים של המדינה.</p>
              </content>
            </point>
          </list>
        </point>
        <point eId="point_6ה">
          <heading>
            <authorialNote placement="side">
              <p>מתן שירות ציבורי בלא המתנה בתור לאישה בהיריון</p>
            </authorialNote>
          </heading>
          <num>6ה.</num>
          <list>
            <point eId="point_6ה__point_א">
              <num>(א)</num>
              <list>
                <intro>
                  <p>בסעיף זה –</p>
                </intro>
                <point eId="point_6ה__point_א__point_טיפול_רפואי">
                  <content>
                    <p>
                      <def />”טיפול רפואי“ – כהגדרתו <ref href="/akn/il/act/PrimaryLegislation/1996-05-12/174478">בחוק זכויות החולה, התשנ"ו–1996</ref>;</p>
                  </content>
                </point>
                <point eId="point_6ה__point_א__point_מקום_ציבורי">
                  <content>
                    <p>
                      <def />”מקום ציבורי“ – מקום או חלק ממקום, העומד לשימושו של כלל הציבור או של חלק בלתי מסוים ממנו, והמנוי <ref href="#appendix">בתוספת</ref>;</p>
                  </content>
                </point>
                <point eId="point_6ה__point_א__point_שירות_ציבורי">
                  <content>
                    <p>
                      <def />”שירות ציבורי“ – שירות הניתן לציבור או לחלק בלתי מסוים ממנו בידי רשות ציבורית או במקום ציבורי, בדרך של מפגש פנים אל פנים, למעט טיפול רפואי;</p>
                  </content>
                </point>
                <point eId="point_6ה__point_א__point_רשות_ציבורית">
                  <content>
                    <p>
                      <def />”רשות ציבורית“ – כהגדרתה <ref href="/akn/il/act/PrimaryOrSecondaryLegislation/UnknownWorkDate/חוק_האזרחים_הוותיקים#point_15א">בסעיף 15א(א) לחוק האזרחים הוותיקים, התש"ן–1989</ref>.</p>
                  </content>
                </point>
              </list>
            </point>
            <point eId="point_6ה__point_ב">
              <num>(ב)</num>
              <content>
                <p>ניתן שירות ציבורי לפי תור, יספק נותן השירות הציבורי את השירות כאמור בלא המתנה בתור לאישה בהיריון, על פי בקשתה, ורשאי נותן השירות הציבורי לדרוש מהאישה הצגת מסמך רפואי להוכחת ההיריון; לעניין זה, ”תור“ – למעט תור שההמתנה בו היא בכלי רכב או תור שניתן לקבוע בתיאום מראש.</p>
              </content>
            </point>
            <point eId="point_6ה__point_ג">
              <num>(ג)</num>
              <content>
                <p>על אף האמור בסעיף קטן (ב), תינתן קדימות במתן שירות ציבורי לפי תור לאדם עם מוגבלות הזכאי לקבלת שירות ציבורי בלא המתנה בתור לפי <ref href="/akn/il/act/PrimaryLegislation/1998-03-05/165017">חוק שוויון זכויות לאנשים עם מוגבלות, התשנ"ח–1998</ref>, וכן לאזרח ותיק הזכאי לקבל שירות ציבורי בלא המתנה בתור לפי <ref href="/akn/il/act/PrimaryOrSecondaryLegislation/UnknownWorkDate/חוק_האזרחים_הוותיקים">חוק האזרחים הוותיקים, התש"ן–1989</ref>.</p>
              </content>
            </point>
            <point eId="point_6ה__point_ד">
              <num>(ד)</num>
              <content>
                <p>שר המשפטים, באישור הוועדה לקידום מעמד האישה, רשאי, בצו, לשנות את <ref href="#appendix">התוספת</ref>.</p>
              </content>
            </point>
          </list>
        </point>
        <point eId="point_7">
          <heading>
            <authorialNote placement="side">
              <p>תחולה</p>
            </authorialNote>
          </heading>
          <num>7.</num>
          <list>
            <point eId="point_7__point_א">
              <num>(א)</num>
              <content>
                <p>כפוף להוראות סעיפים קטנים (ב) ו־(ג), כל רשות מרשויות השלטון חייבת לכבד את הזכויות שלפי חוק זה.</p>
              </content>
            </point>
            <point eId="point_7__point_ב">
              <num>(ב)</num>
              <content>
                <p>כל בתי המשפט ינהגו לפי חוק זה; כן ינהג לפי חוק זה כל בית דין המוסמך לדון בעניני המעמד האישי, אלא אם כל הצדדים הם בני שמונה־עשרה שנה ומעלה והסכימו לפני בית הדין, מרצונם הטוב, להתדיין לפי דיני עדתם.</p>
              </content>
            </point>
            <point eId="point_7__point_ג">
              <num>(ג)</num>
              <content>
                <p>הוראות חוק זה לא יחולו על מינוי לתפקיד דתי בהתאם לדין הדתי, ובכלל זה על מינוי רבנים ובעלי תפקידים שיפוטיים בבתי דין דתיים.</p>
              </content>
            </point>
          </list>
        </point>
        <point eId="point_7א">
          <heading>
            <authorialNote placement="side">
              <p>שמירת דינים</p>
            </authorialNote>
          </heading>
          <num>7א.</num>
          <list>
            <point eId="point_7א__point_א">
              <num>(א)</num>
              <list>
                <intro>
                  <p>אין בהוראות חוק זה, כפי שתוקנו <ref href="/akn/il/act/PrimaryOrSecondaryLegislation/UnknownWorkDate/http_fs_knesset_gov_il_15_law_15_lsr_300201_pdf">בחוק שיווי זכויות האישה (תיקון מס׳ 2), התש"ס–2000</ref> (להלן – החוק המתקן), כדי לפגוע –</p>
                </intro>
                <point eId="point_7א__point_א__point_1">
                  <num>(1)</num>
                  <content>
                    <p>בתוקפו של דין שהיה קיים ערב תחילתו של <ref href="/akn/il/act/PrimaryOrSecondaryLegislation/UnknownWorkDate/http_fs_knesset_gov_il_15_law_15_lsr_300201_pdf">החוק המתקן</ref>;</p>
                  </content>
                </point>
                <point eId="point_7א__point_א__point_2">
                  <num>(2)</num>
                  <content>
                    <p>בהוראות שענינן גיל פרישה, גמלה או תגמול אחר, שנקבעו בהסכם קיבוצי או בתקנון של קופת גמל כהגדרתה <ref href="/akn/il/act/PrimaryOrSecondaryLegislation/UnknownWorkDate/חוק_הפיקוח_על_שירותים_פיננסים_קופות_גמל">בחוק הפיקוח על שירותים פיננסים (קופות גמל), התשס"ה–2005</ref>, לפני מועד תחילתו של <ref href="/akn/il/act/PrimaryOrSecondaryLegislation/UnknownWorkDate/http_fs_knesset_gov_il_15_law_15_lsr_300201_pdf">החוק המתקן</ref>.</p>
                  </content>
                </point>
              </list>
            </point>
            <point eId="point_7א__point_ב">
              <num>(ב)</num>
              <content>
                <p>שינויים ותיקונים בענינים האמורים בסעיף קטן (א)(2), שנקבעו בדין, בהסכם קיבוצי או בתקנון של קופת גמל, ייעשו, לאחר תחילתו של <ref href="/akn/il/act/PrimaryOrSecondaryLegislation/UnknownWorkDate/http_fs_knesset_gov_il_15_law_15_lsr_300201_pdf">החוק המתקן</ref>, בשים לב לעקרונות שנקבעו בחוק זה.</p>
              </content>
            </point>
          </list>
        </point>
        <point eId="point_8">
          <heading>
            <authorialNote placement="side">
              <p xml:space="preserve"> </p>
            </authorialNote>
          </heading>
          <num>8.</num>
          <content>
            <p>
              <wikicomment font-size="x-small">הנוסח שולב <ref href="/akn/il/act/PrimaryOrSecondaryLegislation/UnknownWorkDate/פקודת_החוק_הפלילי">בפקודת החוק הפלילי, 1936</ref>.</wikicomment>
            </p>
          </content>
        </point>
        <point eId="point_9">
          <heading>
            <authorialNote placement="side">
              <p>ביצוע</p>
            </authorialNote>
          </heading>
          <num>9.</num>
          <content>
            <p>שר המשפטים ממונה על ביצוע חוק זה.</p>
          </content>
        </point>
      </list>
      <appendix eId="appendix">
        <num></num>
        <title>
          <content>
            <p>תוספת</p>
          </content>
        </title>
        <subtitle eId="eId">
          <num></num>
          <content>
            <p>
              <wikicomment font-size="x-small">(<ref href="#point_6ה">סעיף 6ה(א)</ref>)</wikicomment>
            </p>
          </content>
        </subtitle>
        <list>
          <point eId="appendix__point_1">
            <heading>
              <authorialNote placement="side">
                <p xml:space="preserve"> </p>
              </authorialNote>
            </heading>
            <num>(1)</num>
            <content>
              <p>בית דואר, בנק;</p>
            </content>
          </point>
          <point eId="appendix__point_2">
            <heading>
              <authorialNote placement="side">
                <p xml:space="preserve"> </p>
              </authorialNote>
            </heading>
            <num>(2)</num>
            <content>
              <p>בית קולנוע, תאטרון, אולם מופעים, אצטדיון;</p>
            </content>
          </point>
          <point eId="appendix__point_3">
            <heading>
              <authorialNote placement="side">
                <p xml:space="preserve"> </p>
              </authorialNote>
            </heading>
            <num>(3)</num>
            <content>
              <p>גלריה, מוזאון, ספרייה;</p>
            </content>
          </point>
          <point eId="appendix__point_4">
            <heading>
              <authorialNote placement="side">
                <p xml:space="preserve"> </p>
              </authorialNote>
            </heading>
            <num>(4)</num>
            <content>
              <p>מקום במיתקן תחבורתי המשמש למכירת כרטיסים לנסיעה בתחבורה ציבורית; לעניין זה, ”מיתקן תחבורתי“ – כהגדרתו <ref href="/akn/il/act/PrimaryOrSecondaryLegislation/UnknownWorkDate/פקודת_התעבורה">בפקודת התעבורה</ref>;</p>
            </content>
          </point>
          <point eId="appendix__point_5">
            <heading>
              <authorialNote placement="side">
                <p xml:space="preserve"> </p>
              </authorialNote>
            </heading>
            <num>(5)</num>
            <content>
              <p>אתר הנצחה, אתר לאומי, אתר עתיקות, גן לאומי ושמורת טבע – כהגדרתם <ref href="/akn/il/act/PrimaryLegislation/1998-04-05/164212">בחוק גנים לאומיים, שמורות טבע, אתרים לאומיים ואתרי הנצחה, התשנ"ח–1998</ref>;</p>
            </content>
          </point>
          <point eId="appendix__point_6">
            <heading>
              <authorialNote placement="side">
                <p xml:space="preserve"> </p>
              </authorialNote>
            </heading>
            <num>(6)</num>
            <content>
              <p>חנות גדולה כהגדרתה <ref href="/akn/il/act/PrimaryLegislation/2014-03-27/484925">בחוק קידום התחרות בענף המזון, התשע"ד–2014</ref>.</p>
            </content>
          </point>
        </list>
      </appendix>
    </body>
    <conclusions eId="eId">
      <p class="signatures">
        <signature>
          <p>
            <person refersTo="דוד_בן־גוריון">דוד בן־גוריון</person>
            <role refersTo="ראש_הממשלה">ראש הממשלה</role>
          </p>
        </signature>
        <signature>
          <p>
            <person refersTo="פנחס_רוזן">פנחס רוזן</person>
            <role refersTo="שר_המשפטים">שר המשפטים</role>
          </p>
        </signature>
        <signature>
          <p>
            <person refersTo="חיים_ווייצמן">חיים ווייצמן</person>
            <role refersTo="נשיא_המדינה">נשיא המדינה</role>
          </p>
        </signature>
      </p>
    </conclusions>
  </act>
</akomaNtoso>