﻿<?xml version="1.0" encoding="utf-8"?>
<akomaNtoso xmlns="http://docs.oasis-open.org/legaldocml/ns/akn/3.0">
  <act contains="originalVersion" name="publicLaw">
    <meta>
      <identification source="#kensset">
        <FRBRWork>
          <FRBRthis value="/akn/il/act/PrimaryLegislation/1933-12-31/2001785/main" />
          <FRBRuri value="/akn/il/act/PrimaryLegislation/1933-12-31/2001785" />
          <FRBRdate date="1933-12-31" name="Generation" />
          <FRBRauthor href="#knesset" as="#author" />
          <FRBRcountry value="israel" />
        </FRBRWork>
        <FRBRExpression>
          <FRBRthis value="/akn/il/act/PrimaryLegislation/1933-12-31/2001785/he@/main" />
          <FRBRuri value="/akn/il/act/PrimaryLegislation/1933-12-31/2001785/he@" />
          <FRBRdate date="1933-12-31" name="Generation" />
          <FRBRauthor href="#knesset" as="#author" />
          <FRBRlanguage language="hebrew" />
        </FRBRExpression>
        <FRBRManifestation>
          <FRBRthis value="/akn/il/act/PrimaryLegislation/1933-12-31/2001785/he@/main.xml" />
          <FRBRuri value="/akn/il/act/PrimaryLegislation/1933-12-31/2001785/he@" />
          <FRBRdate date="1933-12-31" name="Generation" />
          <FRBRauthor href="#knesset" as="#author" />
          <FRBRformat value="xml" />
        </FRBRManifestation>
      </identification>
      <classification source="#kensset">
        <keyword value="{classificationValue}" showAs="{classificationValue}" dictionary="#classification_dictionary" />
      </classification>
      <lifecycle source="#kensset">
        <eventRef eId="eventRef_1" date="1933-12-31" source="#kensset" type="generation" />
      </lifecycle>
      <references source="#kensset">
        <TLCOrganization eId="kensset" href="/ontology/organization/akn/knesset" showAs="Kensset" type="generation" />
        <TLCRole eId="author" href="/ontology/role/akn/author" showAs="Author of Document" />
        <TLCProcess eId="inforce" href="/ontology/process/akn/inforce" showAs="In force" />
        <TLCTerm eId="term_1" href="/ontology/term/מנהל/2001785" showAs="מנהל" />
        <TLCTerm eId="term_2" href="/ontology/term/קרקע/2001785" showAs="קרקע" />
        <TLCTerm eId="term_3" href="/ontology/term/מודד_בעל_רשיון/2001785" showAs="מודד_בעל_רשיון" />
        <TLCTerm eId="term_4" href="/ontology/term/מדידה_ממשלתית/2001785" showAs="מדידה_ממשלתית" />
        <TLCTerm eId="term_5" href="/ontology/term/מדידות_לרבים/2001785" showAs="מדידות_לרבים" />
        <TLCTerm eId="term_6" href="/ontology/term/ציון־מדידה/2001785" showAs="ציון־מדידה" />
        <TLCTerm eId="term_7" href="/ontology/term/מודד/2001785" showAs="מודד" />
      </references>
      <temporalData source="#kensset">
        <temporalGroup eId="tmpg_1" />
      </temporalData>
    </meta>
    <body period="#tmpg_1">
      <title eId="title">
        <content>
          <p>פקודת המדידות</p>
        </content>
      </title>
      <subtitle eId="eId">
        <num></num>
        <content>
          <p>פקודה המסבירה את ענין מדידת קרקעות ומתן רשיונות למודדים</p>
        </content>
      </subtitle>
      <preamble eId="eId">
        <p>
          <wikicomment font-size="x-small">מכוח האמור <ref href="/akn/il/act/PrimaryLegislation/1948-05-21/2002291#point_14">בסעיף 14 לפקודת סדרי השלטון והמשפט, תש"ח–1948</ref>, כל סמכות שהיתה נתונה על פי החוק בידי הנציב העליון תהא נתונה לממשלה. פורסמה הודעה על הענקת סמכויות הנציב העליון לשר העבודה (ע"ר תש"ח, 22). מכוח האמור <ref href="/akn/il/act/PrimaryLegislation/1948-05-21/2002291#point_11">בסעיף 11 לפקודת סדרי השלטון והמשפט, תש"ח–1948</ref> – לפיו החוק הקיים בארץ־ישראל נשאר בתקפו, בשינויים הנובעים מתוך הקמת המדינה ורשויותיה – מקום בו נאמר ”מושל המחוז“, ייקרא מעתה ”ממונה על המחוז“. לפי <ref href="/akn/il/act/PrimaryOrSecondaryLegislation/UnknownWorkDate/http_fs_knesset_gov_il_0_law_0_lsr_312686_pdf#point_2">סעיף 2 לפקודת המטבע, תש"ח–1948</ref>, כל מקום בו נאמר ”פונט“ הכוונה היא ללירה ישראלית. לפי <ref href="/akn/il/act/PrimaryLegislation/1949-02-17/147941#point_13">סעיף 13 לחוק המעבר, תש"ט–1949</ref>, כל מקום בו נאמר בחוק ”עתון רשמי“ ייקרא מעתה ”רשומות“. לפי <ref href="/akn/il/act/PrimaryOrSecondaryLegislation/UnknownWorkDate/http_fs_knesset_gov_il_5_law_5_lsr_209664_pdf#point_2">תיקון מס׳ 2 לחוק השופטים</ref>, כל מקום בו נאמר ”שופט שלום“ ייקרא מעתה ”שופט של בית משפט שלום“. לפי הודעת פקידי הממשלה (שינוי תארים), התשנ"ח–1998 (ק"ת תשנ"ח, 653), כל מקום בו מופיע ”מנהל מחלקת המדידות“ הכוונה היא ל"מנהל המרכז למיפוי ישראל".</wikicomment>
        </p>
      </preamble>
      <list>
        <point eId="point_1">
          <heading>
            <authorialNote placement="side">
              <p>השם הקצר</p>
            </authorialNote>
          </heading>
          <num>1.</num>
          <content>
            <p>פקודה זו תקרא <wikicomment font-size="x-small">"</wikicomment>פקודת המדידות<wikicomment font-size="x-small">"</wikicomment>.</p>
          </content>
        </point>
      </list>
      <chapter eId="chp_none">
        <num></num>
        <title>
          <content>
            <p>חלק א׳ – מבוא</p>
          </content>
        </title>
        <list>
          <point eId="point_2" class="definitions">
            <heading>
              <authorialNote placement="side">
                <p>פירוש</p>
              </authorialNote>
            </heading>
            <num>2.</num>
            <list>
              <intro>
                <p>בפקודה זו יהיו למונחים הבאים הפירושים דלקמן, מלבד אם ענין הכתוב יחייב פירוש אחר –</p>
              </intro>
              <point eId="point_2__point_מנהל">
                <content>
                  <p>
                    <def />”מנהל“ פירושו מנהל מחלקת המדידות;</p>
                </content>
              </point>
              <point eId="point_2__point_קרקע">
                <content>
                  <p>
                    <def />”קרקע“ כוללת בתים, בנינים וכל המחובר לקרקע;</p>
                </content>
              </point>
              <point eId="point_2__point_מודד_בעל_רשיון">
                <content>
                  <p>
                    <def />”מודד בעל רשיון“ פירושו מודד שקיבל רשיון עפ"י פקודה זו או עפ"י כל פקודה שבוטלה ע"י פקודה זו;</p>
                </content>
              </point>
              <point eId="point_2__point_מדידה_ממשלתית">
                <content>
                  <p>
                    <def />”מדידה ממשלתית“ <wikicomment font-size="x-small">(בוטלה);</wikicomment></p>
                </content>
              </point>
              <point eId="point_2__point_מדידות_לרבים">
                <content>
                  <p>
                    <def />”מדידות לרבים“ מובנן כל מדידות טופוגראפיות או מדידות־עיר, שתבצען מחלקת המדידות, או כל מדידות שתבצען – בין לפני תאריך תחילת תקפה של <ref href="/akn/il/act/PrimaryOrSecondaryLegislation/UnknownWorkDate/http_fs_knesset_gov_il_0_law_0_lsr_562221_pdf">פקודת המדידות (תיקון), 1946</ref>, ובין לאחריו – מחלקת המדידות בקשר אל סידור זכות־הקניין בקרקע לפי <ref href="/akn/il/act/PrimaryLegislation/1969-07-27/2002285">פקודת הקרקעות (סידור זכות־הקניין)</ref>, או כל מדידות שתבצען – בין לפני התאריך ההוא ובין לאחריו – מחלקת המדידות לצרכים רשמיים לפי בקשתו של ראש כל מחלקה ממשלתית, או כל מדידות אחרות, ששר העבודה הכריז עליהן בצו שהן מדידות לרבים;</p>
                </content>
              </point>
              <point eId="point_2__point_ציון־מדידה">
                <content>
                  <p>
                    <def />”ציון־מדידה“ כולל כל ציון טריגונונמטרי, גל, סימן או עמוד של מדידה, בין שהם קבועים מעל פני האדמה ובין שהם קבועים מתחת לפני האדמה;</p>
                </content>
              </point>
              <point eId="point_2__point_מודד">
                <content>
                  <p>
                    <def />”מודד“ פירושו מודד ממשלתי או מודד בעל רשיון.</p>
                </content>
              </point>
            </list>
          </point>
        </list>
      </chapter>
      <chapter eId="chp_none">
        <num></num>
        <title>
          <content>
            <p>חלק ב׳ – מקצוע המדידה</p>
          </content>
        </title>
        <list>
          <point eId="point_3">
            <heading>
              <authorialNote placement="side">
                <p>מתן רשיונות למודדים</p>
              </authorialNote>
            </heading>
            <num>3.</num>
            <list>
              <point eId="point_3__point_1">
                <num>(1)</num>
                <content>
                  <p>לא יעסוק אדם במקצוע המדידה אלא אם כן יש בידו רשיון שנתן עפ"י פקודה זו.</p>
                </content>
              </point>
              <point eId="point_3__point_2">
                <num>(2)</num>
                <content>
                  <p>בעצת מנהל מחלקת המדידות, יכול שר העבודה לתת רשיונות לאנשים הרוצים לעסוק במקצוע המדידה.<br xml:space="preserve" xmlns=""> </br><wikicomment font-size="x-small">הסמכות לתת רשיונות למודדים הוענקה למנהל מחלקת המדידות (ע"ר 1946, תוס׳ 2, 112).</wikicomment></p>
                </content>
              </point>
              <point eId="point_3__point_3">
                <num>(3)</num>
                <content>
                  <p>מתן רשיון עפ"י פקודה זו, בטולו או הפסקתו לזמן יפורסמו ברשומות.</p>
                </content>
              </point>
            </list>
          </point>
          <point eId="point_4">
            <heading>
              <authorialNote placement="side">
                <p>הפסקת רשיון זמנית או ביטולו</p>
              </authorialNote>
            </heading>
            <num>4.</num>
            <list>
              <point eId="point_4__point_1">
                <num>(1)</num>
                <content>
                  <p>כל מודד בעל רשיון אשר מתוך כונה או מתוך רשלנות, חוסר זהירות או מתוך בערות העולה זדון עורך מדידה שאינה נכונה, או מוסר תרשים או דיאגרמה בלתי נכונים של איזו קרקע, או תרשים שאינו מתאים לתקנות שהתקינו עפ"י פקודה זו, או העורך דין־וחשבון או תזכיר בלתי נכונים על איזו מדידה, או שאינו מקיים הוראות תקנות שהתקינו עפ"י פקודה זו, או שנתחייב בדין על איזו עברה שיש בה משום שחיתות מוסרית, יהא צפוי, על יסוד הדין־וחשבון של המנהל או על יסוד תלונתו של כל אדם מקופח, לבטול רשיונו כמודד עפ"י צו מאת שר העבודה או להפסקת הרשיון לזמן שייקבע על ידו:<br xml:space="preserve" xmlns=""> </br>בתנאי שלא ינתן שום צו בטול או הפסקה לזמן אלא אם כן ניתנה לו למודד שהוגשה עליו תלונה אפשרות ללמד זכות על עצמו.</p>
                </content>
              </point>
              <point eId="point_4__point_2">
                <num>(2)</num>
                <content>
                  <p>מודד שרשיונו בוטל או הופסק לזמן חייב להחזיר מיד את רשיונו למנהל, ועליו להחזיר כל שכר שקבל מאיזה אדם בעד מדידה או תרשים או דיאגרמה ממין זה, לכשיצטוה בכך מטעם שר העבודה.</p>
                </content>
              </point>
            </list>
          </point>
          <point eId="point_5">
            <heading>
              <authorialNote placement="side">
                <p>תרשימים שנעשו ע"י אנשים בלתי מוסמכים לא יקובלו במשרד ספרי האחוזה ולא יקובלו כעדות</p>
              </authorialNote>
            </heading>
            <num>5.</num>
            <content>
              <p>שום מפה, תרשים או דיאגרמה של קרקע שנראה מתוכם שהם הוכנו לאחר תחלתה של פקודה זו או של פקודת מודדי הקרקעות, 1925, לא יקובלו במשרד ספרי האחוזה ולא יקובלו כעדות בשום בית משפט, אלא אם כן הוכנו ונחתמו ע"י מודד או שהם העתקה מאותם מפה, תרשים או דיאגרמה וקוימה ע"י מודד כהעתקה נכונה:<br xml:space="preserve" xmlns=""> </br>בתנאי שלעולם יכול בית משפט, לאחר שהראו לו סבה מספקת, לקבל כעדות כל מפה, תרשים או דיאגרמה שלא הוכנו ע"י מודד.</p>
            </content>
          </point>
          <point eId="point_6">
            <heading>
              <authorialNote placement="side">
                <p>עברות</p>
              </authorialNote>
            </heading>
            <num>6.</num>
            <list>
              <point eId="point_6__point_1">
                <num>(1)</num>
                <content>
                  <p>כל העוסק או מתימר כעוסק במדידה ואין לו רשיון לכך, יאשם בעברה ויהא צפוי לקנס בסכום חמשים לירות על כל טרנסאקציה שעסק בה ולא יהא זכאי לתבוע בשום בית משפט את שכרו בעד תרשים, מפה או מדידה שהוכנו על ידו.</p>
                </content>
              </point>
              <point eId="point_6__point_2">
                <num>(2)</num>
                <content>
                  <p>כל מודד שאינו מחזיר למנהל את רשיונו שבוטל או הופסק בתוך ארבעה עשר יום מיום צו הבטול או ההפסקה, יאשם בעברה ויהא צפוי לקנס בסכום עשרים לירות.</p>
                </content>
              </point>
            </list>
          </point>
          <point eId="point_7">
            <heading>
              <authorialNote placement="side">
                <p>תקנות</p>
              </authorialNote>
            </heading>
            <num>7.</num>
            <list>
              <intro>
                <p>יכול שר העבודה להתקין תקנות –</p>
              </intro>
              <point eId="point_7__point_א">
                <num>(א)</num>
                <content>
                  <p>הקובעות את התנאים למתן רשיונות, את טופסי הרשיונות שינתנו והמסים שישולמו בעדם;</p>
                </content>
              </point>
              <point eId="point_7__point_ב">
                <num>(ב)</num>
                <content>
                  <p>בדבר שיטת בצוען של מדידות והכנתם של התרשימים;</p>
                </content>
              </point>
              <point eId="point_7__point_ג">
                <num>(ג)</num>
                <content>
                  <p>בדבר הגשת תרשימים ע"י המודדים;</p>
                </content>
              </point>
              <point eId="point_7__point_ד">
                <num>(ד)</num>
                <content>
                  <p>בדבר כל ענין אחר הטעון הסדרה עפ"י <ref href="#part_ב">חלק זה</ref>.</p>
                </content>
              </point>
            </list>
          </point>
        </list>
      </chapter>
      <chapter eId="chp_none">
        <num></num>
        <title>
          <content>
            <p>חלק ג׳ – מדידות לרבים</p>
          </content>
        </title>
        <list>
          <point eId="point_8">
            <heading>
              <authorialNote placement="side">
                <p>חלות חלק ג׳</p>
              </authorialNote>
            </heading>
            <num>8.</num>
            <content>
              <p>קביעותיו של <ref href="#part_ג">החלק הזה</ref> תחולנה על כל ”מדידות לרבים“.</p>
            </content>
          </point>
          <point eId="point_9">
            <heading>
              <authorialNote placement="side">
                <p>הסמכויות לגבי מדידה לרבים</p>
              </authorialNote>
            </heading>
            <num>9.</num>
            <list>
              <point eId="point_9__point_1">
                <num>(1)</num>
                <content>
                  <p>לצרכי כל מדידה לרבים, רשאים המנהל או כל מודד שהמנהל מלא את ידו לכך להכנס לתחום כל קרקע ואתו עוזרים ככל הדרוש ולקבוע בה או להציב עליה כל סימן מדידה ולעשות את כל הדברים הדרושים למדידה.</p>
                </content>
              </point>
              <point eId="point_9__point_2">
                <num>(2)</num>
                <content>
                  <p>כל מקום שאפשר הדבר, יתן המודד לבעל הקרקע או למחזיק בה הודעה מספקת בדבר רצונו להכנס לתחום הקרקע; הודעה שהודבקה או הופצה ע"י מוכתר של עיר או כפר לפחות עשרים וארבע שעות לפני הכניסה תהא הודעה מספקת.</p>
                </content>
              </point>
            </list>
          </point>
          <point eId="point_10">
            <heading>
              <authorialNote placement="side">
                <p>סמכותו של מודד להכנס לתחומי קרקע</p>
              </authorialNote>
            </heading>
            <num>10.</num>
            <content>
              <p>יכול כל מודד להכנס, כדי למדוד כל קרקע שהוטל עליו למדדה, לתוך תחום כל קרקע או לעבור בה, בין שהיא קנין הפרט ובין שהיא קנין הצבור, ועליו למעט ככל האפשר בגרימת אי־נוחיות לבעל הקרקע או למחזיק בה.</p>
            </content>
          </point>
          <point eId="point_11">
            <heading>
              <authorialNote placement="side">
                <p>סמכויותיהם של ממונה על המחוז, של הפקיד המסדר ושל מודד לגבי סימון גבולות, וכו׳</p>
              </authorialNote>
            </heading>
            <num>11.</num>
            <list>
              <point eId="point_11__point_1">
                <num>(1)</num>
                <list>
                  <intro>
                    <p>ממונה על מחוז או פקיד מסדר שנתמנה עפ"י <ref href="/akn/il/act/PrimaryOrSecondaryLegislation/UnknownWorkDate/פקודת_הקרקעות_סדור_זכות_הקנין">פקודת הקרקעות (סדור זכות הקנין)</ref> או המנהל או כל מודד שהמנהל ייפה את כוחו לכך, רשאים לדרוש, על יסוד צו בכתב, מכל מי שהוא בעליה של קרקע או מחזיק בה או ממי שיש לו טובת הנאה בה או מכל מי שהוא בעליה של קרקע הגובלת באותה קרקע או מחזיק בה או יש לו בה טובת הנאה, או מכל מי שעוסק בהנהלתה או בעיבודה של קרקע כזו או בקשר עם הנהלתה או עבודה, או מכל איש שבחזקתו או בהשגחתו נמצאים לפי המסופר מסמכים ביחס לתחומי אותה קרקע –</p>
                  </intro>
                  <point eId="point_11__point_1__point_א">
                    <num>(א)</num>
                    <content>
                      <p>שיופיע לפניו הוא גופו או בא־כחו בשעה ובמקום שיפורשו בצו שבכתב, כדי שיראה לו את תחומי הקרקע הנ"ל או כדי להגיש עזרה שתהא דרושה להצבת ציוני תחום או כדי להגיש עזרה ולמסור ידיעות שיהא צורך בהם לשם ציון התחומים;</p>
                    </content>
                  </point>
                  <point eId="point_11__point_1__point_ב">
                    <num>(ב)</num>
                    <content>
                      <p>להמציא כל מסמך שיהא מצוי ברשותו או תחת שליטתו.</p>
                    </content>
                  </point>
                </list>
              </point>
              <point eId="point_11__point_2">
                <num>(2)</num>
                <content>
                  <p>כל אדם, שנמסר לו אותו צו שבכתב, יהיה חייב מכוח החוק להיות נוכח כנדרש בצו, ולעשות כל דבר מן הדברים הנזכרים בצו.</p>
                </content>
              </point>
              <point eId="point_11__point_3">
                <num>(3)</num>
                <list>
                  <intro>
                    <p>יכול כל פקיד מן הפקידים הנזכרים בסעיף־קטן (1) לדרוש על יסוד צו בכתב, בתוך זמן מספיק שיקבע בצו, מאת בעל כל קרקע או מאת המחזיק בה –</p>
                  </intro>
                  <point eId="point_11__point_3__point_א">
                    <num>(א)</num>
                    <content>
                      <p>לתחום את הקרקע ולהציב לצורך התיחום אותם ציוני־תחום אשר ידרוש ממנו הפקיד;</p>
                    </content>
                  </point>
                  <point eId="point_11__point_3__point_ב">
                    <num>(ב)</num>
                    <content>
                      <p>לעקור כל גבול או כל קו אחר שעקירתו תהא נחוצה לצורך התיחום, ע"י גדיעתם או סלוקם של עצים, שיחים, גדרות או יבול המחובר לקרקע.</p>
                    </content>
                  </point>
                </list>
              </point>
              <point eId="point_11__point_4">
                <num>(4)</num>
                <content>
                  <p>הממשלה תשלם פיצויים לבעליהם של עצים שנגדעו או ניזוקו אגב מילוי הסמכויות שניתנו עפ"י סעיף זה.</p>
                </content>
              </point>
              <point eId="point_11__point_5">
                <num>(5)</num>
                <content>
                  <p>הפיצויים יוערכו ע"י הממונה על המחוז, ואם יתגלע סכסוך בשאלה אם סכום הפיצויים המוצע מספיק, תוחלט השאלה בצורה מכרעת על ידי שופט של בית משפט שלום שידון בענין על יסוד בקשה שתוגש אליו ע"י אחד מבעלי הדין.</p>
                </content>
              </point>
              <point eId="point_11__point_6">
                <num>(6)</num>
                <content>
                  <p>שום פיצוים לא ישולמו לבעל קרקע או למחזיק בה בעד הפסד שנגרם מחמת ההחזקה בקרקע או מחמת קצוץ ענפים או עקירת גדרות או עצים, פרט לעצי פרי.</p>
                </content>
              </point>
              <point eId="point_11__point_7">
                <num>(7)</num>
                <content>
                  <p>אם יש צורך בהמצאת עובדים או בהספקת עזרה אחרת לתיחום הקרקע או אם אין בעל הקרקע או המחזיק בה מציית לצו שבכתב שניתן לפי סעיף זה, ויש צורך להעסיק פועלים שכירים למטרות אלה, יכול הפקיד להעריך את הוצאות העבודה ולגבותן מאת בעל הקרקע או מאת המחזיק בה.</p>
                </content>
              </point>
            </list>
          </point>
          <point eId="point_12">
            <heading>
              <authorialNote placement="side">
                <p>עונשו של העוקר סימני מדידה</p>
              </authorialNote>
            </heading>
            <num>12.</num>
            <content>
              <p>כל אדם שאינו בר־הרשאה לכך והוא מטשטש, מסיר או מקלקל בצדיה כל סימן מדידה או סימן תחום שנקבעו או הוצבו לצורך כל מדידה לרבים, יאשם בעברה ויהא צפוי למאסר שלשה חדשים או לקנס בסכום חמשים לירות או לשני העונשין כאחד, ונוסף על כך אפשר לצוות עליו לשלם את הוצאות הסימן שטושטש או הוסר ואת הוצאות המדידה הכרוכות בקביעת הסימן או את הוצאות תקונו של הסימן שניזוק.</p>
            </content>
          </point>
          <point eId="point_13">
            <heading>
              <authorialNote placement="side">
                <p>חובתם של בעל קרקע ושל המחזיק בה להחזיק ציוני תחום וסימני מדידה</p>
              </authorialNote>
            </heading>
            <num>13.</num>
            <list>
              <point eId="point_13__point_1">
                <num>(1)</num>
                <content>
                  <p>בעליה או מחזיקה של קרקע שתחומיה הוגדרו ע"י מדידה לרבים חייבים להחזיק ולתקן את כל ציוני המדידה שהוצבו.</p>
                </content>
              </point>
              <point eId="point_13__point_2">
                <num>(2)</num>
                <content>
                  <p>בעליה או מחזיקה של כל קרקע שנקבעו בה או הוצבו או הושמו עליה סימני מדידה חייבים לשמור על סימן־המדידה ולהודיע מיד לפקיד המחוזי של הנפה על טשטוש הסימן, הסרתו, קלקולו או על הצורך לתקנו.</p>
                </content>
              </point>
              <point eId="point_13__point_3">
                <num>(3)</num>
                <content>
                  <p>אם הושם הסימן על אדמת כפר שלא נתחלקה או על אדמות צבור, תהא אחריותם של הרשות המקומית של העיר או של מוכתר הכפר שוה לאחריותו של בעל קרקע או של המחזיק בה.</p>
                </content>
              </point>
              <point eId="point_13__point_4">
                <num>(4)</num>
                <content>
                  <p>אם הושם הסימן על הקרקעות של אזור שבט, יהיו שיכי השבט אחראים כלם כאחד וכל אחד ואחד מהם בפני עצמו.</p>
                </content>
              </point>
              <point eId="point_13__point_5">
                <num>(5)</num>
                <content>
                  <p>כל המחוייב עפ"י סעיף זה להחזיק ציון תחום או לשמור סימן מדידה או להודיע על דבר טשטושו, הסרתו או קלקולו של הסימן, ולא קיים את חובתו, יאשם בעברה ויהא צפוי לקנס בסכום חמש לירות.</p>
                </content>
              </point>
            </list>
          </point>
          <point eId="point_14">
            <heading>
              <authorialNote placement="side">
                <p>איסור חשיפת סימני מדידה, שלא ברשות המנהל</p>
              </authorialNote>
            </heading>
            <num>14.</num>
            <list>
              <point eId="point_14__point_1">
                <num>(1)</num>
                <content>
                  <p>לא יחשוף אדם סימן־מדידה הקבור מתחת לפני הקרקע או המכוסה גל אבנים או עפר אלא אם כן הורשה לכך מטעם המנהל.</p>
                </content>
              </point>
              <point eId="point_14__point_2">
                <num>(2)</num>
                <list>
                  <intro>
                    <p>כל אדם –</p>
                  </intro>
                  <point eId="point_14__point_2__point_א">
                    <num>(א)</num>
                    <content>
                      <p>העובר על סעיף קטן (1), או</p>
                    </content>
                  </point>
                  <point eId="point_14__point_2__point_ב">
                    <num>(ב)</num>
                    <content>
                      <p>החושף סימן מדידה ברשות המנהל, ומתרשל לכסותו באפן הקבוע או אינו סותם את החור באותו החומר של הקרקע או של הדרך שהסימן קבור תחתם,</p>
                    </content>
                  </point>
                  <wrapup eId="point_14__point_2__wrapup_none">
                    <content>
                      <p>יאשם בעברה ויהא צפוי לקנס בסכום עשרים לירות.</p>
                    </content>
                  </wrapup>
                </list>
              </point>
            </list>
          </point>
        </list>
      </chapter>
      <chapter eId="chp_none">
        <num></num>
        <title>
          <content>
            <p>חלק ד׳ – השלמות</p>
          </content>
        </title>
        <list>
          <point eId="point_15">
            <heading>
              <authorialNote placement="side">
                <p>עונשו של המסרב לציית לצו או המתרשל במילויו</p>
              </authorialNote>
            </heading>
            <num>15.</num>
            <content>
              <p>כל שאינו מציית לצו שניתן עפ"י פקודה זו מטעם המנהל או פקיד שהורשה על ידו, מטעם ממונה על מחוז או פקיד מסדר, או המפריע או מונע פקיד מורשה של מחלקת המדידות או את עוזרו של אותו פקיד או מתנגד להם במילוי תפקידיהם או העובר עבירה אחרת על הוראות פקודה זו שלא נקבע לה עונש אחר, יאשם בעבירה ויהא צפוי למאסר שלושה חדשים או לקנס בסכום חמישים לירות או לשני העונשין כאחד, ונוסף על כך יהא צפוי לשלם למחלקת המדידות כל הוצאות הנובעות מעבירתו.</p>
            </content>
          </point>
          <point eId="point_16">
            <heading>
              <authorialNote placement="side">
                <p>כללים</p>
              </authorialNote>
            </heading>
            <num>16.</num>
            <content>
              <p>שר העבודה רשאי להתקין כללים הקובעים את הדמים או את התשלומים האחרים, שיש לשלמם תמורת כל מדידות או עבודה אחרת, שיבצעון פקידי מחלקת המדידות לפי בקשתו של כל אדם, או בקשר אל אותן מדידות או עבודה, ואת אופן תשלומם של אותם דמים ותשלומים אחרים, ואותם כללים יכולים לקבוע קביעות בדבר השלשת פקדון לחשבון אותם דמים ותשלומים אחרים, ומה ייעשה באותם פקדונות:<br xml:space="preserve" xmlns=""> </br>בתנאי כי הכללים הכלולות <ref href="#appendix">בתוספת</ref> עמדו בתקפם עד שישונו או יופקעו בכל כללים כאלה.<br xml:space="preserve" xmlns=""> </br><wikicomment font-size="x-small">פורסמו <ref href="/akn/il/act/SecondaryLegislation/1977-03-13/20730">תקנות המדידות (אגרות), תשל"ז–1977</ref>.</wikicomment></p>
            </content>
          </point>
          <point eId="point_17">
            <heading>
              <authorialNote placement="side">
                <p>גביית אגרות ותשלומים אחרים</p>
              </authorialNote>
            </heading>
            <num>17.</num>
            <content>
              <p>כל דמים, או תשלום אחר, המשתלמים לפי כל כללים, שהותקנו לפי <ref href="#point_16">סעיף 16</ref>, אפשר יהיה להיפרע אותם לפי <ref href="/akn/il/act/PrimaryOrSecondaryLegislation/UnknownWorkDate/פקודת_המסים_גבייה">פקודת המסים (גבייה)</ref>, שתחול על גבייתם של אותם דמים או תשלום אחר, כאילו היו מס בגדר מובנה של <ref href="/akn/il/act/PrimaryOrSecondaryLegislation/UnknownWorkDate/פקודת_המסים_גבייה">אותה פקודה</ref>.</p>
            </content>
          </point>
          <point eId="point_18">
            <heading>
              <authorialNote placement="side">
                <p xml:space="preserve"> </p>
              </authorialNote>
            </heading>
            <num>18.</num>
            <content>
              <p>
                <wikicomment font-size="x-small">(הופקע).</wikicomment>
              </p>
            </content>
          </point>
        </list>
      </chapter>
      <appendix eId="appendix">
        <num></num>
        <title>
          <content>
            <p>התוספת</p>
          </content>
        </title>
        <list>
          <point eId="appendix__point_none">
            <heading>
              <authorialNote placement="side">
                <p xml:space="preserve"> </p>
              </authorialNote>
            </heading>
            <num></num>
            <content>
              <p>
                <span style="font-weight: bold" xmlns="">כללי המדידות (דמים), 1946</span>
                <wikicomment font-size="x-small">(בוטלו)</wikicomment>
              </p>
            </content>
          </point>
        </list>
      </appendix>
    </body>
    <conclusions eId="eId" />
  </act>
</akomaNtoso>