﻿<?xml version="1.0" encoding="utf-8"?>
<akomaNtoso xmlns="http://docs.oasis-open.org/legaldocml/ns/akn/3.0">
  <act contains="originalVersion" name="publicLaw">
    <meta>
      <identification source="#kensset">
        <FRBRWork>
          <FRBRthis value="/akn/il/act/PrimaryLegislation/1968-12-26/147048/main" />
          <FRBRuri value="/akn/il/act/PrimaryLegislation/1968-12-26/147048" />
          <FRBRdate date="1968-12-26" name="Generation" />
          <FRBRauthor href="#knesset" as="#author" />
          <FRBRcountry value="israel" />
        </FRBRWork>
        <FRBRExpression>
          <FRBRthis value="/akn/il/act/PrimaryLegislation/1968-12-26/147048/he@/main" />
          <FRBRuri value="/akn/il/act/PrimaryLegislation/1968-12-26/147048/he@" />
          <FRBRdate date="1968-12-26" name="Generation" />
          <FRBRauthor href="#knesset" as="#author" />
          <FRBRlanguage language="hebrew" />
        </FRBRExpression>
        <FRBRManifestation>
          <FRBRthis value="/akn/il/act/PrimaryLegislation/1968-12-26/147048/he@/main.xml" />
          <FRBRuri value="/akn/il/act/PrimaryLegislation/1968-12-26/147048/he@" />
          <FRBRdate date="1968-12-26" name="Generation" />
          <FRBRauthor href="#knesset" as="#author" />
          <FRBRformat value="xml" />
        </FRBRManifestation>
      </identification>
      <classification source="#kensset">
        <keyword value="{classificationValue}" showAs="{classificationValue}" dictionary="#classification_dictionary" />
      </classification>
      <lifecycle source="#kensset">
        <eventRef eId="eventRef_1" date="1968-12-26" source="#kensset" type="generation" />
      </lifecycle>
      <references source="#kensset">
        <TLCOrganization eId="kensset" href="/ontology/organization/akn/knesset" showAs="Kensset" type="generation" />
        <TLCRole eId="author" href="/ontology/role/akn/author" showAs="Author of Document" />
        <TLCProcess eId="inforce" href="/ontology/process/akn/inforce" showAs="In force" />
        <TLCPerson eId="לוי_אשכול" href="/ontology/person/לוי_אשכול" showAs="לוי אשכול" />
        <TLCPerson eId="זאב_שרף" href="/ontology/person/זאב_שרף" showAs="זאב שרף" />
        <TLCPerson eId="שניאור_זלמן_שזר" href="/ontology/person/שניאור_זלמן_שזר" showAs="שניאור זלמן שזר" />
        <TLCRole eId="ראש_הממשלה" href="ontology/role/akn/ראש_הממשלה" showAs="ראש הממשלה" />
        <TLCRole eId="שר_האוצר" href="ontology/role/akn/שר_האוצר" showAs="שר האוצר" />
        <TLCRole eId="נשיא_המדינה" href="ontology/role/akn/נשיא_המדינה" showAs="נשיא המדינה" />
      </references>
      <temporalData source="#kensset">
        <temporalGroup eId="tmpg_1" />
      </temporalData>
      <Publication></Publication>
    </meta>
    <body period="#tmpg_1">
      <title eId="title">
        <content>
          <p>חוק לביטול חוקי בלו שנושנו, תשכ"ט–1968</p>
        </content>
      </title>
      <list>
        <point eId="point_1">
          <heading>
            <authorialNote placement="side">
              <p>ביטול חוקים</p>
            </authorialNote>
          </heading>
          <num>1.</num>
          <content>
            <p>החוקים המנויים <ref href="#appendix">בתוספת</ref> – בטלים.</p>
          </content>
        </point>
      </list>
      <subtitle eId="eId">
        <num></num>
        <content>
          <p>תוספת</p>
        </content>
      </subtitle>
      <list>
        <point eId="point_1">
          <heading>
            <authorialNote placement="side">
              <p xml:space="preserve"> </p>
            </authorialNote>
          </heading>
          <num>1.</num>
          <content>
            <p>פקודת המלח;</p>
          </content>
        </point>
        <point eId="point_2">
          <heading>
            <authorialNote placement="side">
              <p xml:space="preserve"> </p>
            </authorialNote>
          </heading>
          <num>2.</num>
          <content>
            <p>פקודת הבלו על גפרורים;</p>
          </content>
        </point>
        <point eId="point_3">
          <heading>
            <authorialNote placement="side">
              <p xml:space="preserve"> </p>
            </authorialNote>
          </heading>
          <num>3.</num>
          <content>
            <p>פקודת הבלו על קלפים;</p>
          </content>
        </point>
        <point eId="point_4">
          <heading>
            <authorialNote placement="side">
              <p xml:space="preserve"> </p>
            </authorialNote>
          </heading>
          <num>4.</num>
          <content>
            <p>חוק הבלו על צמיגים, תשי"ג–1953.</p>
          </content>
        </point>
      </list>
    </body>
    <conclusions eId="eId">
      <p class="signatures">
        <signature>
          <p>
            <person refersTo="לוי_אשכול">לוי אשכול</person>
            <role refersTo="ראש_הממשלה">ראש הממשלה</role>
          </p>
        </signature>
        <signature>
          <p>
            <person refersTo="זאב_שרף">זאב שרף</person>
            <role refersTo="שר_האוצר">שר האוצר</role>
          </p>
        </signature>
        <signature>
          <p>
            <person refersTo="שניאור_זלמן_שזר">שניאור זלמן שזר</person>
            <role refersTo="נשיא_המדינה">נשיא המדינה</role>
          </p>
        </signature>
      </p>
    </conclusions>
  </act>
</akomaNtoso>