﻿<?xml version="1.0" encoding="utf-8"?>
<akomaNtoso xmlns="http://docs.oasis-open.org/legaldocml/ns/akn/3.0">
  <act contains="originalVersion" name="publicLaw">
    <meta>
      <identification source="#kensset">
        <FRBRWork>
          <FRBRthis value="/akn/il/act/PrimaryLegislation/1933-12-31/2001723/main" />
          <FRBRuri value="/akn/il/act/PrimaryLegislation/1933-12-31/2001723" />
          <FRBRdate date="1933-12-31" name="Generation" />
          <FRBRauthor href="#knesset" as="#author" />
          <FRBRcountry value="israel" />
        </FRBRWork>
        <FRBRExpression>
          <FRBRthis value="/akn/il/act/PrimaryLegislation/1933-12-31/2001723/he@/main" />
          <FRBRuri value="/akn/il/act/PrimaryLegislation/1933-12-31/2001723/he@" />
          <FRBRdate date="1933-12-31" name="Generation" />
          <FRBRauthor href="#knesset" as="#author" />
          <FRBRlanguage language="hebrew" />
        </FRBRExpression>
        <FRBRManifestation>
          <FRBRthis value="/akn/il/act/PrimaryLegislation/1933-12-31/2001723/he@/main.xml" />
          <FRBRuri value="/akn/il/act/PrimaryLegislation/1933-12-31/2001723/he@" />
          <FRBRdate date="1933-12-31" name="Generation" />
          <FRBRauthor href="#knesset" as="#author" />
          <FRBRformat value="xml" />
        </FRBRManifestation>
      </identification>
      <classification source="#kensset">
        <keyword value="{classificationValue}" showAs="{classificationValue}" dictionary="#classification_dictionary" />
      </classification>
      <lifecycle source="#kensset">
        <eventRef eId="eventRef_1" date="1933-12-31" source="#kensset" type="generation" />
      </lifecycle>
      <references source="#kensset">
        <TLCOrganization eId="kensset" href="/ontology/organization/akn/knesset" showAs="Kensset" type="generation" />
        <TLCRole eId="author" href="/ontology/role/akn/author" showAs="Author of Document" />
        <TLCProcess eId="inforce" href="/ontology/process/akn/inforce" showAs="In force" />
        <TLCTerm eId="term_1" href="/ontology/term/בית_משפט/2001723" showAs="בית_משפט" />
      </references>
      <temporalData source="#kensset">
        <temporalGroup eId="tmpg_1" />
      </temporalData>
    </meta>
    <body period="#tmpg_1">
      <title eId="title">
        <content>
          <p>פקודת בזיון בית משפט</p>
        </content>
      </title>
      <subtitle eId="eId">
        <num></num>
        <content>
          <p>פקודה הקובעת עונש על בזיון בית המשפט.</p>
        </content>
      </subtitle>
      <preamble eId="eId">
        <p>
          <wikicomment font-size="x-small">מכוח האמור <ref href="/akn/il/act/PrimaryLegislation/1948-05-21/2002291#point_15">בסעיף 15 לפקודת סדרי השלטון והמשפט, תש"ח–1948</ref>, כל מקום בו נאמר בחוק ”פלשתינה (א"י)“ ייקרא מעתה ”ישראל“. לפי <ref href="/akn/il/act/PrimaryOrSecondaryLegislation/UnknownWorkDate/http_fs_knesset_gov_il_0_law_0_lsr_312680_pdf#point_8">סעיף 8 לפקודת בתי משפט (הוראות מעבר), תש"ח–1948</ref>, בית המשפט לקרקעות בטל וכל סמכות שניתנה לבית המשפט לקרקעות תהא נתונה מעתה לבית המשפט המחוזי. לפי <ref href="/akn/il/act/PrimaryOrSecondaryLegislation/UnknownWorkDate/http_fs_knesset_gov_il_5_law_5_lsr_209664_pdf">חוק השופטים (תיקון מס׳ 2), תשכ"ד–1964</ref>, כל מקום בו נאמר ”שופט שלום“ ייקרא מעתה ”שופט של בית משפט השלום“.</wikicomment>
        </p>
      </preamble>
      <list>
        <point eId="point_1">
          <heading>
            <authorialNote placement="side">
              <p>השם הקצר</p>
            </authorialNote>
          </heading>
          <num>1.</num>
          <content>
            <p>פקודה זו תקרא <wikicomment font-size="x-small">"</wikicomment>פקודת בזיון בית המשפט<wikicomment font-size="x-small">"</wikicomment>.</p>
          </content>
        </point>
        <point eId="point_2" class="definitions">
          <heading>
            <authorialNote placement="side">
              <p>פירוש</p>
            </authorialNote>
          </heading>
          <num>2.</num>
          <content>
            <p>
              <def />בפקודה זו יהא למונח ”בית משפט“ הפירוש דלקמן מלבד אם ענין הכתוב יחייב פירוש אחר –<br xml:space="preserve" xmlns=""> </br>”בית משפט“ פירושו כל בית משפט אזרחי, לרבות בית משפט עירוני <wikicomment font-size="x-small">[במקור: ובית משפט לקרקעות]</wikicomment>.</p>
          </content>
        </point>
        <point eId="point_3">
          <heading>
            <authorialNote placement="side">
              <p xml:space="preserve"> </p>
            </authorialNote>
          </heading>
          <num>3.</num>
          <content>
            <p>
              <wikicomment font-size="x-small">(בוטל).</wikicomment>
            </p>
          </content>
        </point>
        <point eId="point_4">
          <heading>
            <authorialNote placement="side">
              <p xml:space="preserve"> </p>
            </authorialNote>
          </heading>
          <num>4.</num>
          <content>
            <p>
              <wikicomment font-size="x-small">(בוטל).</wikicomment>
            </p>
          </content>
        </point>
        <point eId="point_5">
          <heading>
            <authorialNote placement="side">
              <p>דין עד המסרב להשיב על שאלות</p>
            </authorialNote>
          </heading>
          <num>5.</num>
          <content>
            <p>סרב עד להחקר עפ"י החוק או להשיב על אותן שאלות שהוצגו לפניו כחוק, ולא הראה כל טעם צודק לסרובו, יכול בית המשפט לתתו מיד במאסר למועד שלא יעלה על חדש אחד, חוץ אם הסכים בינתים, לפני סיום המשפט, להחקר ולהשיב על שאלות.</p>
          </content>
        </point>
        <point eId="point_6">
          <heading>
            <authorialNote placement="side">
              <p>המסרב לציית לצוויי בית המשפט</p>
            </authorialNote>
          </heading>
          <num>6.</num>
          <list>
            <point eId="point_6__point_1">
              <num>(1)</num>
              <content>
                <p>בית המשפט העליון, בית משפט מיוחד שנתכונן עפ"י <ref href="/akn/il/act/PrimaryOrSecondaryLegislation/UnknownWorkDate/דבר_המלך_במועצה_על_ארץ_ישראל#point_55">סעיף 55 של דבר המלך במועצה על ארץ־ישראל, 1922</ref>, בית המשפט המחוזי ובית משפט השלום, תהא להם הסמכות לכוף אדם בקנס או במאסר לציית לכל צו שניתן על ידם והמצוה לעשות איזה מעשה או האוסר לעשות כל מעשה.</p>
              </content>
            </point>
            <point eId="point_6__point_2">
              <num>(2)</num>
              <content>
                <p>לא ינתן צו המטיל קנס או מאסר אלא אם כן הוזמן הממרה להופיע ונענה להזמנה, או, כשלא בא מעצמו, הובא לפני בית המשפט בצו תפיסה כדי להראות טעם מדוע לא ינתן נגדו צו כזה.</p>
              </content>
            </point>
            <point eId="point_6__point_3">
              <num>(3)</num>
              <content>
                <p>הטיל בית משפט מאסר לפי סעיף קטן (1), יודיע על כך ליועץ המשפטי לממשלה.</p>
              </content>
            </point>
            <point eId="point_6__point_4">
              <num>(4)</num>
              <content>
                <p>היועץ המשפטי לממשלה או בא כוחו יביא את ענינו של אסיר לפי סעיף קטן (1) לפני בית המשפט שהטיל עליו את המאסר, לשיקול נוסף, כשראה צורך בכך ולא פחות מאחת לששה חדשים מיום תחילת המאסר.</p>
              </content>
            </point>
            <point eId="point_6__point_5">
              <num>(5)</num>
              <content>
                <p>בשיקול הנוסף רשאי בית המשפט, לאחר שנתן לאסיר ולכל בעל דין אחר בהליך שבו הוטל המאסר הזדמנות להשמיע טענותיהם, לקיים את הצו, לשנותו, להתנותו בתנאים או לבטלו או ליתן כל הוראה אחרת שימצא לנכון.</p>
              </content>
            </point>
            <point eId="point_6__point_6">
              <num>(6)</num>
              <content>
                <p>שר המשפטים רשאי לקבוע בתקנות, סדרי דין בשיקול נוסף לפי סעיף זה.</p>
              </content>
            </point>
          </list>
        </point>
        <point eId="point_7">
          <heading>
            <authorialNote placement="side">
              <p>ירידה לנכסים</p>
            </authorialNote>
          </heading>
          <num>7.</num>
          <list>
            <point eId="point_7__point_1">
              <num>(1)</num>
              <content>
                <p>מי שהאשימוהו בהמראה ואי אפשר למצוא אותו בתוך תחומי שפוטו של כל בית משפט בישראל, יכול בית המשפט ליתן צו המטיל קנס או מאסר ככל אשר ימצא לצודק, או לצוות שינתן כתב ירידה לנכסיו, ואותו כתב ירידה לנכסים ישעבד את נכסי המקרקעים שלו באותו אופן ובאותו שעור מכל הבחינות כדין צו ירידה לנכסים במשפט אזרחי.</p>
              </content>
            </point>
            <point eId="point_7__point_2">
              <num>(2)</num>
              <content>
                <p>כתב ירידה לנכסים יהא ערוך אל שני אנשים או אל יותר משנים שיתמנו לכך ע"י בית המשפט, ובו יצטוו ויורשו לרדת לכל נכסי המקרקעים של האדם שניתן נגדו הכתב, ולגבות וליטול ולקבל לרשותם לא רק את דמי השכירות והרוחים של מקרקעיו האסורים, אלא גם את סחורותיו, כליו ומטלטליו, ולעכבם ולהחזיקם בידם בתורת עיקול, עד שיופיע לפני בית המשפט ויסיר מעליו את אשמת הבזיון, או עד שבית המשפט יצוה אחרת: יכול בית המשפט לצוות לשלם מתוך ההכנסות המתקבלות מאותם הנכסים שירדו אליהם, את כל ההוצאות הכרוכות בהוצאה לפועל של הירידה לנכסים לרבות אותו השכר ההוגן לאנשים שנתמנו להוציא לפועל את הירידה לנכסים, ככל אשר ימצא בית המשפט לנכון לפסוק.</p>
              </content>
            </point>
            <point eId="point_7__point_3">
              <num>(3)</num>
              <content>
                <p>בכל משפט נגד אדם על המראה, יתן בית המשפט שבפניו מתברר הענין אותו צו שימצא לנכון ביחס לתשלום ההוצאות שנגרמו מתוך כך.</p>
              </content>
            </point>
          </list>
        </point>
        <point eId="point_8">
          <heading>
            <authorialNote placement="side">
              <p>ערעורים</p>
            </authorialNote>
          </heading>
          <num>8.</num>
          <list>
            <point eId="point_8__point_1">
              <num>(1)</num>
              <content>
                <p>צו המטיל ענש שניתן ע"י בית משפט מחוזי או בית משפט שלום עפ"י <ref href="#point_6">סעיף 6</ref> יהא ניתן לערעור באותם התנאים הנוהגים בערעור על פסק דין פלילי המטיל עונש כיוצא בזה.</p>
              </content>
            </point>
            <point eId="point_8__point_2">
              <num>(2)</num>
              <content>
                <p>בהתחשב עם הוראות <ref href="#point_3">סעיף 3(2)</ref>, אין לערער על כל צו המטיל ענש שניתן ע"י כל בית משפט עפ"י <ref href="#point_3">סעיף 3(1)</ref>.</p>
              </content>
            </point>
          </list>
        </point>
        <point eId="point_9">
          <heading>
            <authorialNote placement="side">
              <p>הפקודה תנהג לגבי בירור משפטי בפני פקידים מסדרים</p>
            </authorialNote>
          </heading>
          <num>9.</num>
          <content>
            <p>ההוראות דלעיל שבפקודה זו תחולנה על כל פעולה משפטית של פקיד מסדר בברור תביעות עפ"י <ref href="/akn/il/act/PrimaryLegislation/1969-07-27/2002285">פקודת הקרקעות (קביעת זכות הקנין)</ref>, כאילו היה אותו פקיד בחזקת בית משפט וכאילו היה העונש שהוטל ע"י פקיד מסדר עונש שהוטל ע"י שופט של בית משפט שלום.</p>
          </content>
        </point>
        <point eId="point_10">
          <heading>
            <authorialNote placement="side">
              <p xml:space="preserve"> </p>
            </authorialNote>
          </heading>
          <num>10.</num>
          <content>
            <p>
              <wikicomment font-size="x-small">(הושמט).</wikicomment>
            </p>
          </content>
        </point>
      </list>
    </body>
    <conclusions eId="eId" />
  </act>
</akomaNtoso>