﻿<?xml version="1.0" encoding="utf-8"?>
<akomaNtoso xmlns="http://docs.oasis-open.org/legaldocml/ns/akn/3.0">
  <act contains="originalVersion" name="publicLaw">
    <meta>
      <identification source="#kensset">
        <FRBRWork>
          <FRBRthis value="/akn/il/act/PrimaryLegislation/1933-12-31/2001433/main" />
          <FRBRuri value="/akn/il/act/PrimaryLegislation/1933-12-31/2001433" />
          <FRBRdate date="1933-12-31" name="Generation" />
          <FRBRauthor href="#knesset" as="#author" />
          <FRBRcountry value="israel" />
        </FRBRWork>
        <FRBRExpression>
          <FRBRthis value="/akn/il/act/PrimaryLegislation/1933-12-31/2001433/he@/main" />
          <FRBRuri value="/akn/il/act/PrimaryLegislation/1933-12-31/2001433/he@" />
          <FRBRdate date="1933-12-31" name="Generation" />
          <FRBRauthor href="#knesset" as="#author" />
          <FRBRlanguage language="hebrew" />
        </FRBRExpression>
        <FRBRManifestation>
          <FRBRthis value="/akn/il/act/PrimaryLegislation/1933-12-31/2001433/he@/main.xml" />
          <FRBRuri value="/akn/il/act/PrimaryLegislation/1933-12-31/2001433/he@" />
          <FRBRdate date="1933-12-31" name="Generation" />
          <FRBRauthor href="#knesset" as="#author" />
          <FRBRformat value="xml" />
        </FRBRManifestation>
      </identification>
      <classification source="#kensset">
        <keyword value="{classificationValue}" showAs="{classificationValue}" dictionary="#classification_dictionary" />
      </classification>
      <lifecycle source="#kensset">
        <eventRef eId="eventRef_1" date="1933-12-31" source="#kensset" type="generation" />
      </lifecycle>
      <references source="#kensset">
        <TLCOrganization eId="kensset" href="/ontology/organization/akn/knesset" showAs="Kensset" type="generation" />
        <TLCRole eId="author" href="/ontology/role/akn/author" showAs="Author of Document" />
        <TLCProcess eId="inforce" href="/ontology/process/akn/inforce" showAs="In force" />
        <TLCTerm eId="term_1" href="/ontology/term/שטר־כסף_כוזב_של_בנק־אוף־אינגלנד/2001433" showAs="שטר־כסף_כוזב_של_בנק־אוף־אינגלנד" />
      </references>
      <temporalData source="#kensset">
        <temporalGroup eId="tmpg_1" />
      </temporalData>
    </meta>
    <body period="#tmpg_1">
      <title eId="title">
        <content>
          <p>פקודת הפרוצידורה הפלילית (עדות)</p>
        </content>
      </title>
      <subtitle eId="eId">
        <num></num>
        <content>
          <p>פקודה הקובעת הוראות בנידון חקירה מוקדמת של עדים, זיהוים של אסירים וקבלת תעודות של בדיקות כימיות בתורת עדות בקשר עם ברור משפטים פליליים.</p>
        </content>
      </subtitle>
      <preamble eId="eId">
        <p>
          <wikicomment font-size="x-small">מכוח האמור <ref href="/akn/il/act/PrimaryLegislation/1948-05-21/2002291#point_14">בסעיפים 14</ref><ref href="/akn/il/act/PrimaryLegislation/1948-05-21/2002291#point_15">ו־15 לפקודת סדרי השלטון והמשפט, תש"ח–1948</ref>, כל סמכות שהיתה נתונה על פי החוק בידי הנציב העליון תהא נתונה לממשלה, וכל מקום בו נאמר בחוק ”פלשתינה (א"י)“ ייקרא מעתה ”ישראל“. פורסמה הודעה על הענקת סמכויות הנציב העליון לשר המשפטים (ע"ר תש"ח, 22) ולשר המשטרה (י"פ תשי"ג, 1357). פורסמו הודעות כי שר המשפטים ושר המשטרה נטלו לעצמם את הסמכויות הנתונות בידי המזכיר הראשי של הממשלה (י"פ תשי"ג, 589; י"פ תשי"ד, 348). לפי <ref href="/akn/il/act/PrimaryLegislation/1940-05-01/2001941">פקודת פקידי ממשלה (שנוי תוארים), 1940</ref>, במקום ”האנליסט הממשלתי“ יבוא ”הכימאי הממשלתי“. מכוח האמור <ref href="/akn/il/act/PrimaryLegislation/1948-05-21/2002291#point_11">בסעיף 11 לפקודת סדרי השלטון והמשפט, תש"ח–1948</ref> – לפיו החוק הקיים בארץ־ישראל נשאר בתקפו, בשינויים הנובעים מתוך הקמת המדינה ורשויותיה – מקום בו נאמר ”אינספקטור“ ייקרא מעתה ”מפקח“. לפי <ref href="/akn/il/act/PrimaryOrSecondaryLegislation/UnknownWorkDate/http_fs_knesset_gov_il_0_law_0_lsr_312686_pdf#point_2">סעיף 2 לפקודת המטבע, תש"ח–1948</ref>, כל מקום בו נאמר ”פונט“ הכוונה היא ללירה ישראלית. לפי <ref href="/akn/il/act/PrimaryOrSecondaryLegislation/UnknownWorkDate/http_fs_knesset_gov_il_0_law_0_lsr_312680_pdf#point_7">סעיף 7 לפקודת בתי משפט (הוראות מעבר), תש"ח–1948</ref>, בית המשפט לפשעים חמורים בטל וכל סמכות שניתנה לבית המשפט לפשעים חמורים תהא נתונה מעתה לבית המשפט המחוזי. לפי <ref href="/akn/il/act/PrimaryOrSecondaryLegislation/UnknownWorkDate/http_fs_knesset_gov_il_5_law_5_lsr_209664_pdf#point_2">תיקון מס׳ 2 לחוק השופטים, תשכ"ד–1964</ref>, כל מקום בו נאמר ”שופט שלום“ ייקרא מעתה ”שופט של בית משפט השלום“. לפי הודעת פקידי הממשלה (שינוי תארים) (ק"ת תשנ"ו, 264) במקום ”שר המשטרה“ יבוא ”השר לביטחון פנים“.</wikicomment>
        </p>
      </preamble>
      <list>
        <point eId="point_1">
          <heading>
            <authorialNote placement="side">
              <p>השם הקצר</p>
            </authorialNote>
          </heading>
          <num>1.</num>
          <content>
            <p>פקודה זו תקרא <wikicomment font-size="x-small">"</wikicomment>פקודת הפרוצידורה הפלילית (עדות)<wikicomment font-size="x-small">"</wikicomment>.</p>
          </content>
        </point>
      </list>
      <chapter eId="chp_none">
        <num></num>
        <title>
          <content>
            <p>חלק א׳ – חקירה מוקדמת של עדים</p>
          </content>
        </title>
        <list>
          <point eId="point_2">
            <heading>
              <authorialNote placement="side">
                <p>חקירת עדים על־ידי פקיד משטרה וכו׳</p>
              </authorialNote>
            </heading>
            <num>2.</num>
            <list>
              <point eId="point_2__point_1">
                <num>(1)</num>
                <content>
                  <p>פקיד משטרה מדרגת מפקח <wikicomment font-size="x-small">[במקור: אינספקטור]</wikicomment> ומעלה, או כל פקיד אחר או סוג אחר של פקידים המורשים בכתב – בדרך כלל או במיוחד – על־ידי שר המשפטים או שר המשטרה <wikicomment font-size="x-small">[במקור: המזכיר הראשי של הממשלה]</wikicomment>, לערוך חקירות על ביצוע עבירות, רשאי לחקור בעל־פה כל אדם המכיר, לפי הסברה, את עובדותיה ומסיבותיה של כל עבירה, שעליה חוקר אותו פקיד משטרה או אותו פקיד מורשה אחר כנ"ל, ורשאי הוא לרשום בכתב כל הודעה, שמוסרה אדם הנחקר כך.</p>
                </content>
              </point>
              <point eId="point_2__point_2">
                <num>(2)</num>
                <content>
                  <p>אדם, הנחקר כך, יהיה חייב להשיב נכונה על כל השאלות, שיציג לו בשעת החקירה אותו פקיד משטרה, או אותו פקיד מורשה אחר כנ"ל, חוץ משאלות שהתשובות עליהן יהיה בהן כדי להעמידו בסכנת האשמה פלילית.</p>
                </content>
              </point>
            </list>
          </point>
          <point eId="point_3">
            <heading>
              <authorialNote placement="side">
                <p>הודעת עד תירשם בכתב</p>
              </authorialNote>
            </heading>
            <num>3.</num>
            <list>
              <point eId="point_3__point_1">
                <num>(1)</num>
                <content>
                  <p>משנרשמה כל הודעה כזאת בכתב, תיקרא בפני האדם שנחקר, והלה יתבקש לחתום עליה, ואם לא ידע קרוא וכתוב, יתבקש לטבוע בה את סימנו.</p>
                </content>
              </point>
              <point eId="point_3__point_2">
                <num>(2)</num>
                <content>
                  <p>אם יסרב לחתום על ההודעה או לטבוע בה את סימנו, ירשום פקיד המשטרה, או הפקיד המורשה כנ"ל, הערה בשולי ההודעה הכתובה כי מוסר ההודעה סירב לחתום עליה או לטבוע בה את סימנו ומה סיבת סירובו, אם בירר אותה.</p>
                </content>
              </point>
              <point eId="point_3__point_3">
                <num>(3)</num>
                <content>
                  <p>לאחר־מכן יחתום פקיד המשטרה, או הפקיד המורשה האחר כנ"ל, על ההודעה שבכתב; ובכל משא־ומתן משפטי, נגד האדם המוסר את ההודעה, על שלא השיב נכונה על כל שאלה שהוצגה לו, תשמש ההודעה שבכתב הוכחה להודעות שמסר, אלא־אם יוכח כי לא מסר את ההודעות או כל אחת ואחת מהן.</p>
                </content>
              </point>
            </list>
          </point>
          <point eId="point_4">
            <heading>
              <authorialNote placement="side">
                <p xml:space="preserve"> </p>
              </authorialNote>
            </heading>
            <num>4.</num>
            <content>
              <p>
                <wikicomment font-size="x-small">(בוטל; ראו <ref href="/akn/il/act/PrimaryLegislation/1977-08-04/2002251#point_240">סעיף 120א לפקודת החוק הפלילי, 1936</ref>).</wikicomment>
              </p>
            </content>
          </point>
        </list>
      </chapter>
      <chapter eId="chp_none">
        <num></num>
        <title>
          <content>
            <p>חלק ב׳ – זיהוים של אסירים <wikicomment font-size="x-small">(כותרת נמחקה)</wikicomment></p>
          </content>
        </title>
        <list>
          <point eId="point_5">
            <heading>
              <authorialNote placement="side">
                <p xml:space="preserve"> </p>
              </authorialNote>
            </heading>
            <num>5.</num>
            <content>
              <p>
                <wikicomment font-size="x-small">(בוטל).</wikicomment>
              </p>
            </content>
          </point>
          <point eId="point_6">
            <heading>
              <authorialNote placement="side">
                <p xml:space="preserve"> </p>
              </authorialNote>
            </heading>
            <num>6.</num>
            <content>
              <p>
                <wikicomment font-size="x-small">(בוטל).</wikicomment>
              </p>
            </content>
          </point>
        </list>
      </chapter>
      <chapter eId="chp_none">
        <num></num>
        <title>
          <content>
            <p>חלק ג׳ – תעודות מבחני מעבדה ואנליזות</p>
          </content>
        </title>
        <list>
          <point eId="point_7">
            <heading>
              <authorialNote placement="side">
                <p>תעודות הנוגעות לבדיקות כימיות תקובלנה בתורת עדות</p>
              </authorialNote>
            </heading>
            <num>7.</num>
            <list>
              <point eId="point_7__point_1">
                <num>(1)</num>
                <content>
                  <p>תעודה שנראה מגופה שניתנה ונחתמה ע"י פקיד הממונה באותה שעה על המעבדה הממשלתית או ע"י הכימאי הממשלתי, והיא מעידה על תוצאת מבחן מעבדה או מבחן אחר או אנליזה, שנעשו בידי אותו פקיד או כימאי והנוגעים לכל דבר הנידון במשפט, תקובל כעדות במשפט פלילי אף אם לא הוזמן אותו פקיד או אותו כימאי להופיע כעד:<br xml:space="preserve" xmlns=""> </br>בתנאי שתעודה כזאת לא תקובל כעדות ע"י בית משפט מחוזי, אלא אם כן נמסרה הודעה מטעם הקטיגוריה לנאשם או לעורך הדין שלו עשרה ימים מראש על כונתה להגיש את התעודה כעדות, והעתקה של התעודה נמסרה לנאשם.</p>
                </content>
              </point>
              <point eId="point_7__point_2">
                <num>(2)</num>
                <content>
                  <p>למרות כל האמור בהוראות סעיף־קטן (1) חייב הפקיד או הכימאי הנזכרים לעיל להופיע כעד במשפט בפני בית משפט מחוזי, בתנאי שנמסרה הודעה לבית המשפט בשם הנאשם חמשה ימים מראש, הדורשת את הופעתם בבית המשפט וצורף להודעה מס בסכום לירה אחת.</p>
                </content>
              </point>
              <point eId="point_7__point_3">
                <num>(3)</num>
                <content>
                  <p>למרות כל האמור בהוראות סעיף־קטן (1), חייב הפקיד או הכימאי הנזכרים לעיל להופיע כעד במשפט פלילי בפני כל בית משפט, לרבות בית משפט שלום, אם סבור בית המשפט או שופט של בית משפט השלום כי טובת הצדק מחייבת את הופעתו בבית המשפט.</p>
                </content>
              </point>
              <point eId="point_7__point_4">
                <num>(4)</num>
                <content>
                  <p>אם ניתנה תעודה לנאשם עפ"י <ref href="/akn/il/act/PrimaryLegislation/1982-03-01/2002215#point_15">פקודת ההגנה על אסירים עניים</ref>, פוטרין אותו מתשלום המס בסך לירה אחת הנזכר בסעיף־קטן (2).</p>
                </content>
              </point>
              <point eId="point_7__point_5">
                <num>(5)</num>
                <content>
                  <p>כתום המשפט יכול בית המשפט המחוזי ליתן אותו צו אשר ייטב בעיניו בנוגע לתשלומו או להחזרתו של מס הלירה האחת האמור לעיל ולתשלום ההוצאות שהוצאו מפאת הופעתו של אותו פקיד או כימאי במשפט.</p>
                </content>
              </point>
            </list>
          </point>
        </list>
      </chapter>
      <chapter eId="chp_none">
        <num></num>
        <title>
          <content>
            <p>חלק ד׳ – בדיקתן וזיהויין של תעודות שחושדים בהן כי הן שטרי־כסף כוזבים של בנק־אוף־אינגלנד</p>
          </content>
        </title>
        <list>
          <point eId="point_none">
            <heading>
              <authorialNote placement="side">
                <p xml:space="preserve"> </p>
              </authorialNote>
            </heading>
            <num></num>
            <content>
              <p>
                <wikicomment font-size="x-small">חלק זה לא רלוונטי מאז קום המדינה.</wikicomment>
              </p>
            </content>
          </point>
          <point eId="point_8" class="definitions">
            <heading>
              <authorialNote placement="side">
                <p>פירוש</p>
              </authorialNote>
            </heading>
            <num>8.</num>
            <content>
              <p>
                <def />
                <ref href="#part_ד">בחלק זה</ref> –<br xml:space="preserve" xmlns=""> </br>”שטר־כסף כוזב של בנק־אוף־אינגלנד“ פירושו תעודה שהיא כולה או בחלקה חיקוי או זיוף של שטר־כסף של בנק־אוף־אינגלנד.</p>
            </content>
          </point>
          <point eId="point_9">
            <heading>
              <authorialNote placement="side">
                <p>כוחו של קצין־משטרה גבוה ביחס לתעודות מסויימות</p>
              </authorialNote>
            </heading>
            <num>9.</num>
            <content>
              <p>אם מפני סיבה כל־שהיא יחשוד קצין משטרה גבוה בתעודה כל־שהיא, הנמצאת ברשותו של שוטר עם תחילת תקפה של <ref href="/akn/il/act/PrimaryOrSecondaryLegislation/UnknownWorkDate/http_fs_knesset_gov_il_0_law_0_lsr_562175_pdf">פקודת תחיקת־הגנה (הכללה בפקודות מסויימות), 1945</ref>, או שתבוא לרשותו של שוטר לאחר־מכן, כי הינה או ייתכן שהינה שטר־כסף כוזב של בנק־אוף־אינגלנד, יהיה רשאי להשהות את התעודה הזאת בידיו כדי שיבדקנה מומחה, או שיהיה רשאי לשלוח אותה תעודה, כדי שיבדקנה אותו אדם ובאותו מקום (בין בתחומי ארץ ישראל ובין מחוצה לה), שיהיה הוא עשוי למצוא אותם נאותים.</p>
            </content>
          </point>
          <point eId="point_10">
            <heading>
              <authorialNote placement="side">
                <p>זיהוי תעודות מסוימות</p>
              </authorialNote>
            </heading>
            <num>10.</num>
            <list>
              <point eId="point_10__point_1">
                <num>(1)</num>
                <content>
                  <p>מקום ששלח קצין־משטרה גבוה תעודה לבדיקה בהתאם <ref href="#point_9">לסעיף 9</ref>, יהיה בזה משום זיהוי מספיק של התעודה שנשלחה כך, לכל הצרכים ובכל הזמנים, אם יוכח שהיא נושאת עליה את חתימתו של קצין־המשטרה הגבוה בראשי־התיבות ואת תאריך המשלוח, שנרשמו על התעודה לפני הישלחה כאמור.</p>
                </content>
              </point>
              <point eId="point_10__point_2">
                <num>(2)</num>
                <content>
                  <p>לא יהיו רואים שום דבר האמור בסעיף־קטן (1) כמניעה לכך, שכל תעודה כזאת תזוהה בדרך אחרת מזו שנקבעה באותו סעיף־קטן.</p>
                </content>
              </point>
            </list>
          </point>
          <point eId="point_11">
            <heading>
              <authorialNote placement="side">
                <p>תעודת־אישור על כוזבות</p>
              </authorialNote>
            </heading>
            <num>11.</num>
            <list>
              <point eId="point_11__point_1">
                <num>(1)</num>
                <content>
                  <p>תעודת־אישור המיומרת להיות ניתנת בידי הבנק־אוף־אינגלנד או בשמו, ואומרת כי תעודה כל־שהיא הינה שטר־כוזב של בנק־אוף־אינגלנד, תשמש עדות מכרעת על אותה עובדה, אלא־אם הוכח כי תעודת־האישור לא ניתנה בידי הבנק־אוף־אינגלנד או בשמו; ולצורך זיהוי השטר הכוזב של בנק־אוף־אינגלנד שתעודת־האישור מתיימרת להיות נוגעת בו, יהיה די בכך, אם תיקוב תעודת האישור את מספר השטר־הכוזב של הבנק־אוף־אינגלנד (אם יש עליו מספר) ואת ראשי־התיבות והתאריך שעליו, ואם יַראו כי המספר מתאים למספר התעודה שנשלחה לבדיקה וכי ראשי־התיבות והתאריך מתאימים לראשי־התיבות והתאריך שנרשמו על התעודה בידי קצין־המשטרה הגבוה.</p>
                </content>
              </point>
              <point eId="point_11__point_2">
                <num>(2)</num>
                <content>
                  <p>לא יהיו רואים שום דבר האמור בסעיף־קטן (1) כמניעה לכך, שכל שטר־כוזב כזה של בנק־אוף־אינגלנד יזוהה בדרך אחרת מזו שנקבעה באותו סעיף־קטן.</p>
                </content>
              </point>
            </list>
          </point>
        </list>
      </chapter>
    </body>
    <conclusions eId="eId" />
  </act>
</akomaNtoso>