﻿<?xml version="1.0" encoding="utf-8"?>
<akomaNtoso xmlns="http://docs.oasis-open.org/legaldocml/ns/akn/3.0">
  <act contains="originalVersion" name="publicLaw">
    <meta>
      <identification source="#kensset">
        <FRBRWork>
          <FRBRthis value="/akn/il/act/PrimaryLegislation/1961-01-02/148469/main" />
          <FRBRuri value="/akn/il/act/PrimaryLegislation/1961-01-02/148469" />
          <FRBRdate date="1961-01-02" name="Generation" />
          <FRBRauthor href="#knesset" as="#author" />
          <FRBRcountry value="israel" />
        </FRBRWork>
        <FRBRExpression>
          <FRBRthis value="/akn/il/act/PrimaryLegislation/1961-01-02/148469/he@/main" />
          <FRBRuri value="/akn/il/act/PrimaryLegislation/1961-01-02/148469/he@" />
          <FRBRdate date="1961-01-02" name="Generation" />
          <FRBRauthor href="#knesset" as="#author" />
          <FRBRlanguage language="hebrew" />
        </FRBRExpression>
        <FRBRManifestation>
          <FRBRthis value="/akn/il/act/PrimaryLegislation/1961-01-02/148469/he@/main.xml" />
          <FRBRuri value="/akn/il/act/PrimaryLegislation/1961-01-02/148469/he@" />
          <FRBRdate date="1961-01-02" name="Generation" />
          <FRBRauthor href="#knesset" as="#author" />
          <FRBRformat value="xml" />
        </FRBRManifestation>
      </identification>
      <classification source="#kensset">
        <keyword value="{classificationValue}" showAs="{classificationValue}" dictionary="#classification_dictionary" />
      </classification>
      <lifecycle source="#kensset">
        <eventRef eId="eventRef_1" date="1961-01-02" source="#kensset" type="generation" />
      </lifecycle>
      <references source="#kensset">
        <TLCOrganization eId="kensset" href="/ontology/organization/akn/knesset" showAs="Kensset" type="generation" />
        <TLCRole eId="author" href="/ontology/role/akn/author" showAs="Author of Document" />
        <TLCProcess eId="inforce" href="/ontology/process/akn/inforce" showAs="In force" />
        <TLCTerm eId="term_1" href="/ontology/term/בעל_תחנת_תדלוק/148469" showAs="בעל_תחנת_תדלוק" />
        <TLCTerm eId="term_2" href="/ontology/term/המנהל/148469" showAs="המנהל" />
        <TLCTerm eId="term_3" href="/ontology/term/המפקח/148469" showAs="המפקח" />
        <TLCTerm eId="term_4" href="/ontology/term/חוק_התקנים/148469" showAs="חוק_התקנים" />
        <TLCTerm eId="term_5" href="/ontology/term/מכירה/148469" showAs="מכירה" />
        <TLCTerm eId="term_6" href="/ontology/term/מעבדה_מאושרת/148469" showAs="מעבדה_מאושרת" />
        <TLCTerm eId="term_7" href="/ontology/term/רכב_מנועי/148469" showAs="רכב_מנועי" />
        <TLCTerm eId="term_8" href="/ontology/term/רשיון/148469" showAs="רשיון" />
        <TLCTerm eId="term_9" href="/ontology/term/תובע/148469" showAs="תובע" />
        <TLCTerm eId="term_10" href="/ontology/term/תחנת_תדלוק/148469" showAs="תחנת_תדלוק" />
        <TLCTerm eId="term_11" href="/ontology/term/מפעל/148469" showAs="מפעל" />
        <TLCTerm eId="term_12" href="/ontology/term/חוק_זה/148469" showAs="חוק_זה" />
        <TLCPerson eId="דוד_בן־גוריון" href="/ontology/person/דוד_בן־גוריון" showAs="דוד בן־גוריון" />
        <TLCPerson eId="לוי_אשכול" href="/ontology/person/לוי_אשכול" showAs="לוי אשכול" />
        <TLCPerson eId="יצחק_בן־צבי" href="/ontology/person/יצחק_בן־צבי" showAs="יצחק בן־צבי" />
        <TLCRole eId="ראש_הממשלה" href="ontology/role/akn/ראש_הממשלה" showAs="ראש הממשלה" />
        <TLCRole eId="שר_האוצר" href="ontology/role/akn/שר_האוצר" showAs="שר האוצר" />
        <TLCRole eId="נשיא_המדינה" href="ontology/role/akn/נשיא_המדינה" showAs="נשיא המדינה" />
      </references>
      <temporalData source="#kensset">
        <temporalGroup eId="tmpg_1" />
      </temporalData>
      <Publication></Publication>
    </meta>
    <body period="#tmpg_1">
      <title eId="title">
        <content>
          <p>חוק הפעלת רכב (מנועים ודלק), תשכ"א–1960</p>
        </content>
      </title>
      <list>
        <point eId="point_1">
          <heading>
            <authorialNote placement="side">
              <p>הגדרות</p>
            </authorialNote>
          </heading>
          <num>1.</num>
          <list>
            <intro>
              <p>בחוק זה –</p>
            </intro>
            <point eId="point_1__point_בעל_תחנת_תדלוק">
              <list>
                <intro>
                  <p>
                    <def />”בעל תחנת תדלוק“ – כל אחד מאלה:</p>
                </intro>
                <point eId="point_1__point_בעל_תחנת_תדלוק__point_1">
                  <num>(1)</num>
                  <content>
                    <p>מי שבידו רישיון או היתר זמני לפי <ref href="/akn/il/act/PrimaryLegislation/1968-08-16/148450">חוק רישוי עסקים, התשכ"ח–1968</ref>, שלפיו ניתן לנהל עסק של תחנת תדלוק;</p>
                  </content>
                </point>
                <point eId="point_1__point_בעל_תחנת_תדלוק__point_2">
                  <num>(2)</num>
                  <content>
                    <p>מי שבהשגחתו, בפיקוחו או בהנהלתו פועלת תחנת תדלוק;</p>
                  </content>
                </point>
              </list>
            </point>
            <point eId="point_1__point_המנהל">
              <content>
                <p>
                  <def />”המנהל“ – מנהל מינהל הדלק במשרד התשתיות הלאומיות;</p>
              </content>
            </point>
            <point eId="point_1__point_המפקח">
              <content>
                <p>
                  <def />”המפקח“ – המפקח על התעבורה ביחד עם המנהל;</p>
              </content>
            </point>
            <point eId="point_1__point_חוק_התקנים">
              <content>
                <p>
                  <def />”חוק התקנים“ – <ref href="/akn/il/act/PrimaryLegislation/1953-01-29/148964">חוק התקנים, התשי"ג–1953</ref>;</p>
              </content>
            </point>
            <point eId="point_1__point_מכירה">
              <content>
                <p>
                  <def />”מכירה“ – לרבות הספקה, שיווק, הובלה, ניפוק לתחנת תדלוק או החזקה לצורך מכירה;</p>
              </content>
            </point>
            <point eId="point_1__point_מעבדה_מאושרת">
              <content>
                <p>
                  <def />”מעבדה מאושרת“, ”תקן רשמי“ – כמשמעותם <ref href="/akn/il/act/PrimaryLegislation/1953-01-29/148964">בחוק התקנים</ref>;</p>
              </content>
            </point>
            <point eId="point_1__point_רכב_מנועי">
              <content>
                <p>
                  <def />”רכב מנועי“ – כמשמעותו <ref href="/akn/il/act/PrimaryOrSecondaryLegislation/UnknownWorkDate/פקודת_התעבורה">בפקודת התעבורה</ref>;</p>
              </content>
            </point>
            <point eId="point_1__point_רשיון">
              <content>
                <p>
                  <def />”רשיון“ – רשיון לרכב מנועי ורשיון נהיגה שניתנו לפי <ref href="/akn/il/act/PrimaryOrSecondaryLegislation/UnknownWorkDate/פקודת_התעבורה">פקודת התעבורה</ref>;</p>
              </content>
            </point>
            <point eId="point_1__point_תובע">
              <content>
                <p>
                  <def />”תובע“ – כמשמעותו <ref href="/akn/il/act/PrimaryLegislation/1982-03-01/2002215#point_12">בסעיף 12 לחוק סדר הדין הפלילי [נוסח משולב], התשמ"ב–1982</ref>;</p>
              </content>
            </point>
            <point eId="point_1__point_תחנת_תדלוק">
              <content>
                <p>
                  <def />”תחנת תדלוק“ – אתר שבו מתבצעת מכירה או הספקה של דלק לציבור בדרך של תדלוק;</p>
              </content>
            </point>
            <point eId="point_1__point_מפעל">
              <content>
                <p>
                  <def />”מפעל“ – כמשמעותו <ref href="/akn/il/act/PrimaryLegislation/1958-01-09/148355">בחוק הפיקוח על מצרכים ושירותים, תשי"ח–1957</ref>;</p>
              </content>
            </point>
            <point eId="point_1__point_חוק_זה">
              <content>
                <p>
                  <def />”חוק זה“ – לרבות התקנות שהותקנו והצווים שניתנו על פיו.</p>
              </content>
            </point>
          </list>
        </point>
        <point eId="point_2">
          <heading>
            <authorialNote placement="side">
              <p>איסור מכירה וייצור של דלק</p>
            </authorialNote>
          </heading>
          <num>2.</num>
          <list>
            <point eId="point_2__point_א">
              <num>(א)</num>
              <content>
                <p>לא ימכור אדם ולא ייצר דלק שאינו עומד בדרישות שנקבעו לפי סעיף קטן (ב)(1), לשם הנעת רכב מנועי.</p>
              </content>
            </point>
            <point eId="point_2__point_ב">
              <num>(ב)</num>
              <list>
                <intro>
                  <p>שר התשתיות הלאומיות רשאי בהתייעצות עם שר התחבורה לקבוע בצו –</p>
                </intro>
                <point eId="point_2__point_ב__point_1">
                  <num>(1)</num>
                  <content>
                    <p>את סוג הדלק שבו יונע ויופעל רכב מנועי;</p>
                  </content>
                </point>
                <point eId="point_2__point_ב__point_2">
                  <num>(2)</num>
                  <content>
                    <p>את סוג המנוע אשר יהיה מותר להרכיב ברכב מנועי או אשר בו יופעל ויונע רכב מנועי.</p>
                  </content>
                </point>
              </list>
            </point>
          </list>
        </point>
        <point eId="point_2א">
          <heading>
            <authorialNote placement="side">
              <p>בדיקות תקינות דלק</p>
            </authorialNote>
          </heading>
          <num>2א.</num>
          <list>
            <point eId="point_2א__point_א">
              <num>(א)</num>
              <list>
                <point eId="point_2א__point_א__point_1">
                  <num>(1)</num>
                  <content>
                    <p>לא ימכור בעל תחנת תדלוק דלק אלא אם כן קיימת התקשרות תקפה בינו, או בין מי שהוא הסמיך לכך, ובין מעבדה מאושרת לביצוע בדיקות לצורך קביעת התאמתו של דלק הנמכר בתחנה לדרישות לפי חוק זה; בעל תחנת תדלוק יודיע למנהל על התקשרות כאמור, ועל סיומה או פקיעתה;</p>
                  </content>
                </point>
                <point eId="point_2א__point_א__point_2">
                  <num>(2)</num>
                  <content>
                    <p>נציג המעבדה המאושרת כאמור בפסקה (1) ייטול בכל שנה שש דגימות דלק מכל תחנת תדלוק, ויעבירן לבדיקת המעבדה; בדיקות לפי סעיף זה יבוצעו לפי הנחיות המנהל, במועדים שעליהם יודיע למעבדה המאושרת, ותוצאותיהן יועברו ישירות מן המעבדה למנהל; המעבדה או מי מטעמה לא יגלו את מועד ביצוע הבדיקה או כל מידע אחר הנוגע לביצוע הבדיקות לי ההתקשרות, אלא אם כן אישר זאת המנהל; שר התשתיות הלאומיות, באישור ועדת הכלכלה של הכנסת, רשאי לקבוע מספר גדול יותר של דגימות שיינטלו.</p>
                  </content>
                </point>
              </list>
            </point>
            <point eId="point_2א__point_ב">
              <num>(ב)</num>
              <content>
                <p>התגלה בבדיקות במעבדה מאושרת כי דלק שנמכר בתחנת תדלוק אינו עומד בדרישות לפי חוק זה (בחוק זה – דלק לא תקין), ונמסרה הודעה על כך לבעל תחנת התדלוק, לא ימכור בעל התחנת דלק ממכל המספק דלק למשאבה, שאינו עומד בדרישות כאמור, אלא אם כן רוקן וניקה את המכל בהתאם להוראות המנהל, העביר את הדלק שרוקן מן המכל לבית זיקוק, וקיבל אישור מאת המנהל לשוב ולהשתמש במכל; אישור המנהל יינתן לאחר שמעבדה מאושרת תבדוק את הדלק במכל ותאשר למנהל כי הוא עומד בדרישות לפי חוק זה.</p>
              </content>
            </point>
          </list>
        </point>
        <point eId="point_2ב">
          <heading>
            <authorialNote placement="side">
              <p>צו סגירה שיפוטי</p>
            </authorialNote>
          </heading>
          <num>2ב.</num>
          <list>
            <point eId="point_2ב__point_א">
              <num>(א)</num>
              <content>
                <p>הוגש כתב אישום בעבירה לפי <ref href="#point_2">סעיף 2</ref>, רשאי בית המשפט, לבקשת תובע, לתת צו לסגירת תחנת התדלוק שבה נמכר דלק נושא כתב האישום (בחוק זה – צו סגירה שיפוטי).</p>
              </content>
            </point>
            <point eId="point_2ב__point_ב">
              <num>(ב)</num>
              <content>
                <p>צו סגירה שיפוטי יעמוד בתוקפו לתקופה שתיקבע בו ושלא תעלה על 90 ימים, אלא אם כן בוטל בתקופת תוקפו בידי בית המשפט.</p>
              </content>
            </point>
            <point eId="point_2ב__point_ג">
              <num>(ג)</num>
              <content>
                <p>הדיון בבקשה למתן צו סגירה שיפוטי יתקיים במעמד שני הצדדים, במידת האפשר; זומן בעל תחנה לדיון בבקשה לצו סגירה, ולא התייצב לדיון, רשאי בית המשפט ליתן צו במעמד צד אחד, ואולם בעל התחנה יהיה רשאי להגיש בתוך שבעה ימים בקשה מנומקת לביטול הצו.</p>
              </content>
            </point>
            <point eId="point_2ב__point_ד">
              <num>(ד)</num>
              <content>
                <p>בית המשפט רשאי לדון מחדש בצו סגירה שיפוטי שנתן, אם ראה שהדבר מוצדק בשל נסיבות שהשתנו או עובדות חדשות שהתגלו לאחר מתן הצו.</p>
              </content>
            </point>
          </list>
        </point>
        <point eId="point_2ג">
          <heading>
            <authorialNote placement="side">
              <p>רשימות תחנות תדלוק שאינן עומדות בדרישות לפי החוק</p>
            </authorialNote>
          </heading>
          <num>2ג.</num>
          <list>
            <point eId="point_2ג__point_א">
              <num>(א)</num>
              <content>
                <p>המנהל יפרסם רשימה של תחנות תדלוק שנמצא בהן דלק לא תקין בבדיקות שבוצעו לפי <ref href="#point_2א">סעיף 2א(2)</ref><ref href="#point_14">או 14</ref>, ורשימה של תחנות התדלוק שאין להן התקשרות תקפה לפי <ref href="#point_2א">סעיף 2א(א)(1)</ref>, למעט אם טרם חלף חודש ממועד סיום או פקיעת ההתקשרות כאמור, והמנהל שוכנע כי בעל התחנה פועל לחידוש ההסכם ובנסיבות העניין ראוי להימנע מן הפרסום; המנהל יפרסם את שתי הרשימות באתר האינטרנט של משרד התשתיות הלאומיות, ובכל דרך אחרת שיחליט.</p>
              </content>
            </point>
            <point eId="point_2ג__point_ב">
              <num>(ב)</num>
              <content>
                <p>המנהל רשאי שלא לכלול תחנת תדלוק ברשימה, או למחקה מהרשימה, אם הוכח להנחת דעתו שבעל תחנת התדלוק עשה כל שביכולתו כדי למנוע הימצאות דלק לא תקין בתחנה.</p>
              </content>
            </point>
            <point eId="point_2ג__point_ג">
              <num>(ג)</num>
              <content>
                <p>תחנת תדלוק תיכלל ברשימה של תחנות שנמצא בהן דלק לא תקין במשך שישה חודשים (בסעיף קטן זה – תקופת הרישום); נמצא בבדיקה נוספת של אותה תחנה, בתקופת הרישום, דלק לא תקין, לא יימחק הרישום לעניין הבדיקה הקודמת, כל עוד לא הסתיימה תקופת הרישום של הבדיקה הנוספת; נמצא דלק לא תקין בבדיקה נוספת באותה תחנה בתוך שישה חודשים מתום תקופת הרישום של הבדיקה הקודמת, יוחזר לרשימה רישום הבדיקה הקודמת, לתקופת רישומה של הבדיקה הנוספת.</p>
              </content>
            </point>
          </list>
        </point>
        <point eId="point_2ד">
          <heading>
            <authorialNote placement="side">
              <p>דיווח לוועדת הכלכלה של הכנסת</p>
            </authorialNote>
          </heading>
          <num>2ד.</num>
          <content>
            <p>המנהל ידווח לוועדת הכלכלה של הכנסת, אחת לשנה, על בדיקות תקינות דלק שבוצעו לפי <ref href="#point_2א">סעיף 2א</ref> ועל בדיקות תקינות דלק שבוצעו לפי <ref href="#point_14">סעיף 14</ref>.</p>
          </content>
        </point>
        <point eId="point_3">
          <heading>
            <authorialNote placement="side">
              <p>דרכי ההסדר</p>
            </authorialNote>
          </heading>
          <num>3.</num>
          <content>
            <p>כל דבר ששר התשתיות הלאומיות רשאי לקבוע או להסדיר לפי חוק זה רשאי הוא לאסרו, להגבילו, להטיל עליו פיקוח או בקורת או להתנותו בקבלת היתר כללי.</p>
          </content>
        </point>
        <point eId="point_4">
          <heading>
            <authorialNote placement="side">
              <p>הוראות משלימות</p>
            </authorialNote>
          </heading>
          <num>4.</num>
          <list>
            <intro>
              <p>שר התשתיות הלאומיות רשאי, בהתייעצות עם שר התחבורה, לקבוע בצו הוראות בדבר –</p>
            </intro>
            <point eId="point_4__point_1">
              <num>(1)</num>
              <content>
                <p>נקיטת אמצעים סבירים שייראו לו דרושים להבטחת קיומו של חוק זה, לרבות בדיקתם של כל מיכל ומיתקן בתחנת דלק, עצירת כל רכב מנועי לשם בדיקת כל חלק, מנוע, מכשיר או מיתקן בו במקום, או פתיחת מיכל שלו ובדיקת כל דלק או חומר הנראה כדלק, וכן נטילת כל חומר לשם בדיקה;</p>
              </content>
            </point>
            <point eId="point_4__point_2">
              <num>(2)</num>
              <content>
                <p>המצאת כל מסמך הנוגע לביצועו של חוק זה;</p>
              </content>
            </point>
            <point eId="point_4__point_3">
              <num>(3)</num>
              <content>
                <p>יומנים ופנקסי חשבונות ומסירת דינים וחשבונות שינוהלו בתחנות דלק;</p>
              </content>
            </point>
            <point eId="point_4__point_4">
              <num>(4)</num>
              <content>
                <p>כל ענין אחר הדרוש לביצוע חוק זה, ובכלל זה דיווח על הפעלה של תחנת דלק וכן טפסים, היתרים, אישורים ותעודות, חידושים, התלייתם וביטולם;</p>
              </content>
            </point>
            <point eId="point_4__point_5">
              <num>(5)</num>
              <content>
                <p>הגבלות והוראות בדבר מכירת דלק לסוגיו ומקום מכירתו בין שהדלק מיועד להפעלת רכב מנועי ובין אם לאו.</p>
              </content>
            </point>
          </list>
        </point>
        <point eId="point_5">
          <heading>
            <authorialNote placement="side">
              <p>סוגים של צווים</p>
            </authorialNote>
          </heading>
          <num>5.</num>
          <content>
            <p>צו לפי חוק זה יכול להיות כללי או לסוג מסויים של רכב מנועי.</p>
          </content>
        </point>
        <point eId="point_6">
          <heading>
            <authorialNote placement="side">
              <p>פגם בצו</p>
            </authorialNote>
          </heading>
          <num>6.</num>
          <content>
            <p>הומצא צו לפי חוק זה לבעל מפעל או לבעל רכב מנועי, לא תיפגע חוקיותו של הצו בגלל פגם שאיננו מהותי.</p>
          </content>
        </point>
        <point eId="point_7">
          <heading>
            <authorialNote placement="side">
              <p>עונשין</p>
            </authorialNote>
          </heading>
          <num>7.</num>
          <list>
            <point eId="point_7__point_א">
              <num>(א)</num>
              <list>
                <intro>
                  <p>העושה אחת מאלה, דינו מאסר שנה, או פי חמישה מהקנס האמור <ref href="/akn/il/act/PrimaryLegislation/1977-08-04/2002251#point_61">בסעיף 61(א)(4) לחוק העונשין, התשל"ז–1977</ref> (בחוק זה – חוק העונשין) –</p>
                </intro>
                <point eId="point_7__point_א__point_1">
                  <num>(1)</num>
                  <content>
                    <p>מוכר או מייצר דלק בניגוד להוראות <ref href="#point_2">סעיף 2</ref>;</p>
                  </content>
                </point>
                <point eId="point_7__point_א__point_2">
                  <num>(2)</num>
                  <content>
                    <p>מוכר דלק בלי שרוקן וניקה מכל שהתגלה בו דלק לא תקין, בניגוד להוראת <ref href="#point_2א">סעיף 2א(ב)</ref>;</p>
                  </content>
                </point>
                <wrapup eId="point_7__point_א__wrapup_none">
                  <content>
                    <p>עבירות לפי סעיף קטן זה הן עבירות של אחריות קפידה.</p>
                  </content>
                </wrapup>
              </list>
            </point>
            <point eId="point_7__point_ב">
              <num>(ב)</num>
              <content>
                <p>המגלה מידע בניגוד להוראות <ref href="#point_2א">סעיף 2א(א)(2)</ref>, דינו – מאסר שנה.</p>
              </content>
            </point>
            <point eId="point_7__point_ג">
              <num>(ג)</num>
              <content>
                <p>המסרב למסור מידע או מסמכים לפי <ref href="#point_14">סעיף 14</ref> למי שהוסמך לכך כדין, או מפריע למי שהוסמך כדין לבצע פעולות לפי <ref href="#point_15">סעיף 15</ref>, דינו – מאסר שישה חודשים.</p>
              </content>
            </point>
            <point eId="point_7__point_ד">
              <num>(ד)</num>
              <content>
                <p>בעל תחנת תדלוק המוכר דלק בלי שקיימת התקשרות תקפה בינו לבין מעבדה מאושרת, בניגוד להוראות <ref href="#point_2א">סעיף 2א(א)(1)</ref>, דינו – הקנס האמור <ref href="/akn/il/act/PrimaryLegislation/1977-08-04/2002251#point_61">בסעיף 61(א)(4) לחוק העונשין</ref>.</p>
              </content>
            </point>
            <point eId="point_7__point_ה">
              <num>(ה)</num>
              <content>
                <p>העובר על הוראה מהוראות לפי <ref href="#point_4">סעיף 4(1), (4) או (5) לחוק</ref>, בכך שלא נקט פעולה שנקבעה למניעת מכירת דלק לא תקין, דינו – הקנס האמור <ref href="/akn/il/act/PrimaryLegislation/1977-08-04/2002251#point_61">בסעיף 61(א)(3) לחוק העונשין</ref>.</p>
              </content>
            </point>
          </list>
        </point>
        <point eId="point_8">
          <heading>
            <authorialNote placement="side">
              <p>אחריות שולחים</p>
            </authorialNote>
          </heading>
          <num>8.</num>
          <list>
            <intro>
              <p>נעברה עבירה על הוראה מהוראות חוק זה או לפיו –</p>
            </intro>
            <point eId="point_8__point_1">
              <num>(1)</num>
              <content>
                <p>על ידי פקיד, פועל, שרית, סוכן או בא כוח – בנכס השייך למעבידו, למצווהו או למרשהו – ייאשם בעבירה גם המעביד, המצווה או המרשה;</p>
              </content>
            </point>
            <point eId="point_8__point_2">
              <num>(2)</num>
              <content>
                <p>על ידי חבר בני־אדם – יהא דינו של אותו חבר קנס עשרת אלפים לירות, וכן ייאשם בעבירה גם כל מי שבשעת ביצוע העבירה היה חבר מינהלה פעיל, מנהל או פקיד אחראי של אותו חבר, ובשותפות – לרבות מי שהיה אותה שעה שותף בה, אך למעט שותף מוגבל;</p>
              </content>
            </point>
            <point eId="point_8__point_3">
              <num>(3)</num>
              <content>
                <p>לגבי רכב מנועי – ייאשם בעבירה גם בעל הרכב,</p>
              </content>
            </point>
            <wrapup eId="point_8__wrapup_none">
              <content>
                <p>ובלבד שהוראות אלה לא יחולו על מי שהוכיח כי נקט כל האמצעים הנאותים להבטחת שמירתו של חוק זה.</p>
              </content>
            </wrapup>
          </list>
        </point>
        <point eId="point_9">
          <heading>
            <authorialNote placement="side">
              <p>עונש נוסף</p>
            </authorialNote>
          </heading>
          <num>9.</num>
          <list>
            <point eId="point_9__point_א">
              <num>(א)</num>
              <content>
                <p>הורשע אדם על עבירה כאמור <ref href="#point_7">בסעיף 7</ref>, רשאי בית המשפט לצוות, בנוסף על כל עונש אחר, שהנאשם ייפסל מהחזיק ברשיון, לתקופה שקבע בית המשפט.</p>
              </content>
            </point>
            <point eId="point_9__point_ב">
              <num>(ב)</num>
              <content>
                <p>מפעל שנעברה לגביו עבירה חוזרת כאמור <ref href="#point_7">בסעיף 7</ref>, רשאי בית המשפט לצוות, בנוסף לכל עונש שהוטל על הנאשם, שהמפעל ייסגר לתקופה שקבע בית המשפט.</p>
              </content>
            </point>
          </list>
        </point>
        <point eId="point_10">
          <heading>
            <authorialNote placement="side">
              <p>פסילה מהחזיק ברשיון</p>
            </authorialNote>
          </heading>
          <num>10.</num>
          <content>
            <p>נמסרה לאדם הזמנה לדין בשל עבירה על חוק זה, רשאי המפקח, בצו, ולאחר שנתן לאותו אדם הזדמנות להשמיע דברו לפניו או לפני מי שהמפקח מינה לכך, לפסול אותו מהחזיק ברשיון לתקופה שלא תעלה על ארבעה עשר יום מיום שהומצא לו הצו; פסילה זו תעמוד בתקפה עד שתבוטל על ידי המפקח או על ידי בית המשפט לפי <ref href="#point_11">סעיף 11(ב)</ref>.</p>
          </content>
        </point>
        <point eId="point_11">
          <heading>
            <authorialNote placement="side">
              <p>ערעור על פסילה</p>
            </authorialNote>
          </heading>
          <num>11.</num>
          <list>
            <point eId="point_11__point_א">
              <num>(א)</num>
              <content>
                <p>היועץ המשפטי לממשלה או בא כוחו, רשאי לפנות לבית משפט השלום ולבקש, בדרך שתיקבע על ידי שר המשפטים, את הארכת תקופת הפסילה; כן רשאי אדם שנפסל לפי <ref href="#point_10">סעיף 10</ref> מהחזיק ברשיון, לפנות לבית משפט השלום ולבקש ביטול הפסילה.</p>
              </content>
            </point>
            <point eId="point_11__point_ב">
              <num>(ב)</num>
              <content>
                <p>בית המשפט רשאי – לאחר שניתנה ליועץ המשפטי לממשלה או בא כוחו, או לאדם שנפסל, הזדמנות להשמיע דברם – לצוות על אישור הפסילה, ביטולה, קיצורה או הארכתה עד לגמר דינו של בעל הרשיון, בתנאים או ללא תנאים.</p>
              </content>
            </point>
            <point eId="point_11__point_ג">
              <num>(ג)</num>
              <content>
                <p>הוארכה הפסילה ועברו שלושה חדשים מיום המצאת הצו לפי <ref href="#point_10">סעיף 10</ref> לידי בעל הרשיון ולא הוחל במשפט נגדו על המעשה או המחדל שבגללם נפסל – בטלה הפסילה.</p>
              </content>
            </point>
          </list>
        </point>
        <point eId="point_12">
          <heading>
            <authorialNote placement="side">
              <p>עונש על נהיגה לאחר פסילה</p>
            </authorialNote>
          </heading>
          <num>12.</num>
          <content>
            <p>אדם הנוהג רכב מנועי בתקופה שבה נפסל לפי <ref href="#point_9">סעיפים 9</ref>, <ref href="#point_10">10</ref><ref href="#point_11">או 11</ref> מהחזיק ברשיון נהיגה שניתן לפי <ref href="/akn/il/act/PrimaryOrSecondaryLegislation/UnknownWorkDate/פקודת_התעבורה">פקודת התעבורה</ref>, או הנוהג או המרשה לאחר לנהוג ברכב מנועי בתקופה שבה הוא נפסל מהחזיק ברשיון הרכב שניתן לפי הפקודה האמורה, דינו – מאסר שנה אחת או קנס עשרת אלפים לירות, אלא שאם הוטל עליו קנס בלבד, ייפסל מהחזיק באותו רשיון תקופה נוספת של שלושה חדשים, או תקופה ארוכה יותר שקבע בית המשפט, החל מיום הרשעתו או ממועד מאוחר יותר שקבע בית המשפט.</p>
          </content>
        </point>
        <point eId="point_13">
          <heading>
            <authorialNote placement="side">
              <p>סדרי נטילת רשיון</p>
            </authorialNote>
          </heading>
          <num>13.</num>
          <content>
            <p>המפקח רשאי לקבוע בצו סדרי נטילת רשיון ממי שנפסל להחזיק בו בתוקף חוק זה ורשאי הוא להורות בצו על ביצוע כל פעולה אחרת בקשר לרשיון או לרכב המנועי, הדרושה, לדעתו, כדי להבטיח את הפסקת השימוש ברכב המנועי שבעל הרשיון שלו נפסל מהחזיק בו, ואת קיומו של כל הסדר, איסור או הגבלה שהוטלו על פי חוק זה.</p>
          </content>
        </point>
        <point eId="point_14">
          <heading>
            <authorialNote placement="side">
              <p>הצגה ומסירה של מסמכים וידיעות</p>
            </authorialNote>
          </heading>
          <num>14.</num>
          <list>
            <intro>
              <p>לפי דרישת שוטר וכל אדם שהוסמך לכך על ידי המנהל חייב כל אדם –</p>
            </intro>
            <point eId="point_14__point_1">
              <num>(1)</num>
              <content>
                <p>להציג לפניהם או למסור להם כל היתר או אישור שניתנו לפי חוק זה וכל רשיון שניתן לפי <ref href="/akn/il/act/PrimaryOrSecondaryLegislation/UnknownWorkDate/פקודת_התעבורה">פקודת התעבורה</ref>;</p>
              </content>
            </point>
            <point eId="point_14__point_2">
              <num>(2)</num>
              <content>
                <p>למסור להם ידיעות ומסמכים אחרים הקשורים לשימוש בדלק או במנוע;</p>
              </content>
            </point>
            <point eId="point_14__point_3">
              <num>(3)</num>
              <content>
                <p>לאפשר ביצוע כל בדיקה ולמסור לבדיקה כל דלק או חומר הנראה כדלק וכן כל חלק, מכשיר, מיתקן או מיכל.</p>
              </content>
            </point>
          </list>
        </point>
        <point eId="point_15">
          <heading>
            <authorialNote placement="side">
              <p>סמכות כניסה</p>
            </authorialNote>
          </heading>
          <num>15.</num>
          <content>
            <p>המנהל, או מי שהוסמך על ידיו לענין זה, רשאי בכל זמן סביר, להיכנס לכל מקום, למעט מקום מגורים, לשם הבטחת ביצועו של חוק זה או לשם פיקוח על קיומו, והוראות <ref href="/akn/il/act/PrimaryLegislation/1969-02-16/2001931#point_26">הסעיפים 19–23 לפקודת הפרוצידורה הפלילית (מאסר וחיפושים)</ref>, יחולו על כניסה כאמור, ובלבד שבמקום ”שוטר“ יבוא לענין זה ”המנהל או מי שהוסמך כאמור“.</p>
          </content>
        </point>
        <point eId="point_16">
          <heading>
            <authorialNote placement="side">
              <p>חובת הראיה</p>
            </authorialNote>
          </heading>
          <num>16.</num>
          <content>
            <p>הטוען שיש בידו היתר, פטור או הקלה אחרת לפי חוק זה – עליו הראיה.</p>
          </content>
        </point>
        <point eId="point_17">
          <heading>
            <authorialNote placement="side">
              <p>תחילה</p>
            </authorialNote>
          </heading>
          <num>17.</num>
          <content>
            <p>תחילתו של חוק זה ביום י׳ בטבת תשכ"א (29 בדצמבר 1960).</p>
          </content>
        </point>
        <point eId="point_18">
          <heading>
            <authorialNote placement="side">
              <p>הוראת מעבר</p>
            </authorialNote>
          </heading>
          <num>18.</num>
          <content>
            <p>צו־שעת־חירום (הפעלת רכב מנועי בבנזין), תשי"ח–1957, יראו מיום תחילתו של חוק זה כאילו ניתן על ידי שר האוצר לפי הוראות חוק זה, אלא שתקפו יפקע ביום י"ב בניסן תשכ"א (29 במרס 1961).</p>
          </content>
        </point>
        <point eId="point_19">
          <heading>
            <authorialNote placement="side">
              <p>ביטול</p>
            </authorialNote>
          </heading>
          <num>19.</num>
          <content>
            <p>החוק להארכת תקפן של תקנות־שעת־חירום (הפעלת רכב מנועי בבנזין), תש"ך–1960 – בטל.</p>
          </content>
        </point>
        <point eId="point_20">
          <heading>
            <authorialNote placement="side">
              <p>ביצוע ותקנות</p>
            </authorialNote>
          </heading>
          <num>20.</num>
          <list>
            <point eId="point_20__point_א">
              <num>(א)</num>
              <content>
                <p>שר התשתיות הלאומיות ממונה על ביצוע חוק זה והוא רשאי, בהתייעצות עם שר התחבורה והבטיחות בדרכים, למעט לעניין <ref href="#point_2א">סעיף 2א</ref>, להתקין תקנות לביצועו.</p>
              </content>
            </point>
            <point eId="point_20__point_ב">
              <num>(ב)</num>
              <content>
                <p>שר המשפטים רשאי לקבוע הוראות לעניין סדרי הדיון בבקשה לביטולו של צו סגירה שיפוטי או לשינויו, לפי <ref href="#point_1ד">סעיף 1ד</ref>.</p>
              </content>
            </point>
          </list>
        </point>
        <point eId="point_21">
          <heading>
            <authorialNote placement="side">
              <p>שמירת דינים</p>
            </authorialNote>
          </heading>
          <num>21.</num>
          <content>
            <p>אין בהוראות חוק זה כדי לגרוע מהוראות לפי <ref href="/akn/il/act/PrimaryLegislation/1953-01-29/148964">חוק התקנים</ref>.</p>
          </content>
        </point>
      </list>
    </body>
    <conclusions eId="eId">
      <p class="signatures">
        <signature>
          <p>
            <person refersTo="דוד_בן־גוריון">דוד בן־גוריון</person>
            <role refersTo="ראש_הממשלה">ראש הממשלה</role>
          </p>
        </signature>
        <signature>
          <p>
            <person refersTo="לוי_אשכול">לוי אשכול</person>
            <role refersTo="שר_האוצר">שר האוצר</role>
          </p>
        </signature>
        <signature>
          <p>
            <person refersTo="יצחק_בן־צבי">יצחק בן־צבי</person>
            <role refersTo="נשיא_המדינה">נשיא המדינה</role>
          </p>
        </signature>
      </p>
    </conclusions>
  </act>
</akomaNtoso>