﻿<?xml version="1.0" encoding="utf-8"?>
<akomaNtoso xmlns="http://docs.oasis-open.org/legaldocml/ns/akn/3.0">
  <act contains="originalVersion" name="publicLaw">
    <meta>
      <identification source="#kensset">
        <FRBRWork>
          <FRBRthis value="/akn/il/act/PrimaryLegislation/1965-07-16/147496/main" />
          <FRBRuri value="/akn/il/act/PrimaryLegislation/1965-07-16/147496" />
          <FRBRdate date="1965-07-16" name="Generation" />
          <FRBRauthor href="#knesset" as="#author" />
          <FRBRcountry value="israel" />
        </FRBRWork>
        <FRBRExpression>
          <FRBRthis value="/akn/il/act/PrimaryLegislation/1965-07-16/147496/he@/main" />
          <FRBRuri value="/akn/il/act/PrimaryLegislation/1965-07-16/147496/he@" />
          <FRBRdate date="1965-07-16" name="Generation" />
          <FRBRauthor href="#knesset" as="#author" />
          <FRBRlanguage language="hebrew" />
        </FRBRExpression>
        <FRBRManifestation>
          <FRBRthis value="/akn/il/act/PrimaryLegislation/1965-07-16/147496/he@/main.xml" />
          <FRBRuri value="/akn/il/act/PrimaryLegislation/1965-07-16/147496/he@" />
          <FRBRdate date="1965-07-16" name="Generation" />
          <FRBRauthor href="#knesset" as="#author" />
          <FRBRformat value="xml" />
        </FRBRManifestation>
      </identification>
      <classification source="#kensset">
        <keyword value="{classificationValue}" showAs="{classificationValue}" dictionary="#classification_dictionary" />
      </classification>
      <lifecycle source="#kensset">
        <eventRef eId="eventRef_1" date="1965-07-16" source="#kensset" type="generation" />
      </lifecycle>
      <references source="#kensset">
        <TLCOrganization eId="kensset" href="/ontology/organization/akn/knesset" showAs="Kensset" type="generation" />
        <TLCRole eId="author" href="/ontology/role/akn/author" showAs="Author of Document" />
        <TLCProcess eId="inforce" href="/ontology/process/akn/inforce" showAs="In force" />
        <TLCTerm eId="term_1" href="/ontology/term/כינוי_מקור/147496" showAs="כינוי_מקור" />
        <TLCTerm eId="term_2" href="/ontology/term/ארץ_המקור/147496" showAs="ארץ_המקור" />
        <TLCTerm eId="term_3" href="/ontology/term/בעל_זכות/147496" showAs="בעל_זכות" />
        <TLCTerm eId="term_4" href="/ontology/term/מוצר/147496" showAs="מוצר" />
        <TLCTerm eId="term_5" href="/ontology/term/הרשם/147496" showAs="הרשם" />
        <TLCTerm eId="term_6" href="/ontology/term/ציון_גאוגרפי/147496" showAs="ציון_גאוגרפי" />
        <TLCTerm eId="term_7" href="/ontology/term/מדינה_חברה/147496" showAs="מדינה_חברה" />
        <TLCTerm eId="term_8" href="/ontology/term/ארגון_הסחר_העולמי/147496" showAs="ארגון_הסחר_העולמי" />
        <TLCTerm eId="term_9" href="/ontology/term/הסדר_ליסבון/147496" showAs="הסדר_ליסבון" />
        <TLCTerm eId="term_10" href="/ontology/term/המשרד_הבין־לאומי/147496" showAs="המשרד_הבין־לאומי" />
        <TLCPerson eId="לוי_אשכול" href="/ontology/person/לוי_אשכול" showAs="לוי אשכול" />
        <TLCPerson eId="דב_יוסף" href="/ontology/person/דב_יוסף" showAs="דב יוסף" />
        <TLCPerson eId="שניאור_זלמן_שזר" href="/ontology/person/שניאור_זלמן_שזר" showAs="שניאור זלמן שזר" />
        <TLCRole eId="ראש_הממשלה" href="ontology/role/akn/ראש_הממשלה" showAs="ראש הממשלה" />
        <TLCRole eId="שר_המשפטים" href="ontology/role/akn/שר_המשפטים" showAs="שר המשפטים" />
        <TLCRole eId="נשיא_המדינה" href="ontology/role/akn/נשיא_המדינה" showAs="נשיא המדינה" />
      </references>
      <temporalData source="#kensset">
        <temporalGroup eId="tmpg_1" />
      </temporalData>
      <Publication></Publication>
    </meta>
    <body period="#tmpg_1">
      <title eId="title">
        <content>
          <p>חוק הגנת כינויי מקור וציונים גאוגרפיים, תשכ"ה–1965</p>
        </content>
      </title>
      <chapter eId="chp_א">
        <num>פרק א׳:</num>
        <title>
          <content>
            <p>פרשנות</p>
          </content>
        </title>
        <list>
          <point eId="point_1" class="definitions">
            <heading>
              <authorialNote placement="side">
                <p>הגדרות</p>
              </authorialNote>
            </heading>
            <num>1.</num>
            <content>
              <p>
                <def />”כינוי מקור“ – השם הגיאוגרפי של ארץ, אזור או מקום, הכלול בשמו של מוצר ובא ללמד שמקורו שם ושאיכותו או תכונותיו הן, בעיקרן, פרי אותה סביבה גיאוגרפית, טבעה ואנשיה;</p>
            </content>
          </point>
          <point eId="point_ארץ_המקור">
            <content>
              <p>
                <def />”ארץ המקור“ – הארץ אשר שמה, או שם אזור או מקום שבה, משמש לכינוי המקור שהוציא למוצר את המוניטין שלו;</p>
            </content>
          </point>
          <point eId="point_בעל_זכות">
            <content>
              <p>
                <def />”בעל זכות“ – מי שזכאי להשתמש בכינוי המקור הנדון לציון המוצר הנדון;</p>
            </content>
          </point>
          <point eId="point_מוצר">
            <content>
              <p>
                <def />”מוצר“ – בין של חקלאות ובין של תעשיה או מלאכה;</p>
            </content>
          </point>
          <point eId="point_הרשם">
            <content>
              <p>
                <def />”הרשם“ – רשם סימני המסחר;</p>
            </content>
          </point>
          <point eId="point_ציון_גאוגרפי">
            <content>
              <p>
                <def />”ציון גאוגרפי“ – ציון המזהה בישראל מוצר כמוצר שמקורו באזור גאוגרפי מסוים שהוא מדינה חברה, אזור או חבל ארץ בה, אם ניתן לייחס תכונה מסוימת, מאפיין מסוים או מוניטין של המוצר בעיקר לכך שמקורו באותו אזור גאוגרפי;</p>
            </content>
          </point>
          <point eId="point_מדינה_חברה">
            <content>
              <p>
                <def />”מדינה חברה“ – מדינה שהיא חברה בארגון הסחר העולמי;</p>
            </content>
          </point>
          <point eId="point_ארגון_הסחר_העולמי">
            <content>
              <p>
                <def />”ארגון הסחר העולמי“ – ארגון הסחר העולמי שהוקם בהסכם שנחתם במרקש ביום 15 באפריל 1994.</p>
            </content>
          </point>
        </list>
      </chapter>
      <chapter eId="chp_ב">
        <num>פרק ב׳:</num>
        <title>
          <content>
            <p>רישום כינויי מקור ישראליים</p>
          </content>
        </title>
        <list>
          <point eId="point_2">
            <heading>
              <authorialNote placement="side">
                <p>פנקס כינויי מקור</p>
              </authorialNote>
            </heading>
            <num>2.</num>
            <list>
              <point eId="point_2__point_א">
                <num>(א)</num>
                <content>
                  <p>ברשות הפטנטים שבמשרד המשפטים (בחוק זה – הרשות) ינוהל פנקס כינויי מקור (להלן – הפנקס) ויירשמו בו כינויי המקור שנתקבלו לרישום לפי חוק זה ופרטים נוספים שנקבעו או שהרשם יראה לרשמם.</p>
                </content>
              </point>
              <point eId="point_2__point_ב">
                <num>(ב)</num>
                <content>
                  <p>הפנקס ייערך ויתנהל בפיקוחו של הרשם.</p>
                </content>
              </point>
            </list>
          </point>
          <point eId="point_3">
            <heading>
              <authorialNote placement="side">
                <p>רישום כינויי מקור בישראל</p>
              </authorialNote>
            </heading>
            <num>3.</num>
            <content>
              <p>כל המעונין בהגנה לפי חוק זה על כינוי מקור שארץ מקורו הוא ישראל, רשאי לבקש מאת הרשם שירשום בפנקס את הכינוי, את המוצר שהוא בא לציין ואת בעל הזכות.</p>
            </content>
          </point>
          <point eId="point_4">
            <heading>
              <authorialNote placement="side">
                <p>תוכן הבקשה</p>
              </authorialNote>
            </heading>
            <num>4.</num>
            <content>
              <p>בבקשה לפי <ref href="#point_3">סעיף 3</ref> יפורשו: המוצר, הפרטים המיוחדים שמהם ניתן ללמוד כי כינויו של המוצר הוא כינוי מקור ולא ציון מוצא או סוג בלבד, מי הוא בעל הזכות לאותו כינוי ופרטים נוספים שנקבעו.</p>
            </content>
          </point>
          <point eId="point_5">
            <heading>
              <authorialNote placement="side">
                <p>בחינת בקשה</p>
              </authorialNote>
            </heading>
            <num>5.</num>
            <content>
              <p>הרשם או מי שמינה לכך יבדוק כל בקשה כדי לברר אם היא ממלאת אחר הוראות <ref href="#point_4">סעיף 4</ref> ואם הכינוי שנתבקש לרשמו הוא כינוי מקור.</p>
            </content>
          </point>
          <point eId="point_6">
            <heading>
              <authorialNote placement="side">
                <p>סמכויות אגב בחינה</p>
              </authorialNote>
            </heading>
            <num>6.</num>
            <content>
              <p>לענין בחינה לפי <ref href="#point_5">סעיף 5</ref> יהיה הרשם רשאי לדרוש מהמבקש, או מכל אדם אחר הטוען שהוא בעל זכות, כל חומר וידיעה הנוגעים לבחינה ודרושים לדעתו למטרה זו, ורשאי הוא להתייעץ עם מי שייראה לו ולקבל ממנו כל חומר וידיעה הנראים לו דרושים לבחינה.</p>
            </content>
          </point>
          <point eId="point_7">
            <heading>
              <authorialNote placement="side">
                <p>קבלת הבקשה</p>
              </authorialNote>
            </heading>
            <num>7.</num>
            <content>
              <p>נוכח הרשם כי הכינוי שנתבקש לרשמו הוא לכאורה כינוי מקור וכי נתמלאו יתר התנאים הקבועים <ref href="#point_4">בסעיף 4</ref> יקבל את הבקשה.</p>
            </content>
          </point>
          <point eId="point_7א">
            <heading>
              <authorialNote placement="side">
                <p>רישום כינויי מקור שווי צורה המזהים יין</p>
              </authorialNote>
            </heading>
            <num>7א.</num>
            <list>
              <point eId="point_7א__point_א">
                <num>(א)</num>
                <content>
                  <p>לענין כינויי מקור שווי צורה ליין המציינים אזורים גאוגרפיים שונים, רשאי הרשם לקבל כל אחת מהבקשות לרישום כינויי המקור האמורים בתנאי שיקבע הבחנה ביניהם; בבואו לקבוע הבחנה לפי סעיף זה, על הרשם להביא בחשבון את הצורך להבטיח מתן טיפול שוויוני ליצרנים הנוגעים בדבר ואת הצורך למנוע הטעיית צרכנים.</p>
                </content>
              </point>
              <point eId="point_7א__point_ב">
                <num>(ב)</num>
                <content>
                  <p>בסעיף זה, ”שווי צורה“ – זהים בכתיבה או בהיגוי אך שונים במובן.</p>
                </content>
              </point>
            </list>
          </point>
          <point eId="point_8">
            <heading>
              <authorialNote placement="side">
                <p>פרסום קבלת הבקשה</p>
              </authorialNote>
            </heading>
            <num>8.</num>
            <list>
              <point eId="point_8__point_א">
                <num>(א)</num>
                <content>
                  <p>נתקבלה הבקשה, יפרסם הרשם באתר האינטרנט של הרשות, את דבר הקבלה.</p>
                </content>
              </point>
              <point eId="point_8__point_ב">
                <num>(ב)</num>
                <content>
                  <p>הפרסום יכלול את כינוי המקור, את המוצר שהכינוי בא לציינו ואת בעל הזכות כפי שפורש בבקשה.</p>
                </content>
              </point>
            </list>
          </point>
          <point eId="point_9">
            <heading>
              <authorialNote placement="side">
                <p>התנגדות</p>
              </authorialNote>
            </heading>
            <num>9.</num>
            <content>
              <p>תוך שלושה חדשים מיום פרסום קבלת הבקשה לפי <ref href="#point_8">סעיף 8</ref>, רשאי כל אדם להודיע לרשם בכתב על התנגדותו לרישום כינוי המקור המבוקש.</p>
            </content>
          </point>
          <point eId="point_10">
            <heading>
              <authorialNote placement="side">
                <p>עילות ההתנגדות</p>
              </authorialNote>
            </heading>
            <num>10.</num>
            <list>
              <intro>
                <p>ואלה עילות ההתנגדות לרישום כינויי מקור:</p>
              </intro>
              <point eId="point_10__point_1">
                <num>(1)</num>
                <content>
                  <p>הכינוי שרישומו נתבקש אינו כינוי מקור אלא ציון מוצא או סוג בלבד;</p>
                </content>
              </point>
              <point eId="point_10__point_2">
                <num>(2)</num>
                <content>
                  <p>הטוען שהוא בעל זכות בכינוי אינו זכאי להשתמש בו.</p>
                </content>
              </point>
            </list>
          </point>
          <point eId="point_11">
            <heading>
              <authorialNote placement="side">
                <p>סמכות הרשם בהתנגדות</p>
              </authorialNote>
            </heading>
            <num>11.</num>
            <content>
              <p>הרשם רשאי לקבל את ההתנגדות, כולה או מקצתה, לדחותה או לקבלה בתנאים.</p>
            </content>
          </point>
          <point eId="point_12">
            <heading>
              <authorialNote placement="side">
                <p>רישום ומתן תעודה</p>
              </authorialNote>
            </heading>
            <num>12.</num>
            <content>
              <p>לא הוגשה התנגדות במועד הקבוע להגשתה, או שהוגשה במועד ובוטלה או נדחתה בהחלטה או בפסק דין סופי, יירשם כינוי המקור בפנקס ולמבקש תינתן תעודה על כך.</p>
            </content>
          </point>
          <point eId="point_13">
            <heading>
              <authorialNote placement="side">
                <p>תקופת תוקף הרישום והארכתו</p>
              </authorialNote>
            </heading>
            <num>13.</num>
            <list>
              <point eId="point_13__point_א">
                <num>(א)</num>
                <content>
                  <p>רישום לפי <ref href="#chp_ב">פרק זה</ref> תקפו עשר שנים מיום הגשת הבקשה, ואולם ניתן להאריכו לתקופות נוספות של עשר שנים כל אחת, על פי בקשת בעל זכות שתוגש לרשם במועד ובדרך שנקבעו.</p>
                </content>
              </point>
              <point eId="point_13__point_ב">
                <num>(ב)</num>
                <content>
                  <p>לפני שיאריך הרשם את תקפו של הרישום, יבחן אם הכינוי עודו משמש ככינוי מקור, וכן יפרסם באתר האינטרנט של הרשות את דבר הבקשה להארכה.</p>
                </content>
              </point>
            </list>
          </point>
          <point eId="point_14">
            <heading>
              <authorialNote placement="side">
                <p>מחיקת רישום</p>
              </authorialNote>
            </heading>
            <num>14.</num>
            <list>
              <point eId="point_14__point_א">
                <num>(א)</num>
                <content>
                  <p>רישום לפי <ref href="#chp_ב">פרק זה</ref> ניתן למחיקה על פי בקשת אדם מעוניין או מיזמת הרשם, אם הכינוי הפך להיות שם סוג או ציון מוצא בלבד או אם התנאים ששימשו יסוד לרישום חדלו להתקיים.</p>
                </content>
              </point>
              <point eId="point_14__point_ב">
                <num>(ב)</num>
                <content>
                  <p>דין בקשה למחיקת רישום כדין התנגדות ויחולו עליה הוראות <ref href="#chp_ב">פרק זה</ref> בדבר הדיון בהתנגדות.</p>
                </content>
              </point>
            </list>
          </point>
        </list>
      </chapter>
      <chapter eId="chp_ג">
        <num>פרק ג׳:</num>
        <title>
          <content>
            <p>רישום כינויי מקור על פי הסדר ליסבון</p>
          </content>
        </title>
        <list>
          <point eId="point_14א" class="definitions">
            <heading>
              <authorialNote placement="side">
                <p>הגדרות – פרק ג׳</p>
              </authorialNote>
            </heading>
            <num>14א.</num>
            <list>
              <intro>
                <p>
                  <ref href="#chp_ג">בפרק זה</ref> –</p>
              </intro>
              <point eId="point_14א__point_הסדר_ליסבון">
                <content>
                  <p>
                    <def />”הסדר ליסבון“ – הסכם ליסבון בדבר הגנת כינויי מקור ורישומם הבין־לאומי, שנחתם ביום 31 באוקטובר 1958 כפי שתוקן ביום 14 ביולי 1967 וביום 28 בספטמבר 1979, המפורסם באתר האינטרנט של הארגון העולמי לקניין רוחני (WIPO – World Intellectual Property Organization) לרבות התקנות להסכם בנוסחן העדכני כפי שהן מפורסמות באתר האמור;</p>
                </content>
              </point>
              <point eId="point_14א__point_המשרד_הבין־לאומי">
                <content>
                  <p>
                    <def />”המשרד הבין־לאומי“ – המשרד הבין־לאומי שהוקם על פי הסדר ליסבון.</p>
                </content>
              </point>
            </list>
          </point>
          <point eId="point_15">
            <heading>
              <authorialNote placement="side">
                <p>הרשם הוא המינהל הישראלי לפי הסדר ליסבון</p>
              </authorialNote>
            </heading>
            <num>15.</num>
            <content>
              <p>הרשם הוא המינהל, לפי הסדר ליסבון ולעניין הקשר עם המשרד הבין־לאומי.</p>
            </content>
          </point>
          <point eId="point_16">
            <heading>
              <authorialNote placement="side">
                <p>רישום כינוי מקור ישראלי בפנקס הבין־לאומי</p>
              </authorialNote>
            </heading>
            <num>16.</num>
            <list>
              <point eId="point_16__point_א">
                <num>(א)</num>
                <content>
                  <p>לפי בקשת בעל זכות רשום בישראל, יגיש הרשם למשרד הבין־לאומי בקשה לרשום בפנקס הבין־לאומי כינוי מקור ישראלי ואת בעל הזכות בו.</p>
                </content>
              </point>
              <point eId="point_16__point_ב">
                <num>(ב)</num>
                <content>
                  <p>בעל זכות המגיש בקשה כאמור בסעיף קטן (א) ישלם למשרד הבין־לאומי את הסכום הדרוש לרישום כפי שקבע המשרד הבין־לאומי, בהתאם להוראות הסדר ליסבון, ויצרף לבקשתו אישור על תשלום כאמור; הסכום המעודכן כאמור יתפרסם באתר האינטרנט של הרשות.</p>
                </content>
              </point>
            </list>
          </point>
          <point eId="point_17">
            <heading>
              <authorialNote placement="side">
                <p>הודעה על כינוי חוץ שבפנקס הבין לאומי</p>
              </authorialNote>
            </heading>
            <num>17.</num>
            <content>
              <p>קיבל הרשם מהמשרד הבין־לאומי, הודעה שכינוי מקור פלוני של ארץ־חוץ נרשם בפנקס הבין־לאומי, יבדוק הרשם את הכינוי כאילו היתה בפניו בקשה לרישום כינוי מקור ישראלי שהוגשה לפי <ref href="#point_3">סעיף 3</ref>, ויחולו לעניין הבקשה הוראות <ref href="#chp_ב">פרק ב׳</ref>, למעט <ref href="#point_13">סעיפים 13</ref><ref href="#point_14">ו־14</ref>, בשינויים המחויבים.</p>
            </content>
          </point>
          <point eId="point_18">
            <heading>
              <authorialNote placement="side">
                <p>רישום כינוי־חוץ</p>
              </authorialNote>
            </heading>
            <num>18.</num>
            <list>
              <point eId="point_18__point_א">
                <num>(א)</num>
                <content>
                  <p>נוכח הרשם שכינוי המקור של ארץ־החוץ ראוי להגנה בישראל, ירשום אותו בפנקס ויודיע על כך למשרד הבין־לאומי.</p>
                </content>
              </point>
              <point eId="point_18__point_ב">
                <num>(ב)</num>
                <content>
                  <p>הרשם רשאי להפעיל סמכותו לפי סעיף קטן (א), אף אם קודם שלח הודעה לפי <ref href="#point_19">סעיף 19(ב)</ref>.</p>
                </content>
              </point>
            </list>
          </point>
          <point eId="point_19">
            <heading>
              <authorialNote placement="side">
                <p>סירוב להגנה</p>
              </authorialNote>
            </heading>
            <num>19.</num>
            <list>
              <point eId="point_19__point_א">
                <num>(א)</num>
                <content>
                  <p>נוכח הרשם שאין כינוי המקור שנרשם בפנקס הבין־לאומי ראוי להגנה בישראל לפי חוק זה, ישלח למשרד הבין־לאומי, תוך שנה אחת מיום קבלת ההודעה, הודעה מנומקת על אי־יכלתו להבטיח את ההגנה לכינוי המקור בישראל.</p>
                </content>
              </point>
              <point eId="point_19__point_ב">
                <num>(ב)</num>
                <content>
                  <p>הרשם ישלח את הודעתו כאמור אף אם תלויים לפניו הליכי התנגדות לפי <ref href="#point_9">סעיף 9</ref> בקשר לרישום כינוי המקור נשוא הודעת המשרד הבין־לאומי או שעדיין תלויים הליכי ערעור לפי <ref href="#point_30">סעיף 30</ref> או ערעור על החלטת בית המשפט בערעור כאמור, ורשאי הוא לראות בקיום אותם הליכים עילה לאי־יכלתו להבטיח הגנה לכינוי המקור בישראל.</p>
                </content>
              </point>
            </list>
          </point>
          <point eId="point_20">
            <heading>
              <authorialNote placement="side">
                <p>תוקף רישום כינוי־חוץ</p>
              </authorialNote>
            </heading>
            <num>20.</num>
            <content>
              <p>תקפו של רישום כינוי מקור שנעשה על פי הודעה שנתקבלה לפי <ref href="#point_17">סעיף 17</ref> הוא כתקפו בארץ המקור.</p>
            </content>
          </point>
          <point eId="point_21">
            <heading>
              <authorialNote placement="side">
                <p>מחיקת כינוי מקור של ארץ־חוץ</p>
              </authorialNote>
            </heading>
            <num>21.</num>
            <list>
              <point eId="point_21__point_א">
                <num>(א)</num>
                <content>
                  <p>כל אדם מעונין רשאי לבקש מהרשם, בתנאים שייקבעו, את מחיקתו של כינוי מקור שנרשם לפי <ref href="#chp_ג">פרק זה</ref> משום שאינו מוגן בארץ המקור, או שחדל להיות מוגן בה, ורשאי הרשם לעשות זאת מיזמתו.</p>
                </content>
              </point>
              <point eId="point_21__point_ב">
                <num>(ב)</num>
                <content>
                  <p>דין בקשה למחיקה לפי סעיף זה כדין התנגדות והוראות <ref href="#chp_ב">פרק ב׳</ref> בדבר הדיון בהתנגדות יחולו עליה.</p>
                </content>
              </point>
            </list>
          </point>
        </list>
      </chapter>
      <chapter eId="chp_ג1">
        <num>פרק ג׳1:</num>
        <title>
          <content>
            <p>ציון גאוגרפי</p>
          </content>
        </title>
        <list>
          <point eId="point_21א">
            <heading>
              <authorialNote placement="side">
                <p>שימוש שלא כדין בציון גאוגרפי</p>
              </authorialNote>
            </heading>
            <num>21א.</num>
            <content>
              <p>שימוש בציון גאוגרפי ביחס למוצר שמקורו אינו באזור הגאוגרפי המצוין הוא שימוש שלא כדין בציון גאוגרפי, אם יש בציון הגאוגרפי כדי להטעות ביחס לאזור הגאוגרפי האמיתי של מקור המוצר, ויראוהו כהפרת זכות כינוי מקור לפי <ref href="#point_22">סעיפים 22</ref>, <ref href="#point_23">23</ref><ref href="#point_23א">ו־23א</ref>.</p>
            </content>
          </point>
          <point eId="point_21ב">
            <heading>
              <authorialNote placement="side">
                <p>שימוש שלא כדין בציון גאוגרפי המזהה יין או משקה אלכוהולי</p>
              </authorialNote>
            </heading>
            <num>21ב.</num>
            <list>
              <point eId="point_21ב__point_א">
                <num>(א)</num>
                <content>
                  <p>שימוש בציון גאוגרפי המזהה יין או משקה אלכוהולי, כאשר מקורו של אותו יין או משקה אלכוהולי אינו באזור הגאוגרפי המצוין, הוא שימוש שלא כדין בציון גאוגרפי, ויראוהו כהפרת זכות כינוי מקור לפי <ref href="#point_22">סעיפים 22</ref>, <ref href="#point_23">23</ref><ref href="#point_23א">ו־23א</ref>, וזאת גם אם הציון הגאוגרפי מלווה בביטויים כגון: ”מין“, ”טיפוס“, ”סוג“, ”חיקוי“, או ביטויים דומים או תרגומם בשפה לועזית.</p>
                </content>
              </point>
              <point eId="point_21ב__point_ב">
                <num>(ב)</num>
                <list>
                  <intro>
                    <p>על אף הוראות סעיף קטן (א), מי שהשתמש ברציפות בציון גאוגרפי של מדינה חברה המזהה יין או משקה אלכוהולי, רשאי להמשיך ולהשתמש באותו ציון גאוגרפי לגבי אותו יין או משקה אלכוהולי או לגבי מוצר קשור, אם התקיים אחד מאלה:</p>
                  </intro>
                  <point eId="point_21ב__point_ב__point_1">
                    <num>(1)</num>
                    <content>
                      <p>השימוש נעשה במשך תקופה של לפחות 10 שנים לפני ד׳ באייר התשנ"ד (15 באפריל 1994);</p>
                    </content>
                  </point>
                  <point eId="point_21ב__point_ב__point_2">
                    <num>(2)</num>
                    <content>
                      <p>השימוש נעשה בתום לב והחל לפני ד׳ באייר התשנ"ד (15 באפריל 1994).</p>
                    </content>
                  </point>
                </list>
              </point>
            </list>
          </point>
          <point eId="point_21ג">
            <heading>
              <authorialNote placement="side">
                <p>שימושים כדין בציון גאוגרפי</p>
              </authorialNote>
            </heading>
            <num>21ג.</num>
            <list>
              <intro>
                <p>על אף הוראות <ref href="#point_21א">סעיפים 21א</ref><ref href="#point_21ב">ו־21ב</ref>, השימושים האלה הם שימושים כדין בציון גאוגרפי:</p>
              </intro>
              <point eId="point_21ג__point_1">
                <num>(1)</num>
                <content>
                  <p>שימוש, ביחס למוצר, בציון גאוגרפי הזהה למונח לשוני, המקובל בישראל כשמו של אותו מוצר;</p>
                </content>
              </point>
              <point eId="point_21ג__point_2">
                <num>(2)</num>
                <content>
                  <p>שימוש ביחס למוצר בציון גאוגרפי שהוא אינו מוגן או שחדל להיות מוגן באזור הגאוגרפי המצוין בו, או שפסק השימוש בו באותו אזור גאוגרפי;</p>
                </content>
              </point>
              <point eId="point_21ג__point_3">
                <num>(3)</num>
                <content>
                  <p>שימוש, ביחס למוצר ענבים, בציון גאוגרפי הזהה למונח המקובל של זן הענבים, אם המונח של זן הענבים היה מקובל לפני ד׳ באייר התשנ"ד (15 באפריל 1994);</p>
                </content>
              </point>
              <point eId="point_21ג__point_4">
                <num>(4)</num>
                <list>
                  <point eId="point_21ג__point_4__point_א">
                    <num>(א)</num>
                    <content>
                      <p>שימוש, ביחס ליין, בציונים גאוגרפיים שווי צורה, המציינים אזורים גאוגרפיים שונים, שיש ביניהם הבחנה;</p>
                    </content>
                  </point>
                  <point eId="point_21ג__point_4__point_ב">
                    <num>(ב)</num>
                    <content>
                      <p>בתובענה לענין פסקה זו ידון בית המשפט המחוזי; בבואו לקבוע אם יש הבחנה לפי פסקה זו יביא בית המשפט בחשבון, בין השאר, האם הובטח מתן טיפול שוויוני ליצרנים הנוגעים בדבר והאם הובטח שהצרכנים לא יוטעו;</p>
                    </content>
                  </point>
                  <point eId="point_21ג__point_4__point_ג">
                    <num>(ג)</num>
                    <content>
                      <p>לענין פסקה זו, ”שווי צורה“ – זהים בכתיבה או בהיגוי אך שונים במובן.</p>
                    </content>
                  </point>
                </list>
              </point>
            </list>
          </point>
          <point eId="point_22">
            <heading>
              <authorialNote placement="side">
                <p>הפרת זכות כינוי מקור</p>
              </authorialNote>
            </heading>
            <num>22.</num>
            <content>
              <p>שימוש שלא כדין בכינוי מקור רשום הוא הפרת זכות כינוי מקור, אפילו צויין המקור האמיתי של הסחורה על יד כינוי המקור, ואף אם הכינוי מופיע בצורה מתורגמת או מלווה בביטויים כגון ”מין“, ”טיפוס“, ”סוג“, ”חיקוי“ או ביטויים דומים.</p>
            </content>
          </point>
          <point eId="point_22א">
            <heading>
              <authorialNote placement="side">
                <p>שימוש בשם בתום לב</p>
              </authorialNote>
            </heading>
            <num>22א.</num>
            <content>
              <p>רישום כינוי מקור או שימוש בציון גאוגרפי כדין, לפי חוק זה, לא ימנע מאדם להשתמש בשמו או בשם קודמיו בעסק, ובלבד ששימוש זה נעשה בתום לב ובאופן שאינו עלול להטעות את הציבור.</p>
            </content>
          </point>
          <point eId="point_23">
            <heading>
              <authorialNote placement="side">
                <p>סעד על הפרת זכות</p>
              </authorialNote>
            </heading>
            <num>23.</num>
            <content>
              <p>נוכח בית משפט כי הופרה זכות בכינוי מקור רשום, יצווה על המפר להימנע מהפרת הזכות, ורשאי בית המשפט להתנות את מתן הצו בתנאים ולעכב את ביצועו עד ששה חדשים בתנאים שיראה.</p>
            </content>
          </point>
          <point eId="point_23א">
            <heading>
              <authorialNote placement="side">
                <p>סעדים לעניין נכסים שהופקו תוך הפרת זכות בכינוי מקור רשום</p>
              </authorialNote>
            </heading>
            <num>23א.</num>
            <list>
              <point eId="point_23א__point_א">
                <num>(א)</num>
                <list>
                  <intro>
                    <p>בסיום הדיון בתובענה בשל הפרת זכות בכינוי מקור רשום, רשאי בית המשפט, לאחר ששקל בין היתר את חומרת ההפרה ואת עניינו של אדם אחר הנוגע בדבר שאינו צד לתובענה, להורות על –</p>
                  </intro>
                  <point eId="point_23א__point_א__point_1">
                    <num>(1)</num>
                    <content>
                      <p>עשיית פעולה לגבי הנכסים שהופקו תוך הפרת הזכות (בסעיף זה – נכסים מפרים) שמטרתה למנוע נזק מבעל הזכות, ובכלל זה העברת הבעלות באותם נכסים לידי התובע אם ביקש זאת, או השמדתם; ואולם הורה בית המשפט על העברת הבעלות כאמור, רשאי הוא, אם מצא כי התובע עשוי לעשות שימוש בנכסים המפרים, לחייבו בתשלום כפי שיקבע;</p>
                    </content>
                  </point>
                  <point eId="point_23א__point_א__point_2">
                    <num>(2)</num>
                    <content>
                      <p>עשיית פעולה בנכסים ששימושם העיקרי והמרכזי היה לייצורם של נכסים מפרים שמטרתה למנוע את המשך ההפרה שבה דן בית המשפט או הפרה אחרת של זכות.</p>
                    </content>
                  </point>
                </list>
              </point>
              <point eId="point_23א__point_ב">
                <num>(ב)</num>
                <content>
                  <p>הוראות סעיף קטן (א) יחולו גם לגבי נכס המצוי בידי אדם שלא הפר בעצמו את הזכות כאמור, והכול בכפוף להוראות <ref href="/akn/il/act/PrimaryLegislation/1968-06-28/147583#point_34">סעיף 34 לחוק המכר, התשכ"ח–1968</ref>.</p>
                </content>
              </point>
            </list>
          </point>
          <point eId="point_24">
            <heading>
              <authorialNote placement="side">
                <p>עבירות</p>
              </authorialNote>
            </heading>
            <num>24.</num>
            <content>
              <p>כל אדם המשתמש שלא כדין בכינוי מקור דינו כדין מי שמשתמש בתיאור מסחרי כוזב כמשמעותו <ref href="/akn/il/act/PrimaryLegislation/1933-12-31/2001935">בפקודת סימני סחורות</ref> והוראות <ref href="/akn/il/act/PrimaryLegislation/1933-12-31/2001935">הפקודה</ref> יחולו.</p>
            </content>
          </point>
          <point eId="point_25">
            <heading>
              <authorialNote placement="side">
                <p>שימוש בסמכות על ידי הרשם</p>
              </authorialNote>
            </heading>
            <num>25.</num>
            <content>
              <p>לא ישתמש הרשם בסמכות שניתנה לו לפי חוק זה, אלא לאחר שנתן הזדמנות לכל אדם העלול, לדעתו, להיפגע מהחלטתו להשמיע טענותיו לפניו.</p>
            </content>
          </point>
          <point eId="point_26">
            <heading>
              <authorialNote placement="side">
                <p>הודעה על הליך לפני הרשם</p>
              </authorialNote>
            </heading>
            <num>26.</num>
            <content>
              <p>על כל הליך לפי חוק זה לפני הרשם תפורסם הודעה באתר האינטרנט של הרשות לפחות שלושים יום לפני המועד שנקבע להליך, ובה יוזמן כל בעל זכות להתייצב בהליך ולהודיע לרשם על התייצבותו חמישה ימים לפני קיום ההליך; לא מסר האדם הודעה על כך כאמור – לא יורשה להתייצב.</p>
            </content>
          </point>
          <point eId="point_26א">
            <heading>
              <authorialNote placement="side">
                <p>הטלת תפקידים שיפוטיים וקבלת סמכויות</p>
              </authorialNote>
            </heading>
            <num>26א.</num>
            <list>
              <point eId="point_26א__point_א">
                <num>(א)</num>
                <content>
                  <p>השר רשאי להטיל על עובד המדינה שהוא עורך דין הכשיר להיות שופט מחוזי (להלן – פוסק בקנין רוחני), למלא כל תפקיד שיפוטי שעל הרשם למלא, או שהרשם מוסמך או רשאי לעשותו לפי הוראות חוק זה, ואם יוטל התפקיד על סגן רשם הפטנטים יראו אותו, לצורך מילוי תפקידו זה, פוסק בקנין רוחני.</p>
                </content>
              </point>
              <point eId="point_26א__point_ב">
                <num>(ב)</num>
                <content>
                  <p>פוסק בקנין רוחני שהוטל עליו תפקיד כאמור בסעיף קטן (א) ימלא את התפקיד לפי הוראות חוק זה ומוקנות לו, לשם מילוי תפקידו, הסמכויות הנתונות לרשם בחוק זה.</p>
                </content>
              </point>
              <point eId="point_26א__point_ג">
                <num>(ג)</num>
                <content>
                  <p>כל פעולה שנעשתה כדין בידי פוסק בקנין רוחני, שהוטל עליו תפקיד כאמור בסעיף קטן (א), דינה – לענין חוק זה, כדין פעולה שנעשתה בידי הרשם.</p>
                </content>
              </point>
            </list>
          </point>
          <point eId="point_27">
            <heading>
              <authorialNote placement="side">
                <p>החלטות הרשם בכתב</p>
              </authorialNote>
            </heading>
            <num>27.</num>
            <content>
              <p>כל החלטה של הרשם תהיה בכתב ותימסר לכל מי שהיה בעל דין בהליכים לפניו.</p>
            </content>
          </point>
          <point eId="point_28">
            <heading>
              <authorialNote placement="side">
                <p>דיון בהליכים על ריב</p>
              </authorialNote>
            </heading>
            <num>28.</num>
            <list>
              <point eId="point_28__point_א">
                <num>(א)</num>
                <content>
                  <p>בכל הליך על ריב המובא לפני הרשם לפי חוק זה – יתן הרשם לבעלי הדין הזדמנות להגיש ראיותיהם ולהשמיע טענותיהם לפניו בדרך, בצורה, במועדים ובאופן שנקבעו בתקנות.</p>
                </content>
              </point>
              <point eId="point_28__point_ב">
                <num>(ב)</num>
                <content>
                  <p>הרשם רשאי לצוות על תשלום ההוצאות שימצאן סבירות ולהורות מי מבעלי הדין ישלם את ההוצאות וכיצד ישולמו.</p>
                </content>
              </point>
              <point eId="point_28__point_ג">
                <num>(ג)</num>
                <content>
                  <p>צו לפי סעיף קטן (ב) ניתן להוצאה לפועל כאילו היה צו בית המשפט.</p>
                </content>
              </point>
            </list>
          </point>
          <point eId="point_29">
            <heading>
              <authorialNote placement="side">
                <p>ראיות</p>
              </authorialNote>
            </heading>
            <num>29.</num>
            <list>
              <point eId="point_29__point_א">
                <num>(א)</num>
                <content>
                  <p>עדות בכל הליך לפני הרשם לפי חוק זה תינתן בתצהיר, והרשם יורה לכל אדם שמסר תצהיר להיחקר חקירה שכנגד, אם נתבקש לעשות כך והרשם לא ראה טעם סביר שלא להיענות לבקשה.</p>
                </content>
              </point>
              <point eId="point_29__point_ב">
                <num>(ב)</num>
                <content>
                  <p>לשם גביית עדות בעל־פה בחקירה שכנגד יהיו לרשם כל הסמכויות של בית משפט לענין השבעתם של עדים או קבלת הצהרה מהם, לענין כפיית עדים להתייצב ובקשר לענינים הקשורים בהזמנת העדים ובמסירת העדות.</p>
                </content>
              </point>
            </list>
          </point>
          <point eId="point_30">
            <heading>
              <authorialNote placement="side">
                <p>זכות ערעור</p>
              </authorialNote>
            </heading>
            <num>30.</num>
            <list>
              <point eId="point_30__point_א">
                <num>(א)</num>
                <content>
                  <p>מי שרואה את עצמו נפגע מהחלטה של הרשם שסיימה את הדיון בהליך שנערך לפניו לפי חוק זה רשאי לערער עליה לפני בית המשפט בתוך 45 ימים ממועד מתן ההחלטה.</p>
                </content>
              </point>
              <point eId="point_30__point_ב">
                <num>(ב)</num>
                <content>
                  <p>מי שרואה את עצמו נפגע מהחלטה אחרת של הרשם רשאי לערער עליה לפני בית המשפט, לאחר שניתנה לו רשות לכך מבית המשפט שלערעור; ההוראות לפי <ref href="/akn/il/act/PrimaryLegislation/1984-08-13/2002218#point_41">סעיף 41(ב) סיפה, (ג)(1) ו־(ד) לחוק בתי המשפט [נוסח משולב], התשמ"ד–1984</ref>, יחולו, בשינויים המחויבים, לעניין מתן רשות ערעור על החלטה אחרת כאמור; לעניין זה, ”החלטה אחרת“, של הרשם – כל החלטה של הרשם שאין בה כדי לסיים את הדיון בהליך שנערך לפניו.</p>
                </content>
              </point>
            </list>
          </point>
          <point eId="point_31">
            <heading>
              <authorialNote placement="side">
                <p>בית המשפט המוסמך</p>
              </authorialNote>
            </heading>
            <num>31.</num>
            <content>
              <p>בית המשפט המחוזי המוסמך לעניין ערעור על החלטת הרשם לפי חוק זה הוא בית המשפט המחוזי בירושלים או בית המשפט המחוזי בתל אביב, לפי בחירת המערער; ואולם שר המשפטים רשאי, בצו, לקבוע כי סמכות בית משפט מחוזי לפי חוק זה תהיה גם בידי בתי משפט מחוזיים אחרים שקבע.</p>
            </content>
          </point>
          <point eId="point_31א">
            <heading>
              <authorialNote placement="side">
                <p>פרסום מידע באתר האינטרנט של הרשות</p>
              </authorialNote>
            </heading>
            <num>31א.</num>
            <content>
              <p>מידע המתפרסם באתר האינטרנט של הרשות לפי חוק זה יהיה נגיש לכלל הציבור בלא תשלום; הפרסום באתר האינטרנט ייעשה באופן שיבטיח את אמינות המידע המתפרסם בו, את זמינותו, את יכולת האחזור שלו הפקת פלט ממנו; לשם אבטחת המידע כאמור והעמדתו לעיון הציבור תפעל הרשות בהתאם להוראות לפי <ref href="/akn/il/act/PrimaryLegislation/1972-06-01/2002293#point_71">סעיף 71 לפקודת סימני מסחר [נוסח חדש], התשל"ב–1972</ref>.</p>
            </content>
          </point>
          <point eId="point_32">
            <heading>
              <authorialNote placement="side">
                <p>מסמכים</p>
              </authorialNote>
            </heading>
            <num>32.</num>
            <content>
              <p>הפנקס ומסמכים שהגיש המבקש לראיה כי כינוי שנרשם הוא כינוי מקור או לראיה על זכויותיו של בעל זכות, יהיו פתוחים לעיון הקהל.</p>
            </content>
          </point>
        </list>
      </chapter>
      <chapter eId="chp_ה">
        <num>פרק ה׳:</num>
        <title>
          <content>
            <p>הגנה הדדית על כינויי מקור</p>
          </content>
        </title>
        <list>
          <point eId="point_33">
            <heading>
              <authorialNote placement="side">
                <p>מתן הגנה לכינויי מקור על־פי הסכם</p>
              </authorialNote>
            </heading>
            <num>33.</num>
            <content>
              <p>הודיע שר המשפטים, בהודעה ברשומות, על קיום הסכם בין ישראל לבין מדינה פלונית בדבר מתן הגנה לכינויי מקור המוגנים שלהן, יראו כל בקשת הגנה שנתקבלה מאת המינהל המתאים שבאותה מדינה כהודעה שנתקבלה לפי <ref href="#point_17">סעיף 17</ref>, והוראות <ref href="#chp_ג">פרק ג׳</ref> יחולו לגבי בחינתה, רישומה ותקפה.</p>
            </content>
          </point>
        </list>
      </chapter>
      <chapter eId="chp_ה1">
        <num>פרק ה׳1:</num>
        <title>
          <content>
            <p>זכויות ביחס לסימן מסחר</p>
          </content>
        </title>
        <list>
          <point eId="point_33א">
            <heading>
              <authorialNote placement="side">
                <p>זכות להמשך שימושים בסימן מסחר</p>
              </authorialNote>
            </heading>
            <num>33א.</num>
            <content>
              <p>על אף האמור בחוק זה, הוגשה בקשה לרישום סימן מסחר כהגדרתו <ref href="/akn/il/act/PrimaryLegislation/1972-06-01/2002293">בפקודת סימני מסחר [נוסח חדש], תשל"ב–1972</ref> (להלן – סימן המסחר), נרשם סימן מסחר בתום לב, או נרכשו זכויות בסימן מסחר בדרך של שימוש בו בתום לב, לא ייפגעו כשירותו לרישום, תוקף הרישום או זכות השימוש בסימן המסחר, בשל כך בלבד שסימן המסחר זהה או דומה לציון גאוגרפי או לכינוי מקור, ובלבד שהגשת הבקשה לרישום סימן המסחר, הרישום או רכישת הזכויות כאמור נעשו לפני כ"ג בטבת תש"ס (1 בינואר 2000) או לפני היום שבו ניתנה לציון הגאוגרפי או לכינוי המקור, הגנה במדינה חברה שבה נמצא האזור הגאוגרפי המצוין בציון הגאוגרפי או בארץ המקור לפי הענין.</p>
            </content>
          </point>
          <point eId="point_33ב">
            <heading>
              <authorialNote placement="side">
                <p>טענת הגנה בפני הרשם ובית המשפט</p>
              </authorialNote>
            </heading>
            <num>33ב.</num>
            <content>
              <p>בכל הליך בפני הרשם או בית המשפט, שבו מעלה בעל דין טענה שהוא בעל זכות בכינוי מקור רשום או בציון גאוגרפי, רשאי בעל הדין שכנגד לטעון כי כינוי המקור או הציון הגאוגרפי אינו כינוי מקור או אינו ציון גאוגרפי.</p>
            </content>
          </point>
        </list>
      </chapter>
      <chapter eId="chp_ו">
        <num>פרק ו׳:</num>
        <title>
          <content>
            <p>תחולה וביצוע</p>
          </content>
        </title>
        <list>
          <point eId="point_34">
            <heading>
              <authorialNote placement="side">
                <p xml:space="preserve"> </p>
              </authorialNote>
            </heading>
            <num>34.</num>
            <content>
              <p>
                <wikicomment font-size="x-small">(בוטל).</wikicomment>
              </p>
            </content>
          </point>
          <point eId="point_35">
            <heading>
              <authorialNote placement="side">
                <p>ביצוע</p>
              </authorialNote>
            </heading>
            <num>35.</num>
            <content>
              <p>שר המשפטים ממונה על ביצוע חוק זה והוא רשאי להתקין תקנות לביצועו, לרבות תקנות בדבר אגרות שיש לשלמן בכל ענין הנוגע לחוק זה.</p>
            </content>
          </point>
          <point eId="point_36">
            <heading>
              <authorialNote placement="side">
                <p>תחילה</p>
              </authorialNote>
            </heading>
            <num>36.</num>
            <content>
              <p>הוראות <ref href="#chp_ג">פרק ג׳</ref> תחילתן אחרי שהסדר ליסבון בדבר הגנת כינויי מקור ורישומם הבין־לאומי, מיום 31 באוקטובר 1958, ייכנס לתקפו, ביום שיקבע שר המשפטים בהודעה.<br xml:space="preserve" xmlns=""> </br><wikicomment font-size="x-small">שר המשפטים קבע את יום כ"ט בשבט תשכ"ז (9 בפברואר 1967) לתחילתן של הוראות <ref href="#chp_ג">פרק ג׳ לחוק</ref> (י"פ תשכ"ז, 864).</wikicomment></p>
            </content>
          </point>
        </list>
      </chapter>
    </body>
    <conclusions eId="eId">
      <p class="signatures">
        <signature>
          <p>
            <person refersTo="לוי_אשכול">לוי אשכול</person>
            <role refersTo="ראש_הממשלה">ראש הממשלה</role>
          </p>
        </signature>
        <signature>
          <p>
            <person refersTo="דב_יוסף">דב יוסף</person>
            <role refersTo="שר_המשפטים">שר המשפטים</role>
          </p>
        </signature>
        <signature>
          <p>
            <person refersTo="שניאור_זלמן_שזר">שניאור זלמן שזר</person>
            <role refersTo="נשיא_המדינה">נשיא המדינה</role>
          </p>
        </signature>
      </p>
    </conclusions>
  </act>
</akomaNtoso>