﻿<?xml version="1.0" encoding="utf-8"?>
<akomaNtoso xmlns="http://docs.oasis-open.org/legaldocml/ns/akn/3.0">
  <act contains="originalVersion" name="publicLaw">
    <meta>
      <identification source="#kensset">
        <FRBRWork>
          <FRBRthis value="/akn/il/act/PrimaryLegislation/1948-07-07/2002304/main" />
          <FRBRuri value="/akn/il/act/PrimaryLegislation/1948-07-07/2002304" />
          <FRBRdate date="1948-07-07" name="Generation" />
          <FRBRauthor href="#knesset" as="#author" />
          <FRBRcountry value="israel" />
        </FRBRWork>
        <FRBRExpression>
          <FRBRthis value="/akn/il/act/PrimaryLegislation/1948-07-07/2002304/he@/main" />
          <FRBRuri value="/akn/il/act/PrimaryLegislation/1948-07-07/2002304/he@" />
          <FRBRdate date="1948-07-07" name="Generation" />
          <FRBRauthor href="#knesset" as="#author" />
          <FRBRlanguage language="hebrew" />
        </FRBRExpression>
        <FRBRManifestation>
          <FRBRthis value="/akn/il/act/PrimaryLegislation/1948-07-07/2002304/he@/main.xml" />
          <FRBRuri value="/akn/il/act/PrimaryLegislation/1948-07-07/2002304/he@" />
          <FRBRdate date="1948-07-07" name="Generation" />
          <FRBRauthor href="#knesset" as="#author" />
          <FRBRformat value="xml" />
        </FRBRManifestation>
      </identification>
      <classification source="#kensset">
        <keyword value="{classificationValue}" showAs="{classificationValue}" dictionary="#classification_dictionary" />
      </classification>
      <lifecycle source="#kensset">
        <eventRef eId="eventRef_1" date="1948-07-07" source="#kensset" type="generation" />
      </lifecycle>
      <references source="#kensset">
        <TLCOrganization eId="kensset" href="/ontology/organization/akn/knesset" showAs="Kensset" type="generation" />
        <TLCRole eId="author" href="/ontology/role/akn/author" showAs="Author of Document" />
        <TLCProcess eId="inforce" href="/ontology/process/akn/inforce" showAs="In force" />
        <TLCPerson eId="פליכס_רוזנבליט" href="/ontology/person/פליכס_רוזנבליט" showAs="פליכס רוזנבליט" />
        <TLCPerson eId="דוד_בן־גוריון" href="/ontology/person/דוד_בן־גוריון" showAs="דוד בן־גוריון" />
        <TLCRole eId="שר_המשפטים" href="ontology/role/akn/שר_המשפטים" showAs="שר המשפטים" />
        <TLCRole eId="ראש_הממשלה" href="ontology/role/akn/ראש_הממשלה" showAs="ראש הממשלה" />
      </references>
      <temporalData source="#kensset">
        <temporalGroup eId="tmpg_1" />
      </temporalData>
    </meta>
    <body period="#tmpg_1">
      <title eId="title">
        <content>
          <p>פקודת סדרי השלטון והמשפט (הוראות נוספות), תש"ח–1948</p>
        </content>
      </title>
      <subtitle eId="eId">
        <num></num>
        <content>
          <p>מס׳ 13 לשנת תש"ח – 1948</p>
        </content>
      </subtitle>
      <preamble eId="eId">
        <p>מועצת המדינה הזמנית מחוקקת בזה לאמור:
</p>
      </preamble>
      <list>
        <point eId="point_1">
          <heading>
            <authorialNote placement="side">
              <p xml:space="preserve"> </p>
            </authorialNote>
          </heading>
          <num>1.</num>
          <content>
            <p>
              <wikicomment font-size="x-small">(בוטל).</wikicomment>
            </p>
          </content>
        </point>
        <point eId="point_2">
          <heading>
            <authorialNote placement="side">
              <p>פירוש חוקים</p>
            </authorialNote>
          </heading>
          <num>2.</num>
          <list>
            <intro>
              <p>כדי להרחיק ספק נאמר בזה:</p>
            </intro>
            <point eId="point_2__point_א">
              <num>(א)</num>
              <content>
                <p>כשהחוק אשר ניתן על ידי מועצת המדינה או על פיה סותר חוק שהיה קיים בארץ־ישראל ביום ה׳ באייר תש"ח (14 במאי 1948), רואים את החוק הקודם כמבוטל או מתוקן, גם כשאין בחוק החדש ביטול או תיקון מפורש של החוק הקודם.</p>
              </content>
            </point>
            <point eId="point_2__point_ב">
              <num>(ב)</num>
              <content>
                <p>חוק שניתן על ידי מועצת המדינה או על פיה ואשר מתקן חוק שהיה קיים בארץ־ישראל ביום ה׳ באייר תש"ח (14 במאי 1948), או משתייך אליו באיזו צורה שהיא, מפרשים אותו בסמיכות לחוק הקודם, גם כשלמושג אחד נקטו לשון שונה בחוק הקודם ובחוק החדש.</p>
              </content>
            </point>
          </list>
        </point>
        <point eId="point_3">
          <heading>
            <authorialNote placement="side">
              <p>אישור פקודות</p>
            </authorialNote>
          </heading>
          <num>3.</num>
          <content>
            <p>מתאשרות בזה למפרע הפקודות של מועצת המדינה הזמנית שנחתמו על ידי אישור ראש הממשלה לפני הבחרו, ועל ידי שר לפני קביעת תפקידו.</p>
          </content>
        </point>
        <point eId="point_4">
          <heading>
            <authorialNote placement="side">
              <p>אישור פקודת צבא־הגנה לישראל</p>
            </authorialNote>
          </heading>
          <num>4.</num>
          <content>
            <p>מתאשרת בזה למפרע <ref href="/akn/il/act/PrimaryLegislation/1948-05-31/2002102">פקודת צבא־הגנה לישראל, תש"ח–1948</ref>, כאילו היתה פקודה של מועצת המדינה הזמנית.</p>
          </content>
        </point>
        <point eId="point_5">
          <heading>
            <authorialNote placement="side">
              <p>אישור פעולות ראש הממשלה והשרים</p>
            </authorialNote>
          </heading>
          <num>5.</num>
          <content>
            <p>ניתן בזה תוקף למפרע לפעולות ראש הממשלה והשרים, שנעשו לפני הענקת סמכותם על ידי הממשלה הזמנית.</p>
          </content>
        </point>
        <point eId="point_6">
          <heading>
            <authorialNote placement="side">
              <p>פעולות פקידים</p>
            </authorialNote>
          </heading>
          <num>6.</num>
          <content>
            <p>אין לפסול פעולת שופט, שוטר, פקיד ממשלתי או רשות מוסמכת מתוך נימוק שנעשתה על ידו לפני התמנותו כחוק, או לפני קבלו את הסמכות לכך.</p>
          </content>
        </point>
        <point eId="point_7">
          <heading>
            <authorialNote placement="side">
              <p>תוקף הפקודה</p>
            </authorialNote>
          </heading>
          <num>7.</num>
          <content>
            <p>
              <ref href="#point_3">הסעיפים 3</ref>, <ref href="#point_5">5</ref>, <ref href="#point_6">6 של פקודה זו</ref> חלים על פקודות שנחתמו ופעולות שנעשו בין ו׳ באייר תש"ח (15 במאי 1948) ויום הכנס פקודה זו לתקפה.</p>
          </content>
        </point>
        <point eId="point_8">
          <heading>
            <authorialNote placement="side">
              <p>השם</p>
            </authorialNote>
          </heading>
          <num>8.</num>
          <content>
            <p>פקודה זו תיקרא ”פקודת סדרי השלטון והמשפט (הוראות נוספות), תש"ח–1948“.</p>
          </content>
        </point>
      </list>
    </body>
    <conclusions eId="eId">
      <p class="signatures">
        <signature>
          <p>
            <person refersTo="פליכס_רוזנבליט">פליכס רוזנבליט</person>
            <role refersTo="שר_המשפטים">שר המשפטים</role>
          </p>
        </signature>
        <signature>
          <p>
            <person refersTo="דוד_בן־גוריון">דוד בן־גוריון</person>
            <role refersTo="ראש_הממשלה">ראש הממשלה</role>
          </p>
        </signature>
      </p>
    </conclusions>
  </act>
</akomaNtoso>