﻿<?xml version="1.0" encoding="utf-8"?>
<akomaNtoso xmlns="http://docs.oasis-open.org/legaldocml/ns/akn/3.0">
  <act contains="originalVersion" name="publicLaw">
    <meta>
      <identification source="#kensset">
        <FRBRWork>
          <FRBRthis value="/akn/il/act/PrimaryLegislation/1967-07-20/99999070/main" />
          <FRBRuri value="/akn/il/act/PrimaryLegislation/1967-07-20/99999070" />
          <FRBRdate date="1967-07-20" name="Generation" />
          <FRBRauthor href="#knesset" as="#author" />
          <FRBRcountry value="israel" />
        </FRBRWork>
        <FRBRExpression>
          <FRBRthis value="/akn/il/act/PrimaryLegislation/1967-07-20/99999070/he@/main" />
          <FRBRuri value="/akn/il/act/PrimaryLegislation/1967-07-20/99999070/he@" />
          <FRBRdate date="1967-07-20" name="Generation" />
          <FRBRauthor href="#knesset" as="#author" />
          <FRBRlanguage language="hebrew" />
        </FRBRExpression>
        <FRBRManifestation>
          <FRBRthis value="/akn/il/act/PrimaryLegislation/1967-07-20/99999070/he@/main.xml" />
          <FRBRuri value="/akn/il/act/PrimaryLegislation/1967-07-20/99999070/he@" />
          <FRBRdate date="1967-07-20" name="Generation" />
          <FRBRauthor href="#knesset" as="#author" />
          <FRBRformat value="xml" />
        </FRBRManifestation>
      </identification>
      <classification source="#kensset">
        <keyword value="{classificationValue}" showAs="{classificationValue}" dictionary="#classification_dictionary" />
      </classification>
      <lifecycle source="#kensset">
        <eventRef eId="eventRef_1" date="1967-07-20" source="#kensset" type="generation" />
      </lifecycle>
      <references source="#kensset">
        <TLCOrganization eId="kensset" href="/ontology/organization/akn/knesset" showAs="Kensset" type="generation" />
        <TLCRole eId="author" href="/ontology/role/akn/author" showAs="Author of Document" />
        <TLCProcess eId="inforce" href="/ontology/process/akn/inforce" showAs="In force" />
        <TLCTerm eId="term_1" href="/ontology/term/שירות_עבודה/99999070" showAs="שירות_עבודה" />
        <TLCTerm eId="term_2" href="/ontology/term/מפעל/99999070" showAs="מפעל" />
        <TLCTerm eId="term_3" href="/ontology/term/מפעל_חיוני/99999070" showAs="מפעל_חיוני" />
        <TLCTerm eId="term_4" href="/ontology/term/מפעל_למתן_שירותים_קיומיים/99999070" showAs="מפעל_למתן_שירותים_קיומיים" />
        <TLCTerm eId="term_5" href="/ontology/term/מצב_מיוחד_בעורף/99999070" showAs="מצב_מיוחד_בעורף" />
        <TLCTerm eId="term_6" href="/ontology/term/אירוע_חירום_אזרחי/99999070" showAs="אירוע_חירום_אזרחי" />
        <TLCTerm eId="term_7" href="/ontology/term/שירותים_קיומיים/99999070" showAs="שירותים_קיומיים" />
        <TLCTerm eId="term_8" href="/ontology/term/חוק_שירות_בטחון/99999070" showAs="חוק_שירות_בטחון" />
        <TLCTerm eId="term_9" href="/ontology/term/חוק_שירות_המילואים/99999070" showAs="חוק_שירות_המילואים" />
        <TLCTerm eId="term_10" href="/ontology/term/תושב_קבוע/99999070" showAs="תושב_קבוע" />
        <TLCTerm eId="term_11" href="/ontology/term/בעל_מפעל/99999070" showAs="בעל_מפעל" />
        <TLCTerm eId="term_12" href="/ontology/term/היתר/99999070" showAs="היתר" />
        <TLCTerm eId="term_13" href="/ontology/term/חייל/99999070" showAs="חייל" />
        <TLCTerm eId="term_14" href="/ontology/term/שוטר/99999070" showAs="שוטר" />
        <TLCTerm eId="term_15" href="/ontology/term/זמן/99999070" showAs="זמן" />
        <TLCTerm eId="term_16" href="/ontology/term/שנה/99999070" showAs="שנה" />
        <TLCTerm eId="term_17" href="/ontology/term/חוק_הביטוח_הלאומי/99999070" showAs="חוק_הביטוח_הלאומי" />
        <TLCTerm eId="term_18" href="/ontology/term/ביטוח_נפגעי_עבודה/99999070" showAs="ביטוח_נפגעי_עבודה" />
        <TLCTerm eId="term_19" href="/ontology/term/השר/99999070" showAs="השר" />
        <TLCPerson eId="לוי_אשכול" href="/ontology/person/לוי_אשכול" showAs="לוי אשכול" />
        <TLCPerson eId="יגאל_אלון" href="/ontology/person/יגאל_אלון" showAs="יגאל אלון" />
        <TLCPerson eId="שניאור_זלמן_שזר" href="/ontology/person/שניאור_זלמן_שזר" showAs="שניאור זלמן שזר" />
        <TLCRole eId="ראש_הממשלה" href="ontology/role/akn/ראש_הממשלה" showAs="ראש הממשלה" />
        <TLCRole eId="שר_העבודה" href="ontology/role/akn/שר_העבודה" showAs="שר העבודה" />
        <TLCRole eId="נשיא_המדינה" href="ontology/role/akn/נשיא_המדינה" showAs="נשיא המדינה" />
      </references>
      <temporalData source="#kensset">
        <temporalGroup eId="tmpg_1" />
      </temporalData>
      <Publication></Publication>
    </meta>
    <body period="#tmpg_1">
      <title eId="title">
        <content>
          <p>חוק שירות עבודה בשעת־חירום, תשכ"ז–1967</p>
        </content>
      </title>
      <chapter eId="chp_א">
        <num>פרק א׳:</num>
        <title>
          <content>
            <p>פרשנות</p>
          </content>
        </title>
        <list>
          <point eId="point_1" class="definitions">
            <heading>
              <authorialNote placement="side">
                <p>הגדרות</p>
              </authorialNote>
            </heading>
            <num>1.</num>
            <list>
              <intro>
                <p>בחוק זה –</p>
              </intro>
              <point eId="point_1__point_שירות_עבודה">
                <content>
                  <p>
                    <def />”שירות עבודה“ – עבודה במפעל חיוני או עבודה במפעל למתן שירותים קיומיים;</p>
                </content>
              </point>
              <point eId="point_1__point_מפעל">
                <list>
                  <intro>
                    <p>
                      <def />”מפעל“ – אחד מאלה:</p>
                  </intro>
                  <point eId="point_1__point_מפעל__point_1">
                    <num>(1)</num>
                    <content>
                      <p>כל מפעל של תועלת ציבורית, כל עסק של תעשיה, מסחר, תחבורה או חקלאות וכל מוסד חינוך, בין שהוא קיים ובין שהוא עתיד לקום;</p>
                    </content>
                  </point>
                  <point eId="point_1__point_מפעל__point_2">
                    <num>(2)</num>
                    <content>
                      <p>עבודה מטעם המדינה או רשויותיה או רשות מקומית, לרבות עבודות ביצורים או בניית מקלטים;</p>
                    </content>
                  </point>
                  <point eId="point_1__point_מפעל__point_3">
                    <num>(3)</num>
                    <content>
                      <p>שירותים בין מטעם המדינה או רשויותיה או רשות מקומית ובין שלא מטעמן;</p>
                    </content>
                  </point>
                </list>
              </point>
              <point eId="point_1__point_מפעל_חיוני">
                <content>
                  <p>
                    <def />”מפעל חיוני“ – כל מפעל או חלק ממנו, הפועל או שאפשר להפעילו לצרכי הגנת המדינה או בטחון הציבור או לקיום הספקה או שירותים חיוניים, ושאושר לענין זה בצו על ידי השר בהתייעצות עם שר הבטחון, ובשעת לחימה – על ידי שר הבטחון בהתייעצות עם השר; וכן כל מפעל או חלק ממנו שאפשר להפעילו לצרכי קיום המשק ושפעולתו חיונית לקיום הספקה או שירותים הדרושים לציבור או ליצוא, והשר אישר אותו בצו לענין זה; השר רשאי למנות ועדה לייעץ לו לענין מפעלים חיוניים;</p>
                </content>
              </point>
              <point eId="point_1__point_מפעל_למתן_שירותים_קיומיים">
                <content>
                  <p>
                    <def />”מפעל למתן שירותים קיומיים“ – כל מפעל או חלק ממנו, שנותן שירותים קיומיים כאמור בפסקאות (1) עד (3) להגדרה ”שירותים קיומיים“ ושהשר אישר אותו בצו לעניין זה לצורך מצב מיוחד בעורף או אירוע חירום אזרחי, או מפעל או חלק ממנו שנותן שירותים קיומיים כאמור בפסקה (4) להגדרה האמורה, שהשר אישר אותו בצו בזמן מצב מיוחד בעורף או בעת אירוע חירום אזרחי, לאחר התייעצות עם ועדה מייעצת לפי <ref href="#point_39א">סעיף 39א</ref>;</p>
                </content>
              </point>
              <point eId="point_1__point_מצב_מיוחד_בעורף">
                <content>
                  <p>
                    <def />”מצב מיוחד בעורף“ – כמשמעותו <ref href="/akn/il/act/PrimaryLegislation/1951-03-21/147300#point_9ג">בסעיף 9ג לחוק ההתגוננות האזרחית, התשי"א–1951</ref>;</p>
                </content>
              </point>
              <point eId="point_1__point_אירוע_חירום_אזרחי">
                <content>
                  <p>
                    <def />”אירוע חירום אזרחי“ – כהגדרתו <ref href="/akn/il/act/PrimaryLegislation/1971-03-11/2001806#point_90א">בסעיף 90א לפקודת המשטרה [נוסח חדש], התשל"א–1971</ref>;</p>
                </content>
              </point>
              <point eId="point_1__point_שירותים_קיומיים">
                <list>
                  <intro>
                    <p>
                      <def />”שירותים קיומיים“ – אחד מאלה:</p>
                  </intro>
                  <point eId="point_1__point_שירותים_קיומיים__point_1">
                    <num>(1)</num>
                    <content>
                      <p>אספקת מים, מזון או חשמל, וכן מתן שירותי אשפוז ובריאות, תברואה, תקשורת או דואר;</p>
                    </content>
                  </point>
                  <point eId="point_1__point_שירותים_קיומיים__point_2">
                    <num>(2)</num>
                    <content>
                      <p>שירות שיש לספקו לשם מניעת פגיעה חמורה באוכלוסיה או בשטח שעליו חלה הכרזה על מצב מיוחד בעורף או הכרזה על אירוע חירום אזרחי;</p>
                    </content>
                  </point>
                  <point eId="point_1__point_שירותים_קיומיים__point_3">
                    <num>(3)</num>
                    <content>
                      <p>שירות שלדעת השר הוא חיוני לקיום אספקה או לטיפול באוכלוסיה;</p>
                    </content>
                  </point>
                  <point eId="point_1__point_שירותים_קיומיים__point_4">
                    <num>(4)</num>
                    <content>
                      <p>שירות אשר לדעת השר הפסקתו עלולה, בנסיבות העניין, לגרום לפגיעה רבה בכלכלה המשפיעה על המשק כולו;</p>
                    </content>
                  </point>
                </list>
              </point>
              <point eId="point_1__point_חוק_שירות_בטחון">
                <content>
                  <p>
                    <def />”חוק שירות בטחון“ – <ref href="/akn/il/act/PrimaryLegislation/1986-01-30/2002309">חוק שירות בטחון [נוסח משולב], תשמ"ו–1986</ref>;</p>
                </content>
              </point>
              <point eId="point_1__point_חוק_שירות_המילואים">
                <content>
                  <p>
                    <def />”חוק שירות המילואים“ – <ref href="/akn/il/act/PrimaryLegislation/2008-04-16/245332">חוק שירות המילואים, התשס"ח–2008</ref>;</p>
                </content>
              </point>
              <point eId="point_1__point_תושב_קבוע">
                <content>
                  <p>
                    <def />”תושב קבוע“ – כמשמעותו <ref href="/akn/il/act/PrimaryLegislation/1986-01-30/2002309">בחוק שירות בטחון</ref>;</p>
                </content>
              </point>
              <point eId="point_1__point_בעל_מפעל">
                <content>
                  <p>
                    <def />”בעל מפעל“ – לרבות מי שמנהל את המפעל או מי שאחראי להנהלתו, ובכלי שיט ובכלי טיס – לרבות שוכרו של כלי השיט או של כלי הטיס;</p>
                </content>
              </point>
              <point eId="point_1__point_היתר">
                <content>
                  <p>
                    <def />”היתר“ – לרבות רשיון וכל מתן רשות כיוצא בזה;</p>
                </content>
              </point>
              <point eId="point_1__point_חייל">
                <list>
                  <intro>
                    <p>
                      <def />”חייל“ –</p>
                  </intro>
                  <point eId="point_1__point_חייל__point_1">
                    <num>(1)</num>
                    <content>
                      <p>המשרת בכוחות הסדירים של צבא־הגנה לישראל;</p>
                    </content>
                  </point>
                  <point eId="point_1__point_חייל__point_2">
                    <num>(2)</num>
                    <content>
                      <p>המשרת שירות מילואים לפי צו על פי <ref href="/akn/il/act/PrimaryLegislation/2008-04-16/245332#point_8">סעיף 8 לחוק שירות המילואים</ref>;</p>
                    </content>
                  </point>
                </list>
              </point>
              <point eId="point_1__point_שוטר">
                <content>
                  <p>
                    <def />”שוטר“ – כמשמעותו <ref href="/akn/il/act/PrimaryLegislation/1971-03-11/2001806">בפקודת המשטרה</ref>;</p>
                </content>
              </point>
              <point eId="point_1__point_זמן">
                <content>
                  <p>
                    <def />”זמן“ – לרבות תקופת זמן שתחילתה ביום מסויים או בעשיית דבר מסויים או באירוע מאורע מסויים;</p>
                </content>
              </point>
              <point eId="point_1__point_שנה">
                <content>
                  <p>
                    <def />”שנה“ – התקופה המתחילה ב־1 בינואר ומסתיימת ב־31 בדצמבר;</p>
                </content>
              </point>
              <point eId="point_1__point_חוק_הביטוח_הלאומי">
                <content>
                  <p>
                    <def />”חוק הביטוח הלאומי“ – <ref href="/akn/il/act/PrimaryLegislation/1995-05-15/158093">חוק הביטוח הלאומי [נוסח משולב], התשנ"ה–1995</ref>;</p>
                </content>
              </point>
              <point eId="point_1__point_ביטוח_נפגעי_עבודה">
                <content>
                  <p>
                    <def />”ביטוח נפגעי עבודה“ – ביטוח נפגעי עבודה לפי <ref href="/akn/il/act/PrimaryLegislation/1995-05-15/158093">חוק הביטוח הלאומי</ref>;</p>
                </content>
              </point>
              <point eId="point_1__point_השר">
                <content>
                  <p>
                    <def />”השר“ – שר התעשיה המסחר והתעסוקה.</p>
                </content>
              </point>
            </list>
          </point>
          <point eId="point_2">
            <heading>
              <authorialNote placement="side">
                <p>חישוב גילים</p>
              </authorialNote>
            </heading>
            <num>2.</num>
            <list>
              <point eId="point_2__point_א">
                <num>(א)</num>
                <list>
                  <intro>
                    <p>לענין חוק זה, מי שהגיע לגיל פלוני בשנה פלונית של הלוח העברי רואים אותו –</p>
                  </intro>
                  <point eId="point_2__point_א__point_1">
                    <num>(1)</num>
                    <content>
                      <p>אם הגיע לאותו גיל ביום א׳ בתשרי או אחריו ולפני יום א׳ בניסן אותה שנה – כמי שהגיע לאותו גיל ביום א׳ בתשרי באותה שנה;</p>
                    </content>
                  </point>
                  <point eId="point_2__point_א__point_2">
                    <num>(2)</num>
                    <content>
                      <p>אם הגיע לאותו גיל ביום א׳ בניסן או אחריו באותה שנה – כמי שהגיע לאותו גיל ביום א׳ בניסן של אותה שנה.</p>
                    </content>
                  </point>
                </list>
              </point>
              <point eId="point_2__point_ב">
                <num>(ב)</num>
                <content>
                  <p>נקבע לאדם גילו בהליכים לפי <ref href="/akn/il/act/PrimaryLegislation/1986-01-30/2002309">חוק שירות בטחון</ref>, יהא תקפה של אותה קביעה יפה גם לענין חוק זה; לא נקבע גילו כאמור, יהא הרשום במרשם האוכלוסין לפי <ref href="/akn/il/act/PrimaryLegislation/1965-08-01/147973">חוק מרשם האוכלוסין, תשכ"ה–1965</ref>, ראיה לגילו כל עוד לא נקבע לו גיל אחר בפסק דין של בית משפט מוסמך; נקבע לו מתח גילים, רואים אותו לענין חוק זה כמי שנולד באמצע התקופה של מתח הגילים.</p>
                </content>
              </point>
            </list>
          </point>
        </list>
      </chapter>
      <chapter eId="chp_ב">
        <num>פרק ב׳:</num>
        <title>
          <content>
            <p>רישום ובדיקה</p>
          </content>
        </title>
        <list>
          <point eId="point_3">
            <heading>
              <authorialNote placement="side">
                <p>החייבים בשירות עבודה</p>
              </authorialNote>
            </heading>
            <num>3.</num>
            <list>
              <point eId="point_3__point_א">
                <num>(א)</num>
                <content>
                  <p>תושב קבוע, למעט חייל, שוטר, וכן אשה הרה או לפני תום שנה אחת אחרי לידתה, חייב בשירות עבודה אם מלאו לו 16 שנים וטרם הגיע לגיל הפרישה כמשמעותו <ref href="/akn/il/act/PrimaryLegislation/2004-01-18/16634">בחוק גיל פרישה, התשס"ד–2004</ref>.</p>
                </content>
              </point>
              <point eId="point_3__point_ב">
                <num>(ב)</num>
                <content>
                  <p>
                    <wikicomment font-size="x-small">(בוטל).</wikicomment>
                  </p>
                </content>
              </point>
              <point eId="point_3__point_ג">
                <num>(ג)</num>
                <content>
                  <p>בקריאה לשירות עבודה של אשה שהיא אם לילדים הנתונים לטיפולה יובאו בחשבון הקשיים העלולים להיגרם לאשה בטיפולה בילדיה ובדאגה להם.</p>
                </content>
              </point>
              <point eId="point_3__point_ג1">
                <num>(ג1)</num>
                <content>
                  <p>בקריאה לשירות עבודה של מתנדב כהגדרתו <ref href="/akn/il/act/PrimaryLegislation/2017-04-05/568470">בחוק שירות אזרחי, התשע"ז–2017</ref> (להלן – חוק שירות אזרחי), תובא בחשבון הפעלת המתנדב בשל החלטה על שעת חירום לפי <ref href="/akn/il/act/PrimaryLegislation/2017-04-05/568470#point_20">סעיף 20 לחוק האמור</ref>.</p>
                </content>
              </point>
              <point eId="point_3__point_ד">
                <num>(ד)</num>
                <content>
                  <p>השר רשאי, לאחר התייעצות עם ארגון עובדים המייצג את המספר הגדול ביותר של עובדים במדינה ועם הארגון המייצג כאמור בענף הנוגע בדבר ועם ארגונים ארציים יציגים של מעבידים שלדעת השר הם נוגעים בדבר ובאישור ועדת העבודה הרווחה והבריאות של הכנסת לקבוע בתקנות סוגי אנשים נוספים הפטורים משירות עבודה, פטור כללי או מסוייג.</p>
                </content>
              </point>
            </list>
          </point>
          <point eId="point_4">
            <heading>
              <authorialNote placement="side">
                <p>פיקוח על כוח אדם</p>
              </authorialNote>
            </heading>
            <num>4.</num>
            <content>
              <p>השר ימנה לענין זה מפקח כללי על כוח האדם, ורשאי הוא למנות מפקחים מרחביים למרחבים שקבע את תחומם או לסוג מסויים של מפעלים שקבע.</p>
            </content>
          </point>
          <point eId="point_5">
            <heading>
              <authorialNote placement="side">
                <p>חובת בעל מפעל למסור פרטים</p>
              </authorialNote>
            </heading>
            <num>5.</num>
            <list>
              <point eId="point_5__point_א">
                <num>(א)</num>
                <content>
                  <p>השר רשאי, למטרות חוק זה, להטיל בצו על כל בעל מפעל את החובה למסור לאדם פלוני, בזמן, במקום ובאופן שנקבע בצו או על פיו, פרטים על מפעלו, עובדיו, תפוקתו, ציודו, תהליכי ייצורו או דרכי שיווקו; לשם כך ינהל בעל מפעל רשימות כפי שידרוש המפקח הכללי על כוח האדם, או מפקח מרחבי, או מי שיפעל בשמם, ובעל המפעל ימציא להם כל פרט או ידיעה שיידרשו ממנו ושיש להם, לדעת הדורש, חשיבות לביצוע חוק זה.</p>
                </content>
              </point>
              <point eId="point_5__point_ב">
                <num>(ב)</num>
                <content>
                  <p>חל שינוי בבעלותו של מפעל כאמור, חייב מי שהיה בעל המפעל ערב השינוי להודיע בדואר רשום למפקח הכללי על כוח האדם, תוך ארבעה עשר יום מיום השינוי, את שם הבעל החדש, את מענו ואת מועד השינוי.</p>
                </content>
              </point>
              <point eId="point_5__point_ג">
                <num>(ג)</num>
                <content>
                  <p>חובה שהוטלה על בעל מפעל לפי סעיף זה וקויימה על ידי אדם פלוני, בין שהוא בעצמו חייב בקיומה ובין שאינו חייב בו, בעל המפעל פטור מלקיימה.</p>
                </content>
              </point>
            </list>
          </point>
          <point eId="point_6">
            <heading>
              <authorialNote placement="side">
                <p>חובת חייב בשירות עבודה למסור פרטים</p>
              </authorialNote>
            </heading>
            <num>6.</num>
            <content>
              <p>השר רשאי, למטרות חוק זה, להטיל בצו חובה על כל אדם החייב בשירות עבודה למסור לאדם פלוני, בזמן, במקום ובאופן שנקבע בצו או על פיו, פרטים ביחס לעצמו שיידרשו ממנו ושיש להם, לדעת הדורש, חשיבות לביצוע חוק זה.</p>
            </content>
          </point>
          <point eId="point_7">
            <heading>
              <authorialNote placement="side">
                <p>התייצבות לשם מסירת פרטים</p>
              </authorialNote>
            </heading>
            <num>7.</num>
            <content>
              <p>בצו לפי <ref href="#point_5">סעיפים 5</ref><ref href="#point_6">או 6</ref> מותר להטיל גם חובה להתייצב, בכל מקום בתחום המרחב לפי <ref href="#point_4">סעיף 4</ref>, שבו נמצא המפעל או מקום מגוריו של החייב בשירות, לשם מסירת פרטים או הצגת מסמכים שיש להם חשיבות לאימות הפרטים.</p>
            </content>
          </point>
          <point eId="point_8">
            <heading>
              <authorialNote placement="side">
                <p>בדיקה</p>
              </authorialNote>
            </heading>
            <num>8.</num>
            <content>
              <p>השר רשאי לקרוא בצו אדם החייב בשירות עבודה להתייצב לפני אדם פלוני, בזמן ובמקום שנקבעו בצו או על פיו, ולהיבדק כל בדיקה שתידרש, לדעת אותו אדם, לשם קביעת כשרו לשירות בעבודה פלונית; בדיקה רפואית לענין סעיף זה תיעשה בידי רופא שמינהו לכך השר בהתייעצות עם שר הבריאות, או מי ששרים אלה הסמיכו אותם לכך.</p>
            </content>
          </point>
        </list>
      </chapter>
      <chapter eId="chp_ג">
        <num>פרק ג׳:</num>
        <title>
          <content>
            <p>אימון לשירות עבודה</p>
          </content>
        </title>
        <list>
          <point eId="point_9">
            <heading>
              <authorialNote placement="side">
                <p>אימון בעבודה</p>
              </authorialNote>
            </heading>
            <num>9.</num>
            <content>
              <p>השר רשאי לקרוא בצו אדם החייב בשירות עבודה לאימון לשירות עבודה כפי שיפורש בצו, ובלבד שלא ייקרא אדם לאימון באחד מימי מנוחתו כמשמעותם <ref href="/akn/il/act/PrimaryLegislation/1948-05-21/2002291#chp_6א">בפקודת סדרי השלטון והמשפט, תש"ח–1948</ref>.</p>
            </content>
          </point>
          <point eId="point_10">
            <heading>
              <authorialNote placement="side">
                <p>חובת הודעה מוקדמת</p>
              </authorialNote>
            </heading>
            <num>10.</num>
            <content>
              <p>לא ייקרא אדם לאימון אלא אם נמסרה לו תחילה הודעה מטעם השר שהוא מיועד לשירות עבודה שפורש בהודעה וההודעה לא בוטלה על ידי ועדת שירות העבודה לפי <ref href="#point_29">סעיף 29</ref>.</p>
            </content>
          </point>
          <point eId="point_11">
            <heading>
              <authorialNote placement="side">
                <p>תקופת האימון</p>
              </authorialNote>
            </heading>
            <num>11.</num>
            <content>
              <p>לא ייקרא אדם לאימון לתקופה העולה על שלושה ימים בשנה, ובמקצועות ולגבי סוגי עובדים המפורטים <ref href="#appendix">בתוספת</ref> – על שנים־עשר יום בשנה, הן במרוכז והן במפוצל, וכל יום שבו שירת האדם אותה שנה בתפקיד נדרש על פי <ref href="/akn/il/act/PrimaryLegislation/1951-03-21/147300">חוק ההתגוננות האזרחית, תשי"א–1951</ref>, יבוא במנין ימי האימון לפי סעיף זה, וכן להיפך; השר רשאי, באישור ועדת העבודה של הכנסת, לשנות את <ref href="#appendix">התוספת</ref>.</p>
            </content>
          </point>
          <point eId="point_12">
            <heading>
              <authorialNote placement="side">
                <p xml:space="preserve"> </p>
              </authorialNote>
            </heading>
            <num>12.</num>
            <content>
              <p>
                <wikicomment font-size="x-small">(בוטל).</wikicomment>
              </p>
            </content>
          </point>
          <point eId="point_13">
            <heading>
              <authorialNote placement="side">
                <p>המועד לתחילת האימון</p>
              </authorialNote>
            </heading>
            <num>13.</num>
            <content>
              <p>המועד לתחילת האימון יהיה לפחות שלושה שבועות מיום שהגיע הצו לידיעתו של האדם שנקרא לאימון.</p>
            </content>
          </point>
          <point eId="point_14">
            <heading>
              <authorialNote placement="side">
                <p>הוצאות האימון</p>
              </authorialNote>
            </heading>
            <num>14.</num>
            <content>
              <p>אדם שנקרא לאימון לפי <ref href="#point_9">סעיף 9</ref> ונגרמו לו בכך הוצאות מיוחדות לאוכל, לשתיה, ללינה או לנסיעה ממקום מגוריו הקבוע אל מקום האימון ובחזרה ממנו, ישא אוצר המדינה בהוצאות אלה, בשיעור ובדרך שנקבע בתקנות.</p>
            </content>
          </point>
          <point eId="point_14א">
            <heading>
              <authorialNote placement="side">
                <p>תגמולים</p>
              </authorialNote>
            </heading>
            <num>14א.</num>
            <content>
              <p>אדם שנקרא לאימון לפי <ref href="#point_9">סעיף 9</ref> לתקופה רצופה העולה על יום אחד, יחולו הוראות לפי <ref href="/akn/il/act/PrimaryLegislation/1995-05-15/158093#chp_יב">פרק י"ב לחוק הביטוח הלאומי</ref>, למעט <ref href="/akn/il/act/PrimaryLegislation/1995-05-15/158093#point_271">סעיף 271</ref>, כאילו שירת אותו אדם אותה תקופה במילואים והוא יהיה זכאי לתגמול בשל כל תקופת האימון כאילו היה זכאי לתשלום לפי <ref href="/akn/il/act/PrimaryLegislation/1995-05-15/158093#point_271">סעיף 271 האמור</ref>.</p>
            </content>
          </point>
          <point eId="point_15">
            <heading>
              <authorialNote placement="side">
                <p>גימלאות מחמת פגיעה בשעות אימון</p>
              </authorialNote>
            </heading>
            <num>15.</num>
            <list>
              <point eId="point_15__point_א">
                <num>(א)</num>
                <content>
                  <p>
                    <wikicomment font-size="x-small">(בוטל).</wikicomment>
                  </p>
                </content>
              </point>
              <point eId="point_15__point_ב">
                <num>(ב)</num>
                <content>
                  <p>קרה למתאמן מקרה המזכה לגימלה מכוח <ref href="/akn/il/act/PrimaryLegislation/1995-05-15/158093#point_75">סעיף 75(א)(5) לחוק הביטוח הלאומי</ref>, והוא לא היה מבוטח בביטוח נפגעי עבודה ערב תחילת אימונו, יחזיר אוצר המדינה למוסד לביטוח לאומי סכום השווה לגימלאות בכסף ששילם המוסד לביטוח לאומי, או שהוא עתיד לשלמן, ואת השווי הכספי של הגימלאות בעין שניתנו לזכאי לגימלה בקשר לאותו מקרה; התקנות לפי <ref href="/akn/il/act/PrimaryLegislation/1995-05-15/158093#point_369">סעיף 369(ב) לחוק הביטוח הלאומי</ref>, כוחן יפה לענין חישוב הסכום לפי סעיף זה.</p>
                </content>
              </point>
            </list>
          </point>
        </list>
      </chapter>
      <chapter eId="chp_ד">
        <num>פרק ד׳:</num>
        <title>
          <content>
            <p>קריאה לשירות עבודה</p>
          </content>
        </title>
        <list>
          <point eId="point_16">
            <heading>
              <authorialNote placement="side">
                <p>הכרזה על תחולת הפרק</p>
              </authorialNote>
            </heading>
            <num>16.</num>
            <list>
              <point eId="point_16__point_א">
                <num>(א)</num>
                <content>
                  <p>משנקראו מילואים לשירות לפי <ref href="/akn/il/act/PrimaryLegislation/2008-04-16/245332#point_8">סעיף 8 לחוק שירות המילואים</ref>, רשאי השר לאחר התייעצות עם שר הבטחון, אם הוא סבור כי בעקבות הקריאה הדבר דרוש להגנת המדינה, לבטחון הציבור או לקיום הספקה או שירותים חיוניים – להכריז בצו, <ref href="#chp_ד">שפרק זה</ref> יחול במדינה כולה או בחלק ממנה, בדרך כלל או בענף משק מסויים.</p>
                </content>
              </point>
              <point eId="point_16__point_ב">
                <num>(ב)</num>
                <content>
                  <p>תקפו של הצו לפי סעיף זה יפקע במועד שבו פקע תקפו של הצו לפי <ref href="/akn/il/act/PrimaryLegislation/2008-04-16/245332#point_8">סעיף 8 לחוק שירות המילואים</ref> שבעקבותיו ניתן הצו לפי סעיף זה.</p>
                </content>
              </point>
            </list>
          </point>
          <point eId="point_16א">
            <heading>
              <authorialNote placement="side">
                <p>מצב מיוחד בעורף – הכרזה על תחולת הפרק</p>
              </authorialNote>
            </heading>
            <num>16א.</num>
            <content>
              <p>הוכרז מצב מיוחד בעורף, ומצא השר כי האפשרות למתן שירותים קיומיים לאוכלוסיה המצויה בשטח שעליו חלה ההכרזה או לכלל האוכלוסיה בשטח אחר, או למתן שירותים קיומיים הדרושים לתפקודו של השטח שעליו חלה ההכרזה או לתפקוד המשק כולו, עלולה להיפגע בשל המצב המיוחד בעורף, או שבמערך הייצור או האספקה למתן שירותים קיומיים כאמור עלולים להיגרם תקלות או מפגעים ממשיים, רשאי הוא, לאחר התייעצות עם שר הבטחון, להכריז בצו שהוראות <ref href="#chp_ד">פרק זה</ref> יחולו לשם מתן שירותים קיומיים כאמור; צו לפי סעיף קטן זה יפקע במועד שבו פקעה ההכרזה על מצב מיוחד בעורף, אלא אם כן ביטל השר את הצו קודם לכן.</p>
            </content>
          </point>
          <point eId="point_16ב">
            <heading>
              <authorialNote placement="side">
                <p>אירוע חירום אזרחי – הכרזה על תחולת הפרק</p>
              </authorialNote>
            </heading>
            <num>16ב.</num>
            <content>
              <p>הוכרז על אירוע חירום אזרחי לפי הוראות <ref href="/akn/il/act/PrimaryLegislation/1971-03-11/2001806#point_90ב">סעיף 90ב לפקודת המשטרה [נוסח חדש], התשל"א–1971</ref>, ומצא השר כי האפשרות למתן שירותים קיומיים לאוכלוסיה המצויה בשטח שעליו חלה ההכרזה, או לכלל האוכלוסיה בשטח אחר, או הדרושים לתפקודו של השטח שעליו חלה ההכרזה או לתפקוד המשק כולו, עלולה להיפגע עקב אירוע החירום האזרחי, או שבמערך הייצור או האספקה למתן שירותים קיומיים כאמור עלולים להיגרם תקלות או מפגעים ממשיים, רשאי הוא, לאחר התייעצות עם ראש הממשלה, עם השר לביטחון הפנים או עם שר הביטחון, לפי הענין, להכריז בצו שהוראות <ref href="#chp_ד">פרק זה</ref> יחולו לשם מתן שירותים קיומיים כאמור; צו לפי סעיף זה יפקע במועד שבו תפקע ההכרזה על אירוע חירום אזרחי, אלא אם כן ביטל השר את הצו קודם לכן.</p>
            </content>
          </point>
          <point eId="point_16ג">
            <heading>
              <authorialNote placement="side">
                <p xml:space="preserve"> </p>
              </authorialNote>
            </heading>
            <num>16ג.</num>
            <content>
              <p>
                <wikicomment font-size="x-small">(פקע).</wikicomment>
              </p>
            </content>
          </point>
          <point eId="point_17">
            <heading>
              <authorialNote placement="side">
                <p>מגוייס־פנים</p>
              </authorialNote>
            </heading>
            <num>17.</num>
            <list>
              <point eId="point_17__point_א">
                <num>(א)</num>
                <content>
                  <p>השר רשאי לקרוא בצו את כל העובדים במפעל חיוני או במפעל למתן שירותים קיומיים ערב תחילתו של הצו בין כשכירים ובין כעצמאיים, החייבים בשירות עבודה, או כל חלק מעובדים אלה, לשירות עבודה באותו מפעל; מי שנקרא לשירות עבודה כאמור ייקרא להלן ”מגוייס־פנים“.</p>
                </content>
              </point>
              <point eId="point_17__point_ב">
                <num>(ב)</num>
                <content>
                  <p>צו לפי סעיף זה יכול שיימסר לבעל המפעל, לקברניט של כלי שיט ולועד העובדים של המפעל, ויראו אותו כאילו הגיע לידיעת הנוגעים בדבר כעבור 24 שעות ממועד המסירה; באין ועד עובדים במפעל, תיראה הדבקת הצו על לוח המודעות שבמפעל כמסירת הצו לידי הנוגעים בדבר.</p>
                </content>
              </point>
            </list>
          </point>
          <point eId="point_18">
            <heading>
              <authorialNote placement="side">
                <p>מגוייס־חוץ</p>
              </authorialNote>
            </heading>
            <num>18.</num>
            <list>
              <point eId="point_18__point_א">
                <num>(א)</num>
                <content>
                  <p>השר רשאי בצו לקרוא לשירות עבודה שלא במסגרת <ref href="#point_17">סעיף 17</ref> כל אדם או כל סוג בני אדם החייבים בשירות עבודה; מי שנקרא לשירות עבודה לפי צו זה ייקרא להלן ”מגוייס־חוץ“.</p>
                </content>
              </point>
              <point eId="point_18__point_ב">
                <num>(ב)</num>
                <content>
                  <p>צו לפי סעיף קטן (א) יכול שיימסר למנהל המפעל; נמסר הצו כאמור, יעבירו מנהל המפעל בתוך 48 שעות למגויס חוץ; מסירה או העברה לפי סעיף זה יכול שייעשו בדרך של מסירה אישית, בהדבקה על דלת ביתו של מגויס חוץ, בטלפון, בפקסימילה או בכל דרך אחרת שיקבע השר.</p>
                </content>
              </point>
            </list>
          </point>
          <point eId="point_18א">
            <heading>
              <authorialNote placement="side">
                <p>מגויסים ומפעלים מחוץ לשטח ההכרזה</p>
              </authorialNote>
            </heading>
            <num>18א.</num>
            <content>
              <p>הוחלו הוראות <ref href="#chp_ד">פרק זה</ref> על חלק מהמדינה לפי <ref href="#point_16">סעיף 16</ref>, או לפי <ref href="#point_16א">סעיפים 16א</ref><ref href="#point_16ב">או 16ב</ref> בעקבות הכרזה על מצב מיוחד בעורף או על אירוע חירום אזרחי, לפי העניין, בשטח מסוים, רשאי השר לקרוא, בצווים לפי <ref href="#point_17">סעיפים 17</ref><ref href="#point_18">ו־18</ref>, חייבים בשירות עבודה, בין שמקום מגוריהם או מקום עבודתם מצויים בחלק או בשטח האמור ובין שהם מצויים מחוץ לו, ובין שהמפעל החיוני או המפעל לשירותים קיומיים, לפי העניין, מצוי בחלק או בשטח האמור ובין שהוא מצוי מחוץ לו.</p>
            </content>
          </point>
          <point eId="point_19">
            <heading>
              <authorialNote placement="side">
                <p>חובת המגוייסים</p>
              </authorialNote>
            </heading>
            <num>19.</num>
            <content>
              <p>מי שנקרא לשירות עבודה, בין כמגוייס־פנים ובין כמגוייס־חוץ (להלן – מגוייס), חייב להתייצב בזמן, במקום ולפני הרשות שנקבעו לכך בצו ולבצע כל עבודה שתוטל עליו מזמן לזמן על ידי מי שנקבע לכך בצו או מטעמו ולהמשיך באופן סדיר בעבודה זו כל עוד הצו בתקפו; לא התייצב כאמור, רשאי המפקח הכללי על כוח האדם או המפקח המרחבי להורות לשוטר להביא את האדם לפניו או לפני מי שיורה.</p>
            </content>
          </point>
          <point eId="point_20">
            <heading>
              <authorialNote placement="side">
                <p>בדיקה רפואית</p>
              </authorialNote>
            </heading>
            <num>20.</num>
            <list>
              <point eId="point_20__point_א">
                <num>(א)</num>
                <content>
                  <p>מגוייס שלא נבדק בדיקה גופנית לפי <ref href="#point_8">סעיף 8</ref> תוך ששה חדשים לפני שנקרא לשירות עבודה, רשאי לבקש שייבדק בדיקה רפואית כדי לקבוע התאמתו למפעל חיוני פלוני או למפעל למתן שירותים קיומיים פלוני או לעבודה פלונית.</p>
                </content>
              </point>
              <point eId="point_20__point_ב">
                <num>(ב)</num>
                <content>
                  <p>הבדיקה הרפואית תהיה בידי רופא שהמפקח הכללי על כוח האדם ימנה אותו למטרה זו.</p>
                </content>
              </point>
              <point eId="point_20__point_ג">
                <num>(ג)</num>
                <content>
                  <p>מי שביקש בדיקה רפואית לא יידרש לעבוד במפעל חיוני או במפעל למתן שירותים קיומיים, לפי העניין, כל עוד לא נבדק כאמור ונמצא מתאים לעבודה המסויימת; אולם בקשתו של מגוייס־פנים לא תעכב את המשך עבודתו שבה עבד ערב גיוסו.</p>
                </content>
              </point>
              <point eId="point_20__point_ד">
                <num>(ד)</num>
                <content>
                  <p>מגוייס שנבדק בדיקה רפואית לפי סעיף קטן (ב) או לפי <ref href="#point_8">סעיף 8</ref>, רשאי לבקש בדיקה רפואית נוספת בידי רופא אחר שימנה השר בהתייעצות עם שר הבריאות, או מי ששרים אלה הסמיכו אותם לכך; ביקש מגוייס בדיקה רפואית נוספת כאמור, יבדוק אותו הרופא תוך 15 יום מיום שביקש את הבדיקה, אך אין בהגשת בקשה זו בלבד כדי לפטור את המגוייס מקיום החובות שהוטלו עליו לפי <ref href="#chp_ד">פרק זה</ref>.</p>
                </content>
              </point>
            </list>
          </point>
          <point eId="point_21">
            <heading>
              <authorialNote placement="side">
                <p>איסור פיטורים</p>
              </authorialNote>
            </heading>
            <num>21.</num>
            <content>
              <p>לא יפוטר מגוייס מעבודתו אליה גוייס, ולא יועסק, בניגוד להוראות הצו שלפיו נקרא לשירות העבודה – אלא בהיתר בכתב מהמפקח הכללי על כוח האדם; הוראה זו אינה גורעת מכל הגבלה על פיטורי עובד על פי כל דין, הסכם קיבוצי, חוזה או נוהג החלה על מגוייס־פנים.</p>
            </content>
          </point>
          <point eId="point_22">
            <heading>
              <authorialNote placement="side">
                <p>שירות עבודה ושירות בטחון</p>
              </authorialNote>
            </heading>
            <num>22.</num>
            <content>
              <p>מגוייס שנקרא להתייצב לפי <ref href="/akn/il/act/PrimaryLegislation/1986-01-30/2002309">חוק שירות בטחון</ref> – פטור מחובת שירות עבודה לתקופת התייצבותו כאמור וכן לתקופת שירותו בעקבות ההתייצבות.</p>
            </content>
          </point>
          <point eId="point_23">
            <heading>
              <authorialNote placement="side">
                <p>שכר עבודה</p>
              </authorialNote>
            </heading>
            <num>23.</num>
            <list>
              <point eId="point_23__point_א">
                <num>(א)</num>
                <content>
                  <p>שכרו של מגויס ייקבע לפי הוראות הסכם קיבוצי או צו הרחבה שחלים על המגויס ושקובעים הוראות לעניין זה, ואם אין הסכם קיבוצי או צו הרחבה כאמור, או שזכויות מגויס לפי הוראות ההסכם הקיבוצי או צו ההרחבה כאמור נופלות מהזכויות שיהיו למגויס לפי ההוראות שבהסכם הקיבוצי שחל על בעל המפעל – יהיה השכר בהתאם לתפקיד שהוא נקרא למלא ובשיעור שנקבע לתפקיד זה בהסכם הקיבוצי החל על בעל המפעל, ובאין הסכם קיבוצי – לפי הסכמה הדדית, ואם אין הסכמה – לפי שיקבע המפקח הכללי על כוח האדם דרך כלל או במיוחד בשים לב לשכר המקובל בענף.</p>
                </content>
              </point>
              <point eId="point_23__point_ב">
                <num>(ב)</num>
                <content>
                  <p>אין בחילוקי דעות בין בעל המפעל לבין המגוייס בקשר לשכר כדי לפטור את המגוייס מקיום החובות שהוטלו עליו לפי <ref href="#chp_ד">פרק זה</ref>.</p>
                </content>
              </point>
            </list>
          </point>
          <point eId="point_24">
            <heading>
              <authorialNote placement="side">
                <p>מעמד המגוייס לענין חוק החיילים המשוחררים</p>
              </authorialNote>
            </heading>
            <num>24.</num>
            <list>
              <intro>
                <p>לענין <ref href="/akn/il/act/PrimaryOrSecondaryLegislation/UnknownWorkDate/חוק_החיילים_המשוחררים_החזרה_לעבודה">חוק החיילים המשוחררים (החזרה לעבודה), תש"ט–1949</ref> –</p>
              </intro>
              <point eId="point_24__point_1">
                <num>(1)</num>
                <content>
                  <p>דין מגוייס־חוץ כדין חייל כמשמעותו <ref href="/akn/il/act/PrimaryOrSecondaryLegislation/UnknownWorkDate/חוק_החיילים_המשוחררים_החזרה_לעבודה">בחוק האמור</ref>, ודין תקופת שירות עבודה כמגוייס־חוץ כדין תקופת שירות צבאי כמשמעותו <ref href="/akn/il/act/PrimaryOrSecondaryLegislation/UnknownWorkDate/חוק_החיילים_המשוחררים_החזרה_לעבודה">בחוק האמור</ref>;</p>
                </content>
              </point>
              <point eId="point_24__point_2">
                <num>(2)</num>
                <content>
                  <p>דין מי שסיים שירות עבודה כמגוייס־חוץ כדין חייל משוחרר כמשמעותו <ref href="/akn/il/act/PrimaryOrSecondaryLegislation/UnknownWorkDate/חוק_החיילים_המשוחררים_החזרה_לעבודה">בחוק האמור</ref> לענין החזרתו לעבודה במפעל;</p>
                </content>
              </point>
              <point eId="point_24__point_3">
                <num>(3)</num>
                <content>
                  <p>דין שירות עבודה של מגויס־חוץ כדין שירות מילואים כמשמעותו <ref href="/akn/il/act/PrimaryOrSecondaryLegislation/UnknownWorkDate/חוק_החיילים_המשוחררים_החזרה_לעבודה">בחוק האמור</ref>, לעניין איסור הפיטורים, וכן לעניין רציפות העבודה.</p>
                </content>
              </point>
            </list>
          </point>
          <point eId="point_25">
            <heading>
              <authorialNote placement="side">
                <p>מעמד מגוייס לענין דינים אחרים</p>
              </authorialNote>
            </heading>
            <num>25.</num>
            <list>
              <point eId="point_25__point_א">
                <num>(א)</num>
                <content>
                  <p>בכפוף להוראות חוק זה, יראו את היחסים בין מגוייס ובין בעל המפעל שבו הוא עובד כיחסי עבודה לענין כל דין.</p>
                </content>
              </point>
              <point eId="point_25__point_ב">
                <num>(ב)</num>
                <list>
                  <intro>
                    <p>על אף האמור בסעיף קטן (א) –</p>
                  </intro>
                  <point eId="point_25__point_ב__point_1">
                    <num>(1)</num>
                    <content>
                      <p>תקופת שירות העבודה של מגויס־חוץ דינה, לצורך חישוב הוותק בעבודה, לעניין זכויות התלויות בוותק שהיו נתונות לו אצל מעסיקו בטרם גויס, בין לפי חוק, נוהג, הסכם קיבוצי או חוזה עבודה ובין באופן אחר, כדין תקופת עבודה אצל מעסיקו;</p>
                    </content>
                  </point>
                  <point eId="point_25__point_ב__point_2">
                    <num>(2)</num>
                    <content>
                      <p>נהגו מגויס־חוץ ומעסיקו או המעסיק בלבד, לשלם תשלומים לקופת גמל, ימשיך המעסיק לשלם תשלומים כאמור בעד התקופה שבה משרת מגויס־החוץ אצל בעל המפעל, והכל בשיעורים ולפי שכר העבודה כאילו הוסיף מגויס־החוץ לעבוד אצל מעסיקו, והכל אם לא נקבעו בהסכם קיבוצי או בצו הרחבה הוראות מיטיבות לעניין זה לגבי מגויסי־חוץ; בפסקה זו, ”קופת גמל“ – כהגדרתה <ref href="/akn/il/act/PrimaryLegislation/2005-08-10/100899">בחוק הפיקוח על שירותים פיננסיים (קופות גמל), התשס"ה–2005</ref>.</p>
                    </content>
                  </point>
                </list>
              </point>
              <point eId="point_25__point_ג">
                <num>(ג)</num>
                <content>
                  <p>היה המגויס, במועד קריאתו לשירות עבודה לפי <ref href="#chp_ד">פרק זה</ref>, מתנדב כהגדרתו בחוק שירות אזרחי או משרת בשירות לאומי–אזרחי כהגדרתו <ref href="/akn/il/act/PrimaryLegislation/2014-03-19/487131">בחוק שירות לאומי–אזרחי, התשע"ד–2014</ref>, יופסק השירות הלאומי או ההתנדבות הקהילתית של המתנדב, או השירות הלאומי–אזרחי של המשרת, לפי העניין, במהלך שירות העבודה; ואולם תקופת שירות העבודה כאמור תובא במניין תקופת השירות של המתנדב כמשמעותה <ref href="/akn/il/act/PrimaryLegislation/2017-04-05/568470#point_7">בסעיף 7 לחוק שירות אזרחי</ref>, או במניין תקופת השירות של המשרת כמשמעותה <ref href="/akn/il/act/PrimaryLegislation/2014-03-19/487131">בחוק שירות לאומי–אזרחי, התשע"ד–2014</ref>, לפי העניין.</p>
                </content>
              </point>
            </list>
          </point>
          <point eId="point_26">
            <heading>
              <authorialNote placement="side">
                <p>אי־תחולת חוקים</p>
              </authorialNote>
            </heading>
            <num>26.</num>
            <list>
              <point eId="point_26__point_א">
                <num>(א)</num>
                <list>
                  <intro>
                    <p>על עבודתו של מגוייס לא יחולו הוראות חוקים אלה:</p>
                  </intro>
                  <point eId="point_26__point_א__point_1">
                    <num>(1)</num>
                    <content>
                      <p>
                        <wikicomment font-size="x-small">(נמחקה);</wikicomment>
                      </p>
                    </content>
                  </point>
                  <point eId="point_26__point_א__point_2">
                    <num>(2)</num>
                    <content>
                      <p>
                        <ref href="/akn/il/act/PrimaryLegislation/1953-07-23/147415">חוק החניכות, תשי"ג–1953</ref>;</p>
                    </content>
                  </point>
                  <point eId="point_26__point_א__point_3">
                    <num>(3)</num>
                    <content>
                      <p>
                        <ref href="/akn/il/act/PrimaryLegislation/1953-07-23/150257">חוק עבודת הנוער, תשי"ג–1953</ref>, אם המגוייס צעיר כמשמעותו <ref href="/akn/il/act/PrimaryLegislation/1953-07-23/150257">באותו חוק</ref>;</p>
                    </content>
                  </point>
                  <point eId="point_26__point_א__point_4">
                    <num>(4)</num>
                    <content>
                      <p>
                        <ref href="/akn/il/act/PrimaryLegislation/1954-08-12/148069">חוק עבודת נשים, תשי"ד–1954</ref>;</p>
                    </content>
                  </point>
                  <point eId="point_26__point_א__point_5">
                    <num>(5)</num>
                    <content>
                      <p>
                        <ref href="/akn/il/act/PrimaryLegislation/1959-01-23/148681">חוק שירות התעסוקה, תשי"ט–1959</ref>.</p>
                    </content>
                  </point>
                </list>
              </point>
              <point eId="point_26__point_ב">
                <num>(ב)</num>
                <content>
                  <p>
                    <ref href="/akn/il/act/PrimaryLegislation/1951-05-22/148168">חוק שעות עבודה ומנוחה, תשי"א–1951</ref>, להוציא <ref href="/akn/il/act/PrimaryLegislation/1951-05-22/148168#point_9">סעיף 9 שבו</ref>, לא יחול על עבודת מגוייס אלא במידה שהשר הורה כך, והוא רשאי, לאחר התייעצות בחברי ועדת השרים האמורה <ref href="/akn/il/act/PrimaryLegislation/1951-05-22/148168#point_12">בסעיף 12(ב) לאותו חוק</ref>, לתת היתר כללי להעסקת מגוייס בימי המנוחה כמשמעותם <ref href="/akn/il/act/PrimaryLegislation/1948-05-21/2002291#chp_6א">בפקודת סדרי השלטון והמשפט, תש"ח–1948</ref>.</p>
                </content>
              </point>
              <point eId="point_26__point_ג">
                <num>(ג)</num>
                <content>
                  <p>על אף האמור <ref href="/akn/il/act/PrimaryLegislation/1951-07-11/147376">בחוק חופשה שנתית, תשי"א–1951</ref>, לא יהיה מגוייס זכאי לקחת בפועל חופשה שנתית; הוראה זו אין בה כדי לגרוע מזכותו של מגוייס לתמורת חופשה או לפדיון חופשה או שתקופת עבודתו כמגוייס תבוא במנין לצורך חישוב הזכאות לחופשה.</p>
                </content>
              </point>
            </list>
          </point>
          <point eId="point_27">
            <heading>
              <authorialNote placement="side">
                <p>עדיפות הוראות החוק</p>
              </authorialNote>
            </heading>
            <num>27.</num>
            <content>
              <p>ההוראות <ref href="#chp_ד">שבפרק זה</ref> או שניתנו על פיו יחייבו על אף האמור בכל חוזה עבודה או הסכם קיבוצי.</p>
            </content>
          </point>
        </list>
      </chapter>
      <chapter eId="chp_ה">
        <num>פרק ה׳:</num>
        <title>
          <content>
            <p>ועדות שירות עבודה</p>
          </content>
        </title>
        <list>
          <point eId="point_28">
            <heading>
              <authorialNote placement="side">
                <p>הקמת ועדת שירות עבודה</p>
              </authorialNote>
            </heading>
            <num>28.</num>
            <list>
              <point eId="point_28__point_א">
                <num>(א)</num>
                <content>
                  <p>השר יקים ועדות שירות עבודה לפי הצורך ויכול שיהיו קבועות או ארעיות, כלליות או מיוחדות.</p>
                </content>
              </point>
              <point eId="point_28__point_ב">
                <num>(ב)</num>
                <content>
                  <p>ועדת שירות עבודה תהא מורכבת מיושב ראש, שימנה שר המשפטים והוא יהיה שופט בית משפט שלום או מי שכשיר להיות שופט כאמור, ושני חברים שימנה השר, בהתייעצות עם הארגון המייצג את המספר הגדול ביותר של העובדים במדינה וכן עם ארגוני המעבידים שלדעת השר הם יציגים ונוגעים בדבר.</p>
                </content>
              </point>
              <point eId="point_28__point_ג">
                <num>(ג)</num>
                <content>
                  <p>הועדה תפעל בכל מספר חברים נוכחים, ובלבד שהיושב ראש יהיה נוכח.</p>
                </content>
              </point>
            </list>
          </point>
          <point eId="point_29">
            <heading>
              <authorialNote placement="side">
                <p>ערר</p>
              </authorialNote>
            </heading>
            <num>29.</num>
            <content>
              <p>הרואה עצמו נפגע על ידי הוראה שניתנה מכוח חוק זה המחייבת אדם לעשיית דבר, ובכלל זה הוראה הקובעת שכר העבודה, או שנפגע על ידי סירוב ליתן היתר, פטור, הקלה וכיוצא באלה לגבי איסורים והגבלות שמכוח חוק זה – רשאי, תוך שבעה ימים לאחר שהגיעה אליו ההוראה הפוגעת, לערור לפני ועדת שירות עבודה, והועדה רשאית לאשר את ההוראה, לבטלה או לשנותה.</p>
            </content>
          </point>
          <point eId="point_30">
            <heading>
              <authorialNote placement="side">
                <p>סמכות הועדה לבטל גיוס או לשחרר מגוייס</p>
              </authorialNote>
            </heading>
            <num>30.</num>
            <list>
              <point eId="point_30__point_א">
                <num>(א)</num>
                <content>
                  <p>נתבקשה ועדת שירות עבודה על ידי אדם לבטל הוראה שלפיה הוא מיועד לשירות עבודה במפעל פלוני, או נתבקשה על ידי בעל מפעל לבטל הוראה בדבר עבודתו של אדם פלוני – רשאית היא לעשות כן מטעמים שבגיל או שבהתאמה למקום או ליכולת המקצועית, לפי הענין.</p>
                </content>
              </point>
              <point eId="point_30__point_ב">
                <num>(ב)</num>
                <content>
                  <p>נתבקשה ועדת שירות עבודה לשחרר מגוייס משירות עבודה, או לדחות תחילת שירותו – רשאית היא לעשות כן מטעמים כלכליים או אישיים של המגוייס.</p>
                </content>
              </point>
            </list>
          </point>
          <point eId="point_31">
            <heading>
              <authorialNote placement="side">
                <p>ערר אינו מעכב ביצוע</p>
              </authorialNote>
            </heading>
            <num>31.</num>
            <content>
              <p>אין הגשת ערר פוטרת את העורר מלמלא אחר חוק זה וכל הוראה שניתנה לפיו, והוא כשאין הוראה אחרת בחוק זה.</p>
            </content>
          </point>
          <point eId="point_32">
            <heading>
              <authorialNote placement="side">
                <p>סמכויות עזר</p>
              </authorialNote>
            </heading>
            <num>32.</num>
            <content>
              <p>לועדת שירות עבודה יהיו כל הסמכויות המפורטות <ref href="/akn/il/act/PrimaryLegislation/1969-01-08/147339#point_9">בסעיף 5 לפקודת ועדות חקירה</ref>.</p>
            </content>
          </point>
          <point eId="point_33">
            <heading>
              <authorialNote placement="side">
                <p>סדרי דין</p>
              </authorialNote>
            </heading>
            <num>33.</num>
            <content>
              <p>ועדת שירות עבודה תקבע לעצמה את סדרי הדין שלה במידה שלא נקבעו בתקנות על ידי שר המשפטים.</p>
            </content>
          </point>
        </list>
      </chapter>
      <chapter eId="chp_ו">
        <num>פרק ו׳:</num>
        <title>
          <content>
            <p>עונשין</p>
          </content>
        </title>
        <list>
          <point eId="point_34">
            <heading>
              <authorialNote placement="side">
                <p>עונשין על עבירות בשעת רגיעה</p>
              </authorialNote>
            </heading>
            <num>34.</num>
            <content>
              <p>מי שאינו מקיים את המוטל עליו <ref href="#point_5">בסעיפים 5</ref>, <ref href="#point_6">6</ref>, <ref href="#point_7">7</ref>, <ref href="#point_8">8</ref>, <ref href="#point_9">9</ref><ref href="#point_49">או 49(ב)</ref> או על פיהם, דינו מאסר שנה אחת.</p>
            </content>
          </point>
          <point eId="point_35">
            <heading>
              <authorialNote placement="side">
                <p>עונשין על עבירות לפי פרק ד׳</p>
              </authorialNote>
            </heading>
            <num>35.</num>
            <list>
              <point eId="point_35__point_א">
                <num>(א)</num>
                <content>
                  <p>מגוייס שאינו מקיים את המוטל עליו לפי <ref href="#chp_ד">פרק ד׳</ref>, דינו – מאסר שלוש שנים.</p>
                </content>
              </point>
              <point eId="point_35__point_ב">
                <num>(ב)</num>
                <content>
                  <p>מגוייס שביקש שלא בתום לב בדיקה רפואית נוספת לפי <ref href="#point_20">סעיף 20(ד)</ref>, דינו – קנס אלף לירות.</p>
                </content>
              </point>
            </list>
          </point>
          <point eId="point_36">
            <heading>
              <authorialNote placement="side">
                <p>גילוי סודות</p>
              </authorialNote>
            </heading>
            <num>36.</num>
            <content>
              <p>המוסר ידיעה שהגיעה לידיו במילוי תפקיד רשמי לפי חוק זה למי שאינו מוסמך לקבלה לפי חוק זה או לפי כל דין אחר, דינו – מאסר שנה אחת.</p>
            </content>
          </point>
          <point eId="point_37">
            <heading>
              <authorialNote placement="side">
                <p>העסקת מגוייס ללא היתר</p>
              </authorialNote>
            </heading>
            <num>37.</num>
            <content>
              <p>המעסיק ביודעין מגוייס שלא במפעל שאליו גוייס וללא היתר בכתב מאת המפקח הכללי על כוח האדם או מאת מפקח מרחבי, דינו – מאסר שנה אחת או קנס 5,000 לירות, זולת אם הוכח שהעסקת המגוייס אינה מפריעה את ביצוע חובת שירות העבודה שהוטלה עליו.</p>
            </content>
          </point>
          <point eId="point_38">
            <heading>
              <authorialNote placement="side">
                <p>אחריות אישית בעבירות של חבר בני־אדם</p>
              </authorialNote>
            </heading>
            <num>38.</num>
            <list>
              <intro>
                <p>נעברה עבירה לפי חוק זה על ידי חבר בני־אדם, רואים כאחראי לה גם כל מנהל, שותף – למעט שותף מוגבל – או פקיד אחראי של אותו חבר, ואפשר להביאו לדין ולהענישו כאילו עבר הוא את העבירה, אם לא הוכיח אחד משני אלה:</p>
              </intro>
              <point eId="point_38__point_1">
                <num>(1)</num>
                <content>
                  <p>שהעבירה נעברה שלא בידיעתו;</p>
                </content>
              </point>
              <point eId="point_38__point_2">
                <num>(2)</num>
                <content>
                  <p>שנקט כל האמצעים הנאותים למניעת העבירה.</p>
                </content>
              </point>
            </list>
          </point>
        </list>
      </chapter>
      <chapter eId="chp_ז">
        <num>פרק ז׳:</num>
        <title>
          <content>
            <p>שונות</p>
          </content>
        </title>
        <list>
          <point eId="point_39">
            <heading>
              <authorialNote placement="side">
                <p>שירות עבודה ותפקיד נדרש</p>
              </authorialNote>
            </heading>
            <num>39.</num>
            <content>
              <p>השר רשאי לפטור מי שחייב בשירות עבודה, פטור מלא או חלקי, ממילוי תפקיד נדרש ומהשתתפות בתמרוני הג"א לפי <ref href="/akn/il/act/PrimaryLegislation/1951-03-21/147300">חוק ההתגוננות האזרחית, תשי"א–1951</ref>; השר לא יפטור כאמור אלא לאחר תיאום עם שר הבטחון או עם מי ששר הבטחון הסמיכו לכך.</p>
            </content>
          </point>
          <point eId="point_39א">
            <heading>
              <authorialNote placement="side">
                <p>ועדה מייעצת לעניין שירותים קיומיים מסוימים</p>
              </authorialNote>
            </heading>
            <num>39א.</num>
            <list>
              <point eId="point_39א__point_א">
                <num>(א)</num>
                <content>
                  <p>השר ימנה ועדה מייעצת לעניין קביעת מפעלים למתן שירותים קיומיים כאמור בפסקה (4) להגדרה ”שירותים קיומיים“.</p>
                </content>
              </point>
              <point eId="point_39א__point_ב">
                <num>(ב)</num>
                <list>
                  <intro>
                    <p>בוועדה המייעצת יהיו חברים –</p>
                  </intro>
                  <point eId="point_39א__point_ב__point_1">
                    <num>(1)</num>
                    <content>
                      <p>שני נציגי משרד התעשיה המסחר והתעסוקה ואחד מהם יהיה יושב ראש הוועדה;</p>
                    </content>
                  </point>
                  <point eId="point_39א__point_ב__point_2">
                    <num>(2)</num>
                    <content>
                      <p>נציג של משרד הביטחון;</p>
                    </content>
                  </point>
                  <point eId="point_39א__point_ב__point_3">
                    <num>(3)</num>
                    <content>
                      <p>נציג הג"א, או נציג המשרד לביטחון הפנים או המשטרה, לפי העניין;</p>
                    </content>
                  </point>
                  <point eId="point_39א__point_ב__point_4">
                    <num>(4)</num>
                    <content>
                      <p>נציג של ארגון עובדים המייצג את המספר הגדול ביותר של עובדים במדינה;</p>
                    </content>
                  </point>
                  <point eId="point_39א__point_ב__point_5">
                    <num>(5)</num>
                    <content>
                      <p>נציג של ארגונים ארציים יציגים של מעבידים שלדעת השר הם נוגעים בדבר.</p>
                    </content>
                  </point>
                </list>
              </point>
              <point eId="point_39א__point_ג">
                <num>(ג)</num>
                <content>
                  <p>כל מניין של הוועדה המייעצת הוא מניין חוקי לקיום התייעצות עמה כאמור בהגדרה ”מפעל למתן שירותים קיומיים“, ובלבד שכל חברי הוועדה הוזמנו להשתתף בהתייעצות.</p>
                </content>
              </point>
              <point eId="point_39א__point_ד">
                <num>(ד)</num>
                <content>
                  <p>לא התאפשרה, מפאת הנסיבות, התכנסות של הוועדה המייעצת, יכול שההתייעצות עם חבריה תבוצע גם באופן טלפוני או בכתב, לרבות בדואר אלקטרוני או בפקס.</p>
                </content>
              </point>
            </list>
          </point>
          <point eId="point_40">
            <heading>
              <authorialNote placement="side">
                <p>סמכויות לשנות צווים</p>
              </authorialNote>
            </heading>
            <num>40.</num>
            <list>
              <point eId="point_40__point_א">
                <num>(א)</num>
                <content>
                  <p>רשות שנתנה צו או הוראה אחרת לפי חוק זה רשאית בכל עת לבטלם או לשנותם, כפי שתראה לנכון.</p>
                </content>
              </point>
              <point eId="point_40__point_ב">
                <num>(ב)</num>
                <content>
                  <p>אם בעקבות שינוי הצו או ההוראה נשתנה גם המפעל החיוני או המפעל למתן שירותים קיומיים שבהם חייב מגוייס למלא שירותו, יראו לצורך חישוב תקופת השירות את היום שבו נקרא האדם לראשונה לשירות עבודה, כיום תחילת השירות.</p>
                </content>
              </point>
            </list>
          </point>
          <point eId="point_41">
            <heading>
              <authorialNote placement="side">
                <p>סמכויות מיוחדות למפקח כללי ולמפקח מרחבי</p>
              </authorialNote>
            </heading>
            <num>41.</num>
            <content>
              <p>המפקח הכללי על כוח האדם או מפקח מרחבי או כל אדם שהוסמך על ידיהם רשאים להיכנס בכל עת המתקבלת על הדעת לכל מקום המשמש לצרכי מפעל ולבדוק אם מקיימים את ההוראות שניתנו בחוק זה או על פיו.</p>
            </content>
          </point>
          <point eId="point_42">
            <heading>
              <authorialNote placement="side">
                <p>סמכות מפקח מרחבי מנותק</p>
              </authorialNote>
            </heading>
            <num>42.</num>
            <content>
              <p>למפקח מרחבי, אשר מרחבו או חלק ממנו נותק עקב פעולות איבה מיתר חלקי המדינה, יהיו כל הסמכויות הנתונות למפקח על כוח האדם לפי חוק זה או שנאצלו למפקח הכללי על פיו.</p>
            </content>
          </point>
          <point eId="point_43">
            <heading>
              <authorialNote placement="side">
                <p>אישורים</p>
              </authorialNote>
            </heading>
            <num>43.</num>
            <content>
              <p>אישור חתום בידי המפקח הכללי על כוח האדם או בידי מפקח מרחבי, כי מפעל פלוני הוא מפעל חיוני או מפעל למתן שירותים קיומיים, או כי מפעל פלוני היה בתקופה מסויימת מפעל חיוני או מפעל למתן שירותים קיומיים, או כי אדם פלוני נקרא לשירות עבודה, או כי אדם פלוני שירת תקופה מסויימת שירות עבודה, ישמש ראיה לדבר בכל הליך משפטי.</p>
            </content>
          </point>
          <point eId="point_44">
            <heading>
              <authorialNote placement="side">
                <p>העברת הבעלות</p>
              </authorialNote>
            </heading>
            <num>44.</num>
            <content>
              <p>אין בהעברת הבעלות במפעל כדי לגרוע מחיובים לפי חוק זה שבעל המפעל היה חייב בהם ערב ההעברה, וגם בעלו החדש של המפעל חייב בהם החל במועד ההעברה.</p>
            </content>
          </point>
          <point eId="point_45">
            <heading>
              <authorialNote placement="side">
                <p>פגם בנוסח וטעות בנקיבת שם</p>
              </authorialNote>
            </heading>
            <num>45.</num>
            <content>
              <p>צו או הוראה אחרת שניתנו לפי חוק זה לא ייפסלו בגלל פגם בנוסח בלבד, וטעות בנקיבת שמו של האדם הנוגעת לו אינה פוגעת בחוקיותם זולת אם היה בה כדי להטעות.</p>
            </content>
          </point>
          <point eId="point_46">
            <heading>
              <authorialNote placement="side">
                <p>סוגם ופרסומם של צווים</p>
              </authorialNote>
            </heading>
            <num>46.</num>
            <list>
              <point eId="point_46__point_א">
                <num>(א)</num>
                <content>
                  <p>צו לפי חוק זה יכול להיות כללי או לסוג מסויים או אישי.</p>
                </content>
              </point>
              <point eId="point_46__point_ב">
                <num>(ב)</num>
                <content>
                  <p>צו לפי <ref href="#chp_ד">פרק ד׳</ref> וכן צו המאשר מפעל כמפעל חיוני או כמפעל למתן שירותים קיומיים, אין חובה לפרסמם ברשומות.</p>
                </content>
              </point>
            </list>
          </point>
          <point eId="point_47">
            <heading>
              <authorialNote placement="side">
                <p>תחולה</p>
              </authorialNote>
            </heading>
            <num>47.</num>
            <content>
              <p>הוראה לפי חוק זה מחייבת את האדם שעליו היא חלה מן הזמן שהגיעה לידיעתו.</p>
            </content>
          </point>
          <point eId="point_48">
            <heading>
              <authorialNote placement="side">
                <p>מסירה</p>
              </authorialNote>
            </heading>
            <num>48.</num>
            <list>
              <point eId="point_48__point_א">
                <num>(א)</num>
                <content>
                  <p>הוראה שפורסמה ברשומות, רואים אותה כאילו הגיעה לידיעת האדם שעליו היא חלה בצהרי היום שלאחר יום הפרסום.</p>
                </content>
              </point>
              <point eId="point_48__point_ב">
                <num>(ב)</num>
                <list>
                  <intro>
                    <p>הוראה שלא פורסמה ברשומות, רואים אותה באין הוכחה אחרת –</p>
                  </intro>
                  <point eId="point_48__point_ב__point_1">
                    <num>(1)</num>
                    <content>
                      <p>אם נמסרה לאדם שעליו היא חלה או לאחד מבני משפחתו הגרים עמו ושאינו קטין, כאילו הגיעה לידיעת האדם בזמן המסירה;</p>
                    </content>
                  </point>
                  <point eId="point_48__point_ב__point_2">
                    <num>(2)</num>
                    <content>
                      <p>אם נשלחה לאדם בדואר רשום לפי מען מקום מגוריו הקבוע, כאילו הגיעה לידיעתו כתום שבעים ושתים שעות מזמן שנמסרה לדואר למשלוח.</p>
                    </content>
                  </point>
                </list>
              </point>
              <point eId="point_48__point_ג">
                <num>(ג)</num>
                <content>
                  <p>הוראה שנמסרה או נשלחה לאדם באחת הדרכים האמורות בסעיף קטן (ב), רואים אותה כאילו הגיעה לידיעתו של האדם בזמן האמור שם, אף אם פורסמה לאחר מכן ברשומות.</p>
                </content>
              </point>
              <point eId="point_48__point_ד">
                <num>(ד)</num>
                <content>
                  <p>הוראה כללית שפורסמה בעתונות, ברדיו או מעל לוח מודעות, רואים אותה כאילו הגיעה לידיעת כל אדם הנוגע בדבר, זולת אם הוכח אחרת.</p>
                </content>
              </point>
            </list>
          </point>
          <point eId="point_49">
            <heading>
              <authorialNote placement="side">
                <p>הצגת הודעות</p>
              </authorialNote>
            </heading>
            <num>49.</num>
            <list>
              <point eId="point_49__point_א">
                <num>(א)</num>
                <content>
                  <p>מי שהורשה לכך על ידי המפקח הכללי על כוח האדם או מטעמו להציג הודעה לפי חוק זה על פני מקרקעין או בתוכם או להורות שההודעה כאמור תוצג, רשאי להיכנס בכל עת סבירה לכל מקרקעין ולהציג את ההודעה.</p>
                </content>
              </point>
              <point eId="point_49__point_ב">
                <num>(ב)</num>
                <content>
                  <p>הוצגה הודעה כאמור, לא יוריד אותה איש ולא ימחקנה ולא ישנה בה כל שינוי, זולת מי שהורשה לכך כאמור בסעיף קטן (א).</p>
                </content>
              </point>
            </list>
          </point>
          <point eId="point_50">
            <heading>
              <authorialNote placement="side">
                <p>הוראות מיוחדות לענין מערכת הבטחון</p>
              </authorialNote>
            </heading>
            <num>50.</num>
            <list>
              <intro>
                <p>במפעל המוחזק על ידי צבא־הגנה לישראל או על ידי מערכת הבטחון יחולו הוראות מיוחדות אלה:</p>
              </intro>
              <point eId="point_50__point_1">
                <num>(1)</num>
                <content>
                  <p>לא ישתמשו בו בסמכויות על פי <ref href="#point_41">סעיף 41</ref> ועל פי <ref href="#point_49">סעיף 49</ref>, אלא בהסכמתו של מי ששר הבטחון מינה לכך;</p>
                </content>
              </point>
              <point eId="point_50__point_2">
                <num>(2)</num>
                <content>
                  <p>החובות המוטלות על פי <ref href="#point_5">סעיף 5</ref> יחולו עליו בסייגים שייקבעו על ידי השר בהתייעצות עם שר הבטחון.</p>
                </content>
              </point>
            </list>
          </point>
          <point eId="point_51">
            <heading>
              <authorialNote placement="side">
                <p>ביצוע ותקנות</p>
              </authorialNote>
            </heading>
            <num>51.</num>
            <content>
              <p>השר ממונה על ביצוע חוק זה והוא רשאי להתקין תקנות בכל ענין הנוגע לביצועו, ובכלל זה תקנות בדבר התנדבות לשירות עבודה.</p>
            </content>
          </point>
          <point eId="point_52">
            <heading>
              <authorialNote placement="side">
                <p>אצילת סמכויות</p>
              </authorialNote>
            </heading>
            <num>52.</num>
            <list>
              <point eId="point_52__point_א">
                <num>(א)</num>
                <content>
                  <p>השר רשאי לאצול לאחר סמכויותיו לפי חוק זה, כולן או מקצתן, חוץ מסמכויות לפי <ref href="#point_3">סעיפים 3(ד)</ref>, <ref href="#point_4">4</ref>, <ref href="#point_16">16(א)</ref>, <ref href="#point_16א">16א</ref>, <ref href="#point_16ב">16ב</ref>, <ref href="#point_51">ו־51</ref>.</p>
                </content>
              </point>
              <point eId="point_52__point_ב">
                <num>(ב)</num>
                <content>
                  <p>שר הבטחון רשאי לאצול לאחר את סמכותו לפי <ref href="#point_1">סעיפים 1</ref><ref href="#point_50">ו־50</ref>.</p>
                </content>
              </point>
            </list>
          </point>
          <point eId="point_53">
            <heading>
              <authorialNote placement="side">
                <p>ביטול והוראות מעבר</p>
              </authorialNote>
            </heading>
            <num>53.</num>
            <list>
              <point eId="point_53__point_א">
                <num>(א)</num>
                <list>
                  <intro>
                    <p>תקנות־שעת־חירום (שירות עבודה), תשכ"ז–1967 – בטלות, אולם –</p>
                  </intro>
                  <point eId="point_53__point_א__point_1">
                    <num>(1)</num>
                    <content>
                      <p>כל מינוי, הוראה ותקנה אחרת שנעשו או ניתנו מכוחן או מכוח תקנות־שעת־חירום לגיוס כוח אדם, תש"ח–1948, ושהיה להם תוקף בשעת הביטול יעמדו בתקפם, במידה שאינם סותרים את הוראות חוק זה, עד שיבוטלו או עד שיוחלפו במינויים, בהוראות או בתקנות אחרים שנעשו או שניתנו על פי חוק זה;</p>
                    </content>
                  </point>
                  <point eId="point_53__point_א__point_2">
                    <num>(2)</num>
                    <content>
                      <p>כל רשימה המתנהלת על ידי בעל מפעל על פי תקנה 12 לתקנות־שעת־חירום לגיוס כוח אדם, תש"ח–1948, או תקנה 5 לתקנות־שעת־חירום (שירות עבודה), תשכ"ז–1967, רואים אותה לענין <ref href="#point_5">סעיף 5</ref> כאילו היא רשימה המתנהלת על פי אותו סעיף;</p>
                    </content>
                  </point>
                  <point eId="point_53__point_א__point_3">
                    <num>(3)</num>
                    <content>
                      <p>כל מסמך שכתוב בו ”תקנות־שעת־חירום לגיוס כוח אדם, תש"ח–1948“ או ”תקנות־שעת־חירום (שירות עבודה), תשכ"ז–1967“ רואים כאילו כתוב בו ”חוק שירות עבודה בשעת חירום, תשכ"ז–1967“, וכל התייחסות במסמך כאמור לתקנה מהתקנות האמורות, רואים אותה כמתייחסת להוראה מקבילה של חוק זה.</p>
                    </content>
                  </point>
                </list>
              </point>
              <point eId="point_53__point_ב">
                <num>(ב)</num>
                <content>
                  <p>
                    <ref href="#chp_ד">פרק ד׳</ref> יחול בדרך כלל במדינה כולה ביום תחילתו של חוק זה כאילו ניתן צו לפי <ref href="#point_16">סעיף 16</ref>.</p>
                </content>
              </point>
            </list>
          </point>
        </list>
      </chapter>
      <appendix eId="appendix">
        <num></num>
        <title>
          <content>
            <p>תוספת</p>
          </content>
        </title>
        <subtitle eId="eId">
          <num></num>
          <content>
            <p>
              <wikicomment font-size="x-small">(<ref href="#point_11">סעיף 11</ref>)</wikicomment>
            </p>
          </content>
        </subtitle>
        <list>
          <point eId="appendix__point_1">
            <heading>
              <authorialNote placement="side">
                <p xml:space="preserve"> </p>
              </authorialNote>
            </heading>
            <num>(1)</num>
            <content>
              <p>רופאים;</p>
            </content>
          </point>
          <point eId="appendix__point_2">
            <heading>
              <authorialNote placement="side">
                <p xml:space="preserve"> </p>
              </authorialNote>
            </heading>
            <num>(2)</num>
            <content>
              <p>אחים ואחיות;</p>
            </content>
          </point>
          <point eId="appendix__point_3">
            <heading>
              <authorialNote placement="side">
                <p xml:space="preserve"> </p>
              </authorialNote>
            </heading>
            <num>(3)</num>
            <content>
              <p>סגל רפואי סיעודי;</p>
            </content>
          </point>
          <point eId="appendix__point_4">
            <heading>
              <authorialNote placement="side">
                <p xml:space="preserve"> </p>
              </authorialNote>
            </heading>
            <num>(4)</num>
            <content>
              <p>סגל רפואי טכני;</p>
            </content>
          </point>
          <point eId="appendix__point_5">
            <heading>
              <authorialNote placement="side">
                <p xml:space="preserve"> </p>
              </authorialNote>
            </heading>
            <num>(5)</num>
            <content>
              <p>סגל רפואי אקדמאי אחר;</p>
            </content>
          </point>
          <point eId="appendix__point_6">
            <heading>
              <authorialNote placement="side">
                <p xml:space="preserve"> </p>
              </authorialNote>
            </heading>
            <num>(6)</num>
            <content>
              <p>עובדי מינהל ותחזוקה ברפואה;</p>
            </content>
          </point>
          <point eId="appendix__point_7">
            <heading>
              <authorialNote placement="side">
                <p xml:space="preserve"> </p>
              </authorialNote>
            </heading>
            <num>(7)</num>
            <content>
              <p>נהגים;</p>
            </content>
          </point>
          <point eId="appendix__point_8">
            <heading>
              <authorialNote placement="side">
                <p xml:space="preserve"> </p>
              </authorialNote>
            </heading>
            <num>(8)</num>
            <content>
              <p>עובדי מנוף ובתי מלאכה בנמלים;</p>
            </content>
          </point>
          <point eId="appendix__point_9">
            <heading>
              <authorialNote placement="side">
                <p xml:space="preserve"> </p>
              </authorialNote>
            </heading>
            <num>(9)</num>
            <content>
              <p>עובדי רשת החשמל;</p>
            </content>
          </point>
          <point eId="appendix__point_10">
            <heading>
              <authorialNote placement="side">
                <p xml:space="preserve"> </p>
              </authorialNote>
            </heading>
            <num>(10)</num>
            <content>
              <p>עובדי מתכת בייצור בטחוני;</p>
            </content>
          </point>
          <point eId="appendix__point_11">
            <heading>
              <authorialNote placement="side">
                <p xml:space="preserve"> </p>
              </authorialNote>
            </heading>
            <num>(11)</num>
            <content>
              <p>מפעילי ציוד מיכני הנדסי;</p>
            </content>
          </point>
          <point eId="appendix__point_12">
            <heading>
              <authorialNote placement="side">
                <p xml:space="preserve"> </p>
              </authorialNote>
            </heading>
            <num>(12)</num>
            <content>
              <p>עובדי מינהל, עובדים טכניים, בוחנים ושמאים בתחבורה.</p>
            </content>
          </point>
        </list>
      </appendix>
    </body>
    <conclusions eId="eId">
      <p class="signatures">
        <signature>
          <p>
            <person refersTo="לוי_אשכול">לוי אשכול</person>
            <role refersTo="ראש_הממשלה">ראש הממשלה</role>
          </p>
        </signature>
        <signature>
          <p>
            <person refersTo="יגאל_אלון">יגאל אלון</person>
            <role refersTo="שר_העבודה">שר העבודה</role>
          </p>
        </signature>
        <signature>
          <p>
            <person refersTo="שניאור_זלמן_שזר">שניאור זלמן שזר</person>
            <role refersTo="נשיא_המדינה">נשיא המדינה</role>
          </p>
        </signature>
      </p>
    </conclusions>
  </act>
</akomaNtoso>