﻿<?xml version="1.0" encoding="utf-8"?>
<akomaNtoso xmlns="http://docs.oasis-open.org/legaldocml/ns/akn/3.0">
  <act contains="originalVersion" name="publicLaw">
    <meta>
      <identification source="#kensset">
        <FRBRWork>
          <FRBRthis value="/akn/il/act/PrimaryLegislation/1961-03-23/147592/main" />
          <FRBRuri value="/akn/il/act/PrimaryLegislation/1961-03-23/147592" />
          <FRBRdate date="1961-03-23" name="Generation" />
          <FRBRauthor href="#knesset" as="#author" />
          <FRBRcountry value="israel" />
        </FRBRWork>
        <FRBRExpression>
          <FRBRthis value="/akn/il/act/PrimaryLegislation/1961-03-23/147592/he@/main" />
          <FRBRuri value="/akn/il/act/PrimaryLegislation/1961-03-23/147592/he@" />
          <FRBRdate date="1961-03-23" name="Generation" />
          <FRBRauthor href="#knesset" as="#author" />
          <FRBRlanguage language="hebrew" />
        </FRBRExpression>
        <FRBRManifestation>
          <FRBRthis value="/akn/il/act/PrimaryLegislation/1961-03-23/147592/he@/main.xml" />
          <FRBRuri value="/akn/il/act/PrimaryLegislation/1961-03-23/147592/he@" />
          <FRBRdate date="1961-03-23" name="Generation" />
          <FRBRauthor href="#knesset" as="#author" />
          <FRBRformat value="xml" />
        </FRBRManifestation>
      </identification>
      <classification source="#kensset">
        <keyword value="{classificationValue}" showAs="{classificationValue}" dictionary="#classification_dictionary" />
      </classification>
      <lifecycle source="#kensset">
        <eventRef eId="eventRef_1" date="1961-03-23" source="#kensset" type="generation" />
      </lifecycle>
      <references source="#kensset">
        <TLCOrganization eId="kensset" href="/ontology/organization/akn/knesset" showAs="Kensset" type="generation" />
        <TLCRole eId="author" href="/ontology/role/akn/author" showAs="Author of Document" />
        <TLCProcess eId="inforce" href="/ontology/process/akn/inforce" showAs="In force" />
        <TLCTerm eId="term_1" href="/ontology/term/השר/147592" showAs="השר" />
        <TLCTerm eId="term_2" href="/ontology/term/חוק_זה/147592" showAs="חוק_זה" />
        <TLCPerson eId="דוד_בן־גוריון" href="/ontology/person/דוד_בן־גוריון" showAs="דוד בן־גוריון" />
        <TLCPerson eId="ישראל_ברזילי" href="/ontology/person/ישראל_ברזילי" showAs="ישראל ברזילי" />
        <TLCPerson eId="חיים_משה_שפירא" href="/ontology/person/חיים_משה_שפירא" showAs="חיים משה שפירא" />
        <TLCPerson eId="יצחק_בן־צבי" href="/ontology/person/יצחק_בן־צבי" showAs="יצחק בן־צבי" />
        <TLCRole eId="ראש_הממשלה" href="ontology/role/akn/ראש_הממשלה" showAs="ראש הממשלה" />
        <TLCRole eId="שר_הבריאות" href="ontology/role/akn/שר_הבריאות" showAs="שר הבריאות" />
        <TLCRole eId="שר_הפנים" href="ontology/role/akn/שר_הפנים" showAs="שר הפנים" />
        <TLCRole eId="נשיא_המדינה" href="ontology/role/akn/נשיא_המדינה" showAs="נשיא המדינה" />
      </references>
      <temporalData source="#kensset">
        <temporalGroup eId="tmpg_1" />
      </temporalData>
      <Publication></Publication>
    </meta>
    <body period="#tmpg_1">
      <title eId="title">
        <content>
          <p>חוק למניעת מפגעים, תשכ"א–1961</p>
        </content>
      </title>
      <list>
        <point eId="point_1" class="definitions">
          <heading>
            <authorialNote placement="side">
              <p>הגדרות</p>
            </authorialNote>
          </heading>
          <num>1.</num>
          <list>
            <intro>
              <p>בחוק זה –</p>
            </intro>
            <point eId="point_1__point_השר">
              <content>
                <p>
                  <def />”השר“ – השר לאיכות הסביבה;</p>
              </content>
            </point>
            <point eId="point_1__point_חוק_זה">
              <content>
                <p>
                  <def />”חוק זה“ – לרבות התקנות, חוקי העזר וההוראות שניתנו לפיו.</p>
              </content>
            </point>
          </list>
        </point>
        <point eId="point_2">
          <heading>
            <authorialNote placement="side">
              <p>מניעת רעש</p>
            </authorialNote>
          </heading>
          <num>2.</num>
          <content>
            <p>לא יגרום אדם לרעש חזק או בלתי סביר, מכל מקור שהוא, אם הוא מפריע, או עשוי להפריע, לאדם המצוי בקרבת מקום או לעוברים ושבים.</p>
          </content>
        </point>
        <point eId="point_3">
          <heading>
            <authorialNote placement="side">
              <p>מניעת ריח</p>
            </authorialNote>
          </heading>
          <num>3.</num>
          <content>
            <p>לא יגרום אדם לריח חזק או בלתי סביר, מכל מקור שהוא, אם הוא מפריע, או עשוי להפריע, לאדם המצוי בקרבת מקום או לעוברים ושבים.</p>
          </content>
        </point>
        <point eId="point_4">
          <heading>
            <authorialNote placement="side">
              <p xml:space="preserve"> </p>
            </authorialNote>
          </heading>
          <num>4.</num>
          <content>
            <p>
              <wikicomment font-size="x-small">(בוטל).</wikicomment>
            </p>
          </content>
        </point>
        <point eId="point_5">
          <heading>
            <authorialNote placement="side">
              <p>כללי ביצוע</p>
            </authorialNote>
          </heading>
          <num>5.</num>
          <content>
            <p>השר יתקין, בתקנות, כללים לביצוע <ref href="#point_2">סעיפים 2</ref><ref href="#point_3">ו־3</ref>, ובין השאר רשאי הוא לקבוע מה הם רעש או ריח חזקים או בלתי סבירים.</p>
          </content>
        </point>
        <point eId="point_6">
          <heading>
            <authorialNote placement="side">
              <p>חוקי עזר</p>
            </authorialNote>
          </heading>
          <num>6.</num>
          <content>
            <p>רשות מקומית רשאית בחוק עזר, באישור השר, לקבוע הוראות מיוחדות לענין חוק זה, בהתחשב בתנאים המיוחדים של המקום ותושביו, והוראות כאמור יכול שיסטו מהוראות תקנות שהותקנו לפי חוק זה, לרבות קביעת אי־תחולתן של התקנות באזורים, בימים או בשעות שהוגדרו בחוק העזר.</p>
          </content>
        </point>
        <point eId="point_7">
          <heading>
            <authorialNote placement="side">
              <p>הוראות כלליות</p>
            </authorialNote>
          </heading>
          <num>7.</num>
          <content>
            <p>השר רשאי להורות, בתקנות, על הצעדים שיש לנקוט למניעת כל הפרה של <ref href="#point_2">הסעיפים 2</ref><ref href="#point_3">או 3</ref>; תקנות כאמור יכול שיהיו כלליות או לסוגים.</p>
          </content>
        </point>
        <point eId="point_8">
          <heading>
            <authorialNote placement="side">
              <p>הוראות אישיות</p>
            </authorialNote>
          </heading>
          <num>8.</num>
          <list>
            <point eId="point_8__point_א">
              <num>(א)</num>
              <content>
                <p>השר, או מי שהשר מינהו לכך, רשאי להורות לאדם פלוני על הצעדים שעליו לנקוט למניעת כל הפרה של <ref href="#point_2">הסעיפים 2</ref><ref href="#point_3">או 3</ref>.</p>
              </content>
            </point>
            <point eId="point_8__point_ב">
              <num>(ב)</num>
              <content>
                <p>התקנת תקנות לפי <ref href="#point_7">סעיף 7</ref>, או חוק עזר לפי <ref href="#point_6">סעיף 6</ref>, לא תגרע מהסמכות לתת הוראות לפי סעיף זה, למי שהתקנות או חוק העזר האמורים חלים עליו.</p>
              </content>
            </point>
          </list>
        </point>
        <point eId="point_9">
          <heading>
            <authorialNote placement="side">
              <p>רשיונות למפעלים</p>
            </authorialNote>
          </heading>
          <num>9.</num>
          <content>
            <p>כל רשיון על פי <ref href="/akn/il/act/PrimaryLegislation/1968-08-16/148450">חוק רישוי עסקים, התשכ"ח–1968</ref>, או רשיון אחר הנדרש על פי כל חיקוק לניהול מפעל, יראוהו כאילו הוא מותנה בקיום הוראות חוק זה.</p>
          </content>
        </point>
        <point eId="point_9א">
          <heading>
            <authorialNote placement="side">
              <p xml:space="preserve"> </p>
            </authorialNote>
          </heading>
          <num>9א.</num>
          <content>
            <p>
              <wikicomment font-size="x-small">(בוטל).</wikicomment>
            </p>
          </content>
        </point>
        <point eId="point_9ב">
          <heading>
            <authorialNote placement="side">
              <p xml:space="preserve"> </p>
            </authorialNote>
          </heading>
          <num>9ב.</num>
          <content>
            <p>
              <wikicomment font-size="x-small">(בוטל).</wikicomment>
            </p>
          </content>
        </point>
        <point eId="point_10">
          <heading>
            <authorialNote placement="side">
              <p>ראיות</p>
            </authorialNote>
          </heading>
          <num>10.</num>
          <list>
            <intro>
              <p>בכל הליך משפטי לפי חוק זה –</p>
            </intro>
            <point eId="point_10__point_1">
              <num>(1)</num>
              <content>
                <p>מפגע שנקבע כחזק או כבלתי סביר בתקנות לפי <ref href="#point_5">סעיף 5</ref>, חזקה שהוא עשוי לגרום הפרעה לאדם המצוי בקרבת מקום, כל עוד לא הוכח היפוכו;</p>
              </content>
            </point>
            <point eId="point_10__point_2">
              <num>(2)</num>
              <content>
                <p>העובדה שהנאשם או הנתבע מילא את כל המוטל עליו בהוראות שניתנו לפי <ref href="#point_8">סעיף 8</ref>, תהא לו הגנה טובה.</p>
              </content>
            </point>
          </list>
        </point>
        <point eId="point_10א">
          <heading>
            <authorialNote placement="side">
              <p>סמכויות בית משפט</p>
            </authorialNote>
          </heading>
          <num>10א.</num>
          <list>
            <point eId="point_10א__point_א">
              <num>(א)</num>
              <content>
                <p>הוגשו כתב אישום או קובלנה בשל עבירה לפי חוק זה, רשאי בית משפט ליתן צו עשה, צו אל תעשה, וכל סעד אחר, ככל שיראה לנכון בנסיבות שלפניו, לרבות לביצוע צו לסילוק מפגע לפי <ref href="#point_11ב">סעיף 11ב</ref>, והכל כדי למנוע, להפסיק או לצמצם מפגעי רעש או ריח חזקים או בלתי סבירים.</p>
              </content>
            </point>
            <point eId="point_10א__point_ב">
              <num>(ב)</num>
              <content>
                <p>על צווים שהוציא בית המשפט לפי סעיף קטן (א), יחולו הוראות <ref href="/akn/il/act/PrimaryLegislation/1959-08-13/147956#point_20כג">סעיף 20כג(ב) עד (ח) לחוק המים, התשי"ט–1959</ref>, בשינויים המחויבים.</p>
              </content>
            </point>
            <point eId="point_10א__point_ג">
              <num>(ג)</num>
              <content>
                <p>בית משפט שהרשיע אדם בעבירה לפי סעיף זה רשאי בגזר הדין, בנוסף לכל עונש שיטיל, לחייבו בתשלום ההוצאות שהוצאו להסרת המפגע, אם הגיש התובע או מי שהוציאן בקשה לבית המשפט.</p>
              </content>
            </point>
            <point eId="point_10א__point_ד">
              <num>(ד)</num>
              <content>
                <p>הורשעו בעבירה יותר מאדם אחד, רשאי בית המשפט, בהחלטה כאמור, להטיל את תשלום ההוצאות על כולם או על חלקם, יחד או לחוד, או לחלק את התשלום ביניהם, הכל כפי שייראה לו בנסיבות הענין.</p>
              </content>
            </point>
          </list>
        </point>
        <point eId="point_11">
          <heading>
            <authorialNote placement="side">
              <p>עונשין</p>
            </authorialNote>
          </heading>
          <num>11.</num>
          <list>
            <point eId="point_11__point_א">
              <num>(א)</num>
              <list>
                <intro>
                  <p>העובר על הוראות אלה, דינו – מאסר ששה חודשים או קנס כאמור <ref href="/akn/il/act/PrimaryLegislation/1977-08-04/2002251#point_61">בסעיף 61(א)(4) לחוק העונשין, התשל"ז–1977</ref> (להלן – חוק העונשין), ואם נעברה העבירה על ידי תאגיד, דינו – כפל הקנס האמור:</p>
                </intro>
                <point eId="point_11__point_א__point_1">
                  <num>(1)</num>
                  <content>
                    <p>
                      <ref href="#point_2">סעיפים 2</ref>
                      <ref href="#point_3">או 3 לחוק זה</ref>;</p>
                  </content>
                </point>
                <point eId="point_11__point_א__point_2">
                  <num>(2)</num>
                  <content>
                    <p>הוראות השר, או מי שהוא מינה לכך, לפי <ref href="#point_8">סעיף 8(א) לחוק זה</ref>;</p>
                  </content>
                </point>
                <point eId="point_11__point_א__point_3">
                  <num>(3)</num>
                  <content>
                    <p>תקנות שהתקין השר הקובעות מהם רעש או ריח חזקים או בלתי סבירים, או תקנות הקובעות את הצעדים שיש לנקוט כדי למנוע הפרת הוראות <ref href="#point_2">סעיפים 2</ref><ref href="#point_3">או 3 לחוק זה</ref>, או תקנות לפי <ref href="/akn/il/act/PrimaryLegislation/1972-03-23/2002290#point_57">סעיף 57(א)(5) לפקודת מסילות הברזל [נוסח חדש], התשל"ב–1972</ref> (בחוק זה – פקודת מסילות הברזל), לעניין השפעה על הסביבה או צמצום ההשפעה או מניעתה כאמור באותה פסקה;</p>
                  </content>
                </point>
                <point eId="point_11__point_א__point_4">
                  <num>(4)</num>
                  <content>
                    <p>אי ביצוע צו לסילוק מפגע לפי <ref href="#point_11ב">סעיף 11ב לחוק זה</ref>.</p>
                  </content>
                </point>
              </list>
            </point>
            <point eId="point_11__point_ב">
              <num>(ב)</num>
              <content>
                <p>העובר עבירה כאמור בסעיף קטן (א), באופן או בנסיבות מחמירות, דינו – מאסר שלוש שנים או כפל הקנס האמור <ref href="/akn/il/act/PrimaryLegislation/1977-08-04/2002251#point_61">בסעיף 61(א)(4) לחוק העונשין</ref>, ואם נעברה העבירה על ידי תאגיד, דינו – ארבע פעמים הקנס האמור <ref href="/akn/il/act/PrimaryLegislation/1977-08-04/2002251#point_61">בסעיף 61(א)(4) לחוק העונשין</ref>.</p>
              </content>
            </point>
            <point eId="point_11__point_ב1">
              <num>(ב1)</num>
              <list>
                <point eId="point_11__point_ב1__point_1">
                  <num>(1)</num>
                  <content>
                    <p>בשל עבירה שעבר אדם לפי סעיפים קטנים (א) או (ב), שכתוצאה ממנה השיג טובת הנאה או רווח, לעצמו או לאחר, רשאי בית המשפט להטיל עליו קנס בשיעור טובת ההנאה או הרווח שהשיג כאמור, נוסף על כל עונש אחר.</p>
                  </content>
                </point>
                <point eId="point_11__point_ב1__point_2">
                  <num>(2)</num>
                  <content>
                    <p>לעניין סעיף קטן זה, ”טובת הנאה“ – לרבות הוצאה שנחסכה.</p>
                  </content>
                </point>
                <point eId="point_11__point_ב1__point_3">
                  <num>(3)</num>
                  <content>
                    <p>אין בהוראות סעיף קטן זה כדי לגרוע מהוראות <ref href="/akn/il/act/PrimaryLegislation/1977-08-04/2002251#point_63">סעיף 63 לחוק העונשין</ref>.</p>
                  </content>
                </point>
              </list>
            </point>
            <point eId="point_11__point_ג">
              <num>(ג)</num>
              <content>
                <p>היתה העבירה עבירה נמשכת, רשאי בית המשפט להטיל קנס נוסף, בשיעור של חמישה אחוזים מסכום הקנס הקבוע לאותה עבירה, לכל יום שבו נמשכת העבירה מעבר לתקופת הזמן שנקבעה בהתראה ושתחילתה עם מסירתה; לענין זה, ”התראה“ – התראה בכתב ממי שהשר הסמיכו לענין זה.</p>
              </content>
            </point>
            <point eId="point_11__point_ד">
              <num>(ד)</num>
              <content>
                <p>הורשע אדם, בתוך שנתיים, פעם נוספת בעבירה לפי סעיף זה, דינו – מאסר כאמור בסעיף קטן (א) או כפל הקנס שבית המשפט היה רשאי להטיל עליו, לפי הוראות סעיף זה, בשל העבירה שבה הורשע.</p>
              </content>
            </point>
            <point eId="point_11__point_ה">
              <num>(ה)</num>
              <content>
                <p>עבירה לפי סעיף זה היא מסוג העבירות של אחריות קפידה.</p>
              </content>
            </point>
            <point eId="point_11__point_ו">
              <num>(ו)</num>
              <content>
                <p>קנס שהוטל בשל עבירה לפי חוק זה ישולם לקרן לשמירת הנקיון כמשמעותה <ref href="/akn/il/act/PrimaryLegislation/1984-06-07/149942">בחוק שמירת הנקיון, התשמ"ד–1984</ref> (להלן – הקרן לשמירת הנקיון).</p>
              </content>
            </point>
          </list>
        </point>
        <point eId="point_11א">
          <heading>
            <authorialNote placement="side">
              <p>סמכות לענין אזעקות ברכב</p>
            </authorialNote>
          </heading>
          <num>11א.</num>
          <list>
            <point eId="point_11א__point_א">
              <num>(א)</num>
              <content>
                <p>שוטר רשאי לנקוט אמצעים על מנת להפסיק רעש הנגרם ממכשיר אזעקה המותקן בכלי רכב והנמשך למעלה מ־20 דקות. בסעיף זה, ”נקיטת אמצעים“ – לרבות פירוק או פגיעה בחלקים של הרכב או של מערכת האזעקה, פריצה לרכב או גרירתו.</p>
              </content>
            </point>
            <point eId="point_11א__point_ב">
              <num>(ב)</num>
              <content>
                <p>נפתחה מכונית תוך נקיטת אמצעים כאמור בסעיף קטן (א), לא יהיה על המשטרה או על השוטר שגרם לפתיחת המכונית להציב שמירה ליד המכונית.</p>
              </content>
            </point>
            <point eId="point_11א__point_ג">
              <num>(ג)</num>
              <content>
                <p>שוטר לא ישא באחריות בנזיקין על מעשה שעשה לפי סעיף זה, בתום לב.</p>
              </content>
            </point>
            <point eId="point_11א__point_ד">
              <num>(ד)</num>
              <content>
                <p>הוצאות הגרירה וההחסנה של כלי רכב שנגרר לפי סעיף קטן (א) יחולו על בעל הרכב כאמור <ref href="/akn/il/act/PrimaryOrSecondaryLegislation/UnknownWorkDate/פקודת_התעבורה#point_70א">בסעיף 70א(3) לפקודת התעבורה</ref>.</p>
              </content>
            </point>
          </list>
        </point>
        <point eId="point_11א1">
          <heading>
            <authorialNote placement="side">
              <p>סמכות כניסה למקום לשם הפסקת רעש</p>
            </authorialNote>
          </heading>
          <num>11א1.</num>
          <list>
            <point eId="point_11א1__point_א">
              <num>(א)</num>
              <content>
                <p>נוכח שוטר כי מתבצעת במקום מסוים, ובכלל זה בבית המשמש למגורים, עבירה של גרימת רעש לפי <ref href="#point_11">סעיף 11(א)(1)</ref>, והיה לשוטר יסוד סביר לחשש כי המשך ביצוע העבירה גורם להפרעה ממשית לשלום הציבור, רשאי הוא להיכנס למקום כאמור בלא צו בית משפט לשם הפסקת ביצוע העבירה, ובלבד שיש צורך שאינו סובל דיחוי בהפעלת הסמכות כאמור לשם הפסקת העבירה, ועיכוב בהפעלת הסמכות לשם קבלת צו בית משפט יסכל את האפשרות להפסקת העבירה באופן מיידי.</p>
              </content>
            </point>
            <point eId="point_11א1__point_ב">
              <num>(ב)</num>
              <content>
                <p>לא יפעיל שוטר את סמכותו לפי סעיף קטן (א) אלא לאחר שהזדהה לפני מי ששוהה במקום בציון שמו, כינויו הרשמי והיותו שוטר, ולא ניתנה לו רשות להיכנס למקום אף שדרש באופן ברור להפסיק את ביצוע העבירה ודרישתו לא נענתה.</p>
              </content>
            </point>
            <point eId="point_11א1__point_ג">
              <num>(ג)</num>
              <content>
                <p>נכנס שוטר למקום כאמור בסעיף קטן (א), ידרוש להפסיק את ביצוע העבירה; סירב מי ששוהה במקום להפסיק את ביצוע העבירה כאמור לאחר שנדרש לעשות זאת, רשאי שוטר לנקוט באמצעי חיוני הדרוש לשם הפסקת ביצוע העבירה.</p>
              </content>
            </point>
          </list>
        </point>
        <point eId="point_11ב">
          <heading>
            <authorialNote placement="side">
              <p>צו לסילוק מפגע</p>
            </authorialNote>
          </heading>
          <num>11ב.</num>
          <list>
            <point eId="point_11ב__point_א">
              <num>(א)</num>
              <list>
                <intro>
                  <p>נוכח השר או מי שהוא הסמיך לענין זה כי נגרם רעש או ריח חזקים או בלתי סבירים בניגוד להוראות לפי חוק זה או בניגוד להוראות לפי <ref href="/akn/il/act/PrimaryLegislation/1972-03-23/2002290#point_57">סעיף 57(א)(5) לפקודת מסילות הברזל</ref> לעניין השפעה על הסביבה או צמצום ההשפעה או מניעתה כאמור <קישור סוג="1" עוגן="">באותה פסקה</קישור> (להלן – מפגע), וטרם הוגש כתב אישום, רשאי הוא לעשות את אלה:</p>
                </intro>
                <point eId="point_11ב__point_א__point_1">
                  <num>(1)</num>
                  <content>
                    <p>לצוות על מי שגרם למפגע או על בעל הנכס שממנו נגרם המפגע, להפסיק את המפגע, או לסלקו למקום, באופן ובתוך תקופת הזמן שנקבעה בצו ושתחילתה במועד מסירתו, הכל כפי שיורה בצו;</p>
                  </content>
                </point>
                <point eId="point_11ב__point_א__point_2">
                  <num>(2)</num>
                  <content>
                    <p>לצוות על מי שגרם למפגע או על בעל הנכס שממנו נגרם המפגע בצו כאמור בפסקה (1), להחזיר, במידת האפשר ובהתאם לנסיבות, את המצב לקדמותו.</p>
                  </content>
                </point>
              </list>
            </point>
            <point eId="point_11ב__point_ב">
              <num>(ב)</num>
              <content>
                <p>מי שלא קיים הוראות צו שניתן לפי סעיף זה, רשאי השר או מי שהוא הסמיך לענין זה, לבצע את הנדרש לפי הצו; משעשה כן, יהיה מי שנצטווה, אך לא מילא אחר הוראות הצו, חייב בתשלום כפל ההוצאות שהוצאו, לקרן לשמירת הנקיון; על גבייתן של הוצאות שהוצאו לפי סעיף זה תחול <ref href="/akn/il/act/PrimaryLegislation/1933-12-31/2001803">פקודת המסים (גביה)</ref>.</p>
              </content>
            </point>
            <point eId="point_11ב__point_ג">
              <num>(ג)</num>
              <content>
                <p>מי שהשר הסמיך לענין ביצוע צו כאמור בסעיף קטן (ב), רשאי להיכנס לכל מקום לשם ביצוע הצו, ובלבד שלא ייכנס למקום המשמש למגורים אלא על פי צו של בית משפט.</p>
              </content>
            </point>
            <point eId="point_11ב__point_ד">
              <num>(ד)</num>
              <content>
                <p>על מסירת צו לפי חוק זה יחולו הוראות <ref href="/akn/il/act/PrimaryLegislation/1982-03-01/2002215#point_237">סעיף 237 לחוק סדר הדין הפלילי [נוסח משולב], התשמ"ב–1982</ref> (להלן – חוק סדר הדין הפלילי), בדבר המצאת מסמכים, בשינויים המחויבים.</p>
              </content>
            </point>
          </list>
        </point>
        <point eId="point_11ב1">
          <heading>
            <authorialNote placement="side">
              <p>בקשה לביטול צו על ידי בית המשפט</p>
            </authorialNote>
          </heading>
          <num>11ב1.</num>
          <list>
            <point eId="point_11ב1__point_א">
              <num>(א)</num>
              <content>
                <p>הרואה עצמו נפגע על ידי צו שהוצא לפי הוראות <ref href="#point_11ב">סעיף 11ב</ref>, רשאי להגיש לבית המשפט המוסמך לדון בעבירה נושא הצו, בקשה לביטולו.</p>
              </content>
            </point>
            <point eId="point_11ב1__point_ב">
              <num>(ב)</num>
              <content>
                <p>הגשת בקשה לביטול צו לפי הוראות סעיף קטן (א), אינה מתלה את תוקפו של הצו, כל עוד לא החליט בית המשפט אחרת; החליט בית המשפט להתלות את תוקפו של הצו במעמד צד אחד, תידון הבקשה במעמד הצדדים בהקדם האפשרי, ולא יאוחר מתום שבעה ימים מיום ההחלטה.</p>
              </content>
            </point>
            <point eId="point_11ב1__point_ג">
              <num>(ג)</num>
              <content>
                <p>בית המשפט רשאי לבטל את הצו, לאשרו או לשנותו.</p>
              </content>
            </point>
          </list>
        </point>
        <point eId="point_11ג">
          <heading>
            <authorialNote placement="side">
              <p>אחריות נושא משרה בתאגיד</p>
            </authorialNote>
          </heading>
          <num>11ג.</num>
          <list>
            <point eId="point_11ג__point_א">
              <num>(א)</num>
              <content>
                <p>נושא משרה בתאגיד חייב לפקח ולעשות כל שניתן למניעת עבירות לפי <ref href="#point_11">סעיף 11</ref> על ידי התאגיד או על ידי עובד מעובדיו; המפר הוראה זו, דינו – כפל הקנס האמור <ref href="/akn/il/act/PrimaryLegislation/1977-08-04/2002251#point_61">בסעיף 61(א)(4) לחוק העונשין</ref>; לענין סעיף זה, ”נושא משרה“ – מנהל פעיל בתאגיד, שותף, למעט שותף מוגבל, או פקיד האחראי מטעם התאגיד על התחום שבו בוצעה העבירה.</p>
              </content>
            </point>
            <point eId="point_11ג__point_ב">
              <num>(ב)</num>
              <content>
                <p>נעברה עבירה לפי <ref href="#point_11">סעיף 11</ref> על ידי תאגיד או על ידי עובד מעובדיו, חזקה היא כי נושא משרה בתאגיד הפר חובתו לפי סעיף קטן (א), אלא אם כן הוכיח כי עשה כל שניתן כדי למלא את חובתו.</p>
              </content>
            </point>
          </list>
        </point>
        <point eId="point_11ד">
          <heading>
            <authorialNote placement="side">
              <p>שיעורי קנסות</p>
            </authorialNote>
          </heading>
          <num>11ד.</num>
          <content>
            <p>על אף הוראות <ref href="/akn/il/act/PrimaryLegislation/1982-03-01/2002215#point_221">סעיף 221(ב) לחוק סדר הדין הפלילי</ref>, רשאי שר המשפטים, בהסכמת השר, לקבוע שיעור קנס העולה על סכום הקנס הקבוע <ref href="/akn/il/act/PrimaryLegislation/1982-03-01/2002215#point_221">בסעיף האמור</ref> לעבירה לפי חוק זה שנקבעה כעבירת קנס, וכן לעבירת קנס חוזרת, נמשכת או נוספת שעבר אותו אדם, בהתחשב בסוג העבירה ובנסיבות ביצועה, ובלבד שסכום הקנס לא יעלה על עשרה אחוזים מסכום הקנס המרבי הקבוע לאותה עבירה.</p>
          </content>
        </point>
        <point eId="point_11ה">
          <heading>
            <authorialNote placement="side">
              <p>קובלנה</p>
            </authorialNote>
          </heading>
          <num>11ה.</num>
          <list>
            <point eId="point_11ה__point_א">
              <num>(א)</num>
              <list>
                <intro>
                  <p>על עבירה לפי חוק זה רשאים המנויים להלן להגיש קובלנה כאמור <ref href="/akn/il/act/PrimaryLegislation/1982-03-01/2002215#point_68">בסעיף 68 לחוק סדר הדין הפלילי</ref>:</p>
                </intro>
                <point eId="point_11ה__point_א__point_1">
                  <num>(1)</num>
                  <content>
                    <p>כל אדם – לגבי עבירה שנעברה ברשות היחיד שלו או שגרמה לו נזק;</p>
                  </content>
                </point>
                <point eId="point_11ה__point_א__point_2">
                  <num>(2)</num>
                  <content>
                    <p>רשות מקומית – לגבי עבירה שנעברה בתחומה;</p>
                  </content>
                </point>
                <point eId="point_11ה__point_א__point_3">
                  <num>(3)</num>
                  <content>
                    <p>כל אחד מהגופים הציבוריים והמקצועיים הקבועים <ref href="/akn/il/act/PrimaryLegislation/1992-04-07/152874#appendix">בתוספת לחוק למניעת מפגעים סביבתיים (תביעות אזרחיות), התשנ"ב–1992</ref>.</p>
                  </content>
                </point>
              </list>
            </point>
            <point eId="point_11ה__point_ב">
              <num>(ב)</num>
              <content>
                <p>לא תוגש קובלנה לפי סעיף קטן (א) אלא אם כן מסר הקובל הודעה לשר על כוונתו לעשות כן ולא הוגש, תוך 60 ימים לאחר מכן, כתב אישום מטעם היועץ המשפטי לממשלה.</p>
              </content>
            </point>
          </list>
        </point>
        <point eId="point_11ו">
          <heading>
            <authorialNote placement="side">
              <p>תחולה על המדינה</p>
            </authorialNote>
          </heading>
          <num>11ו.</num>
          <list>
            <point eId="point_11ו__point_א">
              <num>(א)</num>
              <list>
                <intro>
                  <p>חוק זה יחול על המדינה, ואולם –</p>
                </intro>
                <point eId="point_11ו__point_א__point_1">
                  <num>(1)</num>
                  <content>
                    <p>הוא לא יחול על מיתקני הועדה לאנרגיה אטומית ועל מי שהוחל עליו <ref href="/akn/il/act/PrimaryOrSecondaryLegislation/UnknownWorkDate/צו_הפיקוח_על_מצרכים_ושירותים_בניה_והפעלה_של_כור_גרעיני">צו הפיקוח על מצרכים ושירותים (בניה והפעלה של כור גרעיני), התשל"ה–1974</ref>;</p>
                  </content>
                </point>
                <point eId="point_11ו__point_א__point_2">
                  <num>(2)</num>
                  <list>
                    <intro>
                      <p>הוראות חוק זה לא יחולו על פעילות בטחונית או מבצעית או על תוצאות פעילות כאמור, של –</p>
                    </intro>
                    <point eId="point_11ו__point_א__point_2__point_א">
                      <num>(א)</num>
                      <content>
                        <p>יחידות ויחידות סמך של משרד ראש הממשלה, שעיקר פעילותן בתחום בטחון המדינה או יחסי החוץ שלה;</p>
                      </content>
                    </point>
                    <point eId="point_11ו__point_א__point_2__point_ב">
                      <num>(ב)</num>
                      <content>
                        <p>יחידות סמך של משרד הבטחון, שעיקר פעילותן בתחום בטחון המדינה;</p>
                      </content>
                    </point>
                    <point eId="point_11ו__point_א__point_2__point_ג">
                      <num>(ג)</num>
                      <content>
                        <p>צבא הגנה לישראל, ואולם פעילות כאמור תבוצע, ככל האפשר, בהתאם להוראות חוק זה.</p>
                      </content>
                    </point>
                  </list>
                </point>
              </list>
            </point>
            <point eId="point_11ו__point_ב">
              <num>(ב)</num>
              <content>
                <p>הוראות חוק זה לא יחולו על חברה ממשלתית שהועברו אליה תחומי פעולה של מי מהמנויים בפסקה (א)(2) אחרי יום כ"ג באדר ב׳ התשנ"ז (1 באפריל 1997), בכל הנוגע לתחומי הפעולה שהועברו אליה.</p>
              </content>
            </point>
          </list>
        </point>
        <point eId="point_12">
          <heading>
            <authorialNote placement="side">
              <p xml:space="preserve"> </p>
            </authorialNote>
          </heading>
          <num>12.</num>
          <content>
            <p>
              <wikicomment font-size="x-small">(בוטל).</wikicomment>
            </p>
          </content>
        </point>
        <point eId="point_13">
          <heading>
            <authorialNote placement="side">
              <p>מטרד היחיד</p>
            </authorialNote>
          </heading>
          <num>13.</num>
          <content>
            <p>לענין <ref href="/akn/il/act/PrimaryLegislation/1968-04-17/2002279">פקודת הנזיקין האזרחיים, 1944</ref>, דין כל הפרה של הוראת חוק זה כדין מטרד היחיד.</p>
          </content>
        </point>
        <point eId="point_14">
          <heading>
            <authorialNote placement="side">
              <p>גרם מעשה</p>
            </authorialNote>
          </heading>
          <num>14.</num>
          <content>
            <p>כל מקום בחוק שמדובר בו על גרימת מעשה פלוני, רואים אדם כאילו גרם לאותו מעשה גם אם הוא נעשה במקום הנתון לשליטתו או לפיקוחו, או על ידי מי שנתון לשליטתו או לפיקוחו, והוא לא נקט כל האמצעים הסבירים למניעתו; הטוען כי נקט אמצעים כאמור – עליו הראיה.</p>
          </content>
        </point>
        <point eId="point_15">
          <heading>
            <authorialNote placement="side">
              <p>שמירת תוקף</p>
            </authorialNote>
          </heading>
          <num>15.</num>
          <content>
            <p>הוראות חוק זה באות להוסיף על הוראות כל חיקוק ולא לגרוע מהן, ואין בהן כדי למנוע מרשות של המדינה או מרשות מקומית לקבוע הוראות נוספות על הוראות חוק זה בתחום סמכויותיהן כדין.</p>
          </content>
        </point>
        <point eId="point_16">
          <heading>
            <authorialNote placement="side">
              <p>פטור</p>
            </authorialNote>
          </heading>
          <num>16.</num>
          <content>
            <p>השר רשאי לקבוע, בתקנות, פטור מהוראות חוק זה, כולן או מקצתן, אם ראו שהדבר דרוש לשם שמירה על זכות ציבורית שהיא עדיפה על הזכות שתיפגע על ידי כך.</p>
          </content>
        </point>
        <point eId="point_17">
          <heading>
            <authorialNote placement="side">
              <p>אי תחולת החוק</p>
            </authorialNote>
          </heading>
          <num>17.</num>
          <list>
            <point eId="point_17__point_א">
              <num>(א)</num>
              <content>
                <p>הוראות חוק זה לא יחולו על רעש וריח, שפעולתם אינה חורגת מחוץ לרשות היחיד של הגורם להם.</p>
              </content>
            </point>
            <point eId="point_17__point_ב">
              <num>(ב)</num>
              <content>
                <p>הוראות חוק זה לא יחולו על רעש מכלי טיס שחל לגביהם <ref href="/akn/il/act/PrimaryLegislation/2011-04-13/336240#point_73">סעיף 73 לחוק הטיס, התשע"א–2011</ref>.</p>
              </content>
            </point>
          </list>
        </point>
        <point eId="point_18">
          <heading>
            <authorialNote placement="side">
              <p>ביצוע ותקנות</p>
            </authorialNote>
          </heading>
          <num>18.</num>
          <content>
            <p>השר ממונה על ביצוע חוק זה והוא רשאי להתקין תקנות בכל ענין הנוגע לביצועו.</p>
          </content>
        </point>
      </list>
    </body>
    <conclusions eId="eId">
      <p class="signatures">
        <signature>
          <p>
            <person refersTo="דוד_בן־גוריון">דוד בן־גוריון</person>
            <role refersTo="ראש_הממשלה">ראש הממשלה</role>
          </p>
        </signature>
        <signature>
          <p>
            <person refersTo="ישראל_ברזילי">ישראל ברזילי</person>
            <role refersTo="שר_הבריאות">שר הבריאות</role>
          </p>
        </signature>
        <signature>
          <p>
            <person refersTo="חיים_משה_שפירא">חיים משה שפירא</person>
            <role refersTo="שר_הפנים">שר הפנים</role>
          </p>
        </signature>
        <signature>
          <p>
            <person refersTo="יצחק_בן־צבי">יצחק בן־צבי</person>
            <role refersTo="נשיא_המדינה">נשיא המדינה</role>
          </p>
        </signature>
      </p>
    </conclusions>
  </act>
</akomaNtoso>