﻿<?xml version="1.0" encoding="utf-8"?>
<akomaNtoso xmlns="http://docs.oasis-open.org/legaldocml/ns/akn/3.0">
  <act contains="originalVersion" name="publicLaw">
    <meta>
      <identification source="#kensset">
        <FRBRWork>
          <FRBRthis value="/akn/il/act/PrimaryLegislation/1988-01-12/151544/main" />
          <FRBRuri value="/akn/il/act/PrimaryLegislation/1988-01-12/151544" />
          <FRBRdate date="1988-01-12" name="Generation" />
          <FRBRauthor href="#knesset" as="#author" />
          <FRBRcountry value="israel" />
        </FRBRWork>
        <FRBRExpression>
          <FRBRthis value="/akn/il/act/PrimaryLegislation/1988-01-12/151544/he@/main" />
          <FRBRuri value="/akn/il/act/PrimaryLegislation/1988-01-12/151544/he@" />
          <FRBRdate date="1988-01-12" name="Generation" />
          <FRBRauthor href="#knesset" as="#author" />
          <FRBRlanguage language="hebrew" />
        </FRBRExpression>
        <FRBRManifestation>
          <FRBRthis value="/akn/il/act/PrimaryLegislation/1988-01-12/151544/he@/main.xml" />
          <FRBRuri value="/akn/il/act/PrimaryLegislation/1988-01-12/151544/he@" />
          <FRBRdate date="1988-01-12" name="Generation" />
          <FRBRauthor href="#knesset" as="#author" />
          <FRBRformat value="xml" />
        </FRBRManifestation>
      </identification>
      <classification source="#kensset">
        <keyword value="{classificationValue}" showAs="{classificationValue}" dictionary="#classification_dictionary" />
      </classification>
      <lifecycle source="#kensset">
        <eventRef eId="eventRef_1" date="1988-01-12" source="#kensset" type="generation" />
      </lifecycle>
      <references source="#kensset">
        <TLCOrganization eId="kensset" href="/ontology/organization/akn/knesset" showAs="Kensset" type="generation" />
        <TLCRole eId="author" href="/ontology/role/akn/author" showAs="Author of Document" />
        <TLCProcess eId="inforce" href="/ontology/process/akn/inforce" showAs="In force" />
        <TLCTerm eId="term_1" href="/ontology/term/הגליל/151544" showAs="הגליל" />
        <TLCTerm eId="term_2" href="/ontology/term/המנהל/151544" showAs="המנהל" />
        <TLCTerm eId="term_3" href="/ontology/term/מרום_הגליל/151544" showAs="מרום_הגליל" />
        <TLCTerm eId="term_4" href="/ontology/term/משק_לול/151544" showAs="משק_לול" />
        <TLCTerm eId="term_5" href="/ontology/term/חוק_המועצה_לענף_הלול/151544" showAs="חוק_המועצה_לענף_הלול" />
        <TLCTerm eId="term_6" href="/ontology/term/בעל_מכסה/151544" showAs="בעל_מכסה" />
        <TLCTerm eId="term_7" href="/ontology/term/בעל_מכסת_הטלה/151544" showAs="בעל_מכסת_הטלה" />
        <TLCTerm eId="term_8" href="/ontology/term/בעל_משק_לול_לייצור_פטימים/151544" showAs="בעל_משק_לול_לייצור_פטימים" />
        <TLCTerm eId="term_9" href="/ontology/term/יצרן_חדש/151544" showAs="יצרן_חדש" />
        <TLCTerm eId="term_10" href="/ontology/term/יצרן_פטם/151544" showAs="יצרן_פטם" />
        <TLCTerm eId="term_11" href="/ontology/term/מכסה_אישית/151544" showAs="מכסה_אישית" />
        <TLCTerm eId="term_12" href="/ontology/term/השרים/151544" showAs="השרים" />
        <TLCTerm eId="term_13" href="/ontology/term/המועצה/151544" showAs="המועצה" />
        <TLCTerm eId="term_14" href="/ontology/term/מכסת_הטלה/151544" showAs="מכסת_הטלה" />
        <TLCTerm eId="term_15" href="/ontology/term/בעלים/151544" showAs="בעלים" />
        <TLCPerson eId="יצחק_שמיר" href="/ontology/person/יצחק_שמיר" showAs="יצחק שמיר" />
        <TLCPerson eId="גד_יעקובי" href="/ontology/person/גד_יעקובי" showAs="גד יעקובי" />
        <TLCPerson eId="אריאל_שרון" href="/ontology/person/אריאל_שרון" showAs="אריאל שרון" />
        <TLCPerson eId="חיים_הרצוג" href="/ontology/person/חיים_הרצוג" showAs="חיים הרצוג" />
        <TLCRole eId="ראש_הממשלה" href="ontology/role/akn/ראש_הממשלה" showAs="ראש הממשלה" />
        <TLCRole eId="שר_הכלכלה_והתכנון" href="ontology/role/akn/שר_הכלכלה_והתכנון" showAs="שר הכלכלה והתכנון" />
        <TLCRole eId="שר_התעשיה_והמסחר" href="ontology/role/akn/שר_התעשיה_והמסחר" showAs="שר התעשיה והמסחר" />
        <TLCRole eId="נשיא_המדינה" href="ontology/role/akn/נשיא_המדינה" showAs="נשיא המדינה" />
      </references>
      <temporalData source="#kensset">
        <temporalGroup eId="tmpg_1" />
      </temporalData>
      <Publication></Publication>
    </meta>
    <body period="#tmpg_1">
      <title eId="title">
        <content>
          <p>חוק הגליל, התשמ"ח–1988</p>
        </content>
      </title>
      <list>
        <point eId="point_1" class="definitions">
          <heading>
            <authorialNote placement="side">
              <p>הגדרות</p>
            </authorialNote>
          </heading>
          <num>1.</num>
          <list>
            <intro>
              <p>בחוק זה –</p>
            </intro>
            <point eId="point_1__point_הגליל">
              <content>
                <p>
                  <def />”הגליל“ – תחום שיקבעו השרים בצו;</p>
              </content>
            </point>
            <point eId="point_1__point_המנהל">
              <content>
                <p>
                  <def />”המנהל“ – המנהל הכללי של משרד החקלאות ופיתוח הכפר או מי שהוא הסמיך לעניין חוק זה;</p>
              </content>
            </point>
            <point eId="point_1__point_מרום_הגליל">
              <content>
                <p>
                  <def />”מרום הגליל“ – יישובים באזור המסומן במפה <ref href="#appendix">שבתוספת</ref>, ולעניין העיר נהריה, ”נהריה“ – כפר שיתופי להתיישבות חקלאית בע"מ, בלבד, שקיים בהם לול שבו מגדלים תרנגולות או פטימים, לפי העניין, שהוכנסו ללול בהתאם להיתר לפי <ref href="/akn/il/act/PrimaryLegislation/1985-04-08/2002289">פקודת מחלות בעלי חיים [נוסח חדש], התשמ"ה–1985</ref>, ולעניין <ref href="/akn/il/act/PrimaryOrSecondaryLegislation/UnknownWorkDate/http_fs_knesset_gov_il_20_law_20_lsr_382426_pdf#point_7">סעיף 7 לחוק הגליל (תיקון מס׳ 12), התשע"ז–2017</ref> – גם יישובים כאמור שגידלו בהם בעבר פטימים;</p>
              </content>
            </point>
            <point eId="point_1__point_משק_לול">
              <content>
                <p>
                  <def />”משק לול“ – <wikicomment font-size="x-small">(נמחקה);</wikicomment></p>
              </content>
            </point>
            <point eId="point_1__point_חוק_המועצה_לענף_הלול">
              <content>
                <p>
                  <def />”חוק המועצה לענף הלול“ – <ref href="/akn/il/act/PrimaryLegislation/1963-12-06/147568">חוק המועצה לענף הלול (ייצור ושיווק), התשכ"ד–1963</ref>;</p>
              </content>
            </point>
            <point eId="point_1__point_בעל_מכסה">
              <list>
                <intro>
                  <p>
                    <def />”בעל מכסה“ – אחד מאלה:</p>
                </intro>
                <point eId="point_1__point_בעל_מכסה__point_1">
                  <num>(1)</num>
                  <content>
                    <p>בעל מכסת הטלה;</p>
                  </content>
                </point>
                <point eId="point_1__point_בעל_מכסה__point_2">
                  <num>(2)</num>
                  <content>
                    <p>יצרן פטם;</p>
                  </content>
                </point>
              </list>
            </point>
            <point eId="point_1__point_בעל_מכסת_הטלה">
              <content>
                <p>
                  <def />”בעל מכסת הטלה“ – בעל מכסה אישית לייצור ביצי מאכל לשיווק לפי <ref href="/akn/il/act/PrimaryLegislation/1963-12-06/147568">חוק המועצה לענף הלול</ref>;</p>
              </content>
            </point>
            <point eId="point_1__point_בעל_משק_לול_לייצור_פטימים">
              <content>
                <p>
                  <def />”בעל משק לול לייצור פטימים“ – חקלאי או אגודה שיתופית חקלאית שבתקופה שמיום י"ד בניסן התשמ"ח (1 באפריל 1988) עד יום כ"ד באדר ב׳ התשמ"ט (31 במרס 1989) היו בעלי מכסה לייצור פטימים לפי <ref href="/akn/il/act/PrimaryLegislation/1963-12-06/147568">חוק המועצה לענף הלול</ref> והפסיקו לייצר פטימים;</p>
              </content>
            </point>
            <point eId="point_1__point_יצרן_חדש">
              <content>
                <p>
                  <def />”יצרן חדש“ – בעל מכסה שהחל לגדל תרנגולות או פטימים, לפי העניין, לאחר יום י"ז באדר התשע"ז (15 במרס 2017), לרבות בעל משק לול לייצור פטימים שחזר לייצר פטימים לאחר המועד האמור;</p>
              </content>
            </point>
            <point eId="point_1__point_יצרן_פטם">
              <content>
                <p>
                  <def />”יצרן פטם“ – מגדל פטימים לשיווק;</p>
              </content>
            </point>
            <point eId="point_1__point_מכסה_אישית">
              <content>
                <p>
                  <def />”מכסה אישית“, ”מכסה ארצית“ ו”ועדת מכסות“ – <wikicomment font-size="x-small">(נמחקו);</wikicomment></p>
              </content>
            </point>
            <point eId="point_1__point_השרים">
              <content>
                <p>
                  <def />”השרים“ – שר החקלאות ופיתוח הכפר ושר האוצר;</p>
              </content>
            </point>
            <point eId="point_1__point_המועצה">
              <content>
                <p>
                  <def />”המועצה“ – מועצת הגליל שהוקמה לפי <ref href="#point_4">סעיף 4</ref>.</p>
              </content>
            </point>
          </list>
        </point>
        <point eId="point_2">
          <heading>
            <authorialNote placement="side">
              <p>עדיפות לגליל</p>
            </authorialNote>
          </heading>
          <num>2.</num>
          <list>
            <point eId="point_2__point_א">
              <num>(א)</num>
              <content>
                <p>הממשלה תשקוד על פיתוח הגליל ויישובו ובמסגרת תקציבי הפיתוח העומדים לרשותה, היא תקצה משאבים לפיתוחו.</p>
              </content>
            </point>
            <point eId="point_2__point_ב">
              <num>(ב)</num>
              <content>
                <p>לגליל תינתן עדיפות בפעולות משרדי הממשלה, לרבות בפיתוח ההתיישבות, החקלאות, החינוך, הבריאות, התיירות, התעשייה, התחבורה, התקשורת, הקליטה והעלייה.</p>
              </content>
            </point>
            <point eId="point_2__point_ג">
              <num>(ג)</num>
              <content>
                <p>לבעל מכסה במרום הגליל תינתן סובסידיה בעבור ייצור ביצים או פטימים, לפי העניין, בשנים 2018 עד 2027; גובה הסובסידיה לייצור ביצת מאכל או טון פטימים יהיה בגובה הסובסידיה הממוצעת שניתנה לייצור ביצת מאכל או טון פטימים, לפי העניין, לשנת 2017, לפי הוראות סעיף זה כנוסחו ערב יום תחילתו של <ref href="/akn/il/act/PrimaryOrSecondaryLegislation/UnknownWorkDate/http_fs_knesset_gov_il_20_law_20_lsr_382426_pdf">חוק הגליל (תיקון מס׳ 12), התשע"ז–2017</ref>.</p>
              </content>
            </point>
            <point eId="point_2__point_ד">
              <num>(ד)</num>
              <list>
                <intro>
                  <p>סובסידיה כאמור בסעיף קטן (ג) תינתן לפי אחד מאלה:</p>
                </intro>
                <point eId="point_2__point_ד__point_1">
                  <num>(1)</num>
                  <content>
                    <p>לבעל מכסת הטלה – בעבור ביצי מאכל שיוצרו במסגרת מכסתו ועד כמות של 500,000 ביצי מאכל, ואם הוא קיבוץ – עד כמות של 5 מיליון ביצים כאמור;</p>
                  </content>
                </point>
                <point eId="point_2__point_ד__point_2">
                  <num>(2)</num>
                  <content>
                    <p>ליצרן פטם – בשל פטימים שיוצרו עד כמות של 50 טון פטימים, ואם הוא קיבוץ – עד כמות של 500 טון פטימים או עד לגובה המכסה לייצור פטימים שנקבעה לו לשנת 1992, לפי הגבוה מביניהם.</p>
                  </content>
                </point>
              </list>
            </point>
            <point eId="point_2__point_ה">
              <num>(ה)</num>
              <list>
                <intro>
                  <p>לא תינתן סובסידיה כאמור בסעיף קטן (ד) אלא בהתקיים כל אלה:</p>
                </intro>
                <point eId="point_2__point_ה__point_1">
                  <num>(1)</num>
                  <content>
                    <p>בעל המכסה מתגורר מגורי קבע במרום הגליל ומייצר שם את הביצים או הפטימים, לפי העניין;</p>
                  </content>
                </point>
                <point eId="point_2__point_ה__point_2">
                  <num>(2)</num>
                  <content>
                    <p>אם הוא בעל מכסת הטלה – הוא מייצר את הביצים במשקו, במשק אחר ביישוב שבו מצוי משקו או במתחם שאינו במשקו של בעל מכסה אחר בתחום אותו יישוב;</p>
                  </content>
                </point>
                <point eId="point_2__point_ה__point_3">
                  <num>(3)</num>
                  <list>
                    <intro>
                      <p>אם הוא יצרן פטם –</p>
                    </intro>
                    <point eId="point_2__point_ה__point_3__point_א">
                      <num>(א)</num>
                      <content>
                        <p>הוא מייצר את הפטימים בלול במשקו, במשק אחר ביישוב שבו מצוי משקו או במתחם שאינו במשקו של יצרן פטם אחר בתחום אותו יישוב, ובלבד שאם ייצור הפטימים אינו בלול במשקו, מספר היצרנים שמייצרים פטימים באותו משק אינו עולה על עשרה יצרנים;</p>
                      </content>
                    </point>
                    <point eId="point_2__point_ה__point_3__point_ב">
                      <num>(ב)</num>
                      <list>
                        <intro>
                          <p>אם הוא יצרן חדש –</p>
                        </intro>
                        <point eId="point_2__point_ה__point_3__point_ב__point_1">
                          <num>(1)</num>
                          <content>
                            <p>מתקיים בו האמור בפסקת משנה (א) והלול הוקם לאחר יום י"ז באדר התשע"ז (15 במרס 2017); ואולם אם הוא בעל משק לול לייצור פטימים שחזר לייצר פטימים – תינתן הסובסידיה כאמור בסעיף קטן (ד) גם אם הלול הוקם לפני המועד האמור, ובלבד שהלול מצוי במשקו או במשק של יצרן פטם אחר שהוא קרוב משפחה מדרגה ראשונה; לעניין זה, ”קרוב משפחה מדרגה ראשונה“ – בן או בת זוג לרבות ידוע בציבור, הורה, בן, בת, אח או אחות, וכן בן זוגו של כל אחד מאלה;</p>
                          </content>
                        </point>
                        <point eId="point_2__point_ה__point_3__point_ב__point_2">
                          <num>(2)</num>
                          <content>
                            <p>אם הוא קיבל מענק חד־פעמי בשנת 2018 לפי הוראות <ref href="/akn/il/act/PrimaryOrSecondaryLegislation/UnknownWorkDate/http_fs_knesset_gov_il_20_law_20_lsr_382426_pdf#point_7">סעיף 7 לחוק הגליל (תיקון מס׳ 12), התשע"ז–2017</ref> – הוא יהיה זכאי לסובסידיה לפי הוראות סעיף קטן זה רק מיום י"ז בטבת התשפ"א (1 בינואר 2021) ואילך.</p>
                          </content>
                        </point>
                      </list>
                    </point>
                  </list>
                </point>
              </list>
            </point>
            <point eId="point_2__point_ו">
              <num>(ו)</num>
              <content>
                <p>הסובסידיה כאמור בסעיף זה תשולם בידי המועצה לבעל המכסה או לבעל המשק לייצור פטימים ישירות או באמצעות קבלן מורשה, כמשמעותו <ref href="/akn/il/act/PrimaryOrSecondaryLegislation/UnknownWorkDate/חוק_ענף_הלול">בחוק ענף הלול</ref>, ששיווק את הפטימים או הביצים, לפי העניין.</p>
              </content>
            </point>
          </list>
        </point>
        <point eId="point_2א" class="definitions">
          <heading>
            <authorialNote placement="side">
              <p>העברת מכסת הטלה</p>
            </authorialNote>
          </heading>
          <num>2א.</num>
          <list>
            <intro>
              <p>על אף הוראות <ref href="/akn/il/act/PrimaryLegislation/1963-12-06/147568#point_34">סעיף 34 לחוק המועצה לענף הלול</ref>, בעל מכסת הטלה במרום הגליל רשאי להעבירה לבעלים של משק חקלאי במרום הגליל, ובלבד שתועבר מכסה אחת בלבד והיא תועבר במלואה; לענין זה –</p>
            </intro>
            <point eId="point_2א__point_מכסת_הטלה">
              <content>
                <p>
                  <def />”מכסת הטלה“ – <wikicomment font-size="x-small">(נמחקה);</wikicomment></p>
              </content>
            </point>
            <point eId="point_2א__point_בעלים">
              <content>
                <p>
                  <def />”בעלים“ – לרבות מחזיק כמשמעותו <ref href="/akn/il/act/PrimaryLegislation/1967-08-10/147306">בחוק ההתיישבות החקלאית (סייגים לשימוש בקרקע חקלאית ובמים), התשכ"ז–1967</ref>.</p>
              </content>
            </point>
          </list>
        </point>
        <point eId="point_2ב">
          <heading>
            <authorialNote placement="side">
              <p>התליית סובסידיה, ביטולה, עיכוב תשלומה, השבתה או קיזוזה</p>
            </authorialNote>
          </heading>
          <num>2ב.</num>
          <list>
            <point eId="point_2ב__point_א">
              <num>(א)</num>
              <list>
                <intro>
                  <p>ניתנה סובסידיה על יסוד מידע שגוי או לא מולאה דרישת המנהל למסירת ידיעה או מסמך לפי <ref href="#point_2ד">סעיף 2ד</ref>, רשאי המנהל, בהודעה בכתב ולאחר שניתנה לבעל מכסה או לבעל משק לול לייצור פטימים, לפי העניין, הזדמנות סבירה בנסיבות העניין לטעון את טענותיו, להחליט אחד מאלה:</p>
                </intro>
                <point eId="point_2ב__point_א__point_1">
                  <num>(1)</num>
                  <content>
                    <p>להתלות או לבטל את תשלום הסובסידיה, כולה או חלקה, לעתיד או למפרע;</p>
                  </content>
                </point>
                <point eId="point_2ב__point_א__point_2">
                  <num>(2)</num>
                  <content>
                    <p>לעכב תשלומי סובסידיה עד לבירור העניין;</p>
                  </content>
                </point>
                <point eId="point_2ב__point_א__point_3">
                  <num>(3)</num>
                  <content>
                    <p>לדרוש השבת סובסידיות שניתנו;</p>
                  </content>
                </point>
                <point eId="point_2ב__point_א__point_4">
                  <num>(4)</num>
                  <content>
                    <p>לקזז מתשלומי הסובסידיה שיגיעו לפי חוק זה לבעל מכסה או לבעל משק לול לייצור פטימים כל סכום שניתן על יסוד מידע שגוי שהוא או מי מטעמו מסר.</p>
                  </content>
                </point>
              </list>
            </point>
            <point eId="point_2ב__point_ב">
              <num>(ב)</num>
              <content>
                <p>על החלטת המנהל לפי סעיף זה ניתן לערער לפני בית המשפט המחוזי בתוך 45 ימים מיום שנמסרה החלטת המנהל לבעל מכסה או לבעל משק לול לייצור פטימים; אין בהגשת הערעור לפי סעיף קטן זה כדי לעכב את ביצוע החלטת המנהל.</p>
              </content>
            </point>
            <point eId="point_2ב__point_ג">
              <num>(ג)</num>
              <content>
                <p>מי שקיבל סובסידיה לפי חוק זה על יסוד מידע כוזב שמסר למנהל, דינו – קנס כאמור <ref href="/akn/il/act/PrimaryLegislation/1977-08-04/2002251#point_61">בסעיף 61(א)(2) לחוק העונשין, התשל"ז–1977</ref>.</p>
              </content>
            </point>
          </list>
        </point>
        <point eId="point_2ג">
          <heading>
            <authorialNote placement="side">
              <p>החזרת סובסידיה</p>
            </authorialNote>
          </heading>
          <num>2ג.</num>
          <list>
            <point eId="point_2ג__point_א">
              <num>(א)</num>
              <content>
                <p>נדרש בעל מכסה או בעל משק לול לייצור פטימים להשיב סובסידיה כאמור <ref href="#point_2ב">בסעיף 2ב(3)</ref>, יחזירה בתוך שישים ימים מיום ההודעה או במועד מאוחר יותר, כפי שנקבע בהודעה, בצירוף הפרשי הצמדה וריבית כהגדרתם <ref href="/akn/il/act/PrimaryLegislation/1979-01-01/148271">בחוק פסיקת ריבית והצמדה, התשכ"א–1961</ref>, מיום קבלתה עד יום החזרתה, בשיעור המקסימלי המותר על פי אותו חוק; ואולם המנהל רשאי, מטעמים מיוחדים שיירשמו, לוותר על הפרשי הצמדה וריבית כאמור, כולם או מקצתם.</p>
              </content>
            </point>
            <point eId="point_2ג__point_ב">
              <num>(ב)</num>
              <content>
                <p>אין בהוראות סעיף כדי לגרוע מהוראות כל דין.</p>
              </content>
            </point>
          </list>
        </point>
        <point eId="point_2ד">
          <heading>
            <authorialNote placement="side">
              <p>דרישת ידיעות ומסמכים</p>
            </authorialNote>
          </heading>
          <num>2ד.</num>
          <content>
            <p>המנהל רשאי לדרוש מבעל מכסה ומבעל משק לייצור פטימים למסור לו כל ידיעה או מסמך הנדרש לו לשם בירור זכאות לסובסידיה לפי חוק זה; בסעיף זה, ”מסמך“ – לרבות פלט, כהגדרתו <ref href="/akn/il/act/PrimaryLegislation/1995-07-25/174481">בחוק המחשבים, התשנ"ה–1995</ref>.</p>
          </content>
        </point>
        <point eId="point_3">
          <heading>
            <authorialNote placement="side">
              <p xml:space="preserve"> </p>
            </authorialNote>
          </heading>
          <num>3.</num>
          <content>
            <p>
              <wikicomment font-size="x-small">(בוטל).</wikicomment>
            </p>
          </content>
        </point>
        <point eId="point_4">
          <heading>
            <authorialNote placement="side">
              <p xml:space="preserve"> </p>
            </authorialNote>
          </heading>
          <num>4.</num>
          <content>
            <p>
              <wikicomment font-size="x-small">(בוטל).</wikicomment>
            </p>
          </content>
        </point>
        <point eId="point_5">
          <heading>
            <authorialNote placement="side">
              <p xml:space="preserve"> </p>
            </authorialNote>
          </heading>
          <num>5.</num>
          <content>
            <p>
              <wikicomment font-size="x-small">(בוטל).</wikicomment>
            </p>
          </content>
        </point>
        <point eId="point_6">
          <heading>
            <authorialNote placement="side">
              <p xml:space="preserve"> </p>
            </authorialNote>
          </heading>
          <num>6.</num>
          <content>
            <p>
              <wikicomment font-size="x-small">(בוטל).</wikicomment>
            </p>
          </content>
        </point>
        <point eId="point_7">
          <heading>
            <authorialNote placement="side">
              <p xml:space="preserve"> </p>
            </authorialNote>
          </heading>
          <num>7.</num>
          <content>
            <p>
              <wikicomment font-size="x-small">(בוטל).</wikicomment>
            </p>
          </content>
        </point>
        <point eId="point_8">
          <heading>
            <authorialNote placement="side">
              <p xml:space="preserve"> </p>
            </authorialNote>
          </heading>
          <num>8.</num>
          <content>
            <p>
              <wikicomment font-size="x-small">(בוטל).</wikicomment>
            </p>
          </content>
        </point>
        <point eId="point_9">
          <heading>
            <authorialNote placement="side">
              <p xml:space="preserve"> </p>
            </authorialNote>
          </heading>
          <num>9.</num>
          <content>
            <p>
              <wikicomment font-size="x-small">(בוטל).</wikicomment>
            </p>
          </content>
        </point>
        <point eId="point_10">
          <heading>
            <authorialNote placement="side">
              <p xml:space="preserve"> </p>
            </authorialNote>
          </heading>
          <num>10.</num>
          <content>
            <p>
              <wikicomment font-size="x-small">(בוטל).</wikicomment>
            </p>
          </content>
        </point>
        <point eId="point_11">
          <heading>
            <authorialNote placement="side">
              <p xml:space="preserve"> </p>
            </authorialNote>
          </heading>
          <num>11.</num>
          <content>
            <p>
              <wikicomment font-size="x-small">(בוטל).</wikicomment>
            </p>
          </content>
        </point>
        <point eId="point_12">
          <heading>
            <authorialNote placement="side">
              <p>ביצוע ותקנות</p>
            </authorialNote>
          </heading>
          <num>12.</num>
          <content>
            <p>השרים ממונים על ביצוע חוק זה והם רשאים להתקין תקנות בכל הנוגע לביצועו.</p>
          </content>
        </point>
      </list>
      <appendix eId="appendix">
        <num></num>
        <title>
          <content>
            <p>תוספת</p>
          </content>
        </title>
        <subtitle eId="eId">
          <num></num>
          <content>
            <p>
              <wikicomment font-size="x-small">(<ref href="#point_1">סעיף 1</ref>, ההגדרה ”מרום הגליל“)</wikicomment>
            </p>
          </content>
        </subtitle>
        <list>
          <point eId="appendix__point_none">
            <heading>
              <authorialNote placement="side">
                <p xml:space="preserve"> </p>
              </authorialNote>
            </heading>
            <num></num>
            <content>
              <p>
                <img eId="eId" alt="מרום הגליל.jpg" src="//upload.wikimedia.org/wikipedia/commons/thumb/6/61/%D7%9E%D7%A8%D7%95%D7%9D_%D7%94%D7%92%D7%9C%D7%99%D7%9C.jpg/640px-%D7%9E%D7%A8%D7%95%D7%9D_%D7%94%D7%92%D7%9C%D7%99%D7%9C.jpg" />
              </p>
            </content>
          </point>
        </list>
      </appendix>
    </body>
    <conclusions eId="eId">
      <p class="signatures">
        <signature>
          <p>
            <person refersTo="יצחק_שמיר">יצחק שמיר</person>
            <role refersTo="ראש_הממשלה">ראש הממשלה</role>
          </p>
        </signature>
        <signature>
          <p>
            <person refersTo="גד_יעקובי">גד יעקובי</person>
            <role refersTo="שר_הכלכלה_והתכנון">שר הכלכלה והתכנון</role>
          </p>
        </signature>
        <signature>
          <p>
            <person refersTo="אריאל_שרון">אריאל שרון</person>
            <role refersTo="שר_התעשיה_והמסחר">שר התעשיה והמסחר</role>
          </p>
        </signature>
        <signature>
          <p>
            <person refersTo="חיים_הרצוג">חיים הרצוג</person>
            <role refersTo="נשיא_המדינה">נשיא המדינה</role>
          </p>
        </signature>
      </p>
    </conclusions>
  </act>
</akomaNtoso>