﻿<?xml version="1.0" encoding="utf-8"?>
<akomaNtoso xmlns="http://docs.oasis-open.org/legaldocml/ns/akn/3.0">
  <act contains="originalVersion" name="publicLaw">
    <meta>
      <identification source="#kensset">
        <FRBRWork>
          <FRBRthis value="/akn/il/act/PrimaryLegislation/1955-05-25/147193/main" />
          <FRBRuri value="/akn/il/act/PrimaryLegislation/1955-05-25/147193" />
          <FRBRdate date="1955-05-25" name="Generation" />
          <FRBRauthor href="#knesset" as="#author" />
          <FRBRcountry value="israel" />
        </FRBRWork>
        <FRBRExpression>
          <FRBRthis value="/akn/il/act/PrimaryLegislation/1955-05-25/147193/he@/main" />
          <FRBRuri value="/akn/il/act/PrimaryLegislation/1955-05-25/147193/he@" />
          <FRBRdate date="1955-05-25" name="Generation" />
          <FRBRauthor href="#knesset" as="#author" />
          <FRBRlanguage language="hebrew" />
        </FRBRExpression>
        <FRBRManifestation>
          <FRBRthis value="/akn/il/act/PrimaryLegislation/1955-05-25/147193/he@/main.xml" />
          <FRBRuri value="/akn/il/act/PrimaryLegislation/1955-05-25/147193/he@" />
          <FRBRdate date="1955-05-25" name="Generation" />
          <FRBRauthor href="#knesset" as="#author" />
          <FRBRformat value="xml" />
        </FRBRManifestation>
      </identification>
      <classification source="#kensset">
        <keyword value="{classificationValue}" showAs="{classificationValue}" dictionary="#classification_dictionary" />
      </classification>
      <lifecycle source="#kensset">
        <eventRef eId="eventRef_1" date="1955-05-25" source="#kensset" type="generation" />
      </lifecycle>
      <references source="#kensset">
        <TLCOrganization eId="kensset" href="/ontology/organization/akn/knesset" showAs="Kensset" type="generation" />
        <TLCRole eId="author" href="/ontology/role/akn/author" showAs="Author of Document" />
        <TLCProcess eId="inforce" href="/ontology/process/akn/inforce" showAs="In force" />
        <TLCTerm eId="term_1" href="/ontology/term/דיין/147193" showAs="דיין" />
        <TLCTerm eId="term_2" href="/ontology/term/מועצת_הרבנות_הראשית/147193" showAs="מועצת_הרבנות_הראשית" />
        <TLCTerm eId="term_3" href="/ontology/term/השר/147193" showAs="השר" />
        <TLCTerm eId="term_4" href="/ontology/term/הנציב/147193" showAs="הנציב" />
        <TLCTerm eId="term_5" href="/ontology/term/בן_משפחה/147193" showAs="בן_משפחה" />
        <TLCTerm eId="term_6" href="/ontology/term/בן_משפחה_מדרגה_ראשונה/147193" showAs="בן_משפחה_מדרגה_ראשונה" />
        <TLCTerm eId="term_7" href="/ontology/term/עד_מרכזי/147193" showAs="עד_מרכזי" />
        <TLCPerson eId="משה_שרת" href="/ontology/person/משה_שרת" showAs="משה שרת" />
        <TLCPerson eId="משה_שפירא" href="/ontology/person/משה_שפירא" showAs="משה שפירא" />
        <TLCPerson eId="יוסף_שפרינצק" href="/ontology/person/יוסף_שפרינצק" showAs="יוסף שפרינצק" />
        <TLCRole eId="ראש_הממשלה" href="ontology/role/akn/ראש_הממשלה" showAs="ראש הממשלה" />
        <TLCRole eId="שר_הדתות" href="ontology/role/akn/שר_הדתות" showAs="שר הדתות" />
        <TLCRole eId="יושב_ראש_הכנסת_|_ממלא_מקום_נשיא_המדינה" href="ontology/role/akn/יושב_ראש_הכנסת_|_ממלא_מקום_נשיא_המדינה" showAs="יושב ראש הכנסת | ממלא מקום נשיא המדינה" />
      </references>
      <temporalData source="#kensset">
        <temporalGroup eId="tmpg_1" />
      </temporalData>
      <Publication></Publication>
    </meta>
    <body period="#tmpg_1">
      <title eId="title">
        <content>
          <p>חוק הדיינים, תשט"ו–1955</p>
        </content>
      </title>
      <list>
        <point eId="point_1" class="definitions">
          <heading>
            <authorialNote placement="side">
              <p>הגדרות</p>
            </authorialNote>
          </heading>
          <num>1.</num>
          <list>
            <intro>
              <p>בחוק זה –</p>
            </intro>
            <point eId="point_1__point_דיין">
              <content>
                <p>
                  <def />”דיין“ – חבר בית דין רבני כמשמעותו <ref href="/akn/il/act/PrimaryOrSecondaryLegislation/UnknownWorkDate/דברי_המלך_במועצה_על_ארץ_ישראל#point_53">בדבר־המלך־במועצתו, 1922–1947</ref>, <ref href="/akn/il/act/PrimaryOrSecondaryLegislation/UnknownWorkDate/http_fs_knesset_gov_il_2_law_2_lsr_208095_pdf">בחוק בתי הדין הרבניים (אישור מינויים), תשי"ב–1952</ref>, <ref href="/akn/il/act/PrimaryLegislation/1953-09-04/148700">ובחוק שיפוט בתי דין רבניים (נישואין וגירושין), תשי"ג–1953</ref>;</p>
              </content>
            </point>
            <point eId="point_1__point_מועצת_הרבנות_הראשית">
              <content>
                <p>
                  <def />”מועצת הרבנות הראשית“ – כמשמעותה <ref href="/akn/il/act/PrimaryLegislation/1980-03-28/148416">בחוק הרבנות הראשית לישראל, התש"ם–1980</ref> (בחוק זה – חוק הרבנות הראשית);</p>
              </content>
            </point>
            <point eId="point_1__point_השר">
              <content>
                <p>
                  <def />”השר“ – שר המשפטים;</p>
              </content>
            </point>
            <point eId="point_1__point_הנציב">
              <content>
                <p>
                  <def />”הנציב“ – נציב תלונות הציבור על שופטים שמונה לפי <ref href="/akn/il/act/PrimaryLegislation/2002-08-05/173929#point_3">סעיף 3 לחוק נציב תלונות הציבור על שופטים, התשס"ב–2002</ref>.</p>
              </content>
            </point>
          </list>
        </point>
        <point eId="point_2">
          <heading>
            <authorialNote placement="side">
              <p>נושא החוק</p>
            </authorialNote>
          </heading>
          <num>2.</num>
          <content>
            <p>חוק זה דן בדיינים של בית הדין הרבני הגדול, המשמש בית דין לערעורים, ושל בתי הדין הרבניים האזוריים.</p>
          </content>
        </point>
        <point eId="point_3">
          <heading>
            <authorialNote placement="side">
              <p>כשירותם של דיינים</p>
            </authorialNote>
          </heading>
          <num>3.</num>
          <content>
            <p>מי שהוסמך לכך על ידי מועצת הרבנות הראשית תוך שנתיים לפני המינוי, כשיר להתמנות דיין. תנאי ההסמכה וסדריה ייקבעו בתקנות שיתקין השר בהסכמת מועצת הרבנות הראשית.<br xml:space="preserve" xmlns=""> </br><wikicomment font-size="x-small">פורסמו <ref href="/akn/il/act/PrimaryOrSecondaryLegislation/UnknownWorkDate/תקנות_הדיינים_תנאי_הסמכה_וסדריה">תקנות הדיינים (תנאי הסמכה וסדריה), תשט"ו–1955</ref>.</wikicomment></p>
          </content>
        </point>
        <point eId="point_3א">
          <heading>
            <authorialNote placement="side">
              <p>אזרחות</p>
            </authorialNote>
          </heading>
          <num>3א.</num>
          <list>
            <point eId="point_3א__point_א">
              <num>(א)</num>
              <content>
                <p>לא יתמנה דיין מי שאינו אזרח ישראלי.</p>
              </content>
            </point>
            <point eId="point_3א__point_ב">
              <num>(ב)</num>
              <content>
                <p>היה המועמד למינוי גם בעל אזרחות אחרת ודיני המדינה שהוא אזרח בה מאפשרים את שחרורו מאזרחות זו, לא יתמנה אלא לאחר שעשה את כל הדרוש מצדו לשם שחרורו ממנה.</p>
              </content>
            </point>
          </list>
        </point>
        <point eId="point_4">
          <heading>
            <authorialNote placement="side">
              <p>הרבנים הראשיים, רבנים מקומיים</p>
            </authorialNote>
          </heading>
          <num>4.</num>
          <content>
            <p>הרבנים הראשיים לישראל יהיו דיינים בתוקף תפקידם.</p>
          </content>
        </point>
        <point eId="point_5">
          <heading>
            <authorialNote placement="side">
              <p>דרך המינוי</p>
            </authorialNote>
          </heading>
          <num>5.</num>
          <content>
            <p>הדיינים יתמנו על ידי נשיא המדינה לפי הצעת הוועדה לבחירת דיינים (להלן – הוועדה) שתובא לפני הנשיא על ידי השר.</p>
          </content>
        </point>
        <point eId="point_6">
          <heading>
            <authorialNote placement="side">
              <p>הוועדה לבחירת דיינים</p>
            </authorialNote>
          </heading>
          <num>6.</num>
          <list>
            <point eId="point_6__point_א">
              <num>(א)</num>
              <content>
                <p>הוועדה תהיה של 11 חברים; שני הרבנים הראשיים לישראל; שני דיינים של בית הדין הרבני הגדול שיבחר חבר דייניו לשלוש שנים; השר וחבר אחד של הממשלה שייבחר על ידיה; שני חברי כנסת שייבחרו על ידיה בבחירה חשאית ויכהנו כל עוד הם חברי הכנסת, ואם תמה כהונת הכנסת – עד שתבחר הכנסת החדשה חברים אחרים במקומם, והכל בכפוף להוראות <ref href="/akn/il/act/PrimaryLegislation/1994-05-04/155120">חוק הכנסת, התשנ"ד–1994</ref>; שני עורכי דין העובדים במקצועם, שייבחרו על ידי המועצה הארצית של לשכת עורכי הדין לשלוש שנים; טוענת רבנית העובדת במקצועה שתיבחר על ידי שר המשפטים.</p>
              </content>
            </point>
            <point eId="point_6__point_א1">
              <num>(א1)</num>
              <content>
                <p>לפחות אחד מנציגי הממשלה בוועדה, לפחות אחד מנציגי הכנסת בוועדה ולפחות אחד מנציגי לשכת עורכי הדין בוועדה יהיו נשים.</p>
              </content>
            </point>
            <point eId="point_6__point_ב">
              <num>(ב)</num>
              <content>
                <p>הרכב הועדה יפורסם ברשומות.</p>
              </content>
            </point>
            <point eId="point_6__point_ג">
              <num>(ג)</num>
              <content>
                <p>השר ישמש יושב ראש הועדה.</p>
              </content>
            </point>
            <point eId="point_6__point_ד">
              <num>(ד)</num>
              <content>
                <p>הועדה תוכל לפעול אף אם פחת מספר חבריה, כל עוד לא פחת מששה ובהם שני הרבנים הראשיים לישראל.</p>
              </content>
            </point>
            <point eId="point_6__point_ה">
              <num>(ה)</num>
              <content>
                <p>לענין סעיפים קטנים (א) ו־(ד), התפנה מקומו של רב ראשי לישראל או של שני הרבנים הראשיים לישראל כאמור <ref href="/akn/il/act/PrimaryLegislation/1980-03-28/148416#point_20">בסעיף 20(ד) לחוק הרבנות הראשית</ref>, יהיו חברי הועדה במקום שני הרבנים הראשיים לישראל, הרב הראשי לישראל הנותר או מי שקיבל את סמכויותיהם לפי <ref href="/akn/il/act/PrimaryLegislation/1980-03-28/148416#point_20">אותו סעיף</ref>, בהתאמה.</p>
              </content>
            </point>
          </list>
        </point>
        <point eId="point_6א">
          <heading>
            <authorialNote placement="side">
              <p>סייג למינוי דיין</p>
            </authorialNote>
          </heading>
          <num>6א.</num>
          <content>
            <p>הועדה לא תציע מינוי של דיין, אם המועמד הורשע בעבירה פלילית שיש בה, בנסיבות הענין, משום קלון.</p>
          </content>
        </point>
        <point eId="point_6ב">
          <heading>
            <authorialNote placement="side">
              <p>הצבעה בועדה</p>
            </authorialNote>
          </heading>
          <num>6ב.</num>
          <content>
            <p>חבר הועדה יצביע על פי שיקול דעתו, ולא יהיה מחויב להחלטות הגוף שמטעמו הוא חבר בועדה.</p>
          </content>
        </point>
        <point eId="point_7">
          <heading>
            <authorialNote placement="side">
              <p>סדרי עבודת הועדה</p>
            </authorialNote>
          </heading>
          <num>7.</num>
          <list>
            <point eId="point_7__point_א">
              <num>(א)</num>
              <list>
                <intro>
                  <p>השר, בהודעה ברשומות, יודיע שיש למנות דיין ויכנס את הועדה אם התקיים אחד מאלה:</p>
                </intro>
                <point eId="point_7__point_א__point_1">
                  <num>(1)</num>
                  <content>
                    <p>השר ראה שיש למנות דיין במקום דיין שהתפנה מקומו או בנוסף על הדיינים המכהנים;</p>
                  </content>
                </point>
                <point eId="point_7__point_א__point_2">
                  <num>(2)</num>
                  <content>
                    <p>התפנה מקומו של דיין ונשיא בית הדין הרבני הגדול ראה שיש למנות דיין אחר במקומו וביקש מהשר לעשות כן.</p>
                  </content>
                </point>
              </list>
            </point>
            <point eId="point_7__point_ב">
              <num>(ב)</num>
              <content>
                <p>אלה רשאים להציע מועמדים: השר; שני הרבנים הראשיים לישראל; שלושה חברי הועדה כאחד.</p>
              </content>
            </point>
            <point eId="point_7__point_ג">
              <num>(ג)</num>
              <list>
                <point eId="point_7__point_ג__point_1">
                  <num>(1)</num>
                  <content>
                    <p>הצעת הועדה על מינויו של דיין תהיה על דעת רוב חבריה שהשתתפו בהצבעה.</p>
                  </content>
                </point>
                <point eId="point_7__point_ג__point_2">
                  <num>(2)</num>
                  <content>
                    <p>על אף הוראות פסקה (1), הצעת הוועדה על מינוי של דיין לבית הדין הרבני הגדול תהיה על דעת שמונה מחברי הוועדה; פחת מספר המשתתפים בהצבעה מ־11, תהיה ההצבעה על דעת רוב המשתתפים שלא יפחת ממספר המשתתפים בהחסיר שניים.</p>
                  </content>
                </point>
              </list>
            </point>
            <point eId="point_7__point_ג1">
              <num>(ג1)</num>
              <list>
                <point eId="point_7__point_ג1__point_1">
                  <num>(1)</num>
                  <content>
                    <p>התקבלה בועדה החלטה בהעדר שני הרבנים הראשיים לישראל, רשאי כל אחד מהם לבקש מהשר לכנס את הועדה כדי לקיים דיון חוזר בענין שלגביו התקבלה ההחלטה;</p>
                  </content>
                </point>
                <point eId="point_7__point_ג1__point_2">
                  <num>(2)</num>
                  <content>
                    <p>בקשה כאמור בפסקה (1) תוגש לא יאוחר מתום 10 ימים ממועד קבלת ההחלטה;</p>
                  </content>
                </point>
                <point eId="point_7__point_ג1__point_3">
                  <num>(3)</num>
                  <content>
                    <p>השר יכנס את הועדה לשם קיום דיון חוזר בהחלטה בתוך 30 ימים ממועד הגשת הבקשה;</p>
                  </content>
                </point>
                <point eId="point_7__point_ג1__point_4">
                  <num>(4)</num>
                  <content>
                    <p>על החלטה שהתקבלה בדיון חוזר לא ניתן לקיים דיון חוזר.</p>
                  </content>
                </point>
              </list>
            </point>
            <point eId="point_7__point_ד">
              <num>(ד)</num>
              <content>
                <p>שאר סדרי דיוניה ועבודתה של הועדה ייקבעו על ידיה.<br xml:space="preserve" xmlns=""> </br><wikicomment font-size="x-small">פורסמו <ref href="/akn/il/act/PrimaryOrSecondaryLegislation/UnknownWorkDate/כללי_מינוי_דיינים_סדרי_העבודה_של_הוועדה_לבחירת_דיינים">כללי מינוי דיינים (סדרי העבודה של הוועדה לבחירת דיינים), התשנ"ח–1997</ref>.</wikicomment></p>
              </content>
            </point>
          </list>
        </point>
        <point eId="point_8">
          <heading>
            <authorialNote placement="side">
              <p>נשיאים, אבות בתי דין והרכב בתי הדין</p>
            </authorialNote>
          </heading>
          <num>8.</num>
          <list>
            <point eId="point_8__point_א">
              <num>(א)</num>
              <content>
                <p>נשיא בית הדין הרבני הגדול יהיה הרב הראשי לישראל שנקבע לכך לפי <ref href="/akn/il/act/PrimaryLegislation/1980-03-28/148416">חוק הרבנות הראשית</ref>;</p>
              </content>
            </point>
            <point eId="point_8__point_ב">
              <num>(ב)</num>
              <list>
                <intro>
                  <p>בית הדין הרבני הגדול ידון בשלושה; ואולם בעניין מהעניינים הבאים, שקבע השר בתקנות בהסכמת נשיא בית הדין הרבני הגדול ובאישור ועדת החוקה חוק ומשפט של הכנסת, הוא ידון בדיין אחד, אם לא הורה נשיא בית הדין הרבני הגדול הוראה אחרת לעניין מסוים:</p>
                </intro>
                <point eId="point_8__point_ב__point_1">
                  <num>(1)</num>
                  <content>
                    <p>עניינים שלא על ריב;</p>
                  </content>
                </point>
                <point eId="point_8__point_ב__point_2">
                  <num>(2)</num>
                  <content>
                    <p>צווים לעיקול נכסים או לעיכוב יציאה מן הארץ;</p>
                  </content>
                </point>
                <point eId="point_8__point_ב__point_3">
                  <num>(3)</num>
                  <content>
                    <p>כל עניין שבעלי הדין הסכימו עליו שיידון בדיין אחד;</p>
                  </content>
                </point>
                <point eId="point_8__point_ב__point_4">
                  <num>(4)</num>
                  <content>
                    <p>ענייני סדר ומינהל;</p>
                  </content>
                </point>
                <point eId="point_8__point_ב__point_5">
                  <num>(5)</num>
                  <content>
                    <p>עניינים הנדונים במעמד צד אחד.</p>
                  </content>
                </point>
              </list>
            </point>
            <point eId="point_8__point_ג">
              <num>(ג)</num>
              <content>
                <p>יושב בדין נשיא בית הדין הרבני הגדול, ישב הוא בראש ההרכב; יושב בדין הרב הראשי לישראל שאינו מכהן כנשיא בית הדין הרבני הגדול, ישב הוא בראש ההרכב, ובלבד שבאותו הרכב אינו יושב בדין נשיא בית הדין הרבני הגדול; בהרכב אחר ישב בראש הוותיק שבדייני אותו ההרכב, ובין בעלי ותק שווה – הקשיש שבהם.</p>
              </content>
            </point>
            <point eId="point_8__point_ד">
              <num>(ד)</num>
              <list>
                <point eId="point_8__point_ד__point_1">
                  <num>(1)</num>
                  <content>
                    <p>נשיא בית הדין הרבני הגדול רשאי למנות להרכב קבוע של שלושה דיינים בבית דין רבני אזורי ומקרב אותם דיינים, אב בית דין אחד, אשר יכהן דרך קבע כראש ההרכב; אב בית דין שעבר לכהן דרך קבע בהרכב אחר ואינו מכהן בו כראש הרכב – יפקע מינויו כאב בית דין.</p>
                  </content>
                </point>
                <point eId="point_8__point_ד__point_2">
                  <num>(2)</num>
                  <content>
                    <p>נשיא בית הדין הרבני הגדול רשאי למנות לבית דין רבני אזורי שבו קיימים לפחות שלושה הרכבים קבועים של שלושה דיינים, ראש אבות בית דין אחד מקרב אבות בית הדין של אותו בית דין, ואולם אם נבחר דיין, ששימש כדיין לפחות שנתיים, לכהונת רב ראשי לעיר שיש בה בית דין רבני אזורי כאמור יהיה הוא ראש אבות בית הדין באותו בית דין.</p>
                  </content>
                </point>
                <point eId="point_8__point_ד__point_3">
                  <num>(3)</num>
                  <content>
                    <p>מינוי של אב בית דין או ראש אבות בית דין לפי סעיף קטן זה יהיה לתקופה שלא תעלה על ארבע שנים, ורשאי נשיא בית הדין הרבני הגדול להאריך את תקופת הכהונה לתקופות כהונה נוספות שכל אחת מהן לא תעלה על ארבע שנים.</p>
                  </content>
                </point>
              </list>
            </point>
            <point eId="point_8__point_ה">
              <num>(ה)</num>
              <list>
                <intro>
                  <p>בית דין רבני אזורי ידון בשלושה; ואולם בענין מהענינים הבאים, שקבע השר בתקנות בהסכמת נשיא בית הדין הרבני הגדול ובאישור ועדת החוקה חוק ומשפט של הכנסת, הוא ידון בדיין אחד, אם לא הורה נשיא בית הדין הרבני הגדול הוראה אחרת לענין מסויים:</p>
                </intro>
                <point eId="point_8__point_ה__point_1">
                  <num>(1)</num>
                  <content>
                    <p>ענינים שלא על ריב;</p>
                  </content>
                </point>
                <point eId="point_8__point_ה__point_2">
                  <num>(2)</num>
                  <content>
                    <p>צווים לעיקול נכסים או לעיכוב יציאה מהארץ;</p>
                  </content>
                </point>
                <point eId="point_8__point_ה__point_3">
                  <num>(3)</num>
                  <content>
                    <p>כל ענין שבעלי הדין הסכימו עליו שיידון בדיין אחד;</p>
                  </content>
                </point>
                <point eId="point_8__point_ה__point_4">
                  <num>(4)</num>
                  <content>
                    <p>ענייני סדר ומינהל;</p>
                  </content>
                </point>
                <point eId="point_8__point_ה__point_5">
                  <num>(5)</num>
                  <content>
                    <p>עניינים הנדונים במעמד צד אחד.<br xml:space="preserve" xmlns=""> </br><wikicomment font-size="x-small">פורסמו <ref href="/akn/il/act/PrimaryOrSecondaryLegislation/UnknownWorkDate/תקנות_הדיינים_עניינים_שניתן_לדון_בהם_בדיין_אחד">תקנות הדיינים (עניינים שניתן לדון בהם בדיין אחד), התש"ן–1990</ref>.</wikicomment></p>
                  </content>
                </point>
              </list>
            </point>
            <point eId="point_8__point_ה1">
              <num>(ה1)</num>
              <content>
                <p>בבית הדין הרבני הגדול ובבית הדין הרבני האזורי, במשפטים בהם הוא דן בשלושה, תהא ליושב ראש בית הדין, על אף האמור בסעיפים קטנים (ב) ו־(ה), הסמכות לדון לבדו בבקשות לצווי ביניים, לצווים זמניים ולהחלטות ביניים אחרות, וכן בענייני סדר ומינהל, ורשאי הוא להסמיך לדון בעניינים כאמור חבר אחר של בית הדין.</p>
              </content>
            </point>
            <point eId="point_8__point_ה2">
              <num>(ה2)</num>
              <list>
                <intro>
                  <p>על אף האמור בסעיפים קטנים (ב) ו־(ה) –</p>
                </intro>
                <point eId="point_8__point_ה2__point_1">
                  <num>(1)</num>
                  <content>
                    <p>נשיא בית הדין הרבני הגדול רשאי להורות, לפני תחילת הדיון בעניין פלוני, שהדיון בו יהיה לפני מספר בלתי זוגי גדול יותר של דיינים;</p>
                  </content>
                </point>
                <point eId="point_8__point_ה2__point_2">
                  <num>(2)</num>
                  <content>
                    <p>מותב שהחל לדון בעניין פלוני רשאי להורות שהמשך הדיון בו יהיה לפני מספר בלתי זוגי גדול יותר של דיינים, ובהם הדיינים שהחלו בדיון.</p>
                  </content>
                </point>
              </list>
            </point>
            <point eId="point_8__point_ו">
              <num>(ו)</num>
              <content>
                <p>יושב בדין ראש אבות בית דין, ישב הוא בראש ההרכב; לא יושב בדין ראש אבות בית דין ויושב בו אב בית דין, ישב הוא בראש ההרכב; לא יושב בדין ראש אבות בית דין ויושב בו יותר מאב בית דין אחד, ישב בראש ההרכב אב בית הדין שקבע נשיא בית הדין הרבני הגדול, ואם לא קבע כאמור – הוותיק בכהונת אב בית דין, ובין בעלי ותק שווה – הקשיש שבהם; בהרכב אחר ישב בראש הותיק שבדייני אותו ההרכב, ובין בעלי ותק שווה – הקשיש שבהם.</p>
              </content>
            </point>
            <point eId="point_8__point_ז">
              <num>(ז)</num>
              <content>
                <p>לענין סעיף זה רואים את הוותק בכהונה כדיין לפי תאריך מינויו של הדיין לבית הדין הרבני הגדול או לבית דין רבני אזורי, הכל לפי הענין.</p>
              </content>
            </point>
            <point eId="point_8__point_ח">
              <num>(ח)</num>
              <content>
                <p>על אף האמור בסעיף קטן (ו), דיין עמית לא יהיה אב בית הדין, אלא אם כן קבע נשיא בית הדין הרבני הגדול אחרת לעניין הרכב מסוים.</p>
              </content>
            </point>
          </list>
        </point>
        <point eId="point_8א">
          <heading>
            <authorialNote placement="side">
              <p>קביעת מותבים, מועדים ומקום כהונה</p>
            </authorialNote>
          </heading>
          <num>8א.</num>
          <list>
            <point eId="point_8א__point_א">
              <num>(א)</num>
              <list>
                <intro>
                  <p>נשיא בית הדין הרבני הגדול יקבע כללים לענין –</p>
                </intro>
                <point eId="point_8א__point_א__point_1">
                  <num>(1)</num>
                  <content>
                    <p>הרכבי הדיינים בבתי הדין הרבניים וחלוקת סוגי הענינים שיידונו לפני כל מותב;</p>
                  </content>
                </point>
                <point eId="point_8א__point_א__point_2">
                  <num>(2)</num>
                  <content>
                    <p>קביעת מועדי הדיון בבתי הדין הרבניים.</p>
                  </content>
                </point>
              </list>
            </point>
            <point eId="point_8א__point_ב">
              <num>(ב)</num>
              <content>
                <p>נשיא בית הדין הרבני הגדול רשאי לקבוע לענין פלוני את המותב שידון בו ואת המועד לתחילת הדיון.</p>
              </content>
            </point>
            <point eId="point_8א__point_ג">
              <num>(ג)</num>
              <content>
                <p>נשיא בית הדין הרבני הגדול יקבע את מקום כהונתו של דיין בבית דין רבני אזורי עם מינויו.</p>
              </content>
            </point>
          </list>
        </point>
        <point eId="point_9">
          <heading>
            <authorialNote placement="side">
              <p>מינוי לכהונה בפועל</p>
            </authorialNote>
          </heading>
          <num>9.</num>
          <list>
            <point eId="point_9__point_א">
              <num>(א)</num>
              <list>
                <intro>
                  <p>נשיא בית הדין הרבני הגדול רשאי, בהסכמת המועמד ובהסכמת השר, למנות לכהונה בפועל –</p>
                </intro>
                <point eId="point_9__point_א__point_1">
                  <num>(1)</num>
                  <content>
                    <p>דיין בית הדין הרבני הגדול – לראש אבות בית דין, לאב בית דין או לדיין בית דין רבני אזורי;</p>
                  </content>
                </point>
                <point eId="point_9__point_א__point_2">
                  <num>(2)</num>
                  <content>
                    <p>דיין בית דין רבני אזורי – לדיין בית הדין הרבני הגדול.</p>
                  </content>
                </point>
              </list>
            </point>
            <point eId="point_9__point_ב">
              <num>(ב)</num>
              <content>
                <p>כהונה בפועל לפי סעיף זה ברציפות או לסירוגין, לא תהיה יותר משנה אחת מתוך תקופה של שלוש שנים.</p>
              </content>
            </point>
            <point eId="point_9__point_ב1">
              <num>(ב1)</num>
              <content>
                <p>מי שהתמנה לכהונה בפועל לפי סעיף זה רשאי לדון גם בעניין הנתון לסמכות בית הדין שבו הוא מכהן דרך קבע, ובלבד שלא ידון באותו עניין בשתי ערכאות.</p>
              </content>
            </point>
            <point eId="point_9__point_ג">
              <num>(ג)</num>
              <content>
                <p>
                  <wikicomment font-size="x-small">(בוטל).</wikicomment>
                </p>
              </content>
            </point>
          </list>
        </point>
        <point eId="point_9א">
          <heading>
            <authorialNote placement="side">
              <p>דיין עמית</p>
            </authorialNote>
          </heading>
          <num>9א.</num>
          <list>
            <point eId="point_9א__point_א">
              <num>(א)</num>
              <content>
                <p>השר ונשיא בית הדין הרבני הגדול כאחד, רשאים למנות דיין בית דין רבני אזורי שיצא לקצבה לפי <ref href="#point_16">סעיף 16(א)(1), (ב)(1) או (ב)(2)</ref>, לתפקיד של דיין עמית בבית דין רבני אזורי (בחוק זה – דיין עמית).</p>
              </content>
            </point>
            <point eId="point_9א__point_ב">
              <num>(ב)</num>
              <content>
                <p>לא ימונה דיין כדיין עמית אלא אם כן חלפו 45 ימים מיום שהשר ונשיא בית הדין הרבני הגדול הודיעו לוועדה על הכוונה למנותו ושום חבר ועדה לא הגיש הסתייגות למינוי; הוגשה הסתייגות בתקופה האמורה, תדון בה הוועדה ותחליט אם לאשר את המינוי.</p>
              </content>
            </point>
            <point eId="point_9א__point_ג">
              <num>(ג)</num>
              <content>
                <p>דיין עמית ימונה לתקופה שלא תעלה על ארבע שנים, והשר ונשיא בית הדין הרבני הגדול רשאים, לפי בחירת הוועדה, להאריך את מינויו לתקופה אחת נוספת שלא תעלה על שנתיים, והכול ובלבד שלא יכהן כדיין עמית מי שגילו עולה על 75.</p>
              </content>
            </point>
            <point eId="point_9א__point_ד">
              <num>(ד)</num>
              <content>
                <p>דיין עמית יראו אותו כדיין לכל דבר ועניין, ואולם יכול שיכהן במשרה חלקית.</p>
              </content>
            </point>
            <point eId="point_9א__point_ה">
              <num>(ה)</num>
              <content>
                <p>מספר הדיינים העמיתים שיכהנו לא יעלה על 15 אחוזים ממספר התקנים המאוישים של דיינים בבתי הדין הרבניים האזוריים.</p>
              </content>
            </point>
          </list>
        </point>
        <point eId="point_10">
          <heading>
            <authorialNote placement="side">
              <p>הצהרת אמונים</p>
            </authorialNote>
          </heading>
          <num>10.</num>
          <content>
            <p>מי שנתמנה דיין חייב, בטרם ישב בדין, להצהיר בפני נשיא המדינה ובמעמד הרבנים הראשיים לישראל, הצהרה זו:<br xml:space="preserve" xmlns=""> </br>”אני מתחייב לשמור אמונים למדינת ישראל, לשפוט את העם משפט צדק, לא להטות משפט ולא להכיר פנים“.</p>
          </content>
        </point>
        <point eId="point_11">
          <heading>
            <authorialNote placement="side">
              <p>כוחו של מינוי</p>
            </authorialNote>
          </heading>
          <num>11.</num>
          <content>
            <p>דיין שמינויו פורסם ברשומות, אין עוררין על מינויו.</p>
          </content>
        </point>
        <point eId="point_12">
          <heading>
            <authorialNote placement="side">
              <p>אי תלותם של דיינים</p>
            </authorialNote>
          </heading>
          <num>12.</num>
          <content>
            <p>אין על דיין מרות בעניני שפיטה זולת מרותו של הדין לפיו הוא דן.</p>
          </content>
        </point>
        <point eId="point_12א">
          <heading>
            <authorialNote placement="side">
              <p>ערעור</p>
            </authorialNote>
          </heading>
          <num>12א.</num>
          <list>
            <point eId="point_12א__point_א">
              <num>(א)</num>
              <content>
                <p>פסק דין של בית דין רבני אזורי ניתן לערעור לפני בית הדין הרבני הגדול.</p>
              </content>
            </point>
            <point eId="point_12א__point_ב">
              <num>(ב)</num>
              <content>
                <p>החלטה אחרת של בית דין רבני אזורי ניתנת לערעור לפני בית הדין הרבני הגדול, אם ניתנה רשות לכך מאת דיין של בית הדין הרבני הגדול.</p>
              </content>
            </point>
          </list>
        </point>
        <point eId="point_13">
          <heading>
            <authorialNote placement="side">
              <p>סדרי מינהל</p>
            </authorialNote>
          </heading>
          <num>13.</num>
          <list>
            <point eId="point_13__point_א">
              <num>(א)</num>
              <content>
                <p>השר, בהסכמת נשיא בית הדין הרבני הגדול, יקבע, בתקנות או בהוראות מינהל, לפי הענין, את סדרי המינהל של בתי הדין הרבניים וימנה על ביצועם את אחד הדיינים או אדם הכשיר להיבחר רב עיר, שיהיה אחראי בפניהם; מינוי לפי סעיף קטן זה של מי שכשיר להיבחר רב עיר טעון אישור הוועדה.<br xml:space="preserve" xmlns=""> </br><wikicomment font-size="x-small">ראו גם <ref href="/akn/il/act/SecondaryLegislation/1992-12-29/35003">תקנות הדיון בבתי־הדין הרבניים בישראל – התשנ"ג</ref>.</wikicomment><br xml:space="preserve" xmlns=""> </br><wikicomment font-size="x-small">פורסמו <ref href="/akn/il/act/SecondaryLegislation/2013-01-08/48776">תקנות הדיינים (פגרות), התשע"ג–2013</ref>.</wikicomment><br xml:space="preserve" xmlns=""> </br><wikicomment font-size="x-small">פורסמו <ref href="/akn/il/act/PrimaryLegislation/2020-07-29/2088319">תקנות הדיינים (סדרי דין בבתי הדין הרבניים בעת מצב חירום מיוחד) (הוראת שעה), התש"ף–2020</ref>.</wikicomment></p>
              </content>
            </point>
            <point eId="point_13__point_ב">
              <num>(ב)</num>
              <content>
                <p>מנהל בתי הדין הרבניים שאיננו דיין, מינוייו אינו טעון מכרז פומבי ודינו, לענין <ref href="#point_17">סעיף 17</ref> ולענין <ref href="/akn/il/act/PrimaryOrSecondaryLegislation/UnknownWorkDate/חוק_גימלאות_לנושאי_משרה_ברשויות_השלטון">חוק גימלאות לנושאי משרה ברשויות השלטון, התשכ"ט–1969</ref>, כדין דיין.</p>
              </content>
            </point>
          </list>
        </point>
        <point eId="point_14">
          <heading>
            <authorialNote placement="side">
              <p>תקופת כהונתם של דיינים</p>
            </authorialNote>
          </heading>
          <num>14.</num>
          <list>
            <intro>
              <p>כהונת דיין תתחיל ביום שהצהיר הצהרת אמונים ולא תסתיים אלא באחת מאלה:</p>
            </intro>
            <point eId="point_14__point_1">
              <num>(1)</num>
              <content>
                <p>בצאתו לקיצבה;</p>
              </content>
            </point>
            <point eId="point_14__point_2">
              <num>(2)</num>
              <content>
                <p>בהתפטרותו;</p>
              </content>
            </point>
            <point eId="point_14__point_3">
              <num>(3)</num>
              <content>
                <p>בהיבחרו או במינויו לאחד התפקידים שנושאיהם מנועים מלהיות מועמדים לכנסת;</p>
              </content>
            </point>
            <point eId="point_14__point_4">
              <num>(4)</num>
              <content>
                <p>על־פי החלטת הוועדה כאמור <ref href="#point_16א">בסעיף 16א</ref>;</p>
              </content>
            </point>
            <point eId="point_14__point_5">
              <num>(5)</num>
              <content>
                <p>על־פי החלטת בית הדין המשמעתי.</p>
              </content>
            </point>
          </list>
        </point>
        <point eId="point_15">
          <heading>
            <authorialNote placement="side">
              <p>התפטרות</p>
            </authorialNote>
          </heading>
          <num>15.</num>
          <content>
            <p>דיין רשאי להתפטר על ידי הגשת כתב התפטרות לשר, וכהונתו תיפסק בתום שלושה חדשים מהגשת כתב ההתפטרות, אם לא הסכים השר למועד קצר יותר.</p>
          </content>
        </point>
        <point eId="point_16">
          <heading>
            <authorialNote placement="side">
              <p>קיצבה</p>
            </authorialNote>
          </heading>
          <num>16.</num>
          <list>
            <point eId="point_16__point_א">
              <num>(א)</num>
              <list>
                <intro>
                  <p>דיין יצא לקיצבה –</p>
                </intro>
                <point eId="point_16__point_א__point_1">
                  <num>(1)</num>
                  <content>
                    <p>בהגיעו לגיל שבעים, הוראה זו תחול גם על ראש אבות בית דין המכהן בתפקיד זה מכוח בחירתו לרב עיר ולא תחול על רב ראשי לישראל;</p>
                  </content>
                </point>
                <point eId="point_16__point_א__point_2">
                  <num>(2)</num>
                  <content>
                    <p>משקבעה הוועדה, על יסוד חוות דעת רפואית לפי כללים שקבעה, שמחמת מצב בריאותו נבצר ממנו להמשיך במילוי תפקידו.<br xml:space="preserve" xmlns=""> </br><wikicomment font-size="x-small">(פורסמו <ref href="/akn/il/act/PrimaryOrSecondaryLegislation/UnknownWorkDate/כללי_הדיינים_יציאת_דיין_לקצבה_מחמת_מצב_בריאותו">כללי הדיינים (יציאת דיין לקצבה מחמת מצב בריאותו), התשמ"ה–1985</ref>.</wikicomment></p>
                  </content>
                </point>
              </list>
            </point>
            <point eId="point_16__point_ב">
              <num>(ב)</num>
              <list>
                <intro>
                  <p>דיין רשאי לצאת לקיצבה –</p>
                </intro>
                <point eId="point_16__point_ב__point_1">
                  <num>(1)</num>
                  <content>
                    <p>לאחר שכיהן עשרים שנה, אם הגיע לגיל ששים;</p>
                  </content>
                </point>
                <point eId="point_16__point_ב__point_2">
                  <num>(2)</num>
                  <content>
                    <p>לאחר שכיהן חמש עשרה שנה, אם הגיע לגיל ששים וחמש;</p>
                  </content>
                </point>
                <point eId="point_16__point_ב__point_3">
                  <num>(3)</num>
                  <content>
                    <p>אם ביקש זאת ובקשתו אושרה על ידי הוועדה.</p>
                  </content>
                </point>
              </list>
            </point>
            <point eId="point_16__point_ג">
              <num>(ג)</num>
              <content>
                <p>בחישוב תקופת כהונתו של דיין לענין סעיף קטן (ב) תצורף אל תקופת כהונתו כדיין כל תקופת שירותו במדינה או במוסד אחר שועדת הכספים של הכנסת אישרה אותו לענין זה, או מקצתה של תקופה זו, הכל לפי כללים שקבעה ועדת הכספים.</p>
              </content>
            </point>
          </list>
        </point>
        <point eId="point_16א">
          <heading>
            <authorialNote placement="side">
              <p>סיום כהונת דיין</p>
            </authorialNote>
          </heading>
          <num>16א.</num>
          <list>
            <point eId="point_16א__point_א">
              <num>(א)</num>
              <content>
                <p>הוועדה רשאית, על פי הצעת יושב ראש הועדה או רב ראשי לישראל המכהן כנשיא בית הדין הרבני הגדול או הנציב, להחליט ברוב של שבעה חברים לפחות, על סיום כהונתו של דיין.</p>
              </content>
            </point>
            <point eId="point_16א__point_ב">
              <num>(ב)</num>
              <content>
                <p>הוגשה לועדה הצעה לסיים את כהונתו של דיין, רשאית היא למנות מבין חבריה ועדת משנה שתדון בהצעה ותגיש את מימצאיה ומסקנותיה לועדה.</p>
              </content>
            </point>
            <point eId="point_16א__point_ג">
              <num>(ג)</num>
              <content>
                <p>הועדה וכן ועדת המשנה, אם נתמנתה, יאפשרו לדיין לעיין בחומר שלפניהן ויתנו לו הזדמנות לטעון טענותיו.</p>
              </content>
            </point>
            <point eId="point_16א__point_ד">
              <num>(ד)</num>
              <content>
                <p>החליטה הועדה על סיום כהונתו של דיין, תקבע בהחלטתה את המועד לסיום הכהונה, וכן, לפי שיקול דעתה, את שיעור הגימלה שיקבל.</p>
              </content>
            </point>
            <point eId="point_16א__point_ה">
              <num>(ה)</num>
              <content>
                <p>דיין שנפתחה נגדו חקירה בעבירה שבנסיבות הענין יש עמה קלון, לא תקבע הועדה את שיעור הגימלה שיקבל עד לסיום החקירה נגדו והחלטה שלא להעמידו לדין, או עד למתן פסק הדין בענינו, לפי הענין.</p>
              </content>
            </point>
            <point eId="point_16א__point_ו">
              <num>(ו)</num>
              <content>
                <p>דיין שנפתחה נגדו חקירה בעבירה כאמור בסעיף קטן (ה), רשאית הועדה ברוב של שבעה חברים לפחות, להשעותו לתקופה שתמצא לנכון.</p>
              </content>
            </point>
          </list>
        </point>
        <point eId="point_16ב">
          <heading>
            <authorialNote placement="side">
              <p>סמכות דיין לסיים דיון</p>
            </authorialNote>
          </heading>
          <num>16ב.</num>
          <list>
            <point eId="point_16ב__point_א">
              <num>(א)</num>
              <content>
                <p>דיין שהחל בדיון ויצא לקצבה או פרש, יהיה מוסמך לסיים את הדיון בתוך שלושה חודשים מיום היציאה לקצבה או הפרישה.</p>
              </content>
            </point>
            <point eId="point_16ב__point_ב">
              <num>(ב)</num>
              <content>
                <p>דיין שהחל בדיון ותקופת מינויו לכהונה נסתיימה מחמת מינוי לערכאה אחרת או משום שהסתיימה תקופת כהונתו בפועל, יהיה מוסמך לסיים את הדיון שהחל בו.</p>
              </content>
            </point>
            <point eId="point_16ב__point_ג">
              <num>(ג)</num>
              <content>
                <p>לענין סעיף זה, ”תחילת דיון“ – שמיעת עדות או טענות בעל דין.</p>
              </content>
            </point>
          </list>
        </point>
        <point eId="point_17">
          <heading>
            <authorialNote placement="side">
              <p>משכורת ותשלומים אחרים</p>
            </authorialNote>
          </heading>
          <num>17.</num>
          <content>
            <p>משכורתו של דיין והתשלומים האחרים שישולמו לו בתקופת כהונתו, ייקבעו על ידי החלטת הכנסת, והיא רשאית להסמיך לכך את ועדת הכספים. החלטות לפי סעיף זה יפורסמו ברשומות.<br xml:space="preserve" xmlns=""> </br><wikicomment font-size="x-small">פורסמה <ref href="/akn/il/act/PrimaryOrSecondaryLegislation/UnknownWorkDate/החלטת_משכורת_נושאי_משרה_שיפוטית">החלטת משכורת נושאי משרה שיפוטית, התשמ"א–1981</ref>.</wikicomment></p>
          </content>
        </point>
        <point eId="point_17א">
          <heading>
            <authorialNote placement="side">
              <p>הצהרת הון</p>
            </authorialNote>
          </heading>
          <num>17א.</num>
          <list>
            <intro>
              <p>
                <ref href="/akn/il/act/PrimaryLegislation/1984-08-13/2002218#point_21א">סעיפים 21א עד 21ח לחוק בתי המשפט [נוסח משולב], התשמ"ד–1984</ref>, יחולו על דיין, בשינויים המחויבים ובשינויים אלה:</p>
            </intro>
            <point eId="point_17א__point_1">
              <num>(1)</num>
              <content>
                <p>במקום ”נשיא בית המשפט העליון“ יקראו ”נשיא בית הדין הרבני הגדול“;</p>
              </content>
            </point>
            <point eId="point_17א__point_2">
              <num>(2)</num>
              <content>
                <p>במקום ”<ref href="/akn/il/act/PrimaryOrSecondaryLegislation/UnknownWorkDate/כללי_אתיקה_לשופטים">כללי אתיקה לשופטים, התשס"ז–2007</ref>“ יקראו ”<ref href="/akn/il/act/PrimaryOrSecondaryLegislation/UnknownWorkDate/כללי_אתיקה_לדיינים">כללי אתיקה לדיינים, התשס"ח–2008</ref>“;</p>
              </content>
            </point>
            <point eId="point_17א__point_3">
              <num>(3)</num>
              <content>
                <p>
                  <ref href="/akn/il/act/PrimaryLegislation/1984-08-13/2002218#point_21ז">בסעיף 21ז</ref>, במקום ”<ref href="/akn/il/act/PrimaryLegislation/1984-08-13/2002218#point_19">בסעיף 19(1) עד (3)</ref>“ יקראו ”<ref href="#point_21א">בסעיף 21א(1) עד (3)</ref>“ ובמקום ”לבית הדין“ יקראו ”לבית הדין המשמעתי לדיינים“.</p>
              </content>
            </point>
          </list>
        </point>
        <point eId="point_18">
          <heading>
            <authorialNote placement="side">
              <p>ייחוד הכהונה</p>
            </authorialNote>
          </heading>
          <num>18.</num>
          <content>
            <p>דיין לא יהיה חבר בכנסת או במועצה של רשות מקומית או במועצה דתית; אולם רשאי הוא, בהסכמתו ובהסכמת השר ונשיא בית הדין הרבני הגדול, למלא באורח זמני תפקיד אחר מטעם המדינה או למלא תפקיד ציבורי אחר, אם לדעתם אין הדבר פוגע במעמדו כדיין.</p>
          </content>
        </point>
        <point eId="point_19">
          <heading>
            <authorialNote placement="side">
              <p>העברת דיין למקום אחר</p>
            </authorialNote>
          </heading>
          <num>19.</num>
          <content>
            <p>ראה השר צורך, מסיבות מינהליות, להעביר דיין דרך קבע לבית דין רבני שבמקום אחר, יקבל תחילה את הסכמת נשיא בית הדין הרבני הגדול לאותה העברה.</p>
          </content>
        </point>
        <point eId="point_19א">
          <heading>
            <authorialNote placement="side">
              <p>עילות פסלות</p>
            </authorialNote>
          </heading>
          <num>19א.</num>
          <list>
            <point eId="point_19א__point_א">
              <num>(א)</num>
              <content>
                <p>דיין לא ישב בדין אם מצא, מיזמתו או לבקשת בעל דין, כי קיימות נסיבות שיש בהן כדי ליצור חשש ממשי למשוא פנים בניהול המשפט.</p>
              </content>
            </point>
            <point eId="point_19א__point_ב">
              <num>(ב)</num>
              <list>
                <intro>
                  <p>בלי לגרוע מהוראות סעיף קטן (א), דיין לא ישב בדין בידעו שמתקיים אחד מאלה:</p>
                </intro>
                <point eId="point_19א__point_ב__point_1">
                  <num>(1)</num>
                  <content>
                    <p>צד להליך, בא כוחו או עד מרכזי, הוא בן משפחה של הדיין או שקיימת ביניהם קרבה ממשית אחרת;</p>
                  </content>
                </point>
                <point eId="point_19א__point_ב__point_2">
                  <num>(2)</num>
                  <content>
                    <p>יש לדיין ענין כספי ממשי או ענין אישי ממשי בהליך או בתוצאותיו, בצד להליך, בבא כוחו או בעד מרכזי, או שלבן משפחה מדרגה ראשונה של הדיין יש ענין כספי ממשי או ענין אישי ממשי בהליך או בתוצאותיו, בצד להליך או בבא כוחו;</p>
                  </content>
                </point>
                <point eId="point_19א__point_ב__point_3">
                  <num>(3)</num>
                  <content>
                    <p>בטרם התמנה לדיין היה הדיין מעורב באותו ענין הנדון בהליך שלפניו כבא כוח, כבורר, כמגשר, כעד, כיועץ מקצועי, כמומחה, או בדרך דומה אחרת;</p>
                  </content>
                </point>
                <wrapup eId="point_19א__point_ב__wrapup_none">
                  <list>
                    <intro>
                      <p>לענין סעיף קטן זה –</p>
                    </intro>
                    <point eId="point_19א__point_ב__wrapup_none__point_בן_משפחה">
                      <content>
                        <p>
                          <def />”בן משפחה“ – בן זוג, הורה, הורה של בן זוג, ילד, אח, סב, נכד וכן ילד או בן זוג של כל אחד מאלה ולרבות מי שהיה אפוטרופוס או מי ששימש משפחה אומנת של הדיין או שהדיין היה אפוטרופסו או שימש משפחה אומנת שלו;</p>
                      </content>
                    </point>
                    <point eId="point_19א__point_ב__wrapup_none__point_בן_משפחה_מדרגה_ראשונה">
                      <content>
                        <p>
                          <def />”בן משפחה מדרגה ראשונה“ – בן זוג, הורה, ילד, אח וכן ילד או בן זוג של כל אחד מאלה ולרבות מי שהיה אפוטרופוס או מי ששימש משפחה אומנת של הדיין או שהדיין היה אפוטרופסו או שימש משפחה אומנת שלו;</p>
                      </content>
                    </point>
                  </list>
                </wrapup>
                <point eId="point_19א__point_ב__point_עד_מרכזי">
                  <content>
                    <p>
                      <def />”עד מרכזי“ – עד שנדרשת הערכת מהימנותו לצורך הכרעה בהליך.</p>
                  </content>
                </point>
              </list>
            </point>
            <point eId="point_19א__point_ג">
              <num>(ג)</num>
              <content>
                <p>על אף האמור בסעיפים קטנים (א) ו־(ב) דיין רשאי לשבת בדין אם מפאת דחיפות הענין לא ניתן לקיים את ההליך לפני דיין אחר ועלול להיגרם נזק חמור או עיוות דין אם לא ידון בענין.</p>
              </content>
            </point>
            <point eId="point_19א__point_ד">
              <num>(ד)</num>
              <content>
                <p>על אף האמור בסעיף קטן (ב)(2), דיין רשאי לשבת בדין אם העברת הענין לכל דיין אחר לא תשנה את עילת הפסלות.</p>
              </content>
            </point>
            <point eId="point_19א__point_ה">
              <num>(ה)</num>
              <content>
                <p>נטענה טענת פסלות נגד דיין, יחליט בה אותו דיין לאלתר ולפני שייתן כל החלטה אחרת.</p>
              </content>
            </point>
            <point eId="point_19א__point_ו">
              <num>(ו)</num>
              <content>
                <p>התקיימה עילת פסלות לפי סעיף קטן (ב)(1) או (2), הנוגעת לעורך דין או לבא כוח אחר, שהתקיימו בו נסיבות המחייבות קבלת היתר לייצוג כאמור <ref href="/akn/il/act/PrimaryLegislation/1961-06-22/148084#point_53ב">בסעיף 53ב לחוק לשכת עורכי הדין, התשכ"א–1961</ref> (בחוק זה – חוק לשכת עורכי הדין), רשאי בית הדין להתיר את הייצוג, לבקשת עורך הדין או בא הכוח, אם מצא כי הנזק שייגרם לצד להליך אם לא יתיר את הייצוג עולה על הנזק שייגרם לצד להליך או לאינטרס הציבורי בשל הפסקת הדיון או החלפת דיין; התיר בית הדין את הייצוג כאמור, לא ישב בדין הדיין שלגביו התקיימה עילת הפסלות.</p>
              </content>
            </point>
            <point eId="point_19א__point_ז">
              <num>(ז)</num>
              <content>
                <p>החלטת דיין או בית דין לפי סעיף זה תהיה מנומקת, ורשאי בעל דין לערער עליה לפני בית הדין הרבני הגדול; בערעור ידון נשיא בית הדין הרבני הגדול, או מותב של דיינים של בית הדין הרבני הגדול, או אחד הדיינים של בית הדין הרבני הגדול, הכל כפי שיקבע הנשיא.</p>
              </content>
            </point>
            <point eId="point_19א__point_ח">
              <num>(ח)</num>
              <content>
                <p>בעל דין שבדעתו לערער על החלטת דיין או בית דין לפי סעיף זה יודיע על כך לבית הדין, ומשהודיע כך, יופסק הדיון עד להחלטה בערעור, זולת אם החליט הדיין או בית הדין, לפי הענין, מנימוקים שיירשמו, שיש להמשיך בהליך; הוחלט להמשיך בדיון והוגש הערעור, רשאי נשיא בית הדין הרבני הגדול או מי שדן בערעור להורות, לבקשת המערער בכתב הערעור, על הפסקת ההליך עד להחלטה בערעור.</p>
              </content>
            </point>
          </list>
        </point>
        <point eId="point_19ב">
          <heading>
            <authorialNote placement="side">
              <p>כללי אתיקה לדיינים</p>
            </authorialNote>
          </heading>
          <num>19ב.</num>
          <content>
            <p>נשיא בית הדין הרבני הגדול, בהסכמת חבר דייני בית הדין הרבני הגדול ולאחר התייעצות עם השר, רשאי לקבוע כללי אתיקה לדיינים.</p>
          </content>
        </point>
        <point eId="point_19ג">
          <heading>
            <authorialNote placement="side">
              <p>ועדת אתיקה</p>
            </authorialNote>
          </heading>
          <num>19ג.</num>
          <list>
            <point eId="point_19ג__point_א">
              <num>(א)</num>
              <content>
                <p>נשיא בית הדין הרבני הגדול, לאחר התייעצות עם השר, ימנה ועדת אתיקה בת שלושה חברים, והם: דיין של בית הדין הרבני הגדול, והוא יהיה היושב ראש, ושני דיינים של בית דין רבני אזורי.</p>
              </content>
            </point>
            <point eId="point_19ג__point_ב">
              <num>(ב)</num>
              <content>
                <p>ועדת האתיקה תיתן חוות דעת מקדימה בעניני אתיקה של דיינים, לפי פניה של דיין שכללי האתיקה לדיינים שנקבעו לפי <ref href="#point_19ב">סעיף 19ב</ref> חלים עליו – בענין הנוגע אליו.</p>
              </content>
            </point>
            <point eId="point_19ג__point_ג">
              <num>(ג)</num>
              <content>
                <p>חבר ועדת האתיקה ימונה לתקופה אחת של שש שנים.</p>
              </content>
            </point>
            <point eId="point_19ג__point_ד">
              <num>(ד)</num>
              <content>
                <p>ועדת האתיקה תפרסם חוות דעת מקדימה שנתנה, בלא ציון שמו של מי שלגביו ניתנה חוות הדעת ופרטים מזהים אחרים, אלא אם כן החליטה אחרת.</p>
              </content>
            </point>
            <point eId="point_19ג__point_ה">
              <num>(ה)</num>
              <content>
                <p>ועדת האתיקה תקבע את נוהלי עבודתה וסדרי דיוניה, ככל שלא נקבעו לפי חוק זה.</p>
              </content>
            </point>
          </list>
        </point>
        <point eId="point_20">
          <heading>
            <authorialNote placement="side">
              <p>בית דין משמעתי</p>
            </authorialNote>
          </heading>
          <num>20.</num>
          <list>
            <point eId="point_20__point_א">
              <num>(א)</num>
              <content>
                <p>כל דיין יהיה נתון לשיפוטו של בית דין משמעתי.</p>
              </content>
            </point>
            <point eId="point_20__point_ב">
              <num>(ב)</num>
              <content>
                <p>בית הדין המשמעתי יהיה של חמישה ובהם שלושה דיינים, או של שלושה ובהם שני דיינים, הכל לפי שנשיא בית הדין הרבני הגדול יקבע לכל ענין.</p>
              </content>
            </point>
            <point eId="point_20__point_ג">
              <num>(ג)</num>
              <content>
                <p>חברי בית הדין המשמעתי יתמנו לכל ענין על ידי חבר הדיינים של בית הדין הרבני הגדול. לא מינה חבר הדיינים של בית הדין הרבני הגדול את חברי בית הדין המשמעתי תוך 30 יום מיום שהוגשה קובלנה בידי השר, ימנה נשיא בית הדין הרבני הגדול, את חברי בית הדין המשמעתי.</p>
              </content>
            </point>
            <point eId="point_20__point_ד">
              <num>(ד)</num>
              <content>
                <p>אב בית הדין המשמעתי יהיה נשיא בית הדין הרבני הגדול או הותיק שבין שאר הדיינים, הכל לפי ההרכב, ומבין בעלי ותק שווה – הקשיש שבהם.</p>
              </content>
            </point>
            <point eId="point_20__point_ה">
              <num>(ה)</num>
              <content>
                <p>השר, בהסכמת נשיא בית הדין הרבני הגדול, רשאי להתקין תקנות לענין סדרי הדין בבית הדין המשמעתי.</p>
              </content>
            </point>
          </list>
        </point>
        <point eId="point_21">
          <heading>
            <authorialNote placement="side">
              <p>קובלנה על דיין</p>
            </authorialNote>
          </heading>
          <num>21.</num>
          <list>
            <point eId="point_21__point_א">
              <num>(א)</num>
              <list>
                <intro>
                  <p>השר, בהתייעצות עם נשיא בית הדין הרבני הגדול, רשאי להגיש לבית הדין המשמעתי קובלנה על דיין על יסוד אחד מאלה:</p>
                </intro>
                <point eId="point_21__point_א__point_1">
                  <num>(1)</num>
                  <content>
                    <p>הדיין נהג שלא כהלכה במילוי תפקידו;</p>
                  </content>
                </point>
                <point eId="point_21__point_א__point_2">
                  <num>(2)</num>
                  <content>
                    <p>הדיין התנהג באופן שאינו הולם את מעמדו של דיין בישראל;</p>
                  </content>
                </point>
                <point eId="point_21__point_א__point_3">
                  <num>(3)</num>
                  <content>
                    <p>הדיין הורשע על עבירה שבנסיבות הענין יש בה משום קלון;</p>
                  </content>
                </point>
                <point eId="point_21__point_א__point_4">
                  <num>(4)</num>
                  <content>
                    <p>הוועדה מצאה שהדיין השיג את מינויו שלא כדין;</p>
                  </content>
                </point>
                <point eId="point_21__point_א__point_5">
                  <num>(5)</num>
                  <content>
                    <p>הדיין הפר כלל מכללי האתיקה לדיינים שנקבעו לפי <ref href="#point_19ב">סעיף 19ב</ref>.</p>
                  </content>
                </point>
              </list>
            </point>
            <point eId="point_21__point_ב">
              <num>(ב)</num>
              <content>
                <p>מגיש הקובלנה רשאי להיות מיוצג בפני בית הדין המשמעתי על ידי בא כוחו.</p>
              </content>
            </point>
          </list>
        </point>
        <point eId="point_21א">
          <heading>
            <authorialNote placement="side">
              <p>אמצעי משמעת</p>
            </authorialNote>
          </heading>
          <num>21א.</num>
          <list>
            <intro>
              <p>אמצעי המשמעת שבית הדין המשמעתי מוסמך להטיל הם:</p>
            </intro>
            <point eId="point_21א__point_1">
              <num>(1)</num>
              <content>
                <p>הערה;</p>
              </content>
            </point>
            <point eId="point_21א__point_2">
              <num>(2)</num>
              <content>
                <p>התראה;</p>
              </content>
            </point>
            <point eId="point_21א__point_3">
              <num>(3)</num>
              <content>
                <p>נזיפה;</p>
              </content>
            </point>
            <point eId="point_21א__point_4">
              <num>(4)</num>
              <content>
                <p>העברה למקום כהונה אחר;</p>
              </content>
            </point>
            <point eId="point_21א__point_5">
              <num>(5)</num>
              <content>
                <p>העברה מן הכהונה, בין בתשלום קצבה ובין בשלילתה, כולה או מקצתה.</p>
              </content>
            </point>
          </list>
        </point>
        <point eId="point_22">
          <heading>
            <authorialNote placement="side">
              <p>מסקנות בית הדין המשמעתי</p>
            </authorialNote>
          </heading>
          <num>22.</num>
          <list>
            <point eId="point_22__point_א">
              <num>(א)</num>
              <content>
                <p>בית הדין המשמעתי יביא את החלטותיו, לזכות או לחובה, לשר.</p>
              </content>
            </point>
            <point eId="point_22__point_ב">
              <num>(ב)</num>
              <content>
                <p>
                  <wikicomment font-size="x-small">(בוטל).</wikicomment>
                </p>
              </content>
            </point>
          </list>
        </point>
        <point eId="point_22א">
          <heading>
            <authorialNote placement="side">
              <p xml:space="preserve"> </p>
            </authorialNote>
          </heading>
          <num>22א.</num>
          <content>
            <p>
              <wikicomment font-size="x-small">(בוטל).</wikicomment>
            </p>
          </content>
        </point>
        <point eId="point_23">
          <heading>
            <authorialNote placement="side">
              <p>השעיית דיין</p>
            </authorialNote>
          </heading>
          <num>23.</num>
          <list>
            <point eId="point_23__point_א">
              <num>(א)</num>
              <content>
                <p>הוגשה על דיין קובלנה על פי <ref href="#point_21">סעיף 21</ref>, או הוגשה נגדו תביעה פלילית, רשאים נשיא בית הדין הרבני הגדול להשעות את הדיין לתקופה שימצאו לנכון.</p>
              </content>
            </point>
            <point eId="point_23__point_ב">
              <num>(ב)</num>
              <content>
                <p>בית הדין המשמעתי רשאי, על פי בקשת הדיין, לבטל את השעייתו.</p>
              </content>
            </point>
          </list>
        </point>
        <point eId="point_24">
          <heading>
            <authorialNote placement="side">
              <p>פרסום ברשומות</p>
            </authorialNote>
          </heading>
          <num>24.</num>
          <content>
            <p>הודעה על מינוי דיין ועל גמר כהונתו של דיין וכן הודעה על קביעת נשיא בית הדין הרבני הגדול כאמור <ref href="#point_8">בסעיף 8</ref> תפורסם ברשומות.</p>
          </content>
        </point>
        <point eId="point_25">
          <heading>
            <authorialNote placement="side">
              <p>תביעה פלילית</p>
            </authorialNote>
          </heading>
          <num>25.</num>
          <list>
            <point eId="point_25__point_א">
              <num>(א)</num>
              <content>
                <p>לא תיפתח חקירה פלילית נגד דיין אלא בהסכמת היועץ המשפטי לממשלה, ולא יוגש כתב אישום נגד דיין, אלא בידי היועץ המשפטי לממשלה.</p>
              </content>
            </point>
            <point eId="point_25__point_ב">
              <num>(ב)</num>
              <content>
                <p>הוראות סעיף קטן (א) לא יחולו על עבירה שנקבעה כעבירת קנס לפי כל חיקוק ועל עבירה מינהלית שדינה קנס מינהלי קצוב.</p>
              </content>
            </point>
          </list>
        </point>
        <point eId="point_26">
          <heading>
            <authorialNote placement="side">
              <p>הוראות מעבר</p>
            </authorialNote>
          </heading>
          <num>26.</num>
          <list>
            <point eId="point_26__point_א">
              <num>(א)</num>
              <list>
                <intro>
                  <p>מי שכיהן כדיין ערב תחילתו של חוק זה –</p>
                </intro>
                <point eId="point_26__point_א__point_1">
                  <num>(1)</num>
                  <content>
                    <p>רואים אותו כאילו נתמנה על פי חוק זה;</p>
                  </content>
                </point>
                <point eId="point_26__point_א__point_2">
                  <num>(2)</num>
                  <content>
                    <p>יצהיר אמונים לפי <ref href="#point_10">סעיף 10</ref> תוך שני חדשים מיום תחילתו של חוק זה.</p>
                  </content>
                </point>
              </list>
            </point>
            <point eId="point_26__point_ב">
              <num>(ב)</num>
              <content>
                <p>מי שכיהן כמנהל המחלקה לרבנות ושיפוט רבני במשרד הדתות ערב תחילתו של חוק זה, כשיר להיות ממונה על ביצוע סדרי המינהל של בתי הדין הרבניים כאמור <ref href="#point_13">בסעיף 13</ref>.</p>
              </content>
            </point>
          </list>
        </point>
        <point eId="point_27">
          <heading>
            <authorialNote placement="side">
              <p>ביצוע ותקנות</p>
            </authorialNote>
          </heading>
          <num>27.</num>
          <list>
            <point eId="point_27__point_א">
              <num>(א)</num>
              <list>
                <intro>
                  <p>השר ממונה על ביצוע חוק זה והוא רשאי להתקין תקנות לביצועו, לרבות קביעת אגרות שישולמו בבתי דין רבניים; השר, בהסכמת נשיא בית הדין הרבני הגדול ובהתייעצות עם חבר דייני בית הדין הרבני הגדול ומועצת הרבנות הראשית לישראל, רשאי לקבוע בתקנות –</p>
                </intro>
                <point eId="point_27__point_א__point_1">
                  <num>(1)</num>
                  <content>
                    <p>את סדרי הדין בבתי הדין הרבניים;<br xml:space="preserve" xmlns=""> </br><wikicomment font-size="x-small">פורסמו <ref href="/akn/il/act/SecondaryLegislation/2013-01-08/48776">תקנות הדיינים (פגרות), התשע"ג–2013</ref>.</wikicomment><br xml:space="preserve" xmlns=""> </br><wikicomment font-size="x-small">פורסמו <ref href="/akn/il/act/PrimaryLegislation/2020-07-29/2088319">תקנות הדיינים (סדרי דין בבתי הדין הרבניים בעת מצב חירום מיוחד) (הוראת שעה), התש"ף–2020</ref>.</wikicomment></p>
                  </content>
                </point>
                <point eId="point_27__point_א__point_2">
                  <num>(2)</num>
                  <content>
                    <p>את סדרי ייצוגם של בעלי דין לפני בתי דין רבניים על ידי מי שאינו עורך דין;<br xml:space="preserve" xmlns=""> </br><wikicomment font-size="x-small">פורסמו <ref href="/akn/il/act/PrimaryOrSecondaryLegislation/UnknownWorkDate/תקנות_הטוענים_הרבניים">תקנות הטוענים הרבניים, התשס"א–2001</ref>.</wikicomment></p>
                  </content>
                </point>
                <point eId="point_27__point_א__point_3">
                  <num>(3)</num>
                  <content>
                    <p>את הסמכויות המינהליות של ראשי אבות בית דין.<br xml:space="preserve" xmlns=""> </br><wikicomment font-size="x-small">פורסמו <ref href="/akn/il/act/PrimaryOrSecondaryLegislation/UnknownWorkDate/תקנות_הדיינים_אגרות">תקנות הדיינים (אגרות), תשי"ז–1957</ref>.</wikicomment><br xml:space="preserve" xmlns=""> </br><wikicomment font-size="x-small">פורסמו <ref href="/akn/il/act/PrimaryOrSecondaryLegislation/UnknownWorkDate/תקנות_הדיינים_פרישה_לקיצבה_וגימלאות">תקנות הדיינים (פרישה לקיצבה וגימלאות), תשי"ט–1959</ref>.</wikicomment><br xml:space="preserve" xmlns=""> </br><wikicomment font-size="x-small">פורסמו <ref href="/akn/il/act/PrimaryOrSecondaryLegislation/UnknownWorkDate/תקנות_הדיינים_החזרת_פיקדונות_בבתי_דין_רבניים">תקנות הדיינים (החזרת פיקדונות בבתי דין רבניים), התשנ"ט–1999</ref>.</wikicomment></p>
                  </content>
                </point>
              </list>
            </point>
            <point eId="point_27__point_ב">
              <num>(ב)</num>
              <content>
                <p>תקנות לפי סעיף זה טעונות אישור ועדת החוקה חוק ומשפט של הכנסת.</p>
              </content>
            </point>
          </list>
        </point>
        <point eId="point_28">
          <heading>
            <authorialNote placement="side">
              <p>ביטולים</p>
            </authorialNote>
          </heading>
          <num>28.</num>
          <list>
            <point eId="point_28__point_א">
              <num>(א)</num>
              <content>
                <p>תקנות כנסת ישראל ותקנות הבחירות שהותקנו על פיהן, לא יחולו על מינוי דיינים.</p>
              </content>
            </point>
            <point eId="point_28__point_ב">
              <num>(ב)</num>
              <content>
                <p>
                  <ref href="/akn/il/act/PrimaryLegislation/1950-06-08/148384">החוק לקביעת משכורתם של נשיא המדינה, חברי הממשלה, שופטי המדינה ומבקר המדינה, תשי"א–1950</ref> – לא יחולו על משכורתם של דיינים שחוק זה דן בהם.</p>
              </content>
            </point>
          </list>
        </point>
        <point eId="point_29">
          <heading>
            <authorialNote placement="side">
              <p xml:space="preserve"> </p>
            </authorialNote>
          </heading>
          <num>29.</num>
          <content>
            <p>
              <wikicomment font-size="x-small">(בוטל).</wikicomment>
            </p>
          </content>
        </point>
      </list>
      <appendix eId="appendix">
        <num></num>
        <title>
          <content>
            <p>תוספת <wikicomment font-size="x-small">(פקעה)</wikicomment></p>
          </content>
        </title>
      </appendix>
    </body>
    <conclusions eId="eId">
      <p class="signatures">
        <signature>
          <p>
            <person refersTo="משה_שרת">משה שרת</person>
            <role refersTo="ראש_הממשלה">ראש הממשלה</role>
          </p>
        </signature>
        <signature>
          <p>
            <person refersTo="משה_שפירא">משה שפירא</person>
            <role refersTo="שר_הדתות">שר הדתות</role>
          </p>
        </signature>
        <signature>
          <p>
            <person refersTo="יוסף_שפרינצק">יוסף שפרינצק</person>
            <role refersTo="יושב_ראש_הכנסת_|_ממלא_מקום_נשיא_המדינה">יושב ראש הכנסת | ממלא מקום נשיא המדינה</role>
          </p>
        </signature>
      </p>
    </conclusions>
  </act>
</akomaNtoso>