﻿<?xml version="1.0" encoding="utf-8"?>
<akomaNtoso xmlns="http://docs.oasis-open.org/legaldocml/ns/akn/3.0">
  <act contains="originalVersion" name="publicLaw">
    <meta>
      <identification source="#kensset">
        <FRBRWork>
          <FRBRthis value="/akn/il/act/PrimaryLegislation/1960-07-29/148005/main" />
          <FRBRuri value="/akn/il/act/PrimaryLegislation/1960-07-29/148005" />
          <FRBRdate date="1960-07-29" name="Generation" />
          <FRBRauthor href="#knesset" as="#author" />
          <FRBRcountry value="israel" />
        </FRBRWork>
        <FRBRExpression>
          <FRBRthis value="/akn/il/act/PrimaryLegislation/1960-07-29/148005/he@/main" />
          <FRBRuri value="/akn/il/act/PrimaryLegislation/1960-07-29/148005/he@" />
          <FRBRdate date="1960-07-29" name="Generation" />
          <FRBRauthor href="#knesset" as="#author" />
          <FRBRlanguage language="hebrew" />
        </FRBRExpression>
        <FRBRManifestation>
          <FRBRthis value="/akn/il/act/PrimaryLegislation/1960-07-29/148005/he@/main.xml" />
          <FRBRuri value="/akn/il/act/PrimaryLegislation/1960-07-29/148005/he@" />
          <FRBRdate date="1960-07-29" name="Generation" />
          <FRBRauthor href="#knesset" as="#author" />
          <FRBRformat value="xml" />
        </FRBRManifestation>
      </identification>
      <classification source="#kensset">
        <keyword value="{classificationValue}" showAs="{classificationValue}" dictionary="#classification_dictionary" />
      </classification>
      <lifecycle source="#kensset">
        <eventRef eId="eventRef_1" date="1960-07-29" source="#kensset" type="generation" />
      </lifecycle>
      <references source="#kensset">
        <TLCOrganization eId="kensset" href="/ontology/organization/akn/knesset" showAs="Kensset" type="generation" />
        <TLCRole eId="author" href="/ontology/role/akn/author" showAs="Author of Document" />
        <TLCProcess eId="inforce" href="/ontology/process/akn/inforce" showAs="In force" />
        <TLCTerm eId="term_1" href="/ontology/term/מקרקעי_ישראל/148005" showAs="מקרקעי_ישראל" />
        <TLCTerm eId="term_2" href="/ontology/term/קרקע_עירונית/148005" showAs="קרקע_עירונית" />
        <TLCTerm eId="term_3" href="/ontology/term/תעסוקה/148005" showAs="תעסוקה" />
        <TLCTerm eId="term_4" href="/ontology/term/זכויות_במקרקעין/148005" showAs="זכויות_במקרקעין" />
        <TLCTerm eId="term_5" href="/ontology/term/זר/148005" showAs="זר" />
        <TLCTerm eId="term_6" href="/ontology/term/חוק_רשות_מקרקעי_ישראל/148005" showAs="חוק_רשות_מקרקעי_ישראל" />
        <TLCTerm eId="term_7" href="/ontology/term/יושב_ראש_מועצת_מקרקעי_ישראל/148005" showAs="יושב_ראש_מועצת_מקרקעי_ישראל" />
        <TLCTerm eId="term_8" href="/ontology/term/מדינה/148005" showAs="מדינה" />
        <TLCTerm eId="term_9" href="/ontology/term/מנהל_רשות_מקרקעי_ישראל/148005" showAs="מנהל_רשות_מקרקעי_ישראל" />
        <TLCTerm eId="term_10" href="/ontology/term/מקרקעי_ישראל/148005" showAs="מקרקעי_ישראל" />
        <TLCTerm eId="term_11" href="/ontology/term/שליטה/148005" showAs="שליטה" />
        <TLCTerm eId="term_12" href="/ontology/term/חוק_לעידוד_השקעות_הון/148005" showAs="חוק_לעידוד_השקעות_הון" />
        <TLCTerm eId="term_13" href="/ontology/term/מינהלת_מרכז_ההשקעות/148005" showAs="מינהלת_מרכז_ההשקעות" />
        <TLCPerson eId="דוד_בן־גוריון" href="/ontology/person/דוד_בן־גוריון" showAs="דוד בן־גוריון" />
        <TLCPerson eId="לוי_אשכול" href="/ontology/person/לוי_אשכול" showAs="לוי אשכול" />
        <TLCPerson eId="משה_דיין" href="/ontology/person/משה_דיין" showAs="משה דיין" />
        <TLCPerson eId="יצחק_בן־צבי" href="/ontology/person/יצחק_בן־צבי" showAs="יצחק בן־צבי" />
        <TLCRole eId="ראש_הממשלה" href="ontology/role/akn/ראש_הממשלה" showAs="ראש הממשלה" />
        <TLCRole eId="שר_האוצר" href="ontology/role/akn/שר_האוצר" showAs="שר האוצר" />
        <TLCRole eId="שר_החקלאות" href="ontology/role/akn/שר_החקלאות" showAs="שר החקלאות" />
        <TLCRole eId="נשיא_המדינה" href="ontology/role/akn/נשיא_המדינה" showAs="נשיא המדינה" />
      </references>
      <temporalData source="#kensset">
        <temporalGroup eId="tmpg_1" />
      </temporalData>
      <Publication></Publication>
    </meta>
    <body period="#tmpg_1">
      <title eId="title">
        <content>
          <p>חוק מקרקעי ישראל, תש"ך–1960</p>
        </content>
      </title>
      <list>
        <point eId="point_1" class="definitions">
          <heading>
            <authorialNote placement="side">
              <p>הגדרות</p>
            </authorialNote>
          </heading>
          <num>1.</num>
          <list>
            <intro>
              <p>בחוק זה –</p>
            </intro>
            <point eId="point_1__point_מקרקעי_ישראל">
              <content>
                <p>
                  <def />”מקרקעי ישראל“ – כמשמעותו <ref href="/akn/il/act/PrimaryLegislation/1960-07-29/147462">בחוק־יסוד: מקרקעי ישראל</ref> (להלן – חוק־היסוד);</p>
              </content>
            </point>
            <point eId="point_1__point_קרקע_עירונית">
              <content>
                <p>
                  <def />”קרקע עירונית“ – קרקע שייעודה לפי תכנית שניתן להוציא מכוחה היתר בנייה לפי <ref href="/akn/il/act/PrimaryLegislation/1965-08-12/148917">חוק התכנון והבניה, התשכ"ה–1965</ref>, הוא למגורים או לתעסוקה;</p>
              </content>
            </point>
            <point eId="point_1__point_תעסוקה">
              <content>
                <p>
                  <def />”תעסוקה“ – תעשייה, מלאכה, משרדים, מסחר, תיירות או מלונאות, למעט חקלאות או גידול בעלי חיים.</p>
              </content>
            </point>
          </list>
        </point>
        <point eId="point_2">
          <heading>
            <authorialNote placement="side">
              <p>היתר העברת בעלות</p>
            </authorialNote>
          </heading>
          <num>2.</num>
          <list>
            <intro>
              <p>ואלה סוגי העסקאות <ref href="/akn/il/act/PrimaryLegislation/1960-07-29/147462#point_1">שסעיף 1 לחוק היסוד</ref> לא יחול עליהן:</p>
            </intro>
            <point eId="point_2__point_1">
              <num>(1)</num>
              <content>
                <p>פעולות רשות הפיתוח לפי <ref href="/akn/il/act/PrimaryLegislation/1953-03-20/148001">חוק רכישת מקרקעים (אישור פעולות ופיצויים), תשי"ג–1953</ref>;</p>
              </content>
            </point>
            <point eId="point_2__point_2">
              <num>(2)</num>
              <content>
                <p>העברת בעלות במקרקעי ישראל, לפי כללים שייקבעו בתקנות, באישור ועדת הכספים של הכנסת, לנפקדים הנמצאים בישראל או ליורשיהם הנמצאים בישראל, תמורת מקרקעין שהוקנו לאפוטרופוס לנכסי נפקדים מכוח <ref href="/akn/il/act/PrimaryLegislation/1950-03-20/150181">חוק נכסי נפקדים, תש"י–1950</ref>;<br xml:space="preserve" xmlns=""> </br><wikicomment font-size="x-small">פורסמו <ref href="/akn/il/act/PrimaryOrSecondaryLegislation/UnknownWorkDate/תקנות_מקרקעי_ישראל_כללים_להעברת_בעלות_לנפקדים">תקנות מקרקעי ישראל (כללים להעברת בעלות לנפקדים), תשכ"ג–1963</ref>.</wikicomment></p>
              </content>
            </point>
            <point eId="point_2__point_3">
              <num>(3)</num>
              <content>
                <p>העברת בעלות במקרקעי ישראל למילוי התחייבות שנתחייבו בה כדין או חבות שנוצרה כדין לגבי אותם מקרקעין לפני תחילת <ref href="/akn/il/act/PrimaryLegislation/1960-07-29/147462">חוק היסוד</ref>;</p>
              </content>
            </point>
            <point eId="point_2__point_4">
              <num>(4)</num>
              <content>
                <p>העברת בעלות במקרקעי ישראל תוך חליפין במקרקעין שאינם מקרקעי ישראל או כפיצוי בעד מקרקעין כאלה שהופקעו על פי חוק, ובלבד שלא תוחלף קרקע חקלאית בקרקע עירונית אלא בנסיבות מיוחדות ובאישור שר החקלאות;</p>
              </content>
            </point>
            <point eId="point_2__point_5">
              <num>(5)</num>
              <content>
                <p>העברת בעלות במקרקעי ישראל במידה שיש בכך צורך ליישר גבולות או להשלים נחלאות, ובלבד ששטח המקרקעין לא יעלה על מאה דונם כל פעם; היתה ההעברה ללא תמורה, טעונה היא אישור ועדת הכספים של הכנסת;</p>
              </content>
            </point>
            <point eId="point_2__point_6">
              <num>(6)</num>
              <content>
                <p>העברת בעלות במקרקעי ישראל בין המדינה, רשות הפיתוח והקרן הקימת לישראל לבין עצמם; ואולם העברת בעלות במקרקעי המדינה או במקרקעי רשות הפיתוח לקרן הקימת לישראל בשטח מקרקעין העולה על 16 דונם טעונה אישור ועדת הכלכלה של הכנסת;</p>
              </content>
            </point>
            <point eId="point_2__point_7">
              <num>(7)</num>
              <content>
                <p>העברת בעלות במקרקעי המדינה או במקרקעי רשות הפיתוח שהם קרקע עירונית, ובלבד ששטח כל ההעברות מכוח פסקה זו יחד לא יעלה על 400 אלף דונם – בתקופה שמיום י"ב באלול התשס"ט (1 בספטמבר 2009) עד יום ה׳ באלול התשע"ד (31 באוגוסט 2014) (בפסקה זו – התקופה הראשונה), ו־400 אלף דונם נוספים למשך חמש שנים מתום התקופה הראשונה;</p>
              </content>
            </point>
            <wrapup eId="point_2__wrapup_none">
              <content>
                <p>ובלבד שהעברת בעלות במקרקעי הקרן הקימת לישראל לא תיעשה אלא באישורה.</p>
              </content>
            </wrapup>
          </list>
        </point>
        <point eId="point_2א">
          <heading>
            <authorialNote placement="side">
              <p>הגבלה על הקניה או העברה של זכויות במקרקעין לזרים</p>
            </authorialNote>
          </heading>
          <num>2א.</num>
          <list>
            <point eId="point_2א__point_א">
              <num>(א)</num>
              <list>
                <intro>
                  <p>בסעיף זה –</p>
                </intro>
                <point eId="point_2א__point_א__point_זכויות_במקרקעין">
                  <content>
                    <p>
                      <def />”זכויות במקרקעין“ – זכות בעלות, או זכות שכירות לתקופות שבמצטבר עולות על חמש שנים או שיש עמה ברירה להאריך את תקופתה לתקופה כוללת העולה על חמש שנים, לרבות זכות על פי התחייבות להקנות או העביר בעלות או שכירות לתקופה כאמור;</p>
                  </content>
                </point>
                <point eId="point_2א__point_א__point_זר">
                  <list>
                    <intro>
                      <p>
                        <def />”זר“ – כל אחד מאלה:</p>
                    </intro>
                    <point eId="point_2א__point_א__point_זר__point_1">
                      <num>(1)</num>
                      <list>
                        <intro>
                          <p>יחיד שאינו אחד מאלה:</p>
                        </intro>
                        <point eId="point_2א__point_א__point_זר__point_1__point_א">
                          <num>(א)</num>
                          <content>
                            <p>אזרח ישראלי או תושב ישראל;</p>
                          </content>
                        </point>
                        <point eId="point_2א__point_א__point_זר__point_1__point_ב">
                          <num>(ב)</num>
                          <content>
                            <p>מי שזכאי לעלות לישראל לפי <ref href="/akn/il/act/PrimaryLegislation/1950-07-06/148721">חוק השבות, התש"י–1950</ref>;</p>
                          </content>
                        </point>
                      </list>
                    </point>
                    <point eId="point_2א__point_א__point_זר__point_2">
                      <num>(2)</num>
                      <content>
                        <p>תאגיד שהשליטה בו בידי יחיד אחד או יותר, שאינו אחד מהמנויים בפסקה (1);</p>
                      </content>
                    </point>
                    <point eId="point_2א__point_א__point_זר__point_3">
                      <num>(3)</num>
                      <content>
                        <p>מי שפועל בעבור יחיד או תאגיד כאמור בפסקאות (1) או (2);</p>
                      </content>
                    </point>
                  </list>
                </point>
                <point eId="point_2א__point_א__point_חוק_רשות_מקרקעי_ישראל">
                  <content>
                    <p>
                      <def />”חוק רשות מקרקעי ישראל“ – <ref href="/akn/il/act/PrimaryLegislation/1960-07-29/148006">חוק רשות מקרקעי ישראל, התש"ך–1960</ref>;</p>
                  </content>
                </point>
                <point eId="point_2א__point_א__point_יושב_ראש_מועצת_מקרקעי_ישראל">
                  <content>
                    <p>
                      <def />”יושב ראש מועצת מקרקעי ישראל“ – כמשמעותו <ref href="/akn/il/act/PrimaryLegislation/1960-07-29/148006">בחוק רשות מקרקעי ישראל</ref>;</p>
                  </content>
                </point>
                <point eId="point_2א__point_א__point_מדינה">
                  <list>
                    <intro>
                      <p>
                        <def />”מדינה“ – לרבות כל אחד מאלה:</p>
                    </intro>
                    <point eId="point_2א__point_א__point_מדינה__point_1">
                      <num>(1)</num>
                      <content>
                        <p>איחוד, חבר או ארגון שנוסד בידי שתי מדינות לפחות, או בידי ארגונים שנוסדו בידי שתי מדינות לפחות;</p>
                      </content>
                    </point>
                    <point eId="point_2א__point_א__point_מדינה__point_2">
                      <num>(2)</num>
                      <content>
                        <p>אורגן, רשות או נציגות של מדינה או של איחוד מדינות;</p>
                      </content>
                    </point>
                    <point eId="point_2א__point_א__point_מדינה__point_3">
                      <num>(3)</num>
                      <content>
                        <p>ישות מדינית שאינה מדינה שקבע שר המשפטים, באישור ועדת החוקה חוק ומשפט של הכנסת;</p>
                      </content>
                    </point>
                  </list>
                </point>
                <point eId="point_2א__point_א__point_מנהל_רשות_מקרקעי_ישראל">
                  <content>
                    <p>
                      <def />”מנהל רשות מקרקעי ישראל“ – כמשמעותו <ref href="/akn/il/act/PrimaryLegislation/1960-07-29/148006">בחוק רשות מקרקעי ישראל</ref>;</p>
                  </content>
                </point>
                <point eId="point_2א__point_א__point_מקרקעי_ישראל">
                  <content>
                    <p>
                      <def />”מקרקעי ישראל“ – לרבות מקרקעין שזכות הבעלות בהם הוקנתה לפי <ref href="/akn/il/act/PrimaryLegislation/1960-07-29/148006">חוק רשות מקרקעי ישראל</ref>;</p>
                  </content>
                </point>
                <point eId="point_2א__point_א__point_שליטה">
                  <content>
                    <p>
                      <def />”שליטה“ – כמשמעותה <ref href="/akn/il/act/PrimaryLegislation/1981-04-26/147066">בחוק הבנקאות (רישוי), התשמ"א–1981</ref>.</p>
                  </content>
                </point>
              </list>
            </point>
            <point eId="point_2א__point_ב">
              <num>(ב)</num>
              <list>
                <point eId="point_2א__point_ב__point_1">
                  <num>(1)</num>
                  <content>
                    <p>לא יקנה ולא יעביר אדם זכויות במקרקעי ישראל לזר, בין בתמורה ובין שלא בתמורה, אלא לפי הוראות חוק זה;</p>
                  </content>
                </point>
                <point eId="point_2א__point_ב__point_2">
                  <num>(2)</num>
                  <content>
                    <p>המבקש להקנות או להעביר זכויות במקרקעי ישראל לזר, יגיש בקשה לאישור ההקניה או ההעברה ליושב ראש מועצת מקרקעי ישראל;</p>
                  </content>
                </point>
                <point eId="point_2א__point_ב__point_3">
                  <num>(3)</num>
                  <content>
                    <p>יושב ראש מועצת מקרקעי ישראל רשאי לתת אישור להקניה או להעברה של זכויות במקרקעי ישראל לזר, על פי המלצה של ועדת משנה של מועצת מקרקעי ישראל ולאחר התייעצות עם שר הביטחון ושר החוץ, ובהתאם לייעוד הקרקע ולזהות המבקש – גם עם גורמים נוספים שייקבעו בתקנות כאמור <ref href="#point_4">בסעיף 4(ב)</ref>;</p>
                  </content>
                </point>
                <point eId="point_2א__point_ב__point_4">
                  <num>(4)</num>
                  <list>
                    <intro>
                      <p>בבואו להחליט בדבר מתן אישור כאמור בפסקה (3), יביא יושב ראש מועצת מקרקעי ישראל בחשבון, בין השאר, שיקולים אלה:</p>
                    </intro>
                    <point eId="point_2א__point_ב__point_4__point_א">
                      <num>(א)</num>
                      <content>
                        <p>טובת הציבור וביטחונו;</p>
                      </content>
                    </point>
                    <point eId="point_2א__point_ב__point_4__point_ב">
                      <num>(ב)</num>
                      <content>
                        <p>זיקתו של הזר לישראל, לרבות נתוניו האישיים, תקופות מגוריו בישראל וקרבה משפחתית שלו למי שאינו זר;</p>
                      </content>
                    </point>
                    <point eId="point_2א__point_ב__point_4__point_ג">
                      <num>(ג)</num>
                      <content>
                        <p>המטרה שלשמה הזר מבקש כי המקרקעין יוקנו או יועברו לו;</p>
                      </content>
                    </point>
                    <point eId="point_2א__point_ב__point_4__point_ד">
                      <num>(ד)</num>
                      <content>
                        <p>היקף המקרקעין שנקנו בידי אותו זר או שהועברו לו, קודם למועד הבקשה;</p>
                      </content>
                    </point>
                    <point eId="point_2א__point_ב__point_4__point_ה">
                      <num>(ה)</num>
                      <content>
                        <p>תכונות המקרקעין המבוקשים, לרבות גודל השטח המבוקש, מקום המקרקעין וייעודם;</p>
                      </content>
                    </point>
                  </list>
                </point>
                <point eId="point_2א__point_ב__point_5">
                  <num>(5)</num>
                  <list>
                    <intro>
                      <p>על אף האמור בפסקאות (1) ו־(3), מנהל רשות מקרקעי ישראל או מי שהוא הסמיך לכך מבין עובדי הרשות, רשאי לאשר הקניה או העברה של זכויות במקרקעי ישראל לאחד מאלה:</p>
                    </intro>
                    <point eId="point_2א__point_ב__point_5__point_א">
                      <num>(א)</num>
                      <content>
                        <p>זר שאינו תאגיד, המבקש לרכוש יחידת מגורים אחת במקרקעין שייעודם למגורים לפי תכנית, ובלבד שאינו בעל זכויות במקרקעין ביחידת מגורים נוספת; לעניין זה, ”תכנית“ – כמשמעותה <ref href="/akn/il/act/PrimaryLegislation/1965-08-12/148917">בחוק התכנון והבניה, התשכ"ה–1965</ref>;</p>
                      </content>
                    </point>
                    <point eId="point_2א__point_ב__point_5__point_ב">
                      <num>(ב)</num>
                      <list>
                        <intro>
                          <p>זר שמינהלת מרכז ההשקעות אישרה להעניק לו מענק לפי <ref href="/akn/il/act/PrimaryLegislation/1959-09-15/148127">חוק לעידוד השקעות הון</ref>, לצורך יישום התכנית שלשמה אושר המענק; לעניין זה –</p>
                        </intro>
                        <point eId="point_2א__point_ב__point_5__point_ב__point_חוק_לעידוד_השקעות_הון">
                          <content>
                            <p>
                              <def />”חוק לעידוד השקעות הון“ – <ref href="/akn/il/act/PrimaryLegislation/1959-09-15/148127">חוק לעידוד השקעות הון, התשי"ט–1959</ref>;</p>
                          </content>
                        </point>
                        <point eId="point_2א__point_ב__point_5__point_ב__point_מינהלת_מרכז_ההשקעות">
                          <content>
                            <p>
                              <def />”מינהלת מרכז ההשקעות“ – כהגדרתה <ref href="/akn/il/act/PrimaryLegislation/1959-09-15/148127">בחוק לעידוד השקעות הון</ref>;</p>
                          </content>
                        </point>
                      </list>
                    </point>
                    <point eId="point_2א__point_ב__point_5__point_ג">
                      <num>(ג)</num>
                      <content>
                        <p>מדינה, בהתאם להתחייבות של מדינת ישראל בהסכם בין־לאומי, לצורך ניהול ענייני אותה מדינה בישראל במסגרת ההתחייבות שניתנה.</p>
                      </content>
                    </point>
                  </list>
                </point>
              </list>
            </point>
            <point eId="point_2א__point_ג">
              <num>(ג)</num>
              <content>
                <p>הוראות סעיף קטן (ב) יחולו גם על הקניה או העברה של זכויות במקרקעין בדרך של מכירת מקרקעין מעוקלים, מימוש משכנתה, ביצוע של פסק דין או של מסמך אחר הניתן לביצוע כפסק דין, או מכירת נכס בידי לשכת ההוצאה לפועל או רשות אחרת על פי דין.</p>
              </content>
            </point>
            <point eId="point_2א__point_ד">
              <num>(ד)</num>
              <list>
                <point eId="point_2א__point_ד__point_1">
                  <num>(1)</num>
                  <content>
                    <p>לא יהא תוקף להקניה או להעברה של זכויות במקרקעין או להתחייבות להקניה או להעברה כאמור שנעשו בניגוד להוראות סעיף זה;</p>
                  </content>
                </point>
                <point eId="point_2א__point_ד__point_2">
                  <num>(2)</num>
                  <content>
                    <p>לא תירשם עסקה בפנקסי המקרקעין בניגוד להוראות סעיף זה;</p>
                  </content>
                </point>
                <point eId="point_2א__point_ד__point_3">
                  <num>(3)</num>
                  <content>
                    <p>היועץ המשפטי לממשלה או בא כוחו, או בעל עניין, רשאי לפנות לבית המשפט בבקשה להצהרה על בטלות עסקה שנעשתה בניגוד להוראות סעיף זה, או בבקשה לסעד אחר המתאים לנסיבות העניין, לרבות מחיקת רישום מפנקסי המקרקעין.</p>
                  </content>
                </point>
              </list>
            </point>
          </list>
        </point>
        <point eId="point_3">
          <heading>
            <authorialNote placement="side">
              <p>שמירת מצוות שמיטה</p>
            </authorialNote>
          </heading>
          <num>3.</num>
          <content>
            <p>
              <ref href="/akn/il/act/PrimaryLegislation/1960-07-29/147462">חוק־היסוד</ref> לא יפגע בפעולות הבאות לאפשר קיום מצוות שמיטה בלבד.</p>
          </content>
        </point>
        <point eId="point_4">
          <heading>
            <authorialNote placement="side">
              <p>ביצוע ותקנות</p>
            </authorialNote>
          </heading>
          <num>4.</num>
          <list>
            <point eId="point_4__point_א">
              <num>(א)</num>
              <content>
                <p>שר האוצר ושר החקלאות יחד ממונים על ביצוע חוק זה והם רשאים להתקין תקנות בכל הנוגע לביצועו.</p>
              </content>
            </point>
            <point eId="point_4__point_ב">
              <num>(ב)</num>
              <content>
                <p>שר המשפטים רשאי, באישור ועדת החוקה חוק ומשפט של הכנסת, להתקין תקנות לביצוע הוראות <ref href="#point_2א">סעיף 2א</ref>, לרבות לעניין דרך הגשת בקשה לקבלת אישור להקניה או להעברה של זכויות במקרקעין לזרים, לעניין זהות הגורמים שעמם יש להתייעץ כאמור <ref href="#point_2א">בסעיף 2א(ב)(3)</ref>, בהתאם לייעוד הקרקע ולזהות המבקש, לעניין אופן ההתייעצות והמועדים למתן תגובות להתייעצות ולעניין המועדים למענה לבקשה.</p>
              </content>
            </point>
          </list>
        </point>
      </list>
    </body>
    <conclusions eId="eId">
      <p class="signatures">
        <signature>
          <p>
            <person refersTo="דוד_בן־גוריון">דוד בן־גוריון</person>
            <role refersTo="ראש_הממשלה">ראש הממשלה</role>
          </p>
        </signature>
        <signature>
          <p>
            <person refersTo="לוי_אשכול">לוי אשכול</person>
            <role refersTo="שר_האוצר">שר האוצר</role>
          </p>
        </signature>
        <signature>
          <p>
            <person refersTo="משה_דיין">משה דיין</person>
            <role refersTo="שר_החקלאות">שר החקלאות</role>
          </p>
        </signature>
        <signature>
          <p>
            <person refersTo="יצחק_בן־צבי">יצחק בן־צבי</person>
            <role refersTo="נשיא_המדינה">נשיא המדינה</role>
          </p>
        </signature>
      </p>
    </conclusions>
  </act>
</akomaNtoso>