﻿<?xml version="1.0" encoding="utf-8"?>
<akomaNtoso xmlns="http://docs.oasis-open.org/legaldocml/ns/akn/3.0">
  <act contains="originalVersion" name="publicLaw">
    <meta>
      <identification source="#kensset">
        <FRBRWork>
          <FRBRthis value="/akn/il/act/PrimaryLegislation/1982-12-31/149199/main" />
          <FRBRuri value="/akn/il/act/PrimaryLegislation/1982-12-31/149199" />
          <FRBRdate date="1982-12-31" name="Generation" />
          <FRBRauthor href="#knesset" as="#author" />
          <FRBRcountry value="israel" />
        </FRBRWork>
        <FRBRExpression>
          <FRBRthis value="/akn/il/act/PrimaryLegislation/1982-12-31/149199/he@/main" />
          <FRBRuri value="/akn/il/act/PrimaryLegislation/1982-12-31/149199/he@" />
          <FRBRdate date="1982-12-31" name="Generation" />
          <FRBRauthor href="#knesset" as="#author" />
          <FRBRlanguage language="hebrew" />
        </FRBRExpression>
        <FRBRManifestation>
          <FRBRthis value="/akn/il/act/PrimaryLegislation/1982-12-31/149199/he@/main.xml" />
          <FRBRuri value="/akn/il/act/PrimaryLegislation/1982-12-31/149199/he@" />
          <FRBRdate date="1982-12-31" name="Generation" />
          <FRBRauthor href="#knesset" as="#author" />
          <FRBRformat value="xml" />
        </FRBRManifestation>
      </identification>
      <classification source="#kensset">
        <keyword value="{classificationValue}" showAs="{classificationValue}" dictionary="#classification_dictionary" />
      </classification>
      <lifecycle source="#kensset">
        <eventRef eId="eventRef_1" date="1982-12-31" source="#kensset" type="generation" />
      </lifecycle>
      <references source="#kensset">
        <TLCOrganization eId="kensset" href="/ontology/organization/akn/knesset" showAs="Kensset" type="generation" />
        <TLCRole eId="author" href="/ontology/role/akn/author" showAs="Author of Document" />
        <TLCProcess eId="inforce" href="/ontology/process/akn/inforce" showAs="In force" />
        <TLCTerm eId="term_1" href="/ontology/term/חייל/149199" showAs="חייל" />
        <TLCTerm eId="term_2" href="/ontology/term/קצין_משטרה_בכיר/149199" showAs="קצין_משטרה_בכיר" />
        <TLCTerm eId="term_3" href="/ontology/term/תושב/149199" showAs="תושב" />
        <TLCPerson eId="יצחק_נבון" href="/ontology/person/יצחק_נבון" showAs="יצחק נבון" />
        <TLCPerson eId="מנחם_בגין" href="/ontology/person/מנחם_בגין" showAs="מנחם בגין" />
        <TLCPerson eId="יוסף_בורג" href="/ontology/person/יוסף_בורג" showAs="יוסף בורג" />
        <TLCRole eId="נשיא_המדינה" href="ontology/role/akn/נשיא_המדינה" showAs="נשיא המדינה" />
        <TLCRole eId="ראש_הממשלה" href="ontology/role/akn/ראש_הממשלה" showAs="ראש הממשלה" />
        <TLCRole eId="שר_הפנים" href="ontology/role/akn/שר_הפנים" showAs="שר הפנים" />
      </references>
      <temporalData source="#kensset">
        <temporalGroup eId="tmpg_1" />
      </temporalData>
      <Publication></Publication>
    </meta>
    <body period="#tmpg_1">
      <title eId="title">
        <content>
          <p>חוק החזקת תעודת זהות והצגתה, התשמ"ג–1982</p>
        </content>
      </title>
      <list>
        <point eId="point_1" class="definitions">
          <heading>
            <authorialNote placement="side">
              <p>הגדרות</p>
            </authorialNote>
          </heading>
          <num>1.</num>
          <list>
            <intro>
              <p>בחוק זה –</p>
            </intro>
            <point eId="point_1__point_חייל">
              <content>
                <p>
                  <def />”חייל“ – כמשמעותו <ref href="/akn/il/act/PrimaryLegislation/1955-07-20/148698">בחוק השיפוט הצבאי, התשט"ו–1955</ref>;</p>
              </content>
            </point>
            <point eId="point_1__point_קצין_משטרה_בכיר">
              <content>
                <p>
                  <def />”קצין משטרה בכיר“ ו”ראש רשות מקומית“ – לרבות אדם שהוסמך על ידי אחד מהם בכתב לצורך חוק זה;</p>
              </content>
            </point>
            <point eId="point_1__point_תושב">
              <content>
                <p>
                  <def />”תושב“ ו”תעודת זהות“ – כאמור <ref href="/akn/il/act/PrimaryLegislation/1965-08-01/147973">בחוק מרשם האוכלוסין, התשכ"ה–1965</ref>.</p>
              </content>
            </point>
          </list>
        </point>
        <point eId="point_2">
          <heading>
            <authorialNote placement="side">
              <p>החזקת תעודת זהות והצגתה</p>
            </authorialNote>
          </heading>
          <num>2.</num>
          <content>
            <p>תושב שמלאו לו 16 שנים חייב לשאת עמו תמיד תעודת זהות ולהציגה בפני קצין משטרה בכיר, ראש רשות מקומית, שוטר או חייל במילוי תפקידם, כשידרשו זאת ממנו.</p>
          </content>
        </point>
        <point eId="point_3">
          <heading>
            <authorialNote placement="side">
              <p>תעודה של מי שאינו תושב</p>
            </authorialNote>
          </heading>
          <num>3.</num>
          <content>
            <p>מי שאינו תושב ומלאו לו 16 שנים ישא עמו תעודה רשמית המעידה על זהותו והנושאת את תצלומו, והוא חייב להציגה לפי דרישה כאמור <ref href="#point_2">בסעיף 2</ref>.</p>
          </content>
        </point>
        <point eId="point_4">
          <heading>
            <authorialNote placement="side">
              <p>עונשין</p>
            </authorialNote>
          </heading>
          <num>4.</num>
          <content>
            <p>העובר על הוראות חוק זה, דינו – קנס 5,000 שקלים, ובלבד שלא יועמד אדם לדין על אי הצגת תעודה אם תוך חמישה ימים לאחר שנדרש לכך הוצגה התעודה לפני מי שדרש את הצגתה, או לפני שוטר בתחנת המשטרה, ונקבעה זהותו של האדם על פיה; נקבעה זהותו כאמור, יינתן לו, על פי דרישתו, אישור בכתב על כך בתחנת המשטרה.</p>
          </content>
        </point>
        <point eId="point_5">
          <heading>
            <authorialNote placement="side">
              <p xml:space="preserve"> </p>
            </authorialNote>
          </heading>
          <num>5.</num>
          <content>
            <p>
              <wikicomment font-size="x-small">הנוסח שולב <ref href="/akn/il/act/PrimaryLegislation/1965-08-01/147973">בחוק מרשם האוכלוסין, התשכ"ה–1965</ref>.</wikicomment>
            </p>
          </content>
        </point>
        <point eId="point_6">
          <heading>
            <authorialNote placement="side">
              <p>ביצוע ותקנות</p>
            </authorialNote>
          </heading>
          <num>6.</num>
          <list>
            <point eId="point_6__point_א">
              <num>(א)</num>
              <content>
                <p>שר הפנים ממונה על ביצוע חוק זה והוא רשאי להתקין תקנות לביצועו.</p>
              </content>
            </point>
            <point eId="point_6__point_ב">
              <num>(ב)</num>
              <content>
                <p>לענין החובה לפי <ref href="#point_2">סעיפים 2</ref><ref href="#point_3">ו־3</ref>, רשאי שר הפנים לקבוע בתקנות, באישור ועדת הפנים ואיכות הסביבה של הכנסת, תעודה רשמית אחרת כתעודה מזהה.</p>
              </content>
            </point>
          </list>
        </point>
        <point eId="point_7">
          <heading>
            <authorialNote placement="side">
              <p>תחילה</p>
            </authorialNote>
          </heading>
          <num>7.</num>
          <content>
            <p>תחילתו של חוק זה ביום ט"ז בטבת התשמ"ג (1 בינואר 1983).</p>
          </content>
        </point>
      </list>
    </body>
    <conclusions eId="eId">
      <p class="signatures">
        <signature>
          <p>
            <person refersTo="יצחק_נבון">יצחק נבון</person>
            <role refersTo="נשיא_המדינה">נשיא המדינה</role>
          </p>
        </signature>
        <signature>
          <p>
            <person refersTo="מנחם_בגין">מנחם בגין</person>
            <role refersTo="ראש_הממשלה">ראש הממשלה</role>
          </p>
        </signature>
        <signature>
          <p>
            <person refersTo="יוסף_בורג">יוסף בורג</person>
            <role refersTo="שר_הפנים">שר הפנים</role>
          </p>
        </signature>
      </p>
    </conclusions>
  </act>
</akomaNtoso>