﻿<?xml version="1.0" encoding="utf-8"?>
<akomaNtoso xmlns="http://docs.oasis-open.org/legaldocml/ns/akn/3.0">
  <act contains="originalVersion" name="publicLaw">
    <meta>
      <identification source="#kensset">
        <FRBRWork>
          <FRBRthis value="/akn/il/act/PrimaryLegislation/1978-08-15/2002299/main" />
          <FRBRuri value="/akn/il/act/PrimaryLegislation/1978-08-15/2002299" />
          <FRBRdate date="1978-08-15" name="Generation" />
          <FRBRauthor href="#knesset" as="#author" />
          <FRBRcountry value="israel" />
        </FRBRWork>
        <FRBRExpression>
          <FRBRthis value="/akn/il/act/PrimaryLegislation/1978-08-15/2002299/he@/main" />
          <FRBRuri value="/akn/il/act/PrimaryLegislation/1978-08-15/2002299/he@" />
          <FRBRdate date="1978-08-15" name="Generation" />
          <FRBRauthor href="#knesset" as="#author" />
          <FRBRlanguage language="hebrew" />
        </FRBRExpression>
        <FRBRManifestation>
          <FRBRthis value="/akn/il/act/PrimaryLegislation/1978-08-15/2002299/he@/main.xml" />
          <FRBRuri value="/akn/il/act/PrimaryLegislation/1978-08-15/2002299/he@" />
          <FRBRdate date="1978-08-15" name="Generation" />
          <FRBRauthor href="#knesset" as="#author" />
          <FRBRformat value="xml" />
        </FRBRManifestation>
      </identification>
      <classification source="#kensset">
        <keyword value="{classificationValue}" showAs="{classificationValue}" dictionary="#classification_dictionary" />
      </classification>
      <lifecycle source="#kensset">
        <eventRef eId="eventRef_1" date="1978-08-15" source="#kensset" type="generation" />
      </lifecycle>
      <references source="#kensset">
        <TLCOrganization eId="kensset" href="/ontology/organization/akn/knesset" showAs="Kensset" type="generation" />
        <TLCRole eId="author" href="/ontology/role/akn/author" showAs="Author of Document" />
        <TLCProcess eId="inforce" href="/ontology/process/akn/inforce" showAs="In force" />
        <TLCTerm eId="term_1" href="/ontology/term/בית_ספר/2002299" showAs="בית_ספר" />
        <TLCTerm eId="term_2" href="/ontology/term/בית_ספר_ממשלתי/2002299" showAs="בית_ספר_ממשלתי" />
        <TLCTerm eId="term_3" href="/ontology/term/בית_ספר_ציבורי/2002299" showAs="בית_ספר_ציבורי" />
        <TLCTerm eId="term_4" href="/ontology/term/בית_ספר_של_עדה/2002299" showAs="בית_ספר_של_עדה" />
        <TLCTerm eId="term_5" href="/ontology/term/בית_ספר_נתמך/2002299" showAs="בית_ספר_נתמך" />
        <TLCTerm eId="term_6" href="/ontology/term/בית_ספר_לא_נתמך/2002299" showAs="בית_ספר_לא_נתמך" />
        <TLCTerm eId="term_7" href="/ontology/term/בית_ספר_פרטי/2002299" showAs="בית_ספר_פרטי" />
        <TLCTerm eId="term_8" href="/ontology/term/בעל/2002299" showAs="בעל" />
        <TLCTerm eId="term_9" href="/ontology/term/הממונה/2002299" showAs="הממונה" />
        <TLCTerm eId="term_10" href="/ontology/term/מנהל_בית_הספר/2002299" showAs="מנהל_בית_הספר" />
        <TLCTerm eId="term_11" href="/ontology/term/רשות_חינוך_מקומית/2002299" showAs="רשות_חינוך_מקומית" />
        <TLCTerm eId="term_12" href="/ontology/term/השר/2002299" showAs="השר" />
        <TLCPerson eId="שמואל_תמיר" href="/ontology/person/שמואל_תמיר" showAs="שמואל תמיר" />
        <TLCRole eId="שר_המשפטים" href="ontology/role/akn/שר_המשפטים" showAs="שר המשפטים" />
      </references>
      <temporalData source="#kensset">
        <temporalGroup eId="tmpg_1" />
      </temporalData>
      <Publication></Publication>
    </meta>
    <body period="#tmpg_1">
      <title eId="title">
        <content>
          <p>פקודת החינוך [נוסח חדש], תשל"ח–1978</p>
        </content>
      </title>
      <preamble eId="eId">
        <p>נוסח זה בא במקום פקודת החינוך.
</p>
      </preamble>
      <chapter eId="chp_א">
        <num>פרק א׳:</num>
        <title>
          <content>
            <p>פרשנות</p>
          </content>
        </title>
        <list>
          <point eId="point_1" class="definitions">
            <heading>
              <authorialNote placement="side">
                <p>הגדרות</p>
              </authorialNote>
            </heading>
            <num>1.</num>
            <list>
              <intro>
                <p>בפקודה זו –</p>
              </intro>
              <point eId="point_1__point_בית_ספר">
                <content>
                  <p>
                    <def />”בית ספר“ – מוסד שמלמדים בו באופן שיטתי ליותר מעשרה אנשים ויש בו אדם המקנה חינוך;</p>
                </content>
              </point>
              <point eId="point_1__point_בית_ספר_ממשלתי">
                <content>
                  <p>
                    <def />”בית ספר ממשלתי“ – בית ספר מייסודה של המדינה ובשליטתה;</p>
                </content>
              </point>
              <point eId="point_1__point_בית_ספר_ציבורי">
                <content>
                  <p>
                    <def />”בית ספר ציבורי“ – בית ספר המתקיים, כולו או מקצתו, בכספי המדינה או בכספי רשות מקומית, והוא רשום כבית ספר ציבורי לפי פקודה זו;</p>
                </content>
              </point>
              <point eId="point_1__point_בית_ספר_של_עדה">
                <content>
                  <p>
                    <def />”בית ספר של עדה“ – בית ספר שבעליו הם עדה, או ועד קהילה של עדה, שנתארגנה על פי <ref href="/akn/il/act/PrimaryLegislation/1933-12-31/2002077">פקודת העדות הדתיות (ארגונן)</ref>, או המקיימת שיפוט לפי <ref href="/akn/il/act/PrimaryOrSecondaryLegislation/UnknownWorkDate/דבר_המלך_במועצתו_לארץ_ישראל#point_51">סימן 51 לדבר המלך במועצתו לארץ־ישראל, 1922–1947</ref>;</p>
                </content>
              </point>
              <point eId="point_1__point_בית_ספר_נתמך">
                <content>
                  <p>
                    <def />”בית ספר נתמך“ – בית ספר שאינו בית ספר ציבורי והוא מקבל, מכוח הוראות פקודה זו, מענק מאת המדינה או מאת רשות מקומית, או שמוקצה לו חלק ממענק שניתן כאמור;</p>
                </content>
              </point>
              <point eId="point_1__point_בית_ספר_לא_נתמך">
                <content>
                  <p>
                    <def />”בית ספר לא נתמך“ – בית ספר שאינו בית ספר ציבורי ולא בית ספר נתמך;</p>
                </content>
              </point>
              <point eId="point_1__point_בית_ספר_פרטי">
                <content>
                  <p>
                    <def />”בית ספר פרטי“ – בית ספר שאינו ציבורי ולא בית ספר של עדה ולא בית ספר נתמך;</p>
                </content>
              </point>
              <point eId="point_1__point_בעל">
                <content>
                  <p>
                    <def />”בעל“ – הפותח בית ספר, ולאחר שנפתח – מי שמקיים אותו;</p>
                </content>
              </point>
              <point eId="point_1__point_הממונה">
                <content>
                  <p>
                    <def />”הממונה“ – המנהל הכללי של משרד החינוך והתרבות או מי ששר החינוך והתרבות מינהו להיות ממונה לענין הוראה שבפקודה זו;</p>
                </content>
              </point>
              <point eId="point_1__point_מנהל_בית_הספר">
                <content>
                  <p>
                    <def />”מנהל בית הספר“ – בעל בית הספר, אם הוא שמנהל אותו, או מי שממונה אותה שעה כנציגו האחראי של הבעל;</p>
                </content>
              </point>
              <point eId="point_1__point_רשות_חינוך_מקומית">
                <list>
                  <intro>
                    <p>
                      <def />”רשות חינוך מקומית“ –</p>
                  </intro>
                  <point eId="point_1__point_רשות_חינוך_מקומית__point_1">
                    <num>(1)</num>
                    <content>
                      <p>לכל ענין הנדון <ref href="/akn/il/act/PrimaryLegislation/1949-09-18/314513">בחוק לימוד חובה, תש"ט–1949</ref> – רשות החינוך המקומית כמשמעותה בחוק האמור;</p>
                    </content>
                  </point>
                  <point eId="point_1__point_רשות_חינוך_מקומית__point_2">
                    <num>(2)</num>
                    <content>
                      <p>לכל ענין אחר – מועצת עיריה וכל מועצה מקומית שהשר קבע בצו, ובכפר שאינו בתחום מועצה מקומית, אבל היה קיים בו ביום ד׳ בטבת תרצ"ג (2 בינואר 1933) בית ספר שאיננו בית ספר של עדה או בית ספר פרטי או שבזמן מן הזמנים היה הממונה סבור שיש להקים בו בית ספר – הנהלת המקום;</p>
                    </content>
                  </point>
                </list>
              </point>
              <point eId="point_1__point_השר">
                <content>
                  <p>
                    <def />”השר“ – שר החינוך והתרבות.</p>
                </content>
              </point>
            </list>
          </point>
        </list>
      </chapter>
      <chapter eId="chp_ב">
        <num>פרק ב׳:</num>
        <title>
          <content>
            <p>הוראות כלליות</p>
          </content>
        </title>
        <list>
          <point eId="point_2">
            <heading>
              <authorialNote placement="side">
                <p>חובת רישום בית ספר</p>
              </authorialNote>
            </heading>
            <num>2.</num>
            <content>
              <p>בית ספר שאינו בית ספר ממשלתי חייב להירשם תוך חודש ימים לאחר שנפתח; הבקשה להירשם תוגש בידי מנהל בית הספר לממונה ותכלול את הפרטים שנקבעו.</p>
            </content>
          </point>
          <point eId="point_3">
            <heading>
              <authorialNote placement="side">
                <p>רישום בית ספר ציבורי</p>
              </authorialNote>
            </heading>
            <num>3.</num>
            <list>
              <point eId="point_3__point_א">
                <num>(א)</num>
                <content>
                  <p>הממונה רשאי בכל עת, בכפוף לתקנות לפי פקודה זו, לרשום בית ספר כבית ספר ציבורי, ורשאי הוא, באישור השר, לבטל את הרישום.</p>
                </content>
              </point>
              <point eId="point_3__point_ב">
                <num>(ב)</num>
                <content>
                  <p>בתי הספר הציבוריים יסווגו לפי שפת ההוראה העיקרית הנהוגה בהם.</p>
                </content>
              </point>
              <point eId="point_3__point_ג">
                <num>(ג)</num>
                <content>
                  <p>במילוי תפקידו לגבי בית ספר ציבורי שנוסד או מתקיים מקצתו בכספי רשות מקומית או התאגדות, ייוועץ הממונה עם אותה רשות או התאגדות.</p>
                </content>
              </point>
            </list>
          </point>
          <point eId="point_4">
            <heading>
              <authorialNote placement="side">
                <p>מינוי מנהל בית ספר</p>
              </authorialNote>
            </heading>
            <num>4.</num>
            <content>
              <p>בעל בית ספר – למעט בית ספר ממשלתי – שאינו מנהל את בית ספרו, חייב שיהיה לו תמיד נציג אחראי שהוא תושב ישראל וקשור עם בית הספר, שאל מענו ניתן לשלוח כל הודעה מאת הממשלה הנוגעת לבית הספר; הבעל יודיע לממונה על מינוי הנציג, ואם הוחלף הנציג או שמענו שונה – יודיע הבעל על כך לממונה תוך ארבעה עשר ימים; לא קיים הבעל חובה המוטלת עליו בסעיף זה, דינו – קנס 150 לירות.</p>
            </content>
          </point>
          <point eId="point_5">
            <heading>
              <authorialNote placement="side">
                <p>מצב התברואה בבית הספר</p>
              </authorialNote>
            </heading>
            <num>5.</num>
            <list>
              <point eId="point_5__point_א">
                <num>(א)</num>
                <content>
                  <p>המנהל הכללי של משרד הבריאות וכל רופא ממשלתי או תברואן שהורשו לכך בידו בכתב רשאים בכל עת סבירה להיכנס לבית ספר ולבדוק את מצב התברואה והגיהות שבחצרי בית הספר, ורשאים הם לדרוש ממנהל בית הספר, או מן האחראי לבית הספר אותה שעה, להגיש דין וחשבון המראה את מספר המורים והתלמידים ואת תנאי אכסונם.</p>
                </content>
              </point>
              <point eId="point_5__point_ב">
                <num>(ב)</num>
                <content>
                  <p>הממונה רשאי לשלוח לבעל בית הספר או למנהלו הודעה בכתב המחייבת אותו למלא, תוך שלושה חדשים מיום משלוח ההודעה, דרישה של רשות רפואית או תברואית; שוכנע השר, לאחר שחלף המועד האמור, שהדרישה לא נתמלאה ושבית הספר מתנהל במצב תברואה שיש בו כדי להזיק לבריאותם של המורים או התלמידים, רשאי הוא, בהודעה שתומצא לבעל בית הספר או למנהלו, לצוות על סגירת בית הספר מן היום שיקבע בהודעה.</p>
                </content>
              </point>
            </list>
          </point>
          <point eId="point_6">
            <heading>
              <authorialNote placement="side">
                <p>ביקורת וביקורים בבתי ספר</p>
              </authorialNote>
            </heading>
            <num>6.</num>
            <list>
              <point eId="point_6__point_א">
                <num>(א)</num>
                <content>
                  <p>הממונה, הממונה על המחוז, מפקח של משרד החינוך והתרבות וכל עובד אחר שהורשה לכך בכתב בידי הממונה, רשאים בכל עת סבירה להיכנס לכל בית ספר, למעט בית ספר לא נתמך שנוסד או מתקיים בידי התאגדות דתית, ולבדקו; מנהל בית הספר, או האחראי לבית הספר אותה שעה, חייב למסור בשעת הבדיקה ובכל עת אחרת, ובטופס אם נקבע, כל מידע שהממונה או הבודק ידרוש בנוגע לטיפול בתלמידים, ללימודם ולנוכחותם, לניהול הכללי של בית הספר ולשמות המורים ולכשירותם.</p>
                </content>
              </point>
              <point eId="point_6__point_ב">
                <num>(ב)</num>
                <content>
                  <p>הממונה רשאי תמיד, לאחר מתן הודעה מספקת למנהל בית־הספר, לבקר בית ספר לא נתמך שנוסד או מתקיים בידי התאגדות דתית, ומנהל בית הספר, או האחראי לבית הספר אותה שעה, חייב למסור בשעת הביקור או בכל עת אחרת כל מידע שהממונה ידרוש בנוגע לטיפול בתלמידים וללימודם, לניהול הכללי של בית הספר ולשמות המורים ולכשירותם; הממונה אינו רשאי לדרוש שינוי בתכנית הלימודים או בניהול הפנימי של בית הספר.</p>
                </content>
              </point>
              <point eId="point_6__point_ג">
                <num>(ג)</num>
                <content>
                  <p>האמור בסעיף קטן (ב) אינו מונע את השר מהפעיל פיקוח על בית הספר במידה הדרושה לשמירת הסדר הציבורי והמינהל התקין.</p>
                </content>
              </point>
            </list>
          </point>
          <point eId="point_7">
            <heading>
              <authorialNote placement="side">
                <p>רישום מורים ורישוים</p>
              </authorialNote>
            </heading>
            <num>7.</num>
            <list>
              <point eId="point_7__point_א">
                <num>(א)</num>
                <content>
                  <p>לא ישמש אדם בהוראה בשום בית ספר אלא אם רשם, תוך חודש מיום שנתמנה, אצל הממונה את הפרטים שנקבעו.</p>
                </content>
              </point>
              <point eId="point_7__point_ב">
                <num>(ב)</num>
                <content>
                  <p>לא יורה אדם בבית ספר ציבורי או נתמך, אלא אם יש בידו רשיון להורות שניתן לו מאת הממונה בדרך שנקבעה.</p>
                </content>
              </point>
            </list>
          </point>
          <point eId="point_8">
            <heading>
              <authorialNote placement="side">
                <p>פיטורי מורה</p>
              </authorialNote>
            </heading>
            <num>8.</num>
            <content>
              <p>הממונה רשאי לדרוש את פיטוריו של מורה, בין בבית ספר ציבורי או נתמך ובין בבית ספר לא נתמך, אם הורשע על עבירה שיש בה משום שחיתות המידות, או אם הוכח להנחת דעתו של השר, לאחר חקירה משפטית של שופט שנתמנה לכך, כי היה בהוראתו משום המרדה, אי־נאמנות, אי־מוסריות או אופי מזיק אחר.</p>
            </content>
          </point>
          <point eId="point_9">
            <heading>
              <authorialNote placement="side">
                <p>סגירת בית ספר</p>
              </authorialNote>
            </heading>
            <num>9.</num>
            <list>
              <intro>
                <p>רשאי השר, בהודעה שתומצא לבעל בית ספר או למנהלו, להורות על סגירת בית הספר מהיום הנקוב בהודעה, אם הוכחה להנחת דעתו אחת משלוש אלה:</p>
              </intro>
              <point eId="point_9__point_1">
                <num>(1)</num>
                <content>
                  <p>בית הספר מתנהל בלי שנרשם כשורה;</p>
                </content>
              </point>
              <point eId="point_9__point_2">
                <num>(2)</num>
                <content>
                  <p>בית הספר מתנהל בדרך הסותרת את הסדר התקין והמוסר;</p>
                </content>
              </point>
              <point eId="point_9__point_3">
                <num>(3)</num>
                <content>
                  <p>אדם שהממונה דרש פיטוריו לפי <ref href="#point_8">סעיף 8</ref> מקנה בו חינוך.</p>
                </content>
              </point>
            </list>
          </point>
          <point eId="point_10">
            <heading>
              <authorialNote placement="side">
                <p>אי רישום בית ספר או מורה</p>
              </authorialNote>
            </heading>
            <num>10.</num>
            <content>
              <p>בעל בית ספר או מנהלו, שלא רשם את בית הספר לפי פקודה זו, או מרשה ביודעין לאדם שלא נרשם כמורה, או שהממונה דרש פיטוריו לפי <ref href="#point_8">סעיף 8</ref>, להקנות חינוך בבית הספר, דינו – קנס 750 לירות.</p>
            </content>
          </point>
          <point eId="point_11">
            <heading>
              <authorialNote placement="side">
                <p>מניעת ביקורת</p>
              </authorialNote>
            </heading>
            <num>11.</num>
            <content>
              <p>מנהל בית ספר, או האחראי עליו, המסרב להרשות כניסתו של מי שהוסמך כדין להיכנס לבית הספר לשם בדיקה או ביקור, או מסרב או נמנע למסור לו מידע שהוא חייב למסרו לפי <ref href="#point_5">סעיפים 5</ref><ref href="#point_6">ו־6</ref>, או מוסר ביודעין מידע כוזב, דינו – קנס 750 לירות.</p>
            </content>
          </point>
          <point eId="point_12">
            <heading>
              <authorialNote placement="side">
                <p>הפרת צו סגירה</p>
              </authorialNote>
            </heading>
            <num>12.</num>
            <content>
              <p>נצטווה מנהל בית ספר לסגור אותו ואינו סוגרו במועד שפורש בהודעה, או חוזר ופותח אותו, או פותח או מקיים בית ספר אחר, בלי היתר מאת השר, דינו – קנס 1,500 לירות, ואם הוא ממשיך בעבירה זו לאחר שהורשע עליה, דינו – מאסר שלושה חדשים.</p>
            </content>
          </point>
        </list>
      </chapter>
      <chapter eId="chp_ג">
        <num>פרק ג׳:</num>
        <title>
          <content>
            <p>רשויות חינוך מקומיות</p>
          </content>
        </title>
        <list>
          <point eId="point_13">
            <heading>
              <authorialNote placement="side">
                <p>ועדי חינוך</p>
              </authorialNote>
            </heading>
            <num>13.</num>
            <list>
              <intro>
                <p>רשות חינוך מקומית תקים ועד או ועדים לעניני חינוך בתחומה; חברי ועד כאמור יהיו –</p>
              </intro>
              <point eId="point_13__point_1">
                <num>(1)</num>
                <content>
                  <p>חברים של הרשות שהקימה אותו;</p>
                </content>
              </point>
              <point eId="point_13__point_2">
                <num>(2)</num>
                <content>
                  <p>עובדי המדינה, מנהלי בתי ספר ואנשים אחרים, הכל כפי שנקבע;</p>
                </content>
              </point>
              <point eId="point_13__point_3">
                <num>(3)</num>
                <content>
                  <p>אנשים אחרים שהרשות, באישור הממונה על המחוז, מצאה אותם ראויים.</p>
                </content>
              </point>
            </list>
          </point>
          <point eId="point_14">
            <heading>
              <authorialNote placement="side">
                <p>תפקידיה וסמכותה של רשות חינוך</p>
              </authorialNote>
            </heading>
            <num>14.</num>
            <list>
              <point eId="point_14__point_א">
                <num>(א)</num>
                <content>
                  <p>רשות חינוך מקומית תהא אחראית, משדרש זאת הממונה, לפתיחת בית ספר חדש ולקיום מלא או חלקי של בתי הספר הקיימים בתחומה, למעט בתי ספר של עדה ובתי ספר פרטיים.</p>
                </content>
              </point>
              <point eId="point_14__point_ב">
                <num>(ב)</num>
                <content>
                  <p>רשות חינוך מקומית רשאית להטיל על תושבי תחומה ארנונה לצרכי חינוך בדרך שנקבעה; לא גבתה רשות חינוך מקומית ארנונה כדי קיום בתי הספר שבתחומה, רשאי השר להטיל את הארנונה ולאכוף תשלומה כאילו היתה מס המשתלם לאוצר המדינה.</p>
                </content>
              </point>
            </list>
          </point>
          <point eId="point_15">
            <heading>
              <authorialNote placement="side">
                <p>בית ספר של עדה בתחום הרשות</p>
              </authorialNote>
            </heading>
            <num>15.</num>
            <list>
              <point eId="point_15__point_א">
                <num>(א)</num>
                <content>
                  <p>רשות חינוך מקומית רשאית לבוא לידי הסכם עם ועד של עדה לקיים בית ספר של עדה.</p>
                </content>
              </point>
              <point eId="point_15__point_ב">
                <num>(ב)</num>
                <content>
                  <p>נמצא בתחומה של רשות חינוך מקומית בית ספר נפרד של עדה, ואין הסכם בין הרשות ובין ועד העדה בדבר קיום בית הספר של העדה, רשאי הממונה על המחוז, באישור השר, להקצות לבית הספר של העדה חלק מן הארנונה שגבתה רשות החינוך המקומית, ובלבד שחלק זה לא יעלה על הסכום הכולל של הארנונה ששילמו הנמנים עם העדה.</p>
                </content>
              </point>
            </list>
          </point>
          <point eId="point_16">
            <heading>
              <authorialNote placement="side">
                <p>רישום מקרקעין של רשות חינוך מקומית</p>
              </authorialNote>
            </heading>
            <num>16.</num>
            <content>
              <p>כל מקרקעין או זכות למקרקעין שרכשה רשות חינוך מקומית לצרכי פקודה זו יירשמו על שמה בפנקסי המקרקעין כנכסי נאמנות לצרכי חינוך, ויהיו פטורים מתשלום אגרות המשתלמות על רישום מקרקעין.</p>
            </content>
          </point>
        </list>
      </chapter>
      <chapter eId="chp_ד">
        <num>פרק ד׳:</num>
        <title>
          <content>
            <p>ביצוע ותקנות</p>
          </content>
        </title>
        <list>
          <point eId="point_17">
            <heading>
              <authorialNote placement="side">
                <p>תקנות</p>
              </authorialNote>
            </heading>
            <num>17.</num>
            <list>
              <intro>
                <p>השר רשאי להתקין תקנות לשם ביצוע פקודה זו, ובייחוד לענין –</p>
              </intro>
              <point eId="point_17__point_1">
                <num>(1)</num>
                <content>
                  <p>דרכי הרישום של בתי ספר והתנאים שלפיהם יירשם בית ספר כבית ספר ציבורי;</p>
                </content>
              </point>
              <point eId="point_17__point_2">
                <num>(2)</num>
                <content>
                  <p>טופסי גליונות הנוכחות ודו"חות הנוכחות;</p>
                </content>
              </point>
              <point eId="point_17__point_3">
                <num>(3)</num>
                <content>
                  <p>טופס ההודעה על פתיחת בית ספר;</p>
                </content>
              </point>
              <point eId="point_17__point_4">
                <num>(4)</num>
                <content>
                  <p>בקשת מענק ומתן מענק לבתי־ספר נתמכים;</p>
                </content>
              </point>
              <point eId="point_17__point_5">
                <num>(5)</num>
                <content>
                  <p>ביקורת בתי הספר;</p>
                </content>
              </point>
              <point eId="point_17__point_6">
                <num>(6)</num>
                <content>
                  <p>הלימודים בבתי ספר ציבוריים ונתמכים, למעט לימודי דת בבתי ספר נתמכים;</p>
                </content>
              </point>
              <point eId="point_17__point_7">
                <num>(7)</num>
                <content>
                  <p>בחינת האנשים שיועסקו כמורים, למעט המקנים לימודי דת בלבד בבית ספר נתמך או לא נתמך;</p>
                </content>
              </point>
              <point eId="point_17__point_8">
                <num>(8)</num>
                <content>
                  <p>זכויותיהם וחובותיהם של מורים ומעבידיהם בבתי ספר ציבוריים ובבתי ספר נתמכים, זכויותיהם וחובותיהם של בעלי בתי ספר כאמור, ופטור מורים ומעבידיהם מהוראות תקנה שהותקנה לפי הסמכות הנתונה בפסקה זו.</p>
                </content>
              </point>
            </list>
          </point>
          <point eId="point_18">
            <heading>
              <authorialNote placement="side">
                <p>סייגים לתחולה</p>
              </authorialNote>
            </heading>
            <num>18.</num>
            <list>
              <point eId="point_18__point_א">
                <num>(א)</num>
                <content>
                  <p>פקודה זו לא תחול על בית ספר שחל עליו <ref href="/akn/il/act/PrimaryOrSecondaryLegislation/UnknownWorkDate/חוק_פיקוח_על_בתי_ספר">חוק פיקוח על בתי ספר, תשכ"ט–1969</ref>.</p>
                </content>
              </point>
              <point eId="point_18__point_ב">
                <num>(ב)</num>
                <content>
                  <p>השר רשאי בצו לפטור מהוראות פקודה זו, כולן או מקצתן, מוסד להשכלה טכנית או אחרת של מבוגרים.</p>
                </content>
              </point>
              <point eId="point_18__point_ג">
                <num>(ג)</num>
                <content>
                  <p>השר יפטור מהוראות <ref href="#point_6">סעיפים 6(ב)</ref><ref href="#point_7">ו־7(א)</ref> בית ספר לא נתמך שמלמדים בו לימודי דת בלבד, ובלבד שהוגשה בקשה על כך והשר שוכנע שאין מלמדים בבית ספר זה אלא לימודי דת בלבד; האמור בסעיף קטן זה אינו מונע את השר מהטיל על בית ספר כאמור את הפיקוח הדרוש לשמירת הסדר הציבורי והמינהל התקין.</p>
                </content>
              </point>
            </list>
          </point>
        </list>
      </chapter>
    </body>
    <conclusions eId="eId">
      <p class="signatures">
        <signature>
          <p>
            <person refersTo="שמואל_תמיר">שמואל תמיר</person>
            <role refersTo="שר_המשפטים">שר המשפטים</role>
          </p>
        </signature>
      </p>
    </conclusions>
  </act>
</akomaNtoso>