﻿<?xml version="1.0" encoding="utf-8"?>
<akomaNtoso xmlns="http://docs.oasis-open.org/legaldocml/ns/akn/3.0">
  <act contains="originalVersion" name="publicLaw">
    <meta>
      <identification source="#kensset">
        <FRBRWork>
          <FRBRthis value="/akn/il/act/PrimaryLegislation/1957-02-28/148174/main" />
          <FRBRuri value="/akn/il/act/PrimaryLegislation/1957-02-28/148174" />
          <FRBRdate date="1957-02-28" name="Generation" />
          <FRBRauthor href="#knesset" as="#author" />
          <FRBRcountry value="israel" />
        </FRBRWork>
        <FRBRExpression>
          <FRBRthis value="/akn/il/act/PrimaryLegislation/1957-02-28/148174/he@/main" />
          <FRBRuri value="/akn/il/act/PrimaryLegislation/1957-02-28/148174/he@" />
          <FRBRdate date="1957-02-28" name="Generation" />
          <FRBRauthor href="#knesset" as="#author" />
          <FRBRlanguage language="hebrew" />
        </FRBRExpression>
        <FRBRManifestation>
          <FRBRthis value="/akn/il/act/PrimaryLegislation/1957-02-28/148174/he@/main.xml" />
          <FRBRuri value="/akn/il/act/PrimaryLegislation/1957-02-28/148174/he@" />
          <FRBRdate date="1957-02-28" name="Generation" />
          <FRBRauthor href="#knesset" as="#author" />
          <FRBRformat value="xml" />
        </FRBRManifestation>
      </identification>
      <classification source="#kensset">
        <keyword value="{classificationValue}" showAs="{classificationValue}" dictionary="#classification_dictionary" />
      </classification>
      <lifecycle source="#kensset">
        <eventRef eId="eventRef_1" date="1957-02-28" source="#kensset" type="generation" />
      </lifecycle>
      <references source="#kensset">
        <TLCOrganization eId="kensset" href="/ontology/organization/akn/knesset" showAs="Kensset" type="generation" />
        <TLCRole eId="author" href="/ontology/role/akn/author" showAs="Author of Document" />
        <TLCProcess eId="inforce" href="/ontology/process/akn/inforce" showAs="In force" />
        <TLCTerm eId="term_1" href="/ontology/term/הסכם_קיבוצי/148174" showAs="הסכם_קיבוצי" />
        <TLCTerm eId="term_2" href="/ontology/term/שירות_ציבורי/148174" showAs="שירות_ציבורי" />
        <TLCTerm eId="term_3" href="/ontology/term/ארגון_עובדים_מוסמך/148174" showAs="ארגון_עובדים_מוסמך" />
        <TLCTerm eId="term_4" href="/ontology/term/שביתה_או_השבתה_בלתי_מוגנת/148174" showAs="שביתה_או_השבתה_בלתי_מוגנת" />
        <TLCPerson eId="דוד_בן־גוריון" href="/ontology/person/דוד_בן־גוריון" showAs="דוד בן־גוריון" />
        <TLCPerson eId="מרדכי_נמיר" href="/ontology/person/מרדכי_נמיר" showAs="מרדכי נמיר" />
        <TLCPerson eId="יצחק_בן־צבי" href="/ontology/person/יצחק_בן־צבי" showAs="יצחק בן־צבי" />
        <TLCRole eId="ראש_הממשלה" href="ontology/role/akn/ראש_הממשלה" showAs="ראש הממשלה" />
        <TLCRole eId="שר_העבודה" href="ontology/role/akn/שר_העבודה" showAs="שר העבודה" />
        <TLCRole eId="נשיא_המדינה" href="ontology/role/akn/נשיא_המדינה" showAs="נשיא המדינה" />
      </references>
      <temporalData source="#kensset">
        <temporalGroup eId="tmpg_1" />
      </temporalData>
      <Publication></Publication>
    </meta>
    <body period="#tmpg_1">
      <title eId="title">
        <content>
          <p>חוק יישוב סכסוכי עבודה, תשי"ז–1957</p>
        </content>
      </title>
      <chapter eId="chp_ראשון">
        <num>פרק ראשון:</num>
        <title>
          <content>
            <p>מבוא</p>
          </content>
        </title>
        <list>
          <point eId="point_1">
            <heading>
              <authorialNote placement="side">
                <p>ממונים על יחסי עבודה</p>
              </authorialNote>
            </heading>
            <num>1.</num>
            <content>
              <p>שר העבודה ימנה ממונה ראשי על יחסי עבודה (להלן – הממונה הראשי) וממונים על יחסי עבודה (להלן – ממונים); הודעה על מינוי תפורסם ברשומות.</p>
            </content>
          </point>
          <point eId="point_2">
            <heading>
              <authorialNote placement="side">
                <p>סכסוך עבודה</p>
              </authorialNote>
            </heading>
            <num>2.</num>
            <list>
              <intro>
                <p>לענין חוק זה סכסוך עבודה הוא סכסוך באחד הנושאים המנויים להלן שנתגלע בין מעסיק לעובדיו או לחלק מהם, או בין מעסיק לארגון עובדים או בין ארגון מעבידים לארגון עובדים, להוציא סכסוך היחיד; ואלה הנושאים:</p>
              </intro>
              <point eId="point_2__point_1">
                <num>(1)</num>
                <content>
                  <p>כריתתו, חידושו, שינויו או ביטולו של הסכם קיבוצי;</p>
                </content>
              </point>
              <point eId="point_2__point_2">
                <num>(2)</num>
                <list>
                  <intro>
                    <p>קביעת תנאי עבודה:</p>
                  </intro>
                  <point eId="point_2__point_2__point_3">
                    <num>(3)</num>
                    <content>
                      <p>קבלת אדם לעבודה או אי־קבלתו או סיום עבודתו;</p>
                    </content>
                  </point>
                  <point eId="point_2__point_2__point_4">
                    <num>(4)</num>
                    <content>
                      <p>קביעת זכויות וחובות הנובעות מיחסי עבודה.</p>
                    </content>
                  </point>
                </list>
              </point>
            </list>
          </point>
          <point eId="point_3">
            <heading>
              <authorialNote placement="side">
                <p>הצדדים בסכסוך עבודה בין מעסיק לעובדיו</p>
              </authorialNote>
            </heading>
            <num>3.</num>
            <content>
              <p>בסכסוך עבודה שבין מעסיק לעובדיו או לחלק מהם, הצדדים לסכסוך הם המעסיק וארגון העובדים המייצג את רוב העובדים שהסכסוך נוגע להם, ובאין ארגון עובדים כאמור – הנציגות שנבחרה על־ידי רוב העובדים האלה בין לכל ענין ובין לסכסוך העבודה הנדון.</p>
            </content>
          </point>
          <point eId="point_4">
            <heading>
              <authorialNote placement="side">
                <p>ייצוג מעסיק</p>
              </authorialNote>
            </heading>
            <num>4.</num>
            <content>
              <p>מעסיק שהוא צד לסכסוך עבודה רשאי, בכל הנוגע לסכסוך, להיות מיוצג על־ידי ארגון מעבידים, והאדם המוסמך לפעול בשם אותו ארגון ידו כיד המעסיק.</p>
            </content>
          </point>
        </list>
      </chapter>
      <chapter eId="chp_שני">
        <num>פרק שני:</num>
        <title>
          <content>
            <p>תיווך</p>
          </content>
        </title>
        <list>
          <point eId="point_5">
            <heading>
              <authorialNote placement="side">
                <p>מסירת הודעות על סכסוך עבודה</p>
              </authorialNote>
            </heading>
            <num>5.</num>
            <content>
              <p>צד בסכסוך עבודה רשאי להודיע על הסכסוך לממונה הראשי; תוכן ההודעה, צורתה ודרך מסירתה יקבע שר העבודה בתקנות.</p>
            </content>
          </point>
          <point eId="point_5א">
            <heading>
              <authorialNote placement="side">
                <p>חובת הודעה על שביתה והשבתה</p>
              </authorialNote>
            </heading>
            <num>5א.</num>
            <content>
              <p>על אף האמור <ref href="#point_5">בסעיף 5</ref> חייב צד לסכסוך למסור הודעה כאמור <ref href="#point_5">באותו סעיף</ref> לצד שני ולממונה הראשי על כל שביתה או על כל השבתה, לפי הענין, חמישה עשר יום לפחות לפני תחילתן.</p>
            </content>
          </point>
          <point eId="point_5ב">
            <heading>
              <authorialNote placement="side">
                <p>עדיפות הסכם קיבוצי</p>
              </authorialNote>
            </heading>
            <num>5ב.</num>
            <content>
              <p>נקבע בהסכם קיבוצי הסדר שונה מהאמור <ref href="#point_5א">בסעיף 5א</ref>, יחולו ההוראות שנקבעו בהסכם הקיבוצי.</p>
            </content>
          </point>
          <point eId="point_5ג">
            <heading>
              <authorialNote placement="side">
                <p>סייג לתחולה</p>
              </authorialNote>
            </heading>
            <num>5ג.</num>
            <content>
              <p>שר העבודה רשאי לקבוע בתקנות, באישור ועדת העבודה של הכנסת, סוגי סכסוכים או ענפי עבודה שעליהם לא יחולו הוראות <ref href="#point_5א">סעיף 5א</ref>.</p>
            </content>
          </point>
          <point eId="point_6">
            <heading>
              <authorialNote placement="side">
                <p>החלטה על תיווך</p>
              </authorialNote>
            </heading>
            <num>6.</num>
            <content>
              <p>נמסרה הודעה לפי <ref href="#point_5">סעיף 5</ref><ref href="#point_5א">או 5א</ref> או שנודע לממונה הראשי בדרך אחרת על סכסוך עבודה, יחליט הממונה הראשי אם יתווך בסכסוך; החליט לחיוב – יטול לידיו את תפקיד המתווך, אם שר העבודה לא נטל לידיו תפקיד זה, או יטיל את התיווך על ממונה או על מי שיתמנה במיוחד על ידי שר העבודה ליישוב אותו סכסוך עבודה.</p>
            </content>
          </point>
          <point eId="point_7">
            <heading>
              <authorialNote placement="side">
                <p>פעולות המתווך ליישוב הסכסוך</p>
              </authorialNote>
            </heading>
            <num>7.</num>
            <list>
              <intro>
                <p>המתווך יעשה כמיטב יכלתו ליישוב הסכסוך בדרך משא ומתן, והוא רשאי –</p>
              </intro>
              <point eId="point_7__point_1">
                <num>(1)</num>
                <content>
                  <p>לקיים פגישות עם הצדדים, ביחד או בנפרד, לשמוע טענותיהם והצעותיהם ליישוב הסכסוך ולהביא לענין זה הצעות משלו;</p>
                </content>
              </point>
              <point eId="point_7__point_2">
                <num>(2)</num>
                <content>
                  <p>לחייב את הצדדים בתשובה מנומקת על טענות הצד השני ועל ההצעות ליישוב הסכסוך;</p>
                </content>
              </point>
              <point eId="point_7__point_3">
                <num>(3)</num>
                <content>
                  <p>להזדקק לחוות דעת של מומחים ושל נציגי ארגוני עובדים וארגוני מעבידים;</p>
                </content>
              </point>
              <point eId="point_7__point_4">
                <num>(4)</num>
                <content>
                  <p>לעיין במצב הכלכלי של המפעל שבו קיים הסכסוך ובספרי חשבונות ובמסמכים אחרים העלולים לספק לו חומר לחקירתו.</p>
                </content>
              </point>
            </list>
          </point>
          <point eId="point_8">
            <heading>
              <authorialNote placement="side">
                <p>סמכויות המתווך</p>
              </authorialNote>
            </heading>
            <num>8.</num>
            <list>
              <point eId="point_8__point_א">
                <num>(א)</num>
                <list>
                  <intro>
                    <p>רשאי המתווך, במסגרת תפקידיו לפי <ref href="#point_7">סעיף 7</ref> ולמטרת ביצועם –</p>
                  </intro>
                  <point eId="point_8__point_א__point_1">
                    <num>(1)</num>
                    <content>
                      <p>להשיג כל עדות, בין בכתב בין בעל פה, ולחקור כל אדם, אם יש בכך, לדעתו, עניין ליישוב הסכסוך, אך לא יידרש אדם להשיב על שאלה שעלולה להפלילו;</p>
                    </content>
                  </point>
                  <point eId="point_8__point_א__point_2">
                    <num>(2)</num>
                    <content>
                      <p>להזמין אדם לבוא לישיבת התיווך כדי להעיד או להגיש מסמך שברשותו ולחקרו כעד או לדרוש מאתו להגיש מסמך שברשותו;</p>
                    </content>
                  </point>
                  <point eId="point_8__point_א__point_3">
                    <num>(3)</num>
                    <content>
                      <p>לדרוש מכל עד שיקיים עדותו בשבועה או בהן צדק;</p>
                    </content>
                  </point>
                  <point eId="point_8__point_א__point_4">
                    <num>(4)</num>
                    <content>
                      <p>ליתן צו הכופה אדם לבוא לפניו, לאחר שלא בא לפי הזמנה, ולא הצטדק על כך להנחת דעתו, וכן להטיל עליו את תשלום ההוצאות שנגרמו מחמת סירובו לציית להזמנה, גם לקנוס אותו בסכום שלא למעלה ממאה לירות;</p>
                    </content>
                  </point>
                  <point eId="point_8__point_א__point_5">
                    <num>(5)</num>
                    <content>
                      <p>לקנוס בסכום שלא למעלה ממאה לירות כל אדם שנדרש על ידי המתווך להעיד בשבועה, להגיש מסמך, להשיב לטענות הצד השני כאמור <ref href="#point_7">בסעיף 7(2)</ref> או לאפשר חקירה כאמור <ref href="#point_7">בסעיף 7(4)</ref>, ולא עשה כנדרש ולא הצטדק על כך להנחת דעתו של המתווך.</p>
                    </content>
                  </point>
                </list>
              </point>
              <point eId="point_8__point_ב">
                <num>(ב)</num>
                <content>
                  <p>קנס שהוטל לפי סעיף קטן (א) ייגבה בדרך שגובים קנס שהוטל על ידי בית משפט.</p>
                </content>
              </point>
            </list>
          </point>
          <point eId="point_9">
            <heading>
              <authorialNote placement="side">
                <p>הסכם ליישוב הסכסוך</p>
              </authorialNote>
            </heading>
            <num>9.</num>
            <content>
              <p>הגיעו הצדדים להסכם בדבר יישוב סכסוך עבודה אם על דעת עצמם ואם לפי הצעת המתווך, יערכו המתווך או הצדדים הסכם בכתב לענין זה ובו יפורטו כל התנאים שלפיהם יושב הסכסוך; ההסכם ייחתם בידי הצדדים ויקויים בחתימת המתווך.</p>
            </content>
          </point>
          <point eId="point_10">
            <heading>
              <authorialNote placement="side">
                <p>פטור ממס בולים</p>
              </authorialNote>
            </heading>
            <num>10.</num>
            <content>
              <p>הסכם שנחתם לפי <ref href="#point_9">סעיף 9</ref> פטור ממס בולים.</p>
            </content>
          </point>
          <point eId="point_11">
            <heading>
              <authorialNote placement="side">
                <p>סיום התיווך באין הסכם</p>
              </authorialNote>
            </heading>
            <num>11.</num>
            <list>
              <point eId="point_11__point_א">
                <num>(א)</num>
                <content>
                  <p>לא נחתם הסכם כאמור <ref href="#point_9">בסעיף 9</ref> תוך ארבעה עשר יום מהתאריך שבו הוזמנו הצדדים לראשונה להתייצב לפני המתווך, יסיים המתווך את תיווכו ויגיש לממונה הראשי דין וחשבון על מהלך התיווך, על תביעות הצדדים, על הצעותיהם ועל הצעותיו הוא ליישוב הסכסוך.</p>
                </content>
              </point>
              <point eId="point_11__point_ב">
                <num>(ב)</num>
                <content>
                  <p>בהסכמת הצדדים רשאי הממונה הראשי לפרסם, בדרך שימצא לנכון, את הדין וחשבון או תקצירו.</p>
                </content>
              </point>
            </list>
          </point>
          <point eId="point_12">
            <heading>
              <authorialNote placement="side">
                <p>תיווך מחודש</p>
              </authorialNote>
            </heading>
            <num>12.</num>
            <content>
              <p>משקיבל הממונה הראשי דין וחשבון לפי <ref href="#point_11">סעיף 11</ref>, רשאי הוא להציע לצדדים חידוש התיווך ואם הסכימו לכך – יחדש המתווך את תיווכו והוראות <ref href="#chp_2">פרק זה</ref> יחולו על התיווך המחודש.</p>
            </content>
          </point>
          <point eId="point_13">
            <heading>
              <authorialNote placement="side">
                <p>סודיות</p>
              </authorialNote>
            </heading>
            <num>13.</num>
            <list>
              <point eId="point_13__point_א">
                <num>(א)</num>
                <content>
                  <p>העובדות שהגיעו לידיעתו של המתווך אגב התיווך ולא היו ידועות ברבים הן בחזקת סוד ולא יביאן המתווך לידיעת אדם זולתו, אלא במידה שהדבר דרוש למילוי תפקידו ולשימוש בסמכויותיו.</p>
                </content>
              </point>
              <point eId="point_13__point_ב">
                <num>(ב)</num>
                <content>
                  <p>העובר על הוראות סעיף קטן (א), דינו – מאסר שנה או קנס אלף לירות.</p>
                </content>
              </point>
            </list>
          </point>
          <point eId="point_14">
            <heading>
              <authorialNote placement="side">
                <p>זכויות שמורות</p>
              </authorialNote>
            </heading>
            <num>14.</num>
            <content>
              <p>לא נחתם הסכם כאמור <ref href="#point_9">בסעיף 9</ref>, כל הנאמר במהלך התיווך על ידי הצדדים, כל עדות שהושמעה בו וכל הצעה ליישוב הסכסוך שהובאה בו, לא יחייבו את הצדדים ולא ישמשו ראיה בבוררות לפי חוק זה אלא אם הצדדים הסכימו לכך בכתב.</p>
            </content>
          </point>
        </list>
      </chapter>
      <chapter eId="chp_שלישי">
        <num>פרק שלישי:</num>
        <title>
          <content>
            <p>בוררות</p>
          </content>
        </title>
        <list>
          <point eId="point_15">
            <heading>
              <authorialNote placement="side">
                <p>ענינים לבוררות</p>
              </authorialNote>
            </heading>
            <num>15.</num>
            <list>
              <intro>
                <p>ואלה הענינים לבוררות לפי <ref href="#chp_3">פרק זה</ref>:</p>
              </intro>
              <point eId="point_15__point_1">
                <num>(1)</num>
                <content>
                  <p>כל סכסוך עבודה שהצדדים הסכימו בכתב למסרו לבוררות לפי <ref href="#chp_3">פרק זה</ref>;</p>
                </content>
              </point>
              <point eId="point_15__point_2">
                <num>(2)</num>
                <content>
                  <p>כל סכסוך עבודה אשר לפי הסכם קיבוצי, לרבות הסכם קיבוצי כמשמעותו <ref href="#point_37א">בסעיף 37א</ref>, או לפי <ref href="#appendix">התוספת</ref>, יש למסרו לבוררות כקבוע בהסכם או <ref href="#appendix">בתוספת</ref>, לפי הענין ולא נקבעו הבורר או הבוררים או אופן מינוים או שנקבע אופן המינוי ולא נתמנו תוך זמן סביר, או שנתמנו ולא סיימו הבוררות תוך זמן סביר; וכל טענה לסתור אחת העובדות האלה תוכרע אף היא בבוררות לפי חוק זה.</p>
                </content>
              </point>
            </list>
          </point>
          <point eId="point_16">
            <heading>
              <authorialNote placement="side">
                <p>מסירת הודעה</p>
              </authorialNote>
            </heading>
            <num>16.</num>
            <content>
              <p>כל צד לסכסוך עבודה שהוא ענין לבוררות לפי <ref href="#chp_3">פרק זה</ref>, רשאי למסור הודעה על הסכסוך לממונה; על הודעה לפי סעיף זה חלות הוראות <ref href="#point_5">סעיף 5</ref>.</p>
            </content>
          </point>
          <point eId="point_17">
            <heading>
              <authorialNote placement="side">
                <p>מינוי ועדת בוררים</p>
              </authorialNote>
            </heading>
            <num>17.</num>
            <content>
              <p>הממונה הראשי שהגיע אליו העתק ההודעה שנמסרה לממונה, ימנה ועדת בוררים לאותו סכסוך (להלן – ועדת הבוררים) או יפעל לפי <ref href="#point_18">סעיף 18</ref>.</p>
            </content>
          </point>
          <point eId="point_18">
            <heading>
              <authorialNote placement="side">
                <p>בורר יחיד</p>
              </authorialNote>
            </heading>
            <num>18.</num>
            <content>
              <p>הממונה הראשי רשאי, על פי בקשת הצדדים ולפני שמינה ועדת בוררים, ליטול לידיו תפקיד בורר יחיד או למנות ממונה להיות בורר יחיד בסכסוך, ומשעשה אחד משני אלה נתונות לבורר היחיד כל הסמכויות של ועדת בוררים; הוראות <ref href="#chp_3">פרק זה</ref> בדבר בוררות בועדת בוררים חלות, בשינויים המחוייבים לפי הענין, על בוררות יחיד כאמור.</p>
            </content>
          </point>
          <point eId="point_19">
            <heading>
              <authorialNote placement="side">
                <p>הרכב ועדת בוררים</p>
              </authorialNote>
            </heading>
            <num>19.</num>
            <content>
              <p>ועדת בוררים היא של שלושה: האחד יושב ראש שנתמנה מבין האנשים ששמותיהם כלולים ברשימת יושבי ראש לועדות בוררים שנערכה על ידי שר העבודה לאחר התייעצות במועצה ליחסי עבודה; נציג עובדים ונציג מעבידים שנתמנו, לאחר התייעצות לגבי כל אחד מהם בצד המיוצג על ידיו, מבין האנשים ששמותיהם כלולים ברשימות נציגי עובדים ונציגי מעבידים לועדות בוררים שנערכו על ידי שר העבודה לאחר התייעצות בארגון העובדים המייצג את המספר הגדול ביותר של עובדים במדינה ובארגונים יציגים של מעבידים, הכל לפי הענין.</p>
            </content>
          </point>
          <point eId="point_20">
            <heading>
              <authorialNote placement="side">
                <p>מתווך כבורר</p>
              </authorialNote>
            </heading>
            <num>20.</num>
            <content>
              <p>מי שפעל כמתווך בסכסוך עבודה מסויים לא יתמנה בורר יחיד או חבר ועדת בוררים לאותו סכסוך, אלא בהסכמת הצדדים בכתב.</p>
            </content>
          </point>
          <point eId="point_21">
            <heading>
              <authorialNote placement="side">
                <p>פתיחת הבוררות</p>
              </authorialNote>
            </heading>
            <num>21.</num>
            <content>
              <p>יושב ראש ועדת הבוררים יקבע את מועדי ישיבותיה ומקומותיהן ויודיע על כך ליתר חברי הועדה ויזמין את הצדדים להתייצב לפני הועדה.</p>
            </content>
          </point>
          <point eId="point_22">
            <heading>
              <authorialNote placement="side">
                <p>מקורות הדין בבוררות</p>
              </authorialNote>
            </heading>
            <num>22.</num>
            <list>
              <point eId="point_22__point_א">
                <num>(א)</num>
                <content>
                  <p>ועדת בוררים תדון ותפסוק לפי כל חיקוק, הסכם קיבוצי או נוהג מקצועי, ובאין באלה תשובה לנדון, תפסוק ועדת הבוררות לפי מידת הצדק והיושר.</p>
                </content>
              </point>
              <point eId="point_22__point_ב">
                <num>(ב)</num>
                <content>
                  <p>”נוהג מקצועי“ הוא הנהוג או המקובל לגבי הנדון בבוררות ורשאית ועדת בוררים לוותר על הוכחתו בעדים או במומחים, אם היא משוכנעת בקיומו.</p>
                </content>
              </point>
            </list>
          </point>
          <point eId="point_23">
            <heading>
              <authorialNote placement="side">
                <p>סמכויות ועדת בוררים</p>
              </authorialNote>
            </heading>
            <num>23.</num>
            <list>
              <point eId="point_23__point_א">
                <num>(א)</num>
                <list>
                  <intro>
                    <p>רשאית ועדת בוררים, לשם ביצוע תפקידיה –</p>
                  </intro>
                  <point eId="point_23__point_א__point_1">
                    <num>(1)</num>
                    <content>
                      <p>להשיג כל עדות, בין בכתב בין בעל פה, ולחקור כל אדם אם יש בכך, לדעתה, ענין לסכסוך שנמסר לבוררות, אך לא יידרש אדם להשיב על שאלה שעלולה להפלילו;</p>
                    </content>
                  </point>
                  <point eId="point_23__point_א__point_2">
                    <num>(2)</num>
                    <content>
                      <p>לדרוש מכל עד שיקיים עדותו בשבועה או בהן צדק;</p>
                    </content>
                  </point>
                  <point eId="point_23__point_א__point_3">
                    <num>(3)</num>
                    <content>
                      <p>להזמין אדם לבוא לישיבת הבוררות כדי להעיד או להגיש מסמך שברשותו ולחקרו כעד או לדרוש מאתו להגיש כל מסמך שברשותו;</p>
                    </content>
                  </point>
                  <point eId="point_23__point_א__point_4">
                    <num>(4)</num>
                    <content>
                      <p>ליתן צו הכופה אדם לבוא לפניה, לאחר שלא בא לפי ההזמנה ולא הצטדק על כך להנחת דעת הועדה וכן להטיל עליו תשלום ההוצאות שנגרמו מחמת סירובו לציית להזמנה וגם לקנוס אותו בסכום שלא למעלה ממאה לירות;</p>
                    </content>
                  </point>
                  <point eId="point_23__point_א__point_5">
                    <num>(5)</num>
                    <content>
                      <p>לקנוס בסכום שלא למעלה ממאה לירות כל אדם שנדרש על ידי הועדה להעיד בשבועה או להגיש מסמך ולא עשה כנדרש ולא הצטדק על כך להנחת דעתה של ועדת הבוררים.</p>
                    </content>
                  </point>
                </list>
              </point>
              <point eId="point_23__point_ב">
                <num>(ב)</num>
                <content>
                  <p>קנס שהוטל לפי סעיף קטן (א) ייגבה בדרך שגובים קנס שהוטל על ידי בית משפט.</p>
                </content>
              </point>
            </list>
          </point>
          <point eId="point_24">
            <heading>
              <authorialNote placement="side">
                <p>ראיות</p>
              </authorialNote>
            </heading>
            <num>24.</num>
            <content>
              <p>ועדת בוררים לא תהיה קשורה בדיני הראיות, אלא תפעל בדרך שתיראה לה מועילה ביותר לבירור הנדון.</p>
            </content>
          </point>
          <point eId="point_25">
            <heading>
              <authorialNote placement="side">
                <p>סדרי דיון</p>
              </authorialNote>
            </heading>
            <num>25.</num>
            <content>
              <p>ועדת בוררים תקבע את סדרי דיוניה, במידה שלא נקבעו בחוק זה או בתקנות לפיו.</p>
            </content>
          </point>
          <point eId="point_26">
            <heading>
              <authorialNote placement="side">
                <p>תנאי לדיון בהרכב חסר</p>
              </authorialNote>
            </heading>
            <num>26.</num>
            <content>
              <p>רשאי יושב ראש של ועדת בוררים לקיים ישיבת הועדה בהעדר אחד הבוררים, אם בירר תחילה כי לחבר הועדה הנעדר מהישיבה נשלחה הודעה על מקום הישיבה ומועדה והחבר לא מסר הודעה בכתב על אי־יכלתו להשתתף בישיבה ולא הראה סיבות מספיקות לדעת היושב ראש; סעיף זה אינו חל לגבי הישיבה הראשונה של הועדה, אלא אם היא מתקיימת במועד דחוי.</p>
            </content>
          </point>
          <point eId="point_27">
            <heading>
              <authorialNote placement="side">
                <p>דיון בהרכב חסר</p>
              </authorialNote>
            </heading>
            <num>27.</num>
            <content>
              <p>נתקיימה ישיבה בהעדר אחד החברים כאמור <ref href="#point_26">בסעיף 26</ref>, או לא השתתף אחד מהם בפעולות הועדה – אין חוקיות הישיבה או פעולות הועדה וסמכויותיה נפגעות על ידי העדר זה; אולם לפי דרישת החבר שנעדר מישיבת הועדה רשאי היושב ראש לחדש את הדיון בשאלות שבהן דנו בהעדר החבר, אם ראה היושב ראש סיבה מספקת להעדרו.</p>
            </content>
          </point>
          <point eId="point_28">
            <heading>
              <authorialNote placement="side">
                <p>פסק־ביניים</p>
              </authorialNote>
            </heading>
            <num>28.</num>
            <content>
              <p>ועדת בוררים רשאית לתת פסק־ביניים וכן רשאית היא לבטל בכל עת אותו פסק־ביניים.</p>
            </content>
          </point>
          <point eId="point_29">
            <heading>
              <authorialNote placement="side">
                <p>פסק ברוב דעות או על־פי היושב ראש</p>
              </authorialNote>
            </heading>
            <num>29.</num>
            <content>
              <p>פסק־הבוררים או פסק־הביניים יינתנו ברוב דעות: ובאין רוב דעות יינתן פסק־הבוררים או פסק־הביניים על ידי היושב ראש.</p>
            </content>
          </point>
          <point eId="point_30">
            <heading>
              <authorialNote placement="side">
                <p>תיקון טעות סופר</p>
              </authorialNote>
            </heading>
            <num>30.</num>
            <content>
              <p>מי שהיה יושב ראש ועדת הבוררים רשאי לתקן טעות סופר שנפלה בפסק־בוררים.</p>
            </content>
          </point>
          <point eId="point_31">
            <heading>
              <authorialNote placement="side">
                <p>תקפו של פסק בוררים</p>
              </authorialNote>
            </heading>
            <num>31.</num>
            <list>
              <point eId="point_31__point_א">
                <num>(א)</num>
                <content>
                  <p>תקופת תקפו של פסק־בוררים בענין תנאי עבודה, הוא שנה מיום נתינתו, אם לא נקבעה בה תקופה קצרה יותר.</p>
                </content>
              </point>
              <point eId="point_31__point_ב">
                <num>(ב)</num>
                <content>
                  <p>תחילתו של פסק־בוררים היא מיום נתינתו, אם לא נקבע בו לכך תאריך מוקדם יותר או מאוחר יותר.</p>
                </content>
              </point>
              <point eId="point_31__point_ג">
                <num>(ג)</num>
                <content>
                  <p>דינו של פסק־בוררים כדין חוזה בין הצדדים לבוררות או כדין הסכם קיבוצי ביניהם, הכל לפי הענין; פסק־בוררים בקשר להסכם קיבוצי בר־תוקף דינו כדין אותו הסכם קיבוצי.</p>
                </content>
              </point>
            </list>
          </point>
          <point eId="point_32">
            <heading>
              <authorialNote placement="side">
                <p>פירוש פסק־בוררים</p>
              </authorialNote>
            </heading>
            <num>32.</num>
            <list>
              <point eId="point_32__point_א">
                <num>(א)</num>
                <content>
                  <p>התעוררו חילוקי דעות בין הצדדים לבוררות בדבר פירוש פסק־הבוררים בנקודה מסויימת והממונה הראשי סבור, כי אמנם טעון פסק־הבוררים פירוש באותה נקודה, רשאי הוא, לפי בקשת אחד הצדדים להטיל על ועדת בוררים, וכן רשאי הוא בהסכמת הצדדים להטיל על בורר יחיד כאמור <ref href="#point_18">בסעיף 18</ref> – לפרש את פסק־הבוררים והחלטת המפרשים תהיה חלק מפסק־הבוררים.</p>
                </content>
              </point>
              <point eId="point_32__point_ב">
                <num>(ב)</num>
                <content>
                  <p>על פעולות ועדת בוררים לפי סעיף קטן (א) יחולו הוראות <ref href="#chp_3">פרק זה</ref>.</p>
                </content>
              </point>
            </list>
          </point>
          <point eId="point_33">
            <heading>
              <authorialNote placement="side">
                <p>סופיות פסק־בוררים</p>
              </authorialNote>
            </heading>
            <num>33.</num>
            <content>
              <p>פסק־בוררים הוא סופי, ואין עליו ערעור.</p>
            </content>
          </point>
          <point eId="point_34">
            <heading>
              <authorialNote placement="side">
                <p>סודיות</p>
              </authorialNote>
            </heading>
            <num>34.</num>
            <list>
              <point eId="point_34__point_א">
                <num>(א)</num>
                <content>
                  <p>העובדות שהגיעו לידיעתו של חבר ועדת בוררים אגב הבוררות ולא היו ידועות ברבים הן בחזקת סוד ולא יביאן לידיעת אדם זולתו, אלא במידה שהדבר דרוש למילוי תפקידו ולשימוש בסמכויותיו.</p>
                </content>
              </point>
              <point eId="point_34__point_ב">
                <num>(ב)</num>
                <content>
                  <p>העובר על הוראות סעיף קטן (א), דינו – מאסר שנה או קנס אלף לירות.</p>
                </content>
              </point>
            </list>
          </point>
          <point eId="point_35">
            <heading>
              <authorialNote placement="side">
                <p>העתק מפסק־בוררים</p>
              </authorialNote>
            </heading>
            <num>35.</num>
            <content>
              <p>יושב ראש ועדת הבוררים ימסור לממונה הראשי ולצדדים העתק פסק־הבוררים כשההעתק מקויים בחתימת ידו.</p>
            </content>
          </point>
          <point eId="point_36">
            <heading>
              <authorialNote placement="side">
                <p>פטור ממס בולים</p>
              </authorialNote>
            </heading>
            <num>36.</num>
            <content>
              <p>פסק־בוררים, וכן כתב הרשאה הניתן על־ידי אחד הצדדים למתייצב בשמו לפני ועדת בוררים, פטורים ממס בולים.</p>
            </content>
          </point>
          <point eId="point_37">
            <heading>
              <authorialNote placement="side">
                <p>פקודת הבוררות</p>
              </authorialNote>
            </heading>
            <num>37.</num>
            <content>
              <p>פקודת הבוררות, אינה חלה על בוררות לפי <ref href="#chp_3">פרק זה</ref>.</p>
            </content>
          </point>
        </list>
      </chapter>
      <chapter eId="chp_רביעי">
        <num>פרק רביעי:</num>
        <title>
          <content>
            <p>הסכם קיבוצי בשירות ציבורי</p>
          </content>
        </title>
        <list>
          <point eId="point_37א" class="definitions">
            <heading>
              <authorialNote placement="side">
                <p>הגדרות</p>
              </authorialNote>
            </heading>
            <num>37א.</num>
            <list>
              <intro>
                <p>לענין <ref href="#chp_4">פרק זה</ref> –</p>
              </intro>
              <point eId="point_37א__point_הסכם_קיבוצי">
                <content>
                  <p>
                    <def />”הסכם קיבוצי“ – כמשמעותו <ref href="/akn/il/act/PrimaryLegislation/1957-02-28/147278#point_1">בסעיף 1 לחוק הסכמים קיבוציים, תשי"ז–1957</ref>, בין שנעשה והוגש לרישום לפי <ref href="/akn/il/act/PrimaryLegislation/1957-02-28/147278">החוק האמור</ref> ובין אם לאו, לרבות הסדר קיבוצי אחר, ובלבד שנעשו בכתב ונקבעו בהם שיעורים לשכר העבודה;</p>
                </content>
              </point>
              <point eId="point_37א__point_שירות_ציבורי">
                <list>
                  <intro>
                    <p>
                      <def />”שירות ציבורי“ – כל אחד משירותים אלה:</p>
                  </intro>
                  <point eId="point_37א__point_שירות_ציבורי__point_1">
                    <num>(1)</num>
                    <content>
                      <p>שירות המדינה, לרבות מערכת הבטחון וכל מפעל או מוסד שהוקמו בחוק, בין אם חל על העובדים בהם <ref href="/akn/il/act/PrimaryLegislation/1959-04-15/148670">חוק שירות המדינה (מינויים), תשי"ט–1959</ref>, ובין אם לאו;</p>
                    </content>
                  </point>
                  <point eId="point_37א__point_שירות_ציבורי__point_2">
                    <num>(2)</num>
                    <content>
                      <p>שירות הרשויות המקומיות;</p>
                    </content>
                  </point>
                  <point eId="point_37א__point_שירות_ציבורי__point_3">
                    <num>(3)</num>
                    <content>
                      <p>שירותי הבריאות, למעט מפעל או מוסד שאינו בבעלות ציבורית המתנהל לשם הפקת רווחים והוא כלול ברשימת מפעלים ומוסדות כאמור שערך אותה שר הבריאות באישור ועדת העבודה של הכנסת והיא פורסמה ברשומות;</p>
                    </content>
                  </point>
                  <point eId="point_37א__point_שירות_ציבורי__point_4">
                    <num>(4)</num>
                    <content>
                      <p>חינוך החובה כמשמעותו <ref href="/akn/il/act/PrimaryLegislation/1949-09-18/314513">בחוק לימוד חובה, תש"ט–1949</ref>;</p>
                    </content>
                  </point>
                  <point eId="point_37א__point_שירות_ציבורי__point_5">
                    <num>(5)</num>
                    <content>
                      <p>החינוך התיכוני שמעל לחינוך החובה, לרבות המקצועי והחקלאי, למעט מוסד שאינו בבעלות ציבורית המתנהל לשם הפקת רווחים והוא כלול ברשימת מוסדות כאמור שערך אותה שר החינוך והתרבות באישור ועדת העבודה של הכנסת והיא פורסמה ברשומות;</p>
                    </content>
                  </point>
                  <point eId="point_37א__point_שירות_ציבורי__point_6">
                    <num>(6)</num>
                    <content>
                      <p>המוסדות להשכלה גבוהה שהוכרו לפי <ref href="/akn/il/act/PrimaryLegislation/1958-08-14/147288">חוק המועצה להשכלה גבוהה, תשי"ח–1958</ref>;</p>
                    </content>
                  </point>
                  <point eId="point_37א__point_שירות_ציבורי__point_7">
                    <num>(7)</num>
                    <content>
                      <p>המוסדות האחרים ללימוד על־תיכוני, למעט מוסד שאינו בבעלות ציבורית המתנהל לשם הפקת רווחים והוא כלול ברשימת מוסדות כאמור שערך אותה שר החינוך והתרבות באישור ועדת העבודה של הכנסת והיא פורסמה ברשומות;</p>
                    </content>
                  </point>
                  <point eId="point_37א__point_שירות_ציבורי__point_8">
                    <num>(8)</num>
                    <content>
                      <p>התחבורה האווירית והתובלה האווירית;</p>
                    </content>
                  </point>
                  <point eId="point_37א__point_שירות_ציבורי__point_9">
                    <num>(9)</num>
                    <content>
                      <p>ההפקה והייצור של דלק, וכן הזרמת דלק בצינורות;</p>
                    </content>
                  </point>
                  <point eId="point_37א__point_שירות_ציבורי__point_10">
                    <num>(10)</num>
                    <content>
                      <p>ההפקה וההספקה של מים;</p>
                    </content>
                  </point>
                  <point eId="point_37א__point_שירות_ציבורי__point_11">
                    <num>(11)</num>
                    <content>
                      <p>הייצור וההספקה של חשמל;</p>
                    </content>
                  </point>
                  <point eId="point_37א__point_שירות_ציבורי__point_12">
                    <num>(12)</num>
                    <content>
                      <p>הפעלת מיתקן בזק ומתן שירות בזק בידי בעל רשיון כללי לפי <ref href="/akn/il/act/PrimaryOrSecondaryLegislation/UnknownWorkDate/חוק_הבזק">חוק הבזק, התשמ"ב–1982</ref>, ובידי בעל רשיון אחר הכלול ברשימה שערך שר התקשורת באישור ועדת העבודה והרווחה של הכנסת והיא פורסמה ברשומות וכן מתן שירותי שידור לפי <ref href="/akn/il/act/PrimaryOrSecondaryLegislation/UnknownWorkDate/חוק_הרשות_השניה_לטלויזיה_ורדיו">חוק הרשות השניה לטלויזיה ורדיו, התש"ן–1990</ref>;</p>
                    </content>
                  </point>
                </list>
              </point>
              <point eId="point_37א__point_ארגון_עובדים_מוסמך">
                <list>
                  <intro>
                    <p>
                      <def />”ארגון עובדים מוסמך“ –</p>
                  </intro>
                  <point eId="point_37א__point_ארגון_עובדים_מוסמך__point_1">
                    <num>(1)</num>
                    <content>
                      <p>בזמן שחל הסכם קיבוצי – הארגון שהוא צד להסכם;</p>
                    </content>
                  </point>
                  <point eId="point_37א__point_ארגון_עובדים_מוסמך__point_2">
                    <num>(2)</num>
                    <content>
                      <p>בזמן שההסכם הקיבוצי שהיה חל אינו בר־תוקף עוד – הארגון שהיה צד להסכם;</p>
                    </content>
                  </point>
                  <point eId="point_37א__point_ארגון_עובדים_מוסמך__point_3">
                    <num>(3)</num>
                    <content>
                      <p>לא היה הסכם קיבוצי קודם – הארגון שעמו נמנה המספר הגדול ביותר של עובדים מאורגנים שבאותו שירות ציבורי;</p>
                    </content>
                  </point>
                  <point eId="point_37א__point_ארגון_עובדים_מוסמך__point_4">
                    <num>(4)</num>
                    <content>
                      <p>היה ארגון כאמור בפסקאות (1) עד (3) חלק מארגון עובדים כולל יותר – ארגון העובדים הכולל; ואולם ארגון עובדים שקיים הסכם שנעשה לפני תחילת חוק זה בינו לבין ארגון עובדים כולל יותר בדבר הצטרפותו לאותו ארגון כולל, ועל פי ההסכם מוסמך הארגון המצטרף להכריז או לאשר שביתה, רואים את הארגון המצטרף כארגון עובדים מוסמך, במידה שהסמכות להכריז או לאשר שביתה אינה נתונה לפי ההסכם לארגון הכולל;</p>
                    </content>
                  </point>
                </list>
              </point>
              <point eId="point_37א__point_שביתה_או_השבתה_בלתי_מוגנת">
                <list>
                  <intro>
                    <p>
                      <def />”שביתה או השבתה בלתי מוגנת“ – כל אחת מאלה:</p>
                  </intro>
                  <point eId="point_37א__point_שביתה_או_השבתה_בלתי_מוגנת__point_1">
                    <num>(1)</num>
                    <content>
                      <p>שביתה או השבתה של עובדים בשירות ציבורי בזמן שחל עליהם הסכם קיבוצי, למעט שביתה שאינה קשורה בשכר עבודה או בתנאים סוציאליים ושהמוסד המנהל המרכזי הארצי של ארגון העובדים המוסמך הכריז או אישר אותה;</p>
                    </content>
                  </point>
                  <point eId="point_37א__point_שביתה_או_השבתה_בלתי_מוגנת__point_2">
                    <num>(2)</num>
                    <content>
                      <p>שביתה של עובדים בשירות ציבורי בזמן שלא חל עליהם הסכם קיבוצי, או שההסכם הקיבוצי שהיה חל עליהם אינו בר־תוקף עוד, והשביתה לא הוכרזה או אושרה בידי המוסד או המוסדות המוסמכים לכך ובהליכים הקבועים לכך, הכל לפי תקנונו של ארגון העובדים המוסמך; אישור בכתב של המוסד המנהל המרכזי הארצי של ארגון העובדים המוסמך כי שביתה פלונית הוכרזה או אושרה כאמור – יהיה ראיה מכרעת לכך;</p>
                    </content>
                  </point>
                  <point eId="point_37א__point_שביתה_או_השבתה_בלתי_מוגנת__point_3">
                    <num>(3)</num>
                    <content>
                      <p>שביתה או השבתה בשירות ציבורי שלא נמסרה עליהן הודעה בהתאם לחוק זה;</p>
                    </content>
                  </point>
                </list>
              </point>
              <wrapup eId="point_37א__wrapup_none">
                <list>
                  <intro>
                    <p>לענין הגדרה זו רואים כשביתה:</p>
                  </intro>
                  <point eId="point_37א__wrapup_none__point_א">
                    <num>(א)</num>
                    <content>
                      <p>הפסקת עבודה מאורגנת, מלאה או חלקית, של קבוצת עובדים, לרבות שביתת האטה והפרעה מאורגנת אחרת של מהלך העבודה התקין;</p>
                    </content>
                  </point>
                  <point eId="point_37א__wrapup_none__point_ב">
                    <num>(ב)</num>
                    <content>
                      <p>סירוב מאורגן של קבוצת עובדים לעבוד שעות נוספות, אם החובה לעבוד שעות נוספות נקבעה בהסכם קיבוצי ועבודה כאמור מותרת לפי <ref href="/akn/il/act/PrimaryLegislation/1951-05-22/148168">חוק שעות עבודה ומנוחה, תשי"א–1951</ref>, והסירוב ננקט כצעד בסכסוך עבודה.</p>
                    </content>
                  </point>
                </list>
              </wrapup>
            </list>
          </point>
          <point eId="point_37ב">
            <heading>
              <authorialNote placement="side">
                <p>דין שביתה או השבתה בלתי מוגנות</p>
              </authorialNote>
            </heading>
            <num>37ב.</num>
            <list>
              <point eId="point_37ב__point_א">
                <num>(א)</num>
                <content>
                  <p>שביתה והשבתה בלתי מוגנות אינן בגדר שביתה או השבתה לענין <ref href="/akn/il/act/PrimaryLegislation/1968-04-17/2002279#point_62">סעיף 62(ב) לפקודת הנזיקין [נוסח חדש]</ref>, אולם הוראה זו לא תחול אלא על תובענה שהגישו עובד או מעסיק שהיו צד לשביתה או להשבתה, לפי הענין, או חליפיהם.</p>
                </content>
              </point>
              <point eId="point_37ב__point_ב">
                <num>(ב)</num>
                <content>
                  <p>שביתה בלתי מוגנת אינה בגדר שביתה לענין <ref href="/akn/il/act/PrimaryLegislation/1957-02-28/147278#point_19">סעיף 19 לחוק הסכמים קיבוציים, תשי"ז–1957</ref>.</p>
                </content>
              </point>
              <point eId="point_37ב__point_ג">
                <num>(ג)</num>
                <content>
                  <p>שביתה בלתי מוגנת אינה בגדר שביתה לענין <ref href="/akn/il/act/PrimaryLegislation/1959-01-23/148681#point_44">הפיסקה השניה לסעיף 44 לחוק שירות התעסוקה, תשי"ט–1959</ref>, לגבי שליחת עובדים למקום עבודה שבו מתקיימת השביתה; ואולם דורש עבודה שלשכת עבודה הציעה לו עבודה במקום עבודה שמתקיימת בו שביתה בלתי מוגנת ובשל כך סירב לקבל את העבודה האמורה, לא ייפגעו עקב סירוב זה זכויותיו לפי התקנון שהותקן מכוח <ref href="/akn/il/act/PrimaryLegislation/1959-01-23/148681#point_41">סעיף 41 לחוק האמור</ref>.</p>
                </content>
              </point>
              <point eId="point_37ב__point_ד">
                <num>(ד)</num>
                <content>
                  <p>ארגון עובדים וארגון מעבידים לא ישאו באחריות כלשהי לשביתה או להשבתה בלתי מוגנות שלא הכריזו או אישרו; אישור בכתב של המוסד המנהל המרכזי הארצי של ארגון עובדים מוסמך או של ארגון מעבידים כי הארגון לא הכריז ולא אישר שביתה או השבתה פלונית, לפי הענין, יהיה ראיה מכרעת לענין סעיף קטן זה.</p>
                </content>
              </point>
            </list>
          </point>
          <point eId="point_37ג">
            <heading>
              <authorialNote placement="side">
                <p>דין שביתה חלקית בלתי מוגנת</p>
              </authorialNote>
            </heading>
            <num>37ג.</num>
            <list>
              <point eId="point_37ג__point_א">
                <num>(א)</num>
                <content>
                  <p>בית דין אזורי כמשמעותו <ref href="/akn/il/act/PrimaryLegislation/1969-03-27/165789">בחוק בית הדין לעבודה, תשכ"ט–1969</ref>, מוסמך לקבוע, על־פי בקשת מעסיק בשירות ציבורי, שעובדיו במקום עבודה פלוני או כמה מהם קיימו או מקיימים שביתה בלתי מוגנת שאינה הפסקת עבודה מלאה; משקבע בית הדין כך, לא יהיו העובדים המועסקים באותו מקום עבודה או כמה מהם, כפי שקבע בית הדין, זכאים אלא לשכר חלקי בעד העבודה שעשו בפועל בתקופת השביתה האמורה, בשיעור שקבע בית הדין לפי נסיבות הענין.</p>
                </content>
              </point>
              <point eId="point_37ג__point_ב">
                <num>(ב)</num>
                <content>
                  <p>לא ייזקק בית דין אזורי לבקשה לפי סעיף קטן (א) לגבי הזמן שקדם לששה חדשים לפני הגשתה.</p>
                </content>
              </point>
              <point eId="point_37ג__point_ג">
                <num>(ג)</num>
                <content>
                  <p>עובד הזכאי לשכר חלקי בלבד כאמור בסעיף קטן (א), רואים סכום השווה למחצית שכרו הרגיל כשכר החלקי המגיע לו כל עוד לא קבע בית הדין את שיעור שכרו החלקי כאמור; לענין סעיף קטן זה, ”שכר רגיל“ – סכום הרכיבים של שכר העבודה המובאים בחשבון לענין פיצויי פיטורים, על־פי <ref href="/akn/il/act/PrimaryLegislation/1963-08-16/148301#point_13">סעיף 13 לחוק פיצויי פיטורים, תשכ"ג–1963</ref>, למעט תוספות המשתלמות בשל תפוקה או בשל מאמץ בעבודה.</p>
                </content>
              </point>
              <point eId="point_37ג__point_ד">
                <num>(ד)</num>
                <content>
                  <p>הפרשי שכר שמעסיק חב לעובד או שעובד חב למעסיק מכוח הוראות סעיף זה ישולמו תוך 30 יום מיום קביעת בית הדין האזורי בדבר שיעור השכר החלקי כאמור בסעיף קטן (א), זולת אם קבע בית הדין מועד אחר לתשלום; סכום עודף ששולם כאמור לעובד – יראוהו כמקדמה <ref href="/akn/il/act/PrimaryLegislation/1958-03-20/148747#point_25">שסעיף 25(א)(7) לחוק הגנת השכר, תשי"ח–1958</ref>, חל עליה, ובלבד ששיעור הניכוי לא יעלה על 25% משכרו של העובד.</p>
                </content>
              </point>
            </list>
          </point>
          <point eId="point_37ד">
            <heading>
              <authorialNote placement="side">
                <p>פיצויים מוגדלים</p>
              </authorialNote>
            </heading>
            <num>37ד.</num>
            <content>
              <p>מעסיק בשירות ציבורי שהפר הוראה שבהסכם קיבוצי, רשאי בית הדין לעבודה לבקשת העובד שלגביו הופר ההסכם, או ארגון העובדים שבו הוא חבר, לחייבו בתשלום פיצויים מוגדלים בנוסף לכל סעד אחר, והוא רשאי לפסוק פיצויים גם בהפרה שאין עמה נזק ממון.</p>
            </content>
          </point>
          <point eId="point_37ה">
            <heading>
              <authorialNote placement="side">
                <p>הכרעה בסכסוכים</p>
              </authorialNote>
            </heading>
            <num>37ה.</num>
            <content>
              <p>הסכם קיבוצי החל בשירות ציבורי יראוהו כאילו נכללו בו ההוראות שבתוספת לגבי כל סכסוך שאין בהסכם הוראה אחרת להכרעה בו.</p>
            </content>
          </point>
        </list>
      </chapter>
      <chapter eId="chp_חמישי">
        <num>פרק חמישי:</num>
        <title>
          <content>
            <p>המועצה ליחסי עבודה</p>
          </content>
        </title>
        <list>
          <point eId="point_38">
            <heading>
              <authorialNote placement="side">
                <p>מינוי מועצה ליחסי עבודה</p>
              </authorialNote>
            </heading>
            <num>38.</num>
            <content>
              <p>שר העבודה ימנה מועצה ליחסי עבודה (להלן – המועצה) שתייעץ לו בכל הנוגע ליחסי עבודה.</p>
            </content>
          </point>
          <point eId="point_39">
            <heading>
              <authorialNote placement="side">
                <p>הרכב המועצה</p>
              </authorialNote>
            </heading>
            <num>39.</num>
            <list>
              <point eId="point_39__point_א">
                <num>(א)</num>
                <content>
                  <p>חברי המועצה יהיו נציגי עובדים ונציגי מעבידים, שווה בשווה.</p>
                </content>
              </point>
              <point eId="point_39__point_ב">
                <num>(ב)</num>
                <content>
                  <p>נציגי העובדים במועצה יתמנו לאחר התייעצות בארגון העובדים המייצג את המספר הגדול ביותר של עובדים במדינה ונציגי המעבידים יתמנו לאחר התייעצות בארגונים יציגים של מעבידים במדינה.</p>
                </content>
              </point>
              <point eId="point_39__point_ג">
                <num>(ג)</num>
                <content>
                  <p>הודעה על מינוי המועצה ועל שמות חבריה תפורסם ברשומות.</p>
                </content>
              </point>
            </list>
          </point>
          <point eId="point_40">
            <heading>
              <authorialNote placement="side">
                <p>תקופת כהונה</p>
              </authorialNote>
            </heading>
            <num>40.</num>
            <content>
              <p>שר העבודה רשאי לקבוע בתקנות את תקופת כהונתה של המועצה ותנאים לפקיעתה של חברות במועצה לפני תום תקופת כהונתה המלאה.</p>
            </content>
          </point>
          <point eId="point_41">
            <heading>
              <authorialNote placement="side">
                <p>יושב ראש המועצה</p>
              </authorialNote>
            </heading>
            <num>41.</num>
            <content>
              <p>שר העבודה או מי שיתמנה על ידיו לכך, יהיה יושב ראש המועצה.</p>
            </content>
          </point>
          <point eId="point_42">
            <heading>
              <authorialNote placement="side">
                <p>סדרי הדיון במועצה</p>
              </authorialNote>
            </heading>
            <num>42.</num>
            <content>
              <p>המועצה תקבע את סדרי דיוניה ועבודתה במידה שלא נקבעו בתקנות.</p>
            </content>
          </point>
        </list>
      </chapter>
      <chapter eId="chp_ששי">
        <num>פרק ששי:</num>
        <title>
          <content>
            <p>הוראות שונות</p>
          </content>
        </title>
        <list>
          <point eId="point_43">
            <heading>
              <authorialNote placement="side">
                <p>ביצוע ותקנות</p>
              </authorialNote>
            </heading>
            <num>43.</num>
            <content>
              <p>שר העבודה ממונה על ביצוע חוק זה והוא רשאי, לאחר שהתייעץ במועצה, להתקין תקנות בכל ענין הנוגע לביצועו.</p>
            </content>
          </point>
          <point eId="point_44">
            <heading>
              <authorialNote placement="side">
                <p>ביטול</p>
              </authorialNote>
            </heading>
            <num>44.</num>
            <content>
              <p>פקודת בתי המשפט התעשייתיים, 1947 וחוק השביתות העותמני מיום 27 ביולי 1909 – בטלים.</p>
            </content>
          </point>
          <point eId="point_44א">
            <heading>
              <authorialNote placement="side">
                <p>דין המדינה</p>
              </authorialNote>
            </heading>
            <num>44א.</num>
            <list>
              <intro>
                <p>לענין חוק זה דין המדינה כמעסיק כדין כל מעסיק אחר, אולם –</p>
              </intro>
              <point eId="point_44א__point_1">
                <num>(1)</num>
                <content>
                  <p>ההחלטה על תיווך בסכסוך עבודה שהמדינה צד לו תהיה בידי שר העבודה;</p>
                </content>
              </point>
              <point eId="point_44א__point_2">
                <num>(2)</num>
                <content>
                  <p>בסכסוך בין המדינה לבין ארגון העובדים המייצג כאמור <ref href="#point_3">בסעיף 3</ref>, יהיה המתווך אדם ששמו כלול ברשימת מתווכים שאינם עובדי המדינה ושהוסכם עליה בין המדינה לבין ארגון העובדים המייצג את המספר הגדול ביותר של עובדי המדינה;</p>
                </content>
              </point>
              <point eId="point_44א__point_3">
                <num>(3)</num>
                <content>
                  <p>הסכימו הצדדים לסכסוך על מתווך מתוך הרשימה המוסכמת יהיה הוא המתווך בסכסוך; אם תוך שלושה ימים מיום ההחלטה על תיווך לא הסכימו הצדדים על מינוי המתווך, רשאי שר העבודה למנות מתווך מתוך הרשימה המוסכמת.</p>
                </content>
              </point>
            </list>
          </point>
          <point eId="point_45">
            <heading>
              <authorialNote placement="side">
                <p>תחילה</p>
              </authorialNote>
            </heading>
            <num>45.</num>
            <content>
              <p>תחילתו של חוק זה היא ביום כ"ח באדר א׳ תשי"ז (1 במרס 1957).</p>
            </content>
          </point>
        </list>
      </chapter>
      <appendix eId="appendix">
        <num></num>
        <title>
          <content>
            <p>תוספת</p>
          </content>
        </title>
        <subtitle eId="eId">
          <num></num>
          <content>
            <p>
              <wikicomment font-size="x-small">(<ref href="#point_37ד">סעיף 37ד</ref>)</wikicomment>
            </p>
          </content>
        </subtitle>
        <list>
          <point eId="appendix__point_1">
            <heading>
              <authorialNote placement="side">
                <p xml:space="preserve"> </p>
              </authorialNote>
            </heading>
            <num>1.</num>
            <content>
              <p>נתגלע סכסוך עבודה ולא הגיעו הצדדים תוך שבעה ימים להסכם בדבר דרכי ההכרעה בסכסוך, יבורר הסכסוך על פי בקשת אחד הצדדים בועדה פריטטית של נציגי הצדדים, אשר תתכנס תוך שבעה ימים מיום בקשת הבירור.</p>
            </content>
          </point>
          <point eId="appendix__point_2">
            <heading>
              <authorialNote placement="side">
                <p xml:space="preserve"> </p>
              </authorialNote>
            </heading>
            <num>2.</num>
            <content>
              <p>הגיעה הועדה הפריטטית להחלטה מוסכמת על יישוב הסכסוך – יהיה דין ההחלטה כדין פסק בוררים על פי <ref href="#point_31">סעיף 31(ג) לחוק</ref>.</p>
            </content>
          </point>
          <point eId="appendix__point_3">
            <heading>
              <authorialNote placement="side">
                <p xml:space="preserve"> </p>
              </authorialNote>
            </heading>
            <num>3.</num>
            <content>
              <p>לא התכנסה הועדה הפריטטית כאמור <ref href="#appendix_פרט_1">בסעיף 1</ref> או לא הגיעה להחלטה מוסכמת תוך שלושים יום מיום בקשת הבירור, יובא הסכסוך, לפי בקשת אחד הצדדים, להכרעה בבוררות; הבוררות תהיה בפני בורר אחד או יותר כפי שיוסכם בין הצדדים, ואם לא הסכימו תוך שבעה ימים מיום הבקשה לקיים את הבוררות – בפני שלושה בוררים, שמהם כל צד ימנה בורר אחד ושני הבוררים ימנו בורר נוסף והוא יהיה יושב ראש.</p>
            </content>
          </point>
          <point eId="appendix__point_4">
            <heading>
              <authorialNote placement="side">
                <p xml:space="preserve"> </p>
              </authorialNote>
            </heading>
            <num>4.</num>
            <content>
              <p>הבוררות תסתיים תוך שלושים יום מיום הבקשה לקיימה.</p>
            </content>
          </point>
          <point eId="appendix__point_5">
            <heading>
              <authorialNote placement="side">
                <p xml:space="preserve"> </p>
              </authorialNote>
            </heading>
            <num>5.</num>
            <list>
              <point eId="appendix__point_5__point_א">
                <num>(א)</num>
                <content>
                  <p>התקופות האמורות <ref href="#appendix">בתוספת זו</ref> ניתנות להארכה בידי הצדדים; התקופה האמורה <ref href="#appendix_פרט_3">בסעיף 3</ref> ניתנת להארכה גם בידי הועדה הפריטטית והתקופה האמורה <ref href="#appendix_פרט_4">בסעיף 4</ref> ניתנת להארכה גם בידי הבורר או הבוררים.</p>
                </content>
              </point>
              <point eId="appendix__point_5__point_ב">
                <num>(ב)</num>
                <content>
                  <p>במנין התקופות האמורות <ref href="#appendix">בתוספת זו</ref> לא תובא בחשבון התקופה שבה מתקיים תיווך לפי <ref href="#chp_2">הפרק השני לחוק</ref>.</p>
                </content>
              </point>
            </list>
          </point>
        </list>
      </appendix>
    </body>
    <conclusions eId="eId">
      <p class="signatures">
        <signature>
          <p>
            <person refersTo="דוד_בן־גוריון">דוד בן־גוריון</person>
            <role refersTo="ראש_הממשלה">ראש הממשלה</role>
          </p>
        </signature>
        <signature>
          <p>
            <person refersTo="מרדכי_נמיר">מרדכי נמיר</person>
            <role refersTo="שר_העבודה">שר העבודה</role>
          </p>
        </signature>
        <signature>
          <p>
            <person refersTo="יצחק_בן־צבי">יצחק בן־צבי</person>
            <role refersTo="נשיא_המדינה">נשיא המדינה</role>
          </p>
        </signature>
      </p>
    </conclusions>
  </act>
</akomaNtoso>