﻿<?xml version="1.0" encoding="utf-8"?>
<akomaNtoso xmlns="http://docs.oasis-open.org/legaldocml/ns/akn/3.0">
  <act contains="originalVersion" name="publicLaw">
    <meta>
      <identification source="#kensset">
        <FRBRWork>
          <FRBRthis value="/akn/il/act/PrimaryLegislation/1952-03-06/147473/main" />
          <FRBRuri value="/akn/il/act/PrimaryLegislation/1952-03-06/147473" />
          <FRBRdate date="1952-03-06" name="Generation" />
          <FRBRauthor href="#knesset" as="#author" />
          <FRBRcountry value="israel" />
        </FRBRWork>
        <FRBRExpression>
          <FRBRthis value="/akn/il/act/PrimaryLegislation/1952-03-06/147473/he@/main" />
          <FRBRuri value="/akn/il/act/PrimaryLegislation/1952-03-06/147473/he@" />
          <FRBRdate date="1952-03-06" name="Generation" />
          <FRBRauthor href="#knesset" as="#author" />
          <FRBRlanguage language="hebrew" />
        </FRBRExpression>
        <FRBRManifestation>
          <FRBRthis value="/akn/il/act/PrimaryLegislation/1952-03-06/147473/he@/main.xml" />
          <FRBRuri value="/akn/il/act/PrimaryLegislation/1952-03-06/147473/he@" />
          <FRBRdate date="1952-03-06" name="Generation" />
          <FRBRauthor href="#knesset" as="#author" />
          <FRBRformat value="xml" />
        </FRBRManifestation>
      </identification>
      <classification source="#kensset">
        <keyword value="{classificationValue}" showAs="{classificationValue}" dictionary="#classification_dictionary" />
      </classification>
      <lifecycle source="#kensset">
        <eventRef eId="eventRef_1" date="1952-03-06" source="#kensset" type="generation" />
      </lifecycle>
      <references source="#kensset">
        <TLCOrganization eId="kensset" href="/ontology/organization/akn/knesset" showAs="Kensset" type="generation" />
        <TLCRole eId="author" href="/ontology/role/akn/author" showAs="Author of Document" />
        <TLCProcess eId="inforce" href="/ontology/process/akn/inforce" showAs="In force" />
        <TLCTerm eId="term_1" href="/ontology/term/בעל_חיים/147473" showAs="בעל_חיים" />
        <TLCTerm eId="term_2" href="/ontology/term/השבחת_בעלי_חיים/147473" showAs="השבחת_בעלי_חיים" />
        <TLCTerm eId="term_3" href="/ontology/term/מפקח/147473" showAs="מפקח" />
        <TLCPerson eId="דוד_בן־גוריון" href="/ontology/person/דוד_בן־גוריון" showAs="דוד בן־גוריון" />
        <TLCPerson eId="לוי_אשכול" href="/ontology/person/לוי_אשכול" showAs="לוי אשכול" />
        <TLCPerson eId="יוסף_שפרינצק" href="/ontology/person/יוסף_שפרינצק" showAs="יוסף שפרינצק" />
        <TLCRole eId="ראש_הממשלה" href="ontology/role/akn/ראש_הממשלה" showAs="ראש הממשלה" />
        <TLCRole eId="שר_החקלאות_והפיתוח" href="ontology/role/akn/שר_החקלאות_והפיתוח" showAs="שר החקלאות והפיתוח" />
        <TLCRole eId="יושב_ראש_הכנסת_|_ממלא_מקום_נשיא_המדינה" href="ontology/role/akn/יושב_ראש_הכנסת_|_ממלא_מקום_נשיא_המדינה" showAs="יושב ראש הכנסת | ממלא מקום נשיא המדינה" />
      </references>
      <temporalData source="#kensset">
        <temporalGroup eId="tmpg_1" />
      </temporalData>
      <Publication></Publication>
    </meta>
    <body period="#tmpg_1">
      <title eId="title">
        <content>
          <p>חוק להשבחת ייצור חקלאי (בעלי חיים), תשי"ב–1952</p>
        </content>
      </title>
      <list>
        <point eId="point_1" class="definitions">
          <heading>
            <authorialNote placement="side">
              <p>פירושים</p>
            </authorialNote>
          </heading>
          <num>1.</num>
          <list>
            <intro>
              <p>בחוק זה –</p>
            </intro>
            <point eId="point_1__point_בעל_חיים">
              <content>
                <p>
                  <def />”בעל חיים“ – פירושו – בקר, צאן, סוס, חמור, עוף בית, דבורים וכל בעל חיים אחר ששר החקלאות הכריז עליו, באכרזה שפורסמה ברשומות, כבעל חיים לצורך חוק זה, לרבות ביצי דגירה;</p>
              </content>
            </point>
            <point eId="point_1__point_השבחת_בעלי_חיים">
              <content>
                <p>
                  <def />”השבחת בעלי חיים“ פירושו – השבחת תנובתם של צאצאי בעלי חיים, שיפור המצרכים המופקים מהם ומגופותיהם, והעלאת כוח עבודתם, כושר התנגדותם למחלות ופריונם;</p>
              </content>
            </point>
            <point eId="point_1__point_מפקח">
              <content>
                <p>
                  <def />”מפקח“ פירושו – אדם ששר החקלאות מינהו להיות מפקח לצורך חוק זה.</p>
              </content>
            </point>
          </list>
        </point>
        <point eId="point_2">
          <heading>
            <authorialNote placement="side">
              <p>ועדות מיעצות</p>
            </authorialNote>
          </heading>
          <num>2.</num>
          <list>
            <point eId="point_2__point_א">
              <num>(א)</num>
              <content>
                <p>שר החקלאות ימנה, לצורך חוק זה ועדה מייעצת או ועדות מייעצות; בכל ועדה יהיו אנשים מן הציבור ומעובדי המדינה.</p>
              </content>
            </point>
            <point eId="point_2__point_ב">
              <num>(ב)</num>
              <content>
                <p>ועדה מייעצת יכולה להיות כללית או מיוחדת לסוג מסויים של בעלי חיים.</p>
              </content>
            </point>
          </list>
        </point>
        <point eId="point_3">
          <heading>
            <authorialNote placement="side">
              <p>תקנות</p>
            </authorialNote>
          </heading>
          <num>3.</num>
          <list>
            <intro>
              <p>שר החקלאות רשאי, לאחר התיעצות בועדה מייעצת שנתמנתה לפי <ref href="#point_2">סעיף 2</ref>, להתקין תקנות בכל הנוגע להשבחת בעלי חיים, לרבות תקנות:</p>
            </intro>
            <point eId="point_3__point_1">
              <num>(1)</num>
              <content>
                <p>האוסרות או המגבילות גידולם של בעלי חיים, או של כל סוג מסוגיהם, לצרכי רביה, או את השימוש בהם להרבעה טבעית, להזרעה מלאכותית או לשיטות רביה אחרות;</p>
              </content>
            </point>
            <point eId="point_3__point_2">
              <num>(2)</num>
              <content>
                <p>האוסרות או המגבילות את שחיטתם והשמדתם של בעלי חיים העשויים לשמש לרביה, להרבעה ולהזרעה מלאכותית;</p>
              </content>
            </point>
            <point eId="point_3__point_3">
              <num>(3)</num>
              <content>
                <p>המסדירות, המגבילות או האוסרות מסחר בזרמה של בעלי חיים המיועדת להזרעה מלאכותית ובביצי דגירה;</p>
              </content>
            </point>
            <point eId="point_3__point_4">
              <num>(4)</num>
              <content>
                <p>האוסרות התעסקות בהזרעה מלאכותית שלא ברשיון, וקובעות את התנאים לקבלת הרשיון וכן לשלילתו;</p>
              </content>
            </point>
            <point eId="point_3__point_5">
              <num>(5)</num>
              <content>
                <p>הקובעות אזורים מוגנים לשם ביצוע ניסויים בהשבחת בעלי חיים, או לשם הגנה על טוהר גזעם, המטילות באזורים אלה הגבלות על החזקת בעלי חיים או קובעות תנאים להחזקתם;</p>
              </content>
            </point>
            <point eId="point_3__point_6">
              <num>(6)</num>
              <content>
                <p>הקובעות תנאים סניטריים ואחרים שיש לקיים בקשר לביצוע הרבעה טבעית, הזרעה מלאכותית או שיטות רביה אחרות של בעלי חיים;</p>
              </content>
            </point>
            <point eId="point_3__point_7">
              <num>(7)</num>
              <content>
                <p>המטילות פיקוח על יבוא ויצוא של בעלי חיים לצרכי רביה;</p>
              </content>
            </point>
            <point eId="point_3__point_8">
              <num>(8)</num>
              <content>
                <p>הקובעות אגרות לכל בקשה, אישור או תעודה אחרת, שיוגשו או שיינתנו בהתאם לתקנות שהותקנו לפי חוק זה.<br xml:space="preserve" xmlns=""> </br><wikicomment font-size="x-small">פורסמו <ref href="/akn/il/act/PrimaryOrSecondaryLegislation/UnknownWorkDate/תקנות_להשבחת_ייצור_חקלאי_בעלי_חיים_דבורים">תקנות להשבחת ייצור חקלאי (בעלי חיים) (דבורים), תשכ"ח–1968</ref>.</wikicomment><br xml:space="preserve" xmlns=""> </br><wikicomment font-size="x-small">פורסמו <ref href="/akn/il/act/PrimaryOrSecondaryLegislation/UnknownWorkDate/תקנות_השבחת_ייצור_חקלאי_בעלי_חיים_בקר_לחלב">תקנות השבחת ייצור חקלאי (בעלי חיים) (בקר לחלב), תשי"ז–1957</ref>.</wikicomment><br xml:space="preserve" xmlns=""> </br><wikicomment font-size="x-small">פורסמו <ref href="/akn/il/act/PrimaryOrSecondaryLegislation/UnknownWorkDate/תקנות_השבחת_ייצור_חקלאי_בעלי_חיים_עזי_בית">תקנות השבחת ייצור חקלאי (בעלי חיים) (עזי־בית), תשי"ז–1957</ref>.</wikicomment><br xml:space="preserve" xmlns=""> </br><wikicomment font-size="x-small">פורסמו <ref href="/akn/il/act/PrimaryOrSecondaryLegislation/UnknownWorkDate/תקנות_להשבחת_ייצור_חקלאי_בעלי_חיים_סוסים_טהורי_גזע">תקנות להשבחת ייצור חקלאי (בעלי חיים) (סוסים טהורי גזע), התשע"ב–2012</ref>.</wikicomment></p>
              </content>
            </point>
          </list>
        </point>
        <point eId="point_4">
          <heading>
            <authorialNote placement="side">
              <p>סמכויות מפקח</p>
            </authorialNote>
          </heading>
          <num>4.</num>
          <list>
            <intro>
              <p>מפקח רשאי –</p>
            </intro>
            <point eId="point_4__point_1">
              <num>(1)</num>
              <content>
                <p>להיכנס בכל עת לתחומי כל קרקע שאינה מקום מגורים לשם פיקוח על קיום הוראות התקנות שהותקנו לפי חוק זה;</p>
              </content>
            </point>
            <point eId="point_4__point_2">
              <num>(2)</num>
              <content>
                <p>לתפוס כל בעל חיים שלפי דעת המפקח נעברה בו עבירה על תקנה שהותקנה לפי חוק זה, וכן לתפוס כל חפץ שיש בו כדי לשמש עדות ביחס לעבירה כזאת; בשעת התפיסה יתן המפקח למחזיק בעל החיים או למחזיק החפץ קבלה על הדברים שתפס;</p>
              </content>
            </point>
            <point eId="point_4__point_3">
              <num>(3)</num>
              <content>
                <p>לסמן או לסרס בעלי חיים שגידולם או שימושם להרבעה, להזרעה מלאכותית או לשיטות רביה אחרות, נאסרו או הוגבלו על פי תקנה שהותקנה לפי חוק זה;</p>
              </content>
            </point>
            <point eId="point_4__point_4">
              <num>(4)</num>
              <content>
                <p>לעשות כל דבר שהוטל על המפקח, בתקנות שהותקנו לפי חוק זה.</p>
              </content>
            </point>
          </list>
        </point>
        <point eId="point_5">
          <heading>
            <authorialNote placement="side">
              <p>עבירות</p>
            </authorialNote>
          </heading>
          <num>5.</num>
          <content>
            <p>העובר על תקנה שהותקנה לפי חוק זה, דינו – מאסר עד שנה אחת או קנס עד שלוש מאות לירות או שני הענשים כאחד.</p>
          </content>
        </point>
        <point eId="point_6">
          <heading>
            <authorialNote placement="side">
              <p>ביצוע</p>
            </authorialNote>
          </heading>
          <num>6.</num>
          <content>
            <p>שר החקלאות ממונה על ביצוע חוק זה.</p>
          </content>
        </point>
      </list>
    </body>
    <conclusions eId="eId">
      <p class="signatures">
        <signature>
          <p>
            <person refersTo="דוד_בן־גוריון">דוד בן־גוריון</person>
            <role refersTo="ראש_הממשלה">ראש הממשלה</role>
          </p>
        </signature>
        <signature>
          <p>
            <person refersTo="לוי_אשכול">לוי אשכול</person>
            <role refersTo="שר_החקלאות_והפיתוח">שר החקלאות והפיתוח</role>
          </p>
        </signature>
        <signature>
          <p>
            <person refersTo="יוסף_שפרינצק">יוסף שפרינצק</person>
            <role refersTo="יושב_ראש_הכנסת_|_ממלא_מקום_נשיא_המדינה">יושב ראש הכנסת | ממלא מקום נשיא המדינה</role>
          </p>
        </signature>
      </p>
    </conclusions>
  </act>
</akomaNtoso>