﻿<?xml version="1.0" encoding="utf-8"?>
<akomaNtoso xmlns="http://docs.oasis-open.org/legaldocml/ns/akn/3.0">
  <act contains="originalVersion" name="publicLaw">
    <meta>
      <identification source="#kensset">
        <FRBRWork>
          <FRBRthis value="/akn/il/act/PrimaryLegislation/1980-03-26/149902/main" />
          <FRBRuri value="/akn/il/act/PrimaryLegislation/1980-03-26/149902" />
          <FRBRdate date="1980-03-26" name="Generation" />
          <FRBRauthor href="#knesset" as="#author" />
          <FRBRcountry value="israel" />
        </FRBRWork>
        <FRBRExpression>
          <FRBRthis value="/akn/il/act/PrimaryLegislation/1980-03-26/149902/he@/main" />
          <FRBRuri value="/akn/il/act/PrimaryLegislation/1980-03-26/149902/he@" />
          <FRBRdate date="1980-03-26" name="Generation" />
          <FRBRauthor href="#knesset" as="#author" />
          <FRBRlanguage language="hebrew" />
        </FRBRExpression>
        <FRBRManifestation>
          <FRBRthis value="/akn/il/act/PrimaryLegislation/1980-03-26/149902/he@/main.xml" />
          <FRBRuri value="/akn/il/act/PrimaryLegislation/1980-03-26/149902/he@" />
          <FRBRdate date="1980-03-26" name="Generation" />
          <FRBRauthor href="#knesset" as="#author" />
          <FRBRformat value="xml" />
        </FRBRManifestation>
      </identification>
      <classification source="#kensset">
        <keyword value="{classificationValue}" showAs="{classificationValue}" dictionary="#classification_dictionary" />
      </classification>
      <lifecycle source="#kensset">
        <eventRef eId="eventRef_1" date="1980-03-26" source="#kensset" type="generation" />
      </lifecycle>
      <references source="#kensset">
        <TLCOrganization eId="kensset" href="/ontology/organization/akn/knesset" showAs="Kensset" type="generation" />
        <TLCRole eId="author" href="/ontology/role/akn/author" showAs="Author of Document" />
        <TLCProcess eId="inforce" href="/ontology/process/akn/inforce" showAs="In force" />
        <TLCTerm eId="term_1" href="/ontology/term/יצרן/149902" showAs="יצרן" />
        <TLCTerm eId="term_2" href="/ontology/term/ייצור/149902" showAs="ייצור" />
        <TLCTerm eId="term_3" href="/ontology/term/מוצר/149902" showAs="מוצר" />
        <TLCTerm eId="term_4" href="/ontology/term/נזק_גוף/149902" showAs="נזק_גוף" />
      </references>
      <temporalData source="#kensset">
        <temporalGroup eId="tmpg_1" />
      </temporalData>
      <Publication></Publication>
    </meta>
    <body period="#tmpg_1">
      <title eId="title">
        <content>
          <p>חוק האחריות למוצרים פגומים, תש"ם–1980</p>
        </content>
      </title>
      <list>
        <point eId="point_1">
          <heading>
            <authorialNote placement="side">
              <p>הגדרות</p>
            </authorialNote>
          </heading>
          <num>1.</num>
          <list>
            <intro>
              <p>בחוק זה –</p>
            </intro>
            <point eId="point_1__point_יצרן">
              <list>
                <intro>
                  <p>
                    <def />”יצרן“ – אדם העוסק למטרות מסחריות בייצור מוצרים או בהרכבתם, לרבות –</p>
                </intro>
                <point eId="point_1__point_יצרן__point_1">
                  <num>(1)</num>
                  <content>
                    <p>המציג עצמו כיצרן של מוצר במתן שמו או סימנו המסחרי או בכל דרך אחרת;</p>
                  </content>
                </point>
                <point eId="point_1__point_יצרן__point_2">
                  <num>(2)</num>
                  <content>
                    <p>יבואן שייבא בישראל למטרות מסחריות מוצר שיוצר בחוץ לארץ;</p>
                  </content>
                </point>
                <point eId="point_1__point_יצרן__point_3">
                  <num>(3)</num>
                  <content>
                    <p>ספק של מוצר שהיצרן שלו בארץ או היבואן שלו אינם ניתנים לזיהוי על פניו;</p>
                  </content>
                </point>
              </list>
            </point>
            <point eId="point_1__point_ייצור">
              <content>
                <p>
                  <def />”ייצור“ – יפורש בהתאם להגדרת ”יצרן“;</p>
              </content>
            </point>
            <point eId="point_1__point_מוצר">
              <content>
                <p>
                  <def />”מוצר“ – לרבות רכיב ואריזה של מוצר, מוצר המחובר למקרקעין, ובנין;</p>
              </content>
            </point>
            <point eId="point_1__point_נזק_גוף">
              <content>
                <p>
                  <def />”נזק גוף“ – מוות, מחלה, פגיעה או ליקוי גופני, נפשי או שכלי.</p>
              </content>
            </point>
          </list>
        </point>
        <point eId="point_2">
          <heading>
            <authorialNote placement="side">
              <p>אחריות היצרן</p>
            </authorialNote>
          </heading>
          <num>2.</num>
          <list>
            <point eId="point_2__point_א">
              <num>(א)</num>
              <content>
                <p>יצרן חייב לפצות את מי שנגרם לו נזק גוף כתוצאה מפגם במוצר שייצר (להלן – הנפגע), ואין נפקא מינה אם היה או לא היה אשם מצד היצרן.</p>
              </content>
            </point>
            <point eId="point_2__point_ב">
              <num>(ב)</num>
              <content>
                <p>נגרם הנזק על ידי רכיב פגום, יהיו אחראים הן יצרן המוצר והן יצרן הרכיב.</p>
              </content>
            </point>
            <point eId="point_2__point_ג">
              <num>(ג)</num>
              <content>
                <p>מוצר שהיצרן שלו בארץ או היבואן שלו אינם ניתנים לזיהוי על פניו יהיה הספק שלו פטור מאחריות לפי חוק זה אם מסר לנפגע, תוך זמן סביר לאחר דרישתו, פרטים שלפיהם ניתן לאתר את שם היצרן, היבואן או ספק שממנו קנה את המוצר, ואת המען המלא של מקום עסקם.</p>
              </content>
            </point>
          </list>
        </point>
        <point eId="point_3">
          <heading>
            <authorialNote placement="side">
              <p>מוצר פגום</p>
            </authorialNote>
          </heading>
          <num>3.</num>
          <list>
            <point eId="point_3__point_א">
              <num>(א)</num>
              <list>
                <intro>
                  <p>מוצר הוא פגום בכל אחת מאלה:</p>
                </intro>
                <point eId="point_3__point_א__point_1">
                  <num>(1)</num>
                  <content>
                    <p>מחמת ליקוי בו הוא עלול לגרום נזק גוף;</p>
                  </content>
                </point>
                <point eId="point_3__point_א__point_2">
                  <num>(2)</num>
                  <content>
                    <p>בנסיבות הענין נדרשות אזהרות או הוראות טיפול ושימוש מטעמי בטיחות והן לא ניתנו או שאינן מתאימות בהתחשב בסכנה הכרוכה במוצר.</p>
                  </content>
                </point>
              </list>
            </point>
            <point eId="point_3__point_ב">
              <num>(ב)</num>
              <content>
                <p>חזקה שהמוצר היה פגום אם נסיבות המקרה מתיישבות יותר עם המסקנה שהיה פגום מאשר עם המסקנה שהיה תקין.</p>
              </content>
            </point>
          </list>
        </point>
        <point eId="point_4">
          <heading>
            <authorialNote placement="side">
              <p>הגנות</p>
            </authorialNote>
          </heading>
          <num>4.</num>
          <list>
            <point eId="point_4__point_א">
              <num>(א)</num>
              <list>
                <intro>
                  <p>בתובענה לפי חוק זה לא תהא ליצרן הגנה אלא באחת מאלה:</p>
                </intro>
                <point eId="point_4__point_א__point_1">
                  <num>(1)</num>
                  <content>
                    <p>הפגם שגרם לנזק נוצר אחרי שהמוצר יצא משליטתו; הוכיח היצרן שהמוצר המסויים עבר בדיקות בטיחות סבירות לפני שיצא משליטתו, חזקה שהנזק נגרם לנפגע על ידי פגם שנוצר לאחר מכן;</p>
                  </content>
                </point>
                <point eId="point_4__point_א__point_2">
                  <num>(2)</num>
                  <content>
                    <p>לפי רמת ההתפתחות המדעית והטכנולוגית שהיתה בעת שהמוצר יצא משליטתו, לא יכול היה היצרן לדעת שמבחינת התכנון לא עמד המוצר ברמת הבטיחות הסבירה;</p>
                  </content>
                </point>
                <point eId="point_4__point_א__point_3">
                  <num>(3)</num>
                  <content>
                    <p>המוצר יצא משליטת היצרן שלא מרצונו, והוא נקט באמצעים סבירים למניעת יציאתו משליטתו, ולהזהרת הציבור הנוגע בדבר בפני הסיכון הכרוך במוצר;</p>
                  </content>
                </point>
                <point eId="point_4__point_א__point_4">
                  <num>(4)</num>
                  <content>
                    <p>הנפגע ידע על הפגם במוצר ועל הסיכון הכרוך בו, וחשף עצמו מרצונו לסיכון זה.</p>
                  </content>
                </point>
              </list>
            </point>
            <point eId="point_4__point_ב">
              <num>(ב)</num>
              <content>
                <p>לא תהיה זו הגנה ליצרן שהתרשלות הנפגע תרמה לגרימת הנזק, אולם אם נהג הנפגע בהתרשלות חמורה, רשאי בית המשפט להפחית את סכום הפיצויים בהתחשב במידת התרשלותו.</p>
              </content>
            </point>
            <point eId="point_4__point_ג">
              <num>(ג)</num>
              <list>
                <intro>
                  <p>היה הנפגע למטה מגיל 12 –</p>
                </intro>
                <point eId="point_4__point_ג__point_1">
                  <num>(1)</num>
                  <content>
                    <p>לא תחול ההגנה האמורה בסעיף קטן (א)(4);</p>
                  </content>
                </point>
                <point eId="point_4__point_ג__point_2">
                  <num>(2)</num>
                  <content>
                    <p>לא יפחית בית משפט פיצויים לפי סעיף קטן (ב).</p>
                  </content>
                </point>
              </list>
            </point>
          </list>
        </point>
        <point eId="point_5">
          <heading>
            <authorialNote placement="side">
              <p>פיצויים</p>
            </authorialNote>
          </heading>
          <num>5.</num>
          <list>
            <point eId="point_5__point_א">
              <num>(א)</num>
              <content>
                <p>בחישוב הפיצויים לפי חוק זה בשל אבדן השתכרות ואבדן כושר השתכרות לא תובא בחשבון הכנסה העולה על שילוש השכר הממוצע במשק לפי נתוני הלשכה המרכזית לסטטיסטיקה ערב קביעת הפיצויים; היו הפיצויים פטורים ממס הכנסה, יחושבו הפסדי הנפגע לענין פיצויים אלה לפי הכנסתו לאחר ניכוי מס הכנסה החל עליה בעת קביעתם, ובלבד שההפחתה בשל ניכוי המס כאמור לא תעלה על 25 אחוזים מן ההכנסה שלפיה חושבו פיצויים אלה.</p>
              </content>
            </point>
            <point eId="point_5__point_ב">
              <num>(ב)</num>
              <content>
                <p>פיצויים לפי חוק זה בשל נזק שאינו נזק ממון לא יעלו על חמישים אלף שקלים; שר המשפטים רשאי, בהתייעצות עם שר האוצר ובאישור ועדת החוקה חוק ומשפט של הכנסת, להגדיל את הסכום האמור; הסכום יהיה צמוד למדד המחירים לצרכן מיום קבלת חוק זה בכנסת או מיום הגדלת הסכום, לפי הענין.</p>
              </content>
            </point>
          </list>
        </point>
        <point eId="point_6">
          <heading>
            <authorialNote placement="side">
              <p>התיישנות</p>
            </authorialNote>
          </heading>
          <num>6.</num>
          <list>
            <point eId="point_6__point_א">
              <num>(א)</num>
              <content>
                <p>תקופת ההתיישנות של תביעה לפי חוק זה תהא שלוש שנים.</p>
              </content>
            </point>
            <point eId="point_6__point_ב">
              <num>(ב)</num>
              <content>
                <p>לא תוגש תובענה לפי חוק זה אלא תוך עשר שנים מתום השנה שבה יצא המוצר משליטת היצרן.</p>
              </content>
            </point>
          </list>
        </point>
        <point eId="point_7">
          <heading>
            <authorialNote placement="side">
              <p>התניה</p>
            </authorialNote>
          </heading>
          <num>7.</num>
          <content>
            <p>המתנה על אחריות לפי חוק זה, תנאי בטל; אין בהוראה זו כדי לגרוע מזכות היצרן לשיפוי מאחר, ובלבד שלא ישפה עצמו ממי שהמוצר הגיע לרשותו לצרכים אישיים, משפחתיים או ביתיים.</p>
          </content>
        </point>
        <point eId="point_8">
          <heading>
            <authorialNote placement="side">
              <p>תחולת פקודת הנזיקין</p>
            </authorialNote>
          </heading>
          <num>8.</num>
          <content>
            <p>לכל ענין שאין לגביו הוראה מיוחדת בחוק זה יחולו על גרימת נזק על ידי מוצר פגום הוראות <ref href="/akn/il/act/PrimaryLegislation/1968-04-17/2002279">פקודת הנזיקין (נוסח חדש)</ref>, בשינויים המחוייבים.</p>
          </content>
        </point>
        <point eId="point_9">
          <heading>
            <authorialNote placement="side">
              <p>סייג לתחולה</p>
            </authorialNote>
          </heading>
          <num>9.</num>
          <list>
            <point eId="point_9__point_א">
              <num>(א)</num>
              <list>
                <intro>
                  <p>חוק זה לא יחול על –</p>
                </intro>
                <point eId="point_9__point_א__point_1">
                  <num>(1)</num>
                  <content>
                    <p>בהמות, עופות ודגים חיים;</p>
                  </content>
                </point>
                <point eId="point_9__point_א__point_2">
                  <num>(2)</num>
                  <content>
                    <p>תוצרת חקלאית אחרת שאינה מעובדת; לענין זה, ניקוי, בירור, הבחלה, אריזה, החסנה וקירור לא ייחשבו כעיבוד.</p>
                  </content>
                </point>
              </list>
            </point>
            <point eId="point_9__point_ב">
              <num>(ב)</num>
              <content>
                <p>חוק זה לא יחול על נזק שנגרם מחוץ לישראל.</p>
              </content>
            </point>
          </list>
        </point>
        <point eId="point_10">
          <heading>
            <authorialNote placement="side">
              <p>שמירת דינים</p>
            </authorialNote>
          </heading>
          <num>10.</num>
          <content>
            <p>חוק זה אינו בא לגרוע מזכויות לפי <ref href="/akn/il/act/PrimaryLegislation/1968-04-17/2002279">פקודת הנזיקין (נוסח חדש)</ref> או לפי כל דין אחר.</p>
          </content>
        </point>
        <point eId="point_11">
          <heading>
            <authorialNote placement="side">
              <p>ביצוע</p>
            </authorialNote>
          </heading>
          <num>11.</num>
          <content>
            <p>שר המשפטים ממונה על ביצוע חוק זה והוא רשאי, באישור ועדת החוק חוק ומשפט של הכנסת, להתקין תקנות בכל ענין הנוגע לביצועו.</p>
          </content>
        </point>
        <point eId="point_12">
          <heading>
            <authorialNote placement="side">
              <p>תחילה</p>
            </authorialNote>
          </heading>
          <num>12.</num>
          <content>
            <p>תחילתו של חוק זה באחד לחודש שלאחר תום ששה חדשים מיום קבלתו בכנסת.</p>
          </content>
        </point>
      </list>
    </body>
    <conclusions eId="eId" />
  </act>
</akomaNtoso>