﻿<?xml version="1.0" encoding="utf-8"?>
<akomaNtoso xmlns="http://docs.oasis-open.org/legaldocml/ns/akn/3.0">
  <act contains="originalVersion" name="publicLaw">
    <meta>
      <identification source="#kensset">
        <FRBRWork>
          <FRBRthis value="/akn/il/act/PrimaryLegislation/1965-07-30/147516/main" />
          <FRBRuri value="/akn/il/act/PrimaryLegislation/1965-07-30/147516" />
          <FRBRdate date="1965-07-30" name="Generation" />
          <FRBRauthor href="#knesset" as="#author" />
          <FRBRcountry value="israel" />
        </FRBRWork>
        <FRBRExpression>
          <FRBRthis value="/akn/il/act/PrimaryLegislation/1965-07-30/147516/he@/main" />
          <FRBRuri value="/akn/il/act/PrimaryLegislation/1965-07-30/147516/he@" />
          <FRBRdate date="1965-07-30" name="Generation" />
          <FRBRauthor href="#knesset" as="#author" />
          <FRBRlanguage language="hebrew" />
        </FRBRExpression>
        <FRBRManifestation>
          <FRBRthis value="/akn/il/act/PrimaryLegislation/1965-07-30/147516/he@/main.xml" />
          <FRBRuri value="/akn/il/act/PrimaryLegislation/1965-07-30/147516/he@" />
          <FRBRdate date="1965-07-30" name="Generation" />
          <FRBRauthor href="#knesset" as="#author" />
          <FRBRformat value="xml" />
        </FRBRManifestation>
      </identification>
      <classification source="#kensset">
        <keyword value="{classificationValue}" showAs="{classificationValue}" dictionary="#classification_dictionary" />
      </classification>
      <lifecycle source="#kensset">
        <eventRef eId="eventRef_1" date="1965-07-30" source="#kensset" type="generation" />
      </lifecycle>
      <references source="#kensset">
        <TLCOrganization eId="kensset" href="/ontology/organization/akn/knesset" showAs="Kensset" type="generation" />
        <TLCRole eId="author" href="/ontology/role/akn/author" showAs="Author of Document" />
        <TLCProcess eId="inforce" href="/ontology/process/akn/inforce" showAs="In force" />
        <TLCTerm eId="term_1" href="/ontology/term/אדם/147516" showAs="אדם" />
        <TLCTerm eId="term_2" href="/ontology/term/מוגבלות/147516" showAs="מוגבלות" />
        <TLCTerm eId="term_3" href="/ontology/term/מדד/147516" showAs="מדד" />
        <TLCTerm eId="term_4" href="/ontology/term/המדד_החדש/147516" showAs="המדד_החדש" />
        <TLCTerm eId="term_5" href="/ontology/term/המדד_הבסיסי/147516" showAs="המדד_הבסיסי" />
        <TLCTerm eId="term_6" href="/ontology/term/אמצעי_תקשורת/147516" showAs="אמצעי_תקשורת" />
        <TLCTerm eId="term_7" href="/ontology/term/עורך_אמצעי_תקשורת/147516" showAs="עורך_אמצעי_תקשורת" />
        <TLCTerm eId="term_8" href="/ontology/term/אחראי_לאמצעי_התקשורת/147516" showAs="אחראי_לאמצעי_התקשורת" />
        <TLCPerson eId="לוי_אשכול" href="/ontology/person/לוי_אשכול" showAs="לוי אשכול" />
        <TLCPerson eId="דב_יוסף" href="/ontology/person/דב_יוסף" showAs="דב יוסף" />
        <TLCPerson eId="שניאור_זלמן_שזר" href="/ontology/person/שניאור_זלמן_שזר" showAs="שניאור זלמן שזר" />
        <TLCRole eId="ראש_הממשלה" href="ontology/role/akn/ראש_הממשלה" showAs="ראש הממשלה" />
        <TLCRole eId="שר_המשפטים" href="ontology/role/akn/שר_המשפטים" showAs="שר המשפטים" />
        <TLCRole eId="נשיא_המדינה" href="ontology/role/akn/נשיא_המדינה" showAs="נשיא המדינה" />
      </references>
      <temporalData source="#kensset">
        <temporalGroup eId="tmpg_1" />
      </temporalData>
      <Publication></Publication>
    </meta>
    <body period="#tmpg_1">
      <title eId="title">
        <content>
          <p>חוק איסור לשון הרע, תשכ"ה–1965</p>
        </content>
      </title>
      <chapter eId="chp_א">
        <num>פרק א׳:</num>
        <title>
          <content>
            <p>פרשנות</p>
          </content>
        </title>
        <list>
          <point eId="point_1">
            <heading>
              <authorialNote placement="side">
                <p>לשון הרע מהי</p>
              </authorialNote>
            </heading>
            <num>1.</num>
            <list>
              <intro>
                <p>לשון הרע היא דבר שפירסומו עלול –</p>
              </intro>
              <point eId="point_1__point_1">
                <num>(1)</num>
                <content>
                  <p>להשפיל אדם בעיני הבריות או לעשותו מטרה לשנאה, לבוז או ללעג מצדם;</p>
                </content>
              </point>
              <point eId="point_1__point_2">
                <num>(2)</num>
                <content>
                  <p>לבזות אדם בשל מעשים, התנהגות או תכונות המיוחסים לו;</p>
                </content>
              </point>
              <point eId="point_1__point_3">
                <num>(3)</num>
                <content>
                  <p>לפגוע באדם במשרתו, אם משרה ציבורית ואם משרה אחרת, בעסקו, במשלח ידו או במקצועו;</p>
                </content>
              </point>
              <point eId="point_1__point_4">
                <num>(4)</num>
                <list>
                  <point eId="point_1__point_4__point_none">
                    <content>
                      <p>לבזות אדם בשל גזעו, מוצאו, דתו, מקום מגוריו, גילו, מינו, נטייתו המינית או מוגבלותו;</p>
                    </content>
                  </point>
                </list>
              </point>
              <point eId="point_1__point_סעיף_זה_”אדם">
                <content>
                  <p>
                    <def />בסעיף זה ”אדם“ – יחיד או תאגיד;</p>
                </content>
              </point>
              <point eId="point_1__point_מוגבלות">
                <content>
                  <p>
                    <def />”מוגבלות“ – לקות פיסית, נפשית או שכלית, לרבות קוגניטיבית, קבועה או זמנית.</p>
                </content>
              </point>
            </list>
          </point>
          <point eId="point_2">
            <heading>
              <authorialNote placement="side">
                <p>פירסום מהו</p>
              </authorialNote>
            </heading>
            <num>2.</num>
            <list>
              <point eId="point_2__point_א">
                <num>(א)</num>
                <content>
                  <p>פירסום, לעניין לשון הרע – בין בעל פה ובין בכתב או בדפוס, לרבות ציור, דמות, תנועה, צליל וכל אמצעי אחר.</p>
                </content>
              </point>
              <point eId="point_2__point_ב">
                <num>(ב)</num>
                <list>
                  <intro>
                    <p>רואים כפירסום לשון הרע, בלי למעט מדרכי פירסום אחרות –</p>
                  </intro>
                  <point eId="point_2__point_ב__point_1">
                    <num>(1)</num>
                    <content>
                      <p>אם הייתה מיועדת לאדם זולת הנפגע והגיעה לאותו אדם או לאדם אחר זולת הנפגע;</p>
                    </content>
                  </point>
                  <point eId="point_2__point_ב__point_2">
                    <num>(2)</num>
                    <content>
                      <p>אם הייתה בכתב והכתב עשוי היה, לפי הנסיבות, להגיע לאדם זולת הנפגע.</p>
                    </content>
                  </point>
                </list>
              </point>
            </list>
          </point>
          <point eId="point_3">
            <heading>
              <authorialNote placement="side">
                <p>דרכי הבעת לשון הרע</p>
              </authorialNote>
            </heading>
            <num>3.</num>
            <content>
              <p>אין נפקא מינה אם לשון הרע הובעה במישרין ובשלמות, או אם היא והתייחסותה לאדם הטוען שנפגע בה משתמעות מן הפירסום או מנסיבות חיצוניות, או מקצתן מזה ומקצתן מזה.</p>
            </content>
          </point>
          <point eId="point_4">
            <heading>
              <authorialNote placement="side">
                <p>לשון הרע על ציבור</p>
              </authorialNote>
            </heading>
            <num>4.</num>
            <content>
              <p>לשון הרע על חבר בני אדם או על ציבור כלשהו שאינם תאגיד, דינה כדין לשון הרע על תאגיד, אלא שאין בה עילה לתובענה אזרחית או לקובלנה, ולא יוגש כתב אישום בשל עבירה לפי סעיף זה אלא על ידי היועץ המשפטי לממשלה או בהסכמתו.</p>
            </content>
          </point>
          <point eId="point_5">
            <heading>
              <authorialNote placement="side">
                <p>לשון הרע על מת</p>
              </authorialNote>
            </heading>
            <num>5.</num>
            <content>
              <p>לשון הרע על אדם שפורסמה אחרי מותו, דינה כדין לשון הרע על אדם חי, אלא שאין בה עילה לתובענה אזרחית או לקובלנה, ולא יוגש כתב אישום בשל עבירה לפי סעיף זה אלא אם ביקש זאת בן זוגו של המת או אחד מילדיו, נכדיו, הוריו, אחיו או אחיותיו.</p>
            </content>
          </point>
        </list>
      </chapter>
      <chapter eId="chp_ב">
        <num>פרק ב׳:</num>
        <title>
          <content>
            <p>אחריות ותרופות</p>
          </content>
        </title>
        <list>
          <point eId="point_6">
            <heading>
              <authorialNote placement="side">
                <p>לשון הרע – עבירה</p>
              </authorialNote>
            </heading>
            <num>6.</num>
            <content>
              <p>המפרסם לשון הרע, בכוונה לפגוע, לשני בני־אדם או יותר זולת הנפגע, דינו – מאסר שנה אחת.</p>
            </content>
          </point>
          <point eId="point_7">
            <heading>
              <authorialNote placement="side">
                <p>לשון הרע – עוולה אזרחית</p>
              </authorialNote>
            </heading>
            <num>7.</num>
            <content>
              <p>פירסום לשון הרע לאדם אחד או יותר זולת הנפגע תהא עוולה אזרחית, ובכפוף להוראות חוק זה יחולו עליה הוראות <ref href="/akn/il/act/PrimaryLegislation/1968-04-17/2002279#chp_ב">הסעיפים 2(2) עד 15</ref>, <ref href="/akn/il/act/PrimaryLegislation/1968-04-17/2002279#point_64">55ב</ref>, <ref href="/akn/il/act/PrimaryLegislation/1968-04-17/2002279#point_71">58 עד 61</ref><ref href="/akn/il/act/PrimaryLegislation/1968-04-17/2002279#point_77">ו־63 עד 68א לפקודת הנזיקים האזרחיים, 1944</ref>.</p>
            </content>
          </point>
          <point eId="point_7א">
            <heading>
              <authorialNote placement="side">
                <p>פיצוי ללא הוכחת נזק</p>
              </authorialNote>
            </heading>
            <num>7א.</num>
            <list>
              <point eId="point_7א__point_א">
                <num>(א)</num>
                <content>
                  <p>הורשע נאשם בעבירה לפי חוק זה, רשאי בית המשפט לחייבו לשלם לנפגע פיצוי שלא יעלה על 50,000 שקלים חדשים ללא הוכחת נזק; חיוב בפיצוי לפי סעיף קטן זה, הוא כפסק־דין של אותו בית משפט שניתן בתובענה אזרחית של הזכאי נגד החייב בו.</p>
                </content>
              </point>
              <point eId="point_7א__point_ב">
                <num>(ב)</num>
                <content>
                  <p>במשפט בשל עוולה אזרחית לפי חוק זה, רשאי בית המשפט לחייב את הנתבע לשלם לנפגע פיצוי שלא יעלה על 50,000 שקלים חדשים, ללא הוכחת נזק.</p>
                </content>
              </point>
              <point eId="point_7א__point_ג">
                <num>(ג)</num>
                <content>
                  <p>במשפט בשל עוולה אזרחית לפי חוק זה, שבו הוכח כי לשון הרע פורסמה בכוונה לפגוע, רשאי בית המשפט לחייב את הנתבע לשלם לנפגע פיצוי שלא יעלה על כפל הסכום כאמור בסעיף קטן (ב), ללא הוכחת נזק.</p>
                </content>
              </point>
              <point eId="point_7א__point_ד">
                <num>(ד)</num>
                <content>
                  <p>לא יקבל אדם פיצוי ללא הוכחת נזק, לפי סעיף זה, בשל אותה לשון הרע, יותר מפעם אחת.</p>
                </content>
              </point>
              <point eId="point_7א__point_ה">
                <num>(ה)</num>
                <list>
                  <intro>
                    <p>הסכומים האמורים בסעיף זה יעודכנו ב־16 בכל חודש, בהתאם לשיעורי עליית המדד החדש לעומת המדד הבסיסי;</p>
                  </intro>
                  <point eId="point_7א__point_ה__point_none">
                    <list>
                      <intro>
                        <p>לעניין סעיף קטן זה –</p>
                      </intro>
                      <point eId="point_7א__point_ה__point_none__point_מדד">
                        <content>
                          <p>
                            <def />”מדד“ – מדד המחירים לצרכן שמפרסמת הלשכה המרכזית לסטטיסטיקה;</p>
                        </content>
                      </point>
                      <point eId="point_7א__point_ה__point_none__point_המדד_החדש">
                        <content>
                          <p>
                            <def />”המדד החדש“ – מדד החודש שקדם לחודש העידכון;</p>
                        </content>
                      </point>
                    </list>
                  </point>
                  <point eId="point_7א__point_ה__point_המדד_הבסיסי">
                    <content>
                      <p>
                        <def />”המדד הבסיסי“ – מדד ספטמבר 1998.</p>
                    </content>
                  </point>
                </list>
              </point>
            </list>
          </point>
          <point eId="point_8">
            <heading>
              <authorialNote placement="side">
                <p>קובלנה</p>
              </authorialNote>
            </heading>
            <num>8.</num>
            <content>
              <p>עבירה בשל לשון הרע לפי חוק זה תהא בין העבירות שבהן רשאי הנפגע להאשים על ידי הגשת קובלנה לבית המשפט.</p>
            </content>
          </point>
          <point eId="point_9">
            <heading>
              <authorialNote placement="side">
                <p>צווים נוספים</p>
              </authorialNote>
            </heading>
            <num>9.</num>
            <list>
              <point eId="point_9__point_א">
                <num>(א)</num>
                <list>
                  <intro>
                    <p>נוסף לכל עונש וסעד אחר רשאי בית המשפט, במשפט פלילי או אזרחי בשל לשון הרע, לצוות –</p>
                  </intro>
                  <point eId="point_9__point_א__point_1">
                    <num>(1)</num>
                    <content>
                      <p>על איסור הפצה של עותקי הפירסום המכיל את לשון הרע או על החרמתם; צו החרמה לפי פיסקה זו כוחו יפה כלפי כל אדם שברשותו נמצאים עותקים כאלה לשם מכירה, הפצה או החסנה, גם אם אותו אדם לא היה צד למשפט; ציווה בית המשפט על החרמה, יורה מה ייעשה בעותקים שהוחרמו;</p>
                    </content>
                  </point>
                  <point eId="point_9__point_א__point_2">
                    <num>(2)</num>
                    <content>
                      <p>על פירסום תיקון או הכחשה של דבר המהווה לשון הרע או על פירסום פסק הדין, כולו או מקצתו; הפירסום ייעשה על חשבון הנאשם או הנתבע, במקום, במידה ובדרך שיקבע בית המשפט.</p>
                    </content>
                  </point>
                </list>
              </point>
              <point eId="point_9__point_ב">
                <num>(ב)</num>
                <content>
                  <p>אין בהוראות סעיף זה כדי למנוע החזקת עותק של פירסום בספריות ציבוריות, בארכיונים וכיוצא באלה, זולת אם הטיל בית המשפט, בצו החרמה על פי סעיף קטן (א)(1), הגבלה גם על החזקה כזאת, ואין בהן כדי למנוע החזקת עותק של פירסום על ידי הפרט.</p>
                </content>
              </point>
            </list>
          </point>
          <point eId="point_10">
            <heading>
              <authorialNote placement="side">
                <p>צו ביניים</p>
              </authorialNote>
            </heading>
            <num>10.</num>
            <content>
              <p>הודה הנאשם או הנתבע שמקצת הדברים שפורסמו יש בהם לשון הרע או שמקצתם אינם אמת, רשאי בית המשפט, בכל שלב משלבי הדיון לפני מתן פסק־הדין, לצוות על פירסום של תיקון או הכחשה לאותם הדברים כאמור <ref href="#point_9">בסעיף 9(א)(2)</ref>.</p>
            </content>
          </point>
          <point eId="point_11">
            <heading>
              <authorialNote placement="side">
                <p>אחריות בשל פירסום באמצעי התקשורת</p>
              </authorialNote>
            </heading>
            <num>11.</num>
            <list>
              <point eId="point_11__point_א">
                <num>(א)</num>
                <content>
                  <p>פורסמה לשון הרע באמצעי תקשורת, ישאו באחריות פלילית ואזרחית בשל לשון הרע, האדם שהביא את דבר לשון הרע לאמצעי התקשורת וגרם בכך לפירסומו, עורך אמצעי התקשורת ומי שהחליט בפועל על הפירסום, ובאחריות אזרחית יישא גם האחראי לאמצעי התקשורת.</p>
                </content>
              </point>
              <point eId="point_11__point_ב">
                <num>(ב)</num>
                <content>
                  <p>באישום פלילי לפי סעיף זה תהא זו הגנה טובה לעורך אמצעי התקשורת שנקט אמצעים סבירים כדי למנוע פירסום אותה לשון הרע ושלא ידע על פירסומה.</p>
                </content>
              </point>
              <point eId="point_11__point_ג">
                <num>(ג)</num>
                <list>
                  <intro>
                    <p>בחוק זה –</p>
                  </intro>
                  <point eId="point_11__point_ג__point_אמצעי_תקשורת">
                    <content>
                      <p>
                        <def />”אמצעי תקשורת“ – עיתון וכן שידורי רדיו וטלוויזיה הניתנים לציבור;</p>
                    </content>
                  </point>
                  <point eId="point_11__point_ג__point_עורך_אמצעי_תקשורת">
                    <content>
                      <p>
                        <def />”עורך אמצעי תקשורת“, בעיתון – לרבות עורך בפועל, ובשידור – לרבות עורך התוכנית שבה נעשה הפירסום;</p>
                    </content>
                  </point>
                  <point eId="point_11__point_ג__point_אחראי_לאמצעי_התקשורת">
                    <content>
                      <p>
                        <def />”אחראי לאמצעי התקשורת“, בעיתון – המוצא לאור, ובשידורי רדיו וטלוויזיה – מי שאחראי לקיומם.</p>
                    </content>
                  </point>
                </list>
              </point>
            </list>
          </point>
          <point eId="point_12">
            <heading>
              <authorialNote placement="side">
                <p>אחריות של מדפיס ומפיץ</p>
              </authorialNote>
            </heading>
            <num>12.</num>
            <content>
              <p>פורסמה לשון הרע בדפוס, למעט בעיתון בעל תדירות הופעה של ארבעים יום או פחות, ישאו באחריות פלילית ואזרחית בשל לשון הרע גם מחזיק בית־הדפוס שבו הודפס הפירסום, ומי שמוכר את הפירסום או מפיץ אותו בדרך אחרת, ובלבד שלא ישאו באחריות אלא אם ידעו או חייבים היו לדעת שהפירסום מכיל לשון הרע.</p>
            </content>
          </point>
        </list>
      </chapter>
      <chapter eId="chp_ג">
        <num>פרק ג׳:</num>
        <title>
          <content>
            <p>פירסומים מותרים; הגנות והקלות</p>
          </content>
        </title>
        <list>
          <point eId="point_13">
            <heading>
              <authorialNote placement="side">
                <p>פירסומים מותרים</p>
              </authorialNote>
            </heading>
            <num>13.</num>
            <list>
              <intro>
                <p>לא ישמש עילה למשפט פלילי או אזרחי –</p>
              </intro>
              <point eId="point_13__point_1">
                <num>(1)</num>
                <content>
                  <p>פירסום המוגן לפי <ref href="/akn/il/act/PrimaryLegislation/1958-02-20/147453#point_28">סעיף 28 לחוק־יסוד: הכנסת</ref>, או פירסום המוגן לפי <ref href="/akn/il/act/PrimaryLegislation/1951-07-03/163607#point_1">סעיף 1 לחוק חסינות חברי הכנסת, זכויותיהם וחובותיהם, תשי"א–1951</ref>;</p>
                </content>
              </point>
              <point eId="point_13__point_2">
                <num>(2)</num>
                <content>
                  <p>פירסום בישיבת הממשלה;</p>
                </content>
              </point>
              <point eId="point_13__point_3">
                <num>(3)</num>
                <content>
                  <p>פירסום על ידי הממשלה, או חבר ממשלה בתוקף תפקידו, או פירסום על פי הוראת הממשלה או הוראת חבר ממשלה בתוקף תפקידו;</p>
                </content>
              </point>
              <point eId="point_13__point_4">
                <num>(4)</num>
                <content>
                  <p>פירסום על ידי מבקר המדינה בתוקף תפקידו או פירסום כאמור מטעמו;</p>
                </content>
              </point>
              <point eId="point_13__point_5">
                <num>(5)</num>
                <content>
                  <p>פירסום על ידי שופט, חבר של בית דין דתי, בורר, או אדם אחר בעל סמכות שיפוטית או מעין שיפוטית על פי דין, שנעשה תוך כדי דיון בפניהם או בהחלטתם, או פירסום על ידי בעל דין, בא כוחו של בעל דין ועד, שנעשה תוך כדי דיון כאמור;</p>
                </content>
              </point>
              <point eId="point_13__point_6">
                <num>(6)</num>
                <content>
                  <p>פירסום על ידי חבר ועדת חקירה, כמשמעותה <ref href="/akn/il/act/PrimaryLegislation/1958-02-20/147453#point_22">בסעיף 22 לחוק־יסוד: הכנסת</ref> או <ref href="/akn/il/act/PrimaryLegislation/1969-01-08/147339">בפקודת ועדות חקירה</ref>, שנעשה תוך כדי דיון בפני הועדה, או בדין וחשבון שלה, או פירסום על ידי אדם שענינו משמש נושא לחקירת הועדה, בא כוחו של אדם כזה או עד, שנעשה תוך כדי דיון כאמור;</p>
                </content>
              </point>
              <point eId="point_13__point_7">
                <num>(7)</num>
                <content>
                  <p>דין וחשבון נכון והוגן על מה שנאמר או אירע כאמור בפסקאות (5) או (6) בישיבה פומבית, ובלבד שהפירסום לא נאסר לפי <ref href="#point_21">סעיף 21</ref>;</p>
                </content>
              </point>
              <point eId="point_13__point_8">
                <num>(8)</num>
                <content>
                  <p>דין וחשבון נכון והוגן על מה שנאמר או אירע בישיבה פומבית של ארגון בין־לאומי שמדינת ישראל חברה בו, של ועידה בין־לאומית שאליה שלחה ממשלת ישראל נציג, של בית דין בין־לאומי, או של מוסד ממוסדותיה הנבחרים של ההסתדרות הציונית העולמית – הסוכנות היהודית לארץ ישראל;</p>
                </content>
              </point>
              <point eId="point_13__point_9">
                <num>(9)</num>
                <content>
                  <p>פירסום שהמפרסם חייב לעשות על פי דין או על פי הוראה של רשות המוסמכת לכך כדין או שהוא רשאי לעשות על פי היתר של רשות כאמור;</p>
                </content>
              </point>
              <point eId="point_13__point_10">
                <num>(10)</num>
                <content>
                  <p>העתק או תמצית נכונה והוגנת ממרשם המתנהל על פי חיקוק או ממסמך אחר הפתוחים על פי חיקוק לעיון כל דורש;</p>
                </content>
              </point>
              <point eId="point_13__point_11">
                <num>(11)</num>
                <content>
                  <p>פירסום נכון והוגן מלא, חלקי או תמציתי של מה שפורסם קודם לכן בנסיבות האמורות בפסקאות (1), (3), (4), (7), (8), (9) או (10), ופירסום חוזר כאמור של מה שפורסם בישיבת הממשלה והממשלה התירה לפרסמו.</p>
                </content>
              </point>
            </list>
          </point>
          <point eId="point_14">
            <heading>
              <authorialNote placement="side">
                <p>הגנת אמת הפירסום</p>
              </authorialNote>
            </heading>
            <num>14.</num>
            <content>
              <p>במשפט פלילי או אזרחי בשל לשון הרע תהא זאת הגנה טובה שהדבר שפורסם היה אמת והיה בפירסום עניין ציבורי; הגנה זו לא תישלל בשל כך בלבד שלא הוכחה אמיתותו של פרט לוואי שאין בו פגיעה של ממש.</p>
            </content>
          </point>
          <point eId="point_15">
            <heading>
              <authorialNote placement="side">
                <p>הגנת תום לב</p>
              </authorialNote>
            </heading>
            <num>15.</num>
            <list>
              <intro>
                <p>במשפט פלילי או אזרחי בשל לשון הרע תהא זאת הגנה טובה אם הנאשם או הנתבע עשה את הפירסום בתום לב באחת הנסיבות האלו:</p>
              </intro>
              <point eId="point_15__point_1">
                <num>(1)</num>
                <content>
                  <p>הוא לא ידע ולא היה חייב לדעת על קיום הנפגע, או על הנסיבות שמהן משתמעת לשון הרע או התייחסותה לנפגע כאמור <ref href="#point_3">בסעיף 3</ref>;</p>
                </content>
              </point>
              <point eId="point_15__point_2">
                <num>(2)</num>
                <content>
                  <p>היחסים שבינו לבין האדם שאליו הופנה הפירסום הטילו עליו חובה חוקית, מוסרית או חברתית לעשות אותו פירסום;</p>
                </content>
              </point>
              <point eId="point_15__point_3">
                <num>(3)</num>
                <content>
                  <p>הפירסום נעשה לשם הגנה על עניין אישי כשר של הנאשם או הנתבע, של האדם שאליו הופנה הפירסום או של מי שאותו אדם מעוניין בו עניין אישי כשר;</p>
                </content>
              </point>
              <point eId="point_15__point_4">
                <num>(4)</num>
                <content>
                  <p>הפירסום היה הבעת דעה על התנהגות הנפגע בתפקיד שיפוטי, רשמי או ציבורי, בשירות ציבורי או בקשר לעניין ציבורי, או על אופיו, עברו, מעשיו או דעותיו של הנפגע במידה שהם נתגלו באותה התנהגות;</p>
                </content>
              </point>
              <point eId="point_15__point_5">
                <num>(5)</num>
                <list>
                  <intro>
                    <p>הפירסום היה הבעת דעה על התנהגות הנפגע –</p>
                  </intro>
                  <point eId="point_15__point_5__point_א">
                    <num>(א)</num>
                    <content>
                      <p>כבעל דין, כבא כוחו של בעל־דין או כעד בישיבה פומבית של דיון כאמור <ref href="#point_13">בסעיף 13(5)</ref>, ובלבד שהפירסום לא נאסר לפי <ref href="#point_21">סעיף 21</ref>, או</p>
                    </content>
                  </point>
                  <point eId="point_15__point_5__point_ב">
                    <num>(ב)</num>
                    <content>
                      <p>כאדם שענינו משמש נושא לחקירה, כבא כוחו של אדם כזה או כעד בישיבה פומבית של ועדת חקירה כאמור <ref href="#point_13">בסעיף 13(6)</ref>, או על אופיו, עברו מעשיו או דעותיו של הנפגע במידה שהם נתגלו באותה התנהגות;</p>
                    </content>
                  </point>
                </list>
              </point>
              <point eId="point_15__point_6">
                <num>(6)</num>
                <content>
                  <p>הפירסום היה בקורת על יצירה ספרותית, מדעית, אמנותית או אחרת שהנפגע פרסם או הציג ברבים, או על פעולה שעשה בפומבי, ובמידה שהדבר כרוך בביקורת כזאת – הבעת דעה על אופיו, עברו, מעשיו או דעותיו של הנפגע במידה שהם נתגלו באותה יצירה או פעולה;</p>
                </content>
              </point>
              <point eId="point_15__point_7">
                <num>(7)</num>
                <content>
                  <p>הפירסום היה הבעת דעה על התנהגותו או אופיו של הנפגע בעניין שבו הנאשם או הנתבע ממונה על הנפגע, מכוח דין או חוזה, והפירסום היה מוצדק על ידי היותו ממונה כאמור;</p>
                </content>
              </point>
              <point eId="point_15__point_8">
                <num>(8)</num>
                <content>
                  <p>הפירסום היה בהגשת תלונה על הנפגע בעניין שבו האדם שאליו הוגשה התלונה ממונה על נפגע, מכוח דין או חוזה, או תלונה שהוגשה לרשות המוסמכת לקבל תלונות על הנפגע או לחקור בעניין המשמש נושא התלונה ואולם אין בהוראה זו כדי להקנות הגנה על פירסום אחר של התלונה, של דבר הגשתה או של תוכנה;</p>
                </content>
              </point>
              <point eId="point_15__point_9">
                <num>(9)</num>
                <content>
                  <p>הפירסום היה דין וחשבון נכון והוגן על אסיפה פומבית או על אסיפה או ישיבה של תאגיד שלציבור הייתה גישה אליה, והיה בפירסומו עניין ציבורי;</p>
                </content>
              </point>
              <point eId="point_15__point_10">
                <num>(10)</num>
                <content>
                  <p>הפירסום לא נעשה אלא כדי לגנות או להכחיש לשון הרע שפורסמה קודם לכן;</p>
                </content>
              </point>
              <point eId="point_15__point_11">
                <num>(11)</num>
                <content>
                  <p>הפירסום לא היה אלא מסירת ידיעה לעורך אמצעי התקשורת או לנציגו כדי שיבחן שאלת פירסומה באמצעי התקשורת;</p>
                </content>
              </point>
              <point eId="point_15__point_12">
                <num>(12)</num>
                <content>
                  <p>הפירסום נעשה בשידור רדיו או טלוויזיה שלא הוקלט מראש והנאשם או הנתבע הוא מי שאחראי לפי <ref href="#point_11">סעיף 11</ref> והוא לא ידע ולא יכול היה לדעת על הכוונה לפרסם לשון הרע.</p>
                </content>
              </point>
            </list>
          </point>
          <point eId="point_16">
            <heading>
              <authorialNote placement="side">
                <p>נטל ההוכחה</p>
              </authorialNote>
            </heading>
            <num>16.</num>
            <list>
              <point eId="point_16__point_א">
                <num>(א)</num>
                <content>
                  <p>הוכיח הנאשם או הנתבע שעשה את הפירסום באחת הנסיבות האמורות <ref href="#point_15">בסעיף 15</ref> ושהפירסום לא חרג מתחום הסביר באותן נסיבות, חזקה עליו שעשה את הפירסום בתום לב.</p>
                </content>
              </point>
              <point eId="point_16__point_ב">
                <num>(ב)</num>
                <list>
                  <intro>
                    <p>חזקה על הנאשם או הנתבע שעשה את הפירסום שלא בתום לב אם נתקיים בפירסום אחת מאלה:</p>
                  </intro>
                  <point eId="point_16__point_ב__point_1">
                    <num>(1)</num>
                    <content>
                      <p>הדבר שפורסם לא היה אמת והוא לא האמין באמיתותו;</p>
                    </content>
                  </point>
                  <point eId="point_16__point_ב__point_2">
                    <num>(2)</num>
                    <content>
                      <p>הדבר שפורסם לא היה אמת והוא לא נקט לפני הפירסום אמצעים סבירים להיווכח אם אמת הוא אם לא;</p>
                    </content>
                  </point>
                  <point eId="point_16__point_ב__point_3">
                    <num>(3)</num>
                    <content>
                      <p>הוא נתכוון על ידי הפירסום לפגוע במידה גדולה משהייתה סבירה להגנת הערכים המוגנים על־ידי <ref href="#point_15">סעיף 15</ref>.</p>
                    </content>
                  </point>
                </list>
              </point>
            </list>
          </point>
          <point eId="point_17">
            <heading>
              <authorialNote placement="side">
                <p>שלילת הגנת תום לב</p>
              </authorialNote>
            </heading>
            <num>17.</num>
            <list>
              <point eId="point_17__point_א">
                <num>(א)</num>
                <content>
                  <p>פורסמה לשון הרע באמצעי תקשורת לא תעמוד הגנת תום לב לעורכו, למי שהחליט בפועל על הפירסום או לאחראי על אותו אמצעי תקשורת אם הנפגע, או אחד הנפגעים, דרש ממנו לפרסם תיקון או הכחשה מצד הנפגע ולא פרסם את התיקון או ההכחשה בכותרת מתאימה במקום, במידה, בהבלטה ובדרך שבה פורסמה אותה לשון הרע, ותוך זמן סביר מקבלת הדרישה; ובלבד שהדרישה הייתה חתומה בידי הנפגע, שהתיקון או ההכחשה לא היה בהם משום לשון הרע או תוכן בלתי חוקי אחר, ואורכם לא חרג מתחום הסביר בנסיבות.</p>
                </content>
              </point>
              <point eId="point_17__point_ב">
                <num>(ב)</num>
                <content>
                  <p>היה הפירסום בעיתון המופיע בתדירות פחותה מאחת לשבוע, יפורסמו התיקון או ההכחשה, לפי דרישת הנפגע, גם בעיתון יומי.</p>
                </content>
              </point>
            </list>
          </point>
          <point eId="point_18">
            <heading>
              <authorialNote placement="side">
                <p>הפרכה של טענות הגנה</p>
              </authorialNote>
            </heading>
            <num>18.</num>
            <content>
              <p>הביא הנאשם או הנתבע ראיה או העיד בעצמו כדי להוכיח אחת ההגנות הניתנות בחוק זה, רשאי התובע להביא ראיות סותרות; אין בהוראה זו כדי לגרוע מסמכות בית המשפט לפי כל דין להתיר הבאת ראיות על־ידי בעלי הדין.</p>
            </content>
          </point>
          <point eId="point_19">
            <heading>
              <authorialNote placement="side">
                <p>הקלות</p>
              </authorialNote>
            </heading>
            <num>19.</num>
            <list>
              <intro>
                <p>בבואו לגזור את הדין או לפסוק פיצויים רשאי בית המשפט להתחשב לטובת הנאשם או הנתבע גם באלה:</p>
              </intro>
              <point eId="point_19__point_1">
                <num>(1)</num>
                <content>
                  <p>לשון הרע לא הייתה אלא חזרה על מה שכבר נאמר, והוא נקב את המקור שעליו הסתמך;</p>
                </content>
              </point>
              <point eId="point_19__point_2">
                <num>(2)</num>
                <content>
                  <p>הוא היה משוכנע באמיתותה של לשון הרע;</p>
                </content>
              </point>
              <point eId="point_19__point_3">
                <num>(3)</num>
                <content>
                  <p>הוא לא נתכוון לנפגע;</p>
                </content>
              </point>
              <point eId="point_19__point_4">
                <num>(4)</num>
                <content>
                  <p>הוא התנצל בשל הפירסום, תיקן או הכחיש את הדבר המהווה לשון הרע או נקט צעדים להפסקת מכירתו או הפצתו של עותק הפירסום המכיל את לשון הרע, ובלבד שההתנצלות, התיקון או ההכחשה פורסמו במקום, במידה ובדרך שבהן פורסמה לשון הרע, ולא היו מסויגים.</p>
                </content>
              </point>
            </list>
          </point>
          <point eId="point_20">
            <heading>
              <authorialNote placement="side">
                <p>שמירת דינים</p>
              </authorialNote>
            </heading>
            <num>20.</num>
            <content>
              <p>חוק זה אינו בא להתיר פירסום האסור על פי דין אחר ואינו בא לגרוע מחסינות הניתנת על־פי דין אחר.</p>
            </content>
          </point>
        </list>
      </chapter>
      <chapter eId="chp_ד">
        <num>פרק ד׳:</num>
        <title>
          <content>
            <p>שונות</p>
          </content>
        </title>
        <list>
          <point eId="point_21">
            <heading>
              <authorialNote placement="side">
                <p>סייג לפירסום הליכים</p>
              </authorialNote>
            </heading>
            <num>21.</num>
            <content>
              <p>במשפט פלילי או אזרחי בשל לשון הרע רשאי בית המשפט, מיזמתו או לבקשת בעל דין, לאסור או לעכב זמנית, מנימוקים שיירשמו, פירסום ברבים של הליכי בית המשפט – לרבות כתבי טענות כתבי בי־דין אחרים, כתב אישום ודבר הגשתם של אלה ולרבות פסק דין כל עוד אינו חלוט – במידה שראה צורך בכך לשם הגנה על שמו של אדם הנוגע במשפט ואולם לא יאסור בית משפט ולא יעכב זמנית את פירסום דבר פתיחתו של הליך משפטי, או את הפירסום של כתב אישום, תביעה או פסק דין, אם התנגד לכך הנפגע; העובר על איסור לפי סעיף זה, דינו – מאסר ששה חדשים או קנס 5,000 לירות.</p>
            </content>
          </point>
          <point eId="point_22">
            <heading>
              <authorialNote placement="side">
                <p>ראיות על אופיו וכו׳ של הנפגע</p>
              </authorialNote>
            </heading>
            <num>22.</num>
            <list>
              <intro>
                <p>במשפט פלילי או אזרחי בשל לשון הרע אין להביא ראיה או לחקור עד בדבר שמו הרע של הנפגע או בדבר אופיו, עברו, מעשיו או דעותיו הפגומים, אלא במידה שפרטים אלה נוגעים במישרין ללשון הרע המשמשת נושא למשפט, או שבית המשפט התיר הבאת ראיה או חקירת עד כאמור –</p>
              </intro>
              <point eId="point_22__point_1">
                <num>(1)</num>
                <content>
                  <p>במשפט פלילי, אחרי הרשעת הנאשם – להמתקת דינו;</p>
                </content>
              </point>
              <point eId="point_22__point_2">
                <num>(2)</num>
                <content>
                  <p>במשפט אזרחי, אחרי ההחלטה שהנתבע חייב בפיצויים – להפחתת הפיצויים;</p>
                </content>
              </point>
              <point eId="point_22__point_3">
                <num>(3)</num>
                <content>
                  <p>במידה שהנפגע מצדו העיד או הביא ראיה או חקר עד בדבר שמו, אופיו, עברו, מעשיו או דעותיו הטובים;</p>
                </content>
              </point>
              <point eId="point_22__point_4">
                <num>(4)</num>
                <content>
                  <p>אם שוכנע בית המשפט שהדבר דרוש לעשיית צדק ולגילוי האמת, אם בעמידה על מהימנות עדותו של הנפגע ואם בדרך אחרת.</p>
                </content>
              </point>
            </list>
          </point>
          <point eId="point_23">
            <heading>
              <authorialNote placement="side">
                <p>הוכחת פירסום ברבים</p>
              </authorialNote>
            </heading>
            <num>23.</num>
            <content>
              <p>הוגש עותק של עיתון או של דבר־דפוס אחר המופץ ברבים שבו נדפסה לשון הרע, ישמש הדבר ראיה לכאורה שאכן נעשה הפירסום באותו עיתון או דבר־דפוס.</p>
            </content>
          </point>
          <point eId="point_24">
            <heading>
              <authorialNote placement="side">
                <p>דין שני משפטים</p>
              </authorialNote>
            </heading>
            <num>24.</num>
            <content>
              <p>במשפט אזרחי בשל לשון הרע שנדון לאחר שמשפט פלילי נגד אותו אדם בשל אותה לשון הרע נסתיים, רשאי בית המשפט להסתמך על הממצאים העובדתיים, כולם או מקצתם, שנקבעו במשפט הפלילי על־פי הראיות שנגבו בו, בלי לחזור על גבייתן.</p>
            </content>
          </point>
          <point eId="point_25">
            <heading>
              <authorialNote placement="side">
                <p>מות הנפגע</p>
              </authorialNote>
            </heading>
            <num>25.</num>
            <list>
              <point eId="point_25__point_א">
                <num>(א)</num>
                <content>
                  <p>אדם שנפגע על־ידי לשון הרע ותוך ששה חדשים לאחר פירסומה מת בלי להגיש תובענה או קובלנה בשל אותה לשון הרע, רשאים בן־זוגו, ילדו או הורהו, ואם לא השאיר בן־זוג, ילדים או הורים – אחיו או אחותו, להגיש, תוך שישה חדשים לאחר מותו, תובענה או קובלנה בשל אותה לשון הרע.</p>
                </content>
              </point>
              <point eId="point_25__point_ב">
                <num>(ב)</num>
                <content>
                  <p>אדם שהגיש תובענה או קובלנה בשל לשון הרע ומת לפני סיומה, רשאים בן־זוגו, ילדו או הורהו, ואם לא השאיר בן־זוג, ילדים או הורים – אחיו או אחותו, להודיע לבית המשפט, תוך שישה חדשים לאחר מותו, על רצונם להמשיך בתובענה או בקובלנה, ומשהודיעו כאמור, יבואו הם במקום התובע או הקובל.</p>
                </content>
              </point>
            </list>
          </point>
          <point eId="point_25א">
            <heading>
              <authorialNote placement="side">
                <p>חובת עדכון</p>
              </authorialNote>
            </heading>
            <num>25א.</num>
            <list>
              <point eId="point_25א__point_א">
                <num>(א)</num>
                <content>
                  <p>פורסם באמצעי תקשורת שנפתחה חקירה פלילית נגד אדם או שהוגש נגדו כתב אישום או שהורשע בעבירה, והתקבלה החלטה לסגור את התיק, לא להגיש כתב אישום או לעכב הליכים, או שזוכה האדם או התקבל ערעורו, לפי הענין (בסעיף זה – החלטה עדכנית), ודרש אותו אדם בכתב מאמצעי התקשורת לפרסם את ההחלטה העדכנית, יפרסם אמצעי התקשורת את ההחלטה העדכנית בתוך זמן סביר מיום קבלת הדרישה; לענין סעיף זה, ”הורשע“ – לרבות קביעה של בית המשפט שהאדם ביצע עבירה, בלא הרשעה.</p>
                </content>
              </point>
              <point eId="point_25א__point_ב">
                <num>(ב)</num>
                <content>
                  <p>החלטה עדכנית תפורסם בהבלטה הראויה ובהתחשב, בין השאר, בדרך שבה פורסמה הידיעה שאותה יש לעדכן.</p>
                </content>
              </point>
              <point eId="point_25א__point_ג">
                <num>(ג)</num>
                <list>
                  <point eId="point_25א__point_ג__point_1">
                    <num>(1)</num>
                    <content>
                      <p>מעשה או מחדל בניגוד להוראות סעיף זה הוא עוולה אזרחית והוראות <ref href="/akn/il/act/PrimaryLegislation/1968-04-17/2002279">פקודת הנזיקין [נוסח חדש]</ref>, יחולו עליה בכפוף להוראות פסקה (2).</p>
                    </content>
                  </point>
                  <point eId="point_25א__point_ג__point_2">
                    <num>(2)</num>
                    <content>
                      <p>על מעשה או מחדל בניגוד לסעיף זה יחולו הוראות <ref href="#point_7א">סעיפים 7א(ב), (ד) ו־(ה)</ref>, <ref href="#point_9">9(א)(2)</ref>, <ref href="#point_10">10</ref>, <ref href="#point_11">11(א) ו־(ג)</ref>, <ref href="#point_12">12</ref>, <ref href="#point_23">23</ref><ref href="#point_25">ו־25</ref>, בשינויים המחויבים.</p>
                    </content>
                  </point>
                </list>
              </point>
            </list>
          </point>
          <point eId="point_26">
            <heading>
              <authorialNote placement="side">
                <p>תיקון חיקוקים</p>
              </authorialNote>
            </heading>
            <num>26.</num>
            <list>
              <point eId="point_26__point_א">
                <num>(א)</num>
                <content>
                  <p>
                    <wikicomment font-size="x-small">הנוסח שולב <ref href="/akn/il/act/PrimaryOrSecondaryLegislation/UnknownWorkDate/פקודת_העיתונות">בפקודת העיתונות</ref>.</wikicomment>
                  </p>
                </content>
              </point>
              <point eId="point_26__point_ב">
                <num>(ב)</num>
                <content>
                  <p>
                    <wikicomment font-size="x-small">הנוסח שולב <ref href="/akn/il/act/PrimaryLegislation/1968-04-17/2002279">בפקודת הנזיקין האזרחיים, 1944</ref>.</wikicomment>
                  </p>
                </content>
              </point>
            </list>
          </point>
          <point eId="point_27">
            <heading>
              <authorialNote placement="side">
                <p>ביטולים</p>
              </authorialNote>
            </heading>
            <num>27.</num>
            <list>
              <intro>
                <p>בטלים –</p>
              </intro>
              <point eId="point_27__point_1">
                <num>(1)</num>
                <content>
                  <p>
                    <wikicomment font-size="x-small">הנוסח שולב <ref href="/akn/il/act/PrimaryLegislation/1977-08-04/2002251">בפקודת החוק הפלילי, 1936</ref>;</wikicomment>
                  </p>
                </content>
              </point>
              <point eId="point_27__point_2">
                <num>(2)</num>
                <content>
                  <p>
                    <wikicomment font-size="x-small">הנוסח שולב <ref href="/akn/il/act/PrimaryLegislation/1968-04-17/2002279">בפקודת הנזיקין האזרחיים, 1944</ref>.</wikicomment>
                  </p>
                </content>
              </point>
            </list>
          </point>
        </list>
      </chapter>
    </body>
    <conclusions eId="eId">
      <p class="signatures">
        <signature>
          <p>
            <person refersTo="לוי_אשכול">לוי אשכול</person>
            <role refersTo="ראש_הממשלה">ראש הממשלה</role>
          </p>
        </signature>
        <signature>
          <p>
            <person refersTo="דב_יוסף">דב יוסף</person>
            <role refersTo="שר_המשפטים">שר המשפטים</role>
          </p>
        </signature>
        <signature>
          <p>
            <person refersTo="שניאור_זלמן_שזר">שניאור זלמן שזר</person>
            <role refersTo="נשיא_המדינה">נשיא המדינה</role>
          </p>
        </signature>
      </p>
    </conclusions>
  </act>
</akomaNtoso>