﻿<?xml version="1.0" encoding="utf-8"?>
<akomaNtoso xmlns="http://docs.oasis-open.org/legaldocml/ns/akn/3.0">
  <act contains="originalVersion" name="publicLaw">
    <meta>
      <identification source="#kensset">
        <FRBRWork>
          <FRBRthis value="/akn/il/act/PrimaryLegislation/1986-09-12/151388/main" />
          <FRBRuri value="/akn/il/act/PrimaryLegislation/1986-09-12/151388" />
          <FRBRdate date="1986-09-12" name="Generation" />
          <FRBRauthor href="#knesset" as="#author" />
          <FRBRcountry value="israel" />
        </FRBRWork>
        <FRBRExpression>
          <FRBRthis value="/akn/il/act/PrimaryLegislation/1986-09-12/151388/he@/main" />
          <FRBRuri value="/akn/il/act/PrimaryLegislation/1986-09-12/151388/he@" />
          <FRBRdate date="1986-09-12" name="Generation" />
          <FRBRauthor href="#knesset" as="#author" />
          <FRBRlanguage language="hebrew" />
        </FRBRExpression>
        <FRBRManifestation>
          <FRBRthis value="/akn/il/act/PrimaryLegislation/1986-09-12/151388/he@/main.xml" />
          <FRBRuri value="/akn/il/act/PrimaryLegislation/1986-09-12/151388/he@" />
          <FRBRdate date="1986-09-12" name="Generation" />
          <FRBRauthor href="#knesset" as="#author" />
          <FRBRformat value="xml" />
        </FRBRManifestation>
      </identification>
      <classification source="#kensset">
        <keyword value="{classificationValue}" showAs="{classificationValue}" dictionary="#classification_dictionary" />
      </classification>
      <lifecycle source="#kensset">
        <eventRef eId="eventRef_1" date="1986-09-12" source="#kensset" type="generation" />
      </lifecycle>
      <references source="#kensset">
        <TLCOrganization eId="kensset" href="/ontology/organization/akn/knesset" showAs="Kensset" type="generation" />
        <TLCRole eId="author" href="/ontology/role/akn/author" showAs="Author of Document" />
        <TLCProcess eId="inforce" href="/ontology/process/akn/inforce" showAs="In force" />
        <TLCPerson eId="שמעון_פרס" href="/ontology/person/שמעון_פרס" showAs="שמעון פרס" />
        <TLCPerson eId="משה_נסים" href="/ontology/person/משה_נסים" showAs="משה נסים" />
        <TLCPerson eId="חיים_הרצוג" href="/ontology/person/חיים_הרצוג" showAs="חיים הרצוג" />
        <TLCRole eId="ראש_הממשלה" href="ontology/role/akn/ראש_הממשלה" showAs="ראש הממשלה" />
        <TLCRole eId="שר_האוצר" href="ontology/role/akn/שר_האוצר" showAs="שר האוצר" />
        <TLCRole eId="נשיא_המדינה" href="ontology/role/akn/נשיא_המדינה" showAs="נשיא המדינה" />
      </references>
      <temporalData source="#kensset">
        <temporalGroup eId="tmpg_1" />
      </temporalData>
      <Publication></Publication>
    </meta>
    <body period="#tmpg_1">
      <title eId="title">
        <content>
          <p>חוק אמנת החברה הבין־אמריקנית להשקעות, התשמ"ו–1986</p>
        </content>
      </title>
      <list>
        <point eId="point_1">
          <heading>
            <authorialNote placement="side">
              <p>הגדרה</p>
            </authorialNote>
          </heading>
          <num>1.</num>
          <content>
            <p>בחוק זה, ”אמנת החברה“ – ההסכם בדבר כינון החברה הבין־אמריקנית להשקעות (להלן – החברה).</p>
          </content>
        </point>
        <point eId="point_2">
          <heading>
            <authorialNote placement="side">
              <p>ייצוג</p>
            </authorialNote>
          </heading>
          <num>2.</num>
          <content>
            <p>שר האוצר ייצג את המדינה לענין החברות בחברה.</p>
          </content>
        </point>
        <point eId="point_3">
          <heading>
            <authorialNote placement="side">
              <p>ביצוע ותקנות</p>
            </authorialNote>
          </heading>
          <num>3.</num>
          <list>
            <point eId="point_3__point_א">
              <num>(א)</num>
              <content>
                <p>שר האוצר ממונה על ביצוע חוק זה, והוא רשאי להתקין תקנות בכל הנוגע לביצוען של הוראות אמנת החברה ולמילוי התחייבויותיה של המדינה על פיהן, ובמיוחד בדבר המעמד, החסינויות וזכויות היתר של החברה, של נגידיה ומנהליה וחליפיהם ושל פקידיה ועובדיה.</p>
              </content>
            </point>
            <point eId="point_3__point_ב">
              <num>(ב)</num>
              <content>
                <p>תקנות כאמור בסעיף קטן (א), בדבר פטורים והקלות במסים, אגרות ותשלומי חובה אחרים, טעונים אישור ועדת הכספים של הכנסת.</p>
              </content>
            </point>
            <point eId="point_3__point_ג">
              <num>(ג)</num>
              <content>
                <p>תקנות כאמור בסעיף קטן (א), בדבר החסינויות של החברה, של נגידיה ומנהליה וחליפיהם ושל פקידיה ועובדיה, טעונות הסכמת שר החוץ ושר המשפטים.</p>
              </content>
            </point>
          </list>
        </point>
      </list>
    </body>
    <conclusions eId="eId">
      <p class="signatures">
        <signature>
          <p>
            <person refersTo="שמעון_פרס">שמעון פרס</person>
            <role refersTo="ראש_הממשלה">ראש הממשלה</role>
          </p>
        </signature>
        <signature>
          <p>
            <person refersTo="משה_נסים">משה נסים</person>
            <role refersTo="שר_האוצר">שר האוצר</role>
          </p>
        </signature>
        <signature>
          <p>
            <person refersTo="חיים_הרצוג">חיים הרצוג</person>
            <role refersTo="נשיא_המדינה">נשיא המדינה</role>
          </p>
        </signature>
      </p>
    </conclusions>
  </act>
</akomaNtoso>