﻿<?xml version="1.0" encoding="utf-8"?>
<akomaNtoso xmlns="http://docs.oasis-open.org/legaldocml/ns/akn/3.0">
  <act contains="originalVersion" name="publicLaw">
    <meta>
      <identification source="#kensset">
        <FRBRWork>
          <FRBRthis value="/akn/il/act/PrimaryLegislation/1976-07-29/148538/main" />
          <FRBRuri value="/akn/il/act/PrimaryLegislation/1976-07-29/148538" />
          <FRBRdate date="1976-07-29" name="Generation" />
          <FRBRauthor href="#knesset" as="#author" />
          <FRBRcountry value="israel" />
        </FRBRWork>
        <FRBRExpression>
          <FRBRthis value="/akn/il/act/PrimaryLegislation/1976-07-29/148538/he@/main" />
          <FRBRuri value="/akn/il/act/PrimaryLegislation/1976-07-29/148538/he@" />
          <FRBRdate date="1976-07-29" name="Generation" />
          <FRBRauthor href="#knesset" as="#author" />
          <FRBRlanguage language="hebrew" />
        </FRBRExpression>
        <FRBRManifestation>
          <FRBRthis value="/akn/il/act/PrimaryLegislation/1976-07-29/148538/he@/main.xml" />
          <FRBRuri value="/akn/il/act/PrimaryLegislation/1976-07-29/148538/he@" />
          <FRBRdate date="1976-07-29" name="Generation" />
          <FRBRauthor href="#knesset" as="#author" />
          <FRBRformat value="xml" />
        </FRBRManifestation>
      </identification>
      <classification source="#kensset">
        <keyword value="{classificationValue}" showAs="{classificationValue}" dictionary="#classification_dictionary" />
      </classification>
      <lifecycle source="#kensset">
        <eventRef eId="eventRef_1" date="1976-07-29" source="#kensset" type="generation" />
      </lifecycle>
      <references source="#kensset">
        <TLCOrganization eId="kensset" href="/ontology/organization/akn/knesset" showAs="Kensset" type="generation" />
        <TLCRole eId="author" href="/ontology/role/akn/author" showAs="Author of Document" />
        <TLCProcess eId="inforce" href="/ontology/process/akn/inforce" showAs="In force" />
        <TLCTerm eId="term_1" href="/ontology/term/רשות_מקומית/148538" showAs="רשות_מקומית" />
        <TLCTerm eId="term_2" href="/ontology/term/המועצה/148538" showAs="המועצה" />
        <TLCTerm eId="term_3" href="/ontology/term/בעל_שליטה/148538" showAs="בעל_שליטה" />
        <TLCPerson eId="אפרים_קציר" href="/ontology/person/אפרים_קציר" showAs="אפרים קציר" />
        <TLCPerson eId="יצחק_רבין" href="/ontology/person/יצחק_רבין" showAs="יצחק רבין" />
        <TLCPerson eId="יוסף_בורג" href="/ontology/person/יוסף_בורג" showAs="יוסף בורג" />
        <TLCRole eId="נשיא_המדינה" href="ontology/role/akn/נשיא_המדינה" showAs="נשיא המדינה" />
        <TLCRole eId="ראש_הממשלה" href="ontology/role/akn/ראש_הממשלה" showAs="ראש הממשלה" />
        <TLCRole eId="שר_הפנים" href="ontology/role/akn/שר_הפנים" showAs="שר הפנים" />
      </references>
      <temporalData source="#kensset">
        <temporalGroup eId="tmpg_1" />
      </temporalData>
      <Publication></Publication>
    </meta>
    <body period="#tmpg_1">
      <title eId="title">
        <content>
          <p>חוק הרשויות המקומיות (ערר על קביעת ארנונה כללית), תשל"ו–1976</p>
        </content>
      </title>
      <list>
        <point eId="point_1" class="definitions">
          <heading>
            <authorialNote placement="side">
              <p>הגדרות</p>
            </authorialNote>
          </heading>
          <num>1.</num>
          <list>
            <intro>
              <p>בחוק זה –</p>
            </intro>
            <point eId="point_1__point_רשות_מקומית">
              <content>
                <p>
                  <def />”רשות מקומית“ – עיריה או מועצה מקומית;</p>
              </content>
            </point>
            <point eId="point_1__point_המועצה">
              <content>
                <p>
                  <def />”המועצה“ – מועצה של רשות מקומית;</p>
              </content>
            </point>
            <point eId="point_1__point_בעל_שליטה">
              <content>
                <p>
                  <def />”בעל שליטה“ – כהגדרתו <ref href="/akn/il/act/PrimaryLegislation/1993-01-07/174396#point_8">בסעיף 8 לחוק הסדרים במשק המדינה (תיקוני חקיקה להשגת יעדי התקציב), התשנ"ג–1992</ref> (בחוק זה – חוק הסדרים התשנ"ג).</p>
              </content>
            </point>
          </list>
        </point>
        <point eId="point_2">
          <heading>
            <authorialNote placement="side">
              <p>מנהל הארנונה</p>
            </authorialNote>
          </heading>
          <num>2.</num>
          <content>
            <p>המועצה תמנה אחד מעובדיה להיות מנהל הארנונה לענין חוק זה.</p>
          </content>
        </point>
        <point eId="point_3">
          <heading>
            <authorialNote placement="side">
              <p>השגה</p>
            </authorialNote>
          </heading>
          <num>3.</num>
          <list>
            <point eId="point_3__point_א">
              <num>(א)</num>
              <list>
                <intro>
                  <p>מי שחוייב בתשלום ארנונה כללית רשאי תוך תשעים ימים מיום קבלת הודעת התשלום להשיג עליה לפני מנהל הארנונה על יסוד טענה מטענות אלה:</p>
                </intro>
                <point eId="point_3__point_א__point_1">
                  <num>(1)</num>
                  <content>
                    <p>הנכס שבשלו נדרש התשלום אינו מצוי באזור כפי שנקבע בהודעת התשלום;</p>
                  </content>
                </point>
                <point eId="point_3__point_א__point_2">
                  <num>(2)</num>
                  <content>
                    <p>נפלה בהודעת התשלום שמשיגים עליה טעות בציון סוג הנכס, גדלו או השימוש בו;</p>
                  </content>
                </point>
                <point eId="point_3__point_א__point_3">
                  <num>(3)</num>
                  <content>
                    <p>הוא אינו מחזיק בנכס כמשמעותו <ref href="/akn/il/act/PrimaryOrSecondaryLegislation/UnknownWorkDate/פקודת_העיריות#point_1">בסעיפים 1</ref><ref href="/akn/il/act/PrimaryOrSecondaryLegislation/UnknownWorkDate/פקודת_העיריות#point_269">ו־269 לפקודת העיריות</ref>;</p>
                  </content>
                </point>
                <point eId="point_3__point_א__point_4">
                  <num>(4)</num>
                  <content>
                    <p>היה הנכס עסק כמשמעותו <ref href="/akn/il/act/PrimaryLegislation/1993-01-07/174396#point_8">בסעיף 8(ג) לחוק הסדרים התשנ"ג</ref> – שהוא אינו בעל שליטה או שחוב הארנונה הכללית בשל אותו הנכס נפרע בידי המחזיק בנכס.</p>
                  </content>
                </point>
              </list>
            </point>
            <point eId="point_3__point_ב">
              <num>(ב)</num>
              <content>
                <p>אין באמור בחוק זה כדי להסמיך את מנהל הארנונה או את ועדת הערר לדון או להחליט בטענה שמעשה המועצה של הרשות המקומית בהטלת הארנונה או בקביעת סכומיה היה נגוע באי־חוקיות שלא כאמור בפסקאות (1) עד (3) של סעיף קטן (א).</p>
              </content>
            </point>
            <point eId="point_3__point_ג">
              <num>(ג)</num>
              <content>
                <p>על אף האמור בסעיפים קטנים (א) ו־(ב), מי שחוייב בתשלום ארנונה כללית ולא השיג תוך המועד הקבוע על יסוד טענה לפי סעיף קטן (א)(3), רשאי בכל הליך משפטי, ברשות בית המשפט, להעלות טענה כאמור כפי שהיה רשאי להעלותה אילולא חוק זה.</p>
              </content>
            </point>
          </list>
        </point>
        <point eId="point_4">
          <heading>
            <authorialNote placement="side">
              <p>תשובת מנהל הארנונה</p>
            </authorialNote>
          </heading>
          <num>4.</num>
          <list>
            <point eId="point_4__point_א">
              <num>(א)</num>
              <content>
                <p>מנהל הארנונה ישיב למשיג תוך ששים יום מיום קבלת ההשגה.</p>
              </content>
            </point>
            <point eId="point_4__point_ב">
              <num>(ב)</num>
              <content>
                <p>לא השיב מנהל הארנונה תוך ששים יום – ייחשב הדבר כאילו החליט לקבל את ההשגה, זולת אם האריכה ועדת הערר האמורה <ref href="#point_5">בסעיף 5</ref>, תוך תקופה זו, את מועד מתן התשובה, מטעמים מיוחדים שיירשמו, ובלבד שתקופת ההארכה לא תעלה על שלושים יום.</p>
              </content>
            </point>
          </list>
        </point>
        <point eId="point_5">
          <heading>
            <authorialNote placement="side">
              <p>ועדת הערר</p>
            </authorialNote>
          </heading>
          <num>5.</num>
          <content>
            <p>המועצה תמנה ועדת ערר אחת או יותר, בהרכב של שלושה חברים מבין בעלי הזכות להיבחר כחברי המועצה, ואת היושב ראש שלהן.</p>
          </content>
        </point>
        <point eId="point_6">
          <heading>
            <authorialNote placement="side">
              <p>ערר וערעור</p>
            </authorialNote>
          </heading>
          <num>6.</num>
          <list>
            <point eId="point_6__point_א">
              <num>(א)</num>
              <content>
                <p>הרואה עצמו מקופח בתשובת מנהל הארנונה על השגתו רשאי, תוך שלושים יום מיום שנמסרה לו התשובה, לערור עליה לפני ועדת ערר.</p>
              </content>
            </point>
            <point eId="point_6__point_ב">
              <num>(ב)</num>
              <content>
                <p>על החלטת ועדת ערר רשאים העורר ומנהל הארנונה לערער לפני בית משפט לענינים מינהליים.</p>
              </content>
            </point>
            <point eId="point_6__point_ג">
              <num>(ג)</num>
              <content>
                <p>
                  <wikicomment font-size="x-small">(בוטל).</wikicomment>
                </p>
              </content>
            </point>
          </list>
        </point>
        <point eId="point_7">
          <heading>
            <authorialNote placement="side">
              <p>סדרי הדין בערר וערעור</p>
            </authorialNote>
          </heading>
          <num>7.</num>
          <content>
            <p>שר המשפטים רשאי לקבוע בתקנות את דרכי ההגשה של ערר לפי חוק זה ואת סדרי הדין בו.</p>
          </content>
        </point>
        <point eId="point_7א">
          <heading>
            <authorialNote placement="side">
              <p>פירוט בהודעה</p>
            </authorialNote>
          </heading>
          <num>7א.</num>
          <content>
            <p>בהודעת תשלום על ארנונה כללית תפרט הרשות המקומית את הזכויות והמועדים להשגה ולערר האמורים בחוק זה.</p>
          </content>
        </point>
        <point eId="point_8">
          <heading>
            <authorialNote placement="side">
              <p>ביצוע</p>
            </authorialNote>
          </heading>
          <num>8.</num>
          <content>
            <p>שר הפנים ממונה על ביצוע חוק זה והוא רשאי להתקין תקנות בכל ענין הנוגע לביצועו.</p>
          </content>
        </point>
      </list>
    </body>
    <conclusions eId="eId">
      <p class="signatures">
        <signature>
          <p>
            <person refersTo="אפרים_קציר">אפרים קציר</person>
            <role refersTo="נשיא_המדינה">נשיא המדינה</role>
          </p>
        </signature>
        <signature>
          <p>
            <person refersTo="יצחק_רבין">יצחק רבין</person>
            <role refersTo="ראש_הממשלה">ראש הממשלה</role>
          </p>
        </signature>
        <signature>
          <p>
            <person refersTo="יוסף_בורג">יוסף בורג</person>
            <role refersTo="שר_הפנים">שר הפנים</role>
          </p>
        </signature>
      </p>
    </conclusions>
  </act>
</akomaNtoso>