﻿<?xml version="1.0" encoding="utf-8"?>
<akomaNtoso xmlns="http://docs.oasis-open.org/legaldocml/ns/akn/3.0">
  <act contains="originalVersion" name="publicLaw">
    <meta>
      <identification source="#kensset">
        <FRBRWork>
          <FRBRthis value="/akn/il/act/PrimaryLegislation/1975-01-09/147552/main" />
          <FRBRuri value="/akn/il/act/PrimaryLegislation/1975-01-09/147552" />
          <FRBRdate date="1975-01-09" name="Generation" />
          <FRBRauthor href="#knesset" as="#author" />
          <FRBRcountry value="israel" />
        </FRBRWork>
        <FRBRExpression>
          <FRBRthis value="/akn/il/act/PrimaryLegislation/1975-01-09/147552/he@/main" />
          <FRBRuri value="/akn/il/act/PrimaryLegislation/1975-01-09/147552/he@" />
          <FRBRdate date="1975-01-09" name="Generation" />
          <FRBRauthor href="#knesset" as="#author" />
          <FRBRlanguage language="hebrew" />
        </FRBRExpression>
        <FRBRManifestation>
          <FRBRthis value="/akn/il/act/PrimaryLegislation/1975-01-09/147552/he@/main.xml" />
          <FRBRuri value="/akn/il/act/PrimaryLegislation/1975-01-09/147552/he@" />
          <FRBRdate date="1975-01-09" name="Generation" />
          <FRBRauthor href="#knesset" as="#author" />
          <FRBRformat value="xml" />
        </FRBRManifestation>
      </identification>
      <classification source="#kensset">
        <keyword value="{classificationValue}" showAs="{classificationValue}" dictionary="#classification_dictionary" />
      </classification>
      <lifecycle source="#kensset">
        <eventRef eId="eventRef_1" date="1975-01-09" source="#kensset" type="generation" />
      </lifecycle>
      <references source="#kensset">
        <TLCOrganization eId="kensset" href="/ontology/organization/akn/knesset" showAs="Kensset" type="generation" />
        <TLCRole eId="author" href="/ontology/role/akn/author" showAs="Author of Document" />
        <TLCProcess eId="inforce" href="/ontology/process/akn/inforce" showAs="In force" />
        <TLCPerson eId="יצחק_רבין" href="/ontology/person/יצחק_רבין" showAs="יצחק רבין" />
        <TLCPerson eId="חיים_י׳_צדוק" href="/ontology/person/חיים_י׳_צדוק" showAs="חיים י׳ צדוק" />
        <TLCPerson eId="אפרים_קציר" href="/ontology/person/אפרים_קציר" showAs="אפרים קציר" />
        <TLCRole eId="ראש_הממשלה" href="ontology/role/akn/ראש_הממשלה" showAs="ראש הממשלה" />
        <TLCRole eId="שר_המשפטים" href="ontology/role/akn/שר_המשפטים" showAs="שר המשפטים" />
        <TLCRole eId="נשיא_המדינה" href="ontology/role/akn/נשיא_המדינה" showAs="נשיא המדינה" />
      </references>
      <temporalData source="#kensset">
        <temporalGroup eId="tmpg_1" />
      </temporalData>
      <Publication></Publication>
    </meta>
    <body period="#tmpg_1">
      <title eId="title">
        <content>
          <p>חוק הארכת מועדים, תשל"ה–1974</p>
        </content>
      </title>
      <list>
        <point eId="point_1">
          <heading>
            <authorialNote placement="side">
              <p>שירות חירום</p>
            </authorialNote>
          </heading>
          <num>1.</num>
          <list>
            <point eId="point_1__point_א">
              <num>(א)</num>
              <content>
                <p>שר הבטחון רשאי להכריז כי שירות הוא שירות חירום לענין חוק זה.</p>
              </content>
            </point>
            <point eId="point_1__point_ב">
              <num>(ב)</num>
              <content>
                <p>שירות שהוכרז כאמור יהיה שירות חירום מן היום שנקבע לכך בהכרזת שר הבטחון ועד היום שקבע לכך בהכרזה או בהודעה על ביטולה.</p>
              </content>
            </point>
            <point eId="point_1__point_ג">
              <num>(ג)</num>
              <content>
                <p>הכרזה לפי סעיף זה יכול שתהיה לשירות פלוני או לשירות ביחידה פלונית או במקום פלוני.</p>
              </content>
            </point>
            <point eId="point_1__point_ד">
              <num>(ד)</num>
              <content>
                <p>הכרזה שניתנה על־פי סעיף קטן (א) תובא מאת שר הבטחון, בהקדם ככל האפשר אחרי הינתנה, לפני ועדת החוץ והבטחון של הכנסת; הועדה רשאית לאשר את ההכרזה, בשינויים או בלי שינויים, או לא לאשרה או להביאה לפני הכנסת: תקפה של ההכרזה יפקע בתום ארבעה עשר יום לאחר הינתנה, זולת אם אישרה אותה הועדה או הכנסת לפני תום המועד האמור, וכפי שאישרה.</p>
              </content>
            </point>
          </list>
        </point>
        <point eId="point_2">
          <heading>
            <authorialNote placement="side">
              <p>הארכה מכוח החוק</p>
            </authorialNote>
          </heading>
          <num>2.</num>
          <list>
            <point eId="point_2__point_א">
              <num>(א)</num>
              <content>
                <p>נקבע בחוזה – ובכלל זה שטר חליפין ושטר חוב – מועד לעשיית פעולה והאדם שחייב או רשאי לעשותה שירת שירות חירום באותו מועד או תוך שלושים הימים שלפני כן, יראו את המועד כמוארך עד תום שלושים יום לאחר ששוחרר האדם משירות החירום או לאחר שחדל השירות מהיות שירות חירום, הכל לפי המוקדם.</p>
              </content>
            </point>
            <point eId="point_2__point_ב">
              <num>(ב)</num>
              <content>
                <p>נקבעה תקופה לעשיית פעולה שהיא נמשכת לפי טיבה, יחולו הוראות סעיף קטן (א) על מועד תחילתה של אותה תקופה.</p>
              </content>
            </point>
            <point eId="point_2__point_ג">
              <num>(ג)</num>
              <list>
                <intro>
                  <p>ההארכה לפי סעיף זה תחול גם לגבי מועד שנקבע –</p>
                </intro>
                <point eId="point_2__point_ג__point_1">
                  <num>(1)</num>
                  <content>
                    <p>בחיקוק או על פיו;</p>
                  </content>
                </point>
                <point eId="point_2__point_ג__point_2">
                  <num>(2)</num>
                  <content>
                    <p>בפסק דין או בהחלטה אחרת של בית משפט, של בית דין או של גוף או אדם אחרים בעלי סמכויות שיפוטיות או מעין־שיפוטיות על פי דין.</p>
                  </content>
                </point>
              </list>
            </point>
            <point eId="point_2__point_ד">
              <num>(ד)</num>
              <list>
                <intro>
                  <p>הוארך לפי סעיף זה המועד לקיומו של חיוב שנקבע בחוזה – ובכלל זה שטר חליפין ושטר חוב – תחול ההארכה גם לגבי –</p>
                </intro>
                <point eId="point_2__point_ד__point_1">
                  <num>(1)</num>
                  <content>
                    <p>מי שערב לחיוב או מי שהתחייבותו נועדה להבטיח את קיומו של החיוב, או לשפות או לפצות אדם על אי־קיומו של החיוב;</p>
                  </content>
                </point>
                <point eId="point_2__point_ד__point_2">
                  <num>(2)</num>
                  <content>
                    <p>בן־זוגו של החייב האחראי לחיוב יחד עמו.</p>
                  </content>
                </point>
              </list>
            </point>
            <point eId="point_2__point_ה">
              <num>(ה)</num>
              <content>
                <p>הוראות סעיף זה לא יחולו על מועד לפעולה לפי חוזה שנכרת בזמן שהאדם החייב או הרשאי לעשותה היה בשירות חירום, למעט תשלום שהיה מובטח, או שהתחייבו להבטיחו, במשכנתה לשם רכישת זכויות בדירת מגורים לחייב או לבני ביתו, או בתשלום הנובע משכירת דירה כאמור.</p>
              </content>
            </point>
          </list>
        </point>
        <point eId="point_3">
          <heading>
            <authorialNote placement="side">
              <p>הארכה מכוח בית המשפט</p>
            </authorialNote>
          </heading>
          <num>3.</num>
          <list>
            <point eId="point_3__point_א">
              <num>(א)</num>
              <content>
                <p>נקבע בחוזה מועד למסירת החזקה בדירת מגורים, רשאי בית המשפט, לבקשת החייב, להאריך את המועד, אם ראה שמן הצדק לעשות כן נוכח נסיבות הקשורות, במישרין או בעקיפין, בהיות החייב או אדם אחר בשירות חירום, ורשאי בית המשפט לקבוע תנאים וליתן הוראות אחרות לענין ביצוע החוזה, לרבות הארכה של ערבות או של חיוב לשיפוי או חיוב בדומה לכך, שנועד להבטיח מסירה במועד של ההחזקה באותה דירה או לשפות או לפצות אדם על אי־מסירה במועד של ההחזקה באותה דירה.</p>
              </content>
            </point>
            <point eId="point_3__point_ב">
              <num>(ב)</num>
              <content>
                <p>צד להליך כאמור בסעיף קטן (א) רשאי לבקש מבית המשפט לחזור ולעיין בהחלטה אם נשתנו הנסיבות שהיו קיימות בשעת מתן ההחלטה או נתגלו עובדות שלא היו בפני בית המשפט.</p>
              </content>
            </point>
            <point eId="point_3__point_ג">
              <num>(ג)</num>
              <content>
                <p>החלטה לפי סעיף זה ניתנת לערעור; הערעור יידון בפני שופט אחד.</p>
              </content>
            </point>
            <point eId="point_3__point_ד">
              <num>(ד)</num>
              <content>
                <p>הוראות סעיף זה באות להוסיף על הוראות <ref href="#point_2">סעיף 2</ref> ולא לגרוע מהן.</p>
              </content>
            </point>
          </list>
        </point>
        <point eId="point_4">
          <heading>
            <authorialNote placement="side">
              <p>הארכה נוספת מכוח תקנות</p>
            </authorialNote>
          </heading>
          <num>4.</num>
          <list>
            <point eId="point_4__point_א">
              <num>(א)</num>
              <content>
                <p>תשלומים שמועד פרעונם הוארך מכוח <ref href="#point_2">סעיף 2</ref>, רשאי שר האוצר, בהתייעצות עם שר הבטחון ובאישור ועדת הכספים של הכנסת, לקבוע בתקנות הסדרים לפרעונם, ובהם חלוקתם לשיעורים ותשלום ריבית בעד תקופת הארכה נוספת.</p>
              </content>
            </point>
            <point eId="point_4__point_ב">
              <num>(ב)</num>
              <content>
                <p>תקנות לפי סעיף זה יכול שיהיו לגבי תשלומים דרך כלל או לגבי סוגים של תשלומים או של מקרים, ויכול שיסמיכו בית משפט, בית דין או ראש ההוצאה לפועל לתת כל סעד שנקבע בהן.</p>
              </content>
            </point>
          </list>
        </point>
        <point eId="point_5">
          <heading>
            <authorialNote placement="side">
              <p>ריבית</p>
            </authorialNote>
          </heading>
          <num>5.</num>
          <content>
            <p>תשלום שמועד פרעונו הוארך מכוח <ref href="#point_2">סעיפים 2</ref><ref href="#point_4">או 4</ref> ונקבע שהוא נושא ריבית, לא יעלה שיעור הריבית בתקופת ההארכה על השיעור שחל על התקופה עד למועד הפרעון המקורי, ואם נקבע כאמור שיעור ריבית שאינו קצוב – לא יעלה על השיעור שקבע לכך שר האוצר, בהתייעצות עם שר הבטחון ובאישור ועדת הכספים של הכנסת, בצו; צו כאמור יכול שיהיה כללי או לסוגי תשלומים.</p>
          </content>
        </point>
        <point eId="point_6">
          <heading>
            <authorialNote placement="side">
              <p>הארכת רשיונות</p>
            </authorialNote>
          </heading>
          <num>6.</num>
          <content>
            <p>רשיון שניתן על־פי חיקוק וביום שעמד תקפו לפקוע או תוך שלושים הימים שלפני כן שירת בעל הרשיון שירות חירום, יוארך תקפו עד תום ששים יום לאחר ששוחרר בעלו משירות החירום או לאחר שחדל השירות מהיות שירות חירום, לפי המוקדם.</p>
          </content>
        </point>
        <point eId="point_7">
          <heading>
            <authorialNote placement="side">
              <p>דין שבויים ושאירי נופלים</p>
            </authorialNote>
          </heading>
          <num>7.</num>
          <list>
            <point eId="point_7__point_א">
              <num>(א)</num>
              <content>
                <p>לגבי מי שנפל בשבי האויב תהיה הארכת המועד לפי <ref href="#point_2">סעיפים 2</ref><ref href="#point_6">ו־6</ref> עד תום תשעים יום לאחר שחזר מן השבי, והוא אף אם חדל שירותו לפני כן מהיות שירות חירום.</p>
              </content>
            </point>
            <point eId="point_7__point_ב">
              <num>(ב)</num>
              <content>
                <p>נפטר החייב בהיותו בשירות חירום, תהיה ההארכה לפי <ref href="#point_2">סעיף 2(ד)(2)</ref> למשך 90 יום מיום פטירתו של החייב או מהיום שבו ניתן אישור הפטירה לפי <ref href="/akn/il/act/PrimaryOrSecondaryLegislation/UnknownWorkDate/חוק_רישום_פטירות_חיילים_שנספו_במערכה">חוק רישום פטירות חיילים שנספו במערכה, תשכ"ז–1967</ref>, הכל לפי המאוחר.</p>
              </content>
            </point>
            <point eId="point_7__point_ג">
              <num>(ג)</num>
              <content>
                <p>ההארכה לפי חוק זה תחול אף על עזבון של מי שנפטר בהיותו בשירות חירום, למשך 90 יום מיום פטירתו של החייב או מהיום שבו ניתן אישור הפטירה לפי <ref href="/akn/il/act/PrimaryOrSecondaryLegislation/UnknownWorkDate/חוק_רישום_פטירות_חיילים_שנספו_במערכה">חוק רישום פטירות חיילים שנספו במערכה, תשכ"ז–1967</ref>, הכל לפי המאוחר.</p>
              </content>
            </point>
          </list>
        </point>
        <point eId="point_8">
          <heading>
            <authorialNote placement="side">
              <p>דין שירות חוזר</p>
            </authorialNote>
          </heading>
          <num>8.</num>
          <content>
            <p>מי שחדל להיות בשירות חירום ותוך שלושים יום שירת שירות מילואים, יראו את שירותו, לענין חוק זה למעט <ref href="#point_2">סעיף 2(ה)</ref>, כאילו היה שירות חירום רצוף.</p>
          </content>
        </point>
        <point eId="point_9">
          <heading>
            <authorialNote placement="side">
              <p>דין תאגיד</p>
            </authorialNote>
          </heading>
          <num>9.</num>
          <content>
            <p>הוראות חוק זה יחולו גם על שותפות ועל חברת מעטים כמשמעותה <ref href="/akn/il/act/PrimaryOrSecondaryLegislation/UnknownWorkDate/פקודת_מס_הכנסה#point_76">בסעיף 76 לפקודת מס הכנסה</ref> אם השליטה בחברה או ב־50% לפחות מנכסי השותפות היא בידי מי שמשרת שירות חירום.</p>
          </content>
        </point>
        <point eId="point_10">
          <heading>
            <authorialNote placement="side">
              <p>סייגים לתחולת החוק</p>
            </authorialNote>
          </heading>
          <num>10.</num>
          <list>
            <point eId="point_10__point_א">
              <num>(א)</num>
              <content>
                <p>הוראות חוק זה לא יחולו על מועד לתשלום מזונות, שנקבע בחוזה, בפסק דין או בהחלטה אחרת.</p>
              </content>
            </point>
            <point eId="point_10__point_ב">
              <num>(ב)</num>
              <content>
                <p>שר הבטחון רשאי, בהתייעצות עם השר הנוגע בדבר, לקבוע בתקנות חיקוקים שהוראות חוק זה לא יחולו על מועדים שנקבעו בהם או על פיהם.</p>
              </content>
            </point>
          </list>
        </point>
        <point eId="point_11">
          <heading>
            <authorialNote placement="side">
              <p>שמירת דינים</p>
            </authorialNote>
          </heading>
          <num>11.</num>
          <content>
            <p>חוק זה בא להוסיף על כל דין אחר ולא לגרוע ממנו.</p>
          </content>
        </point>
        <point eId="point_12">
          <heading>
            <authorialNote placement="side">
              <p>ביצוע ותקנות סדרי דין</p>
            </authorialNote>
          </heading>
          <num>12.</num>
          <content>
            <p>שר המשפטים ממונה על ביצוע חוק זה והוא רשאי להתקין תקנות סדרי דין בהליכים לפיו.</p>
          </content>
        </point>
        <point eId="point_13">
          <heading>
            <authorialNote placement="side">
              <p>ביטול והוראות מעבר</p>
            </authorialNote>
          </heading>
          <num>13.</num>
          <list>
            <point eId="point_13__point_א">
              <num>(א)</num>
              <content>
                <p>חוק הארכת מועדים, תשי"ז–1957 – בטל.</p>
              </content>
            </point>
            <point eId="point_13__point_ב">
              <num>(ב)</num>
              <content>
                <p>תקנות, הכרזות והודעות שהותקנו, פורסמו או ניתנו מכוח החוק האמור יעמדו בתקפן עד לביטולן או לשינוין מכוח חוק זה, ויראו אותן, בשינויים המחוייבים, כאילו ניתנו מכוח חוק זה.</p>
              </content>
            </point>
          </list>
        </point>
        <point eId="point_14">
          <heading>
            <authorialNote placement="side">
              <p>תחילה</p>
            </authorialNote>
          </heading>
          <num>14.</num>
          <content>
            <p>תחילתו של חוק זה ביום י"ח בטבת תשל"ה (1 בינואר 1975).</p>
          </content>
        </point>
      </list>
    </body>
    <conclusions eId="eId">
      <p class="signatures">
        <signature>
          <p>
            <person refersTo="יצחק_רבין">יצחק רבין</person>
            <role refersTo="ראש_הממשלה">ראש הממשלה</role>
          </p>
        </signature>
        <signature>
          <p>
            <person refersTo="חיים_י׳_צדוק">חיים י׳ צדוק</person>
            <role refersTo="שר_המשפטים">שר המשפטים</role>
          </p>
        </signature>
        <signature>
          <p>
            <person refersTo="אפרים_קציר">אפרים קציר</person>
            <role refersTo="נשיא_המדינה">נשיא המדינה</role>
          </p>
        </signature>
      </p>
    </conclusions>
  </act>
</akomaNtoso>