﻿<?xml version="1.0" encoding="utf-8"?>
<akomaNtoso xmlns="http://docs.oasis-open.org/legaldocml/ns/akn/3.0">
  <act contains="originalVersion" name="publicLaw">
    <meta>
      <identification source="#kensset">
        <FRBRWork>
          <FRBRthis value="/akn/il/act/PrimaryLegislation/1949-02-17/147941/main" />
          <FRBRuri value="/akn/il/act/PrimaryLegislation/1949-02-17/147941" />
          <FRBRdate date="1949-02-17" name="Generation" />
          <FRBRauthor href="#knesset" as="#author" />
          <FRBRcountry value="israel" />
        </FRBRWork>
        <FRBRExpression>
          <FRBRthis value="/akn/il/act/PrimaryLegislation/1949-02-17/147941/he@/main" />
          <FRBRuri value="/akn/il/act/PrimaryLegislation/1949-02-17/147941/he@" />
          <FRBRdate date="1949-02-17" name="Generation" />
          <FRBRauthor href="#knesset" as="#author" />
          <FRBRlanguage language="hebrew" />
        </FRBRExpression>
        <FRBRManifestation>
          <FRBRthis value="/akn/il/act/PrimaryLegislation/1949-02-17/147941/he@/main.xml" />
          <FRBRuri value="/akn/il/act/PrimaryLegislation/1949-02-17/147941/he@" />
          <FRBRdate date="1949-02-17" name="Generation" />
          <FRBRauthor href="#knesset" as="#author" />
          <FRBRformat value="xml" />
        </FRBRManifestation>
      </identification>
      <classification source="#kensset">
        <keyword value="{classificationValue}" showAs="{classificationValue}" dictionary="#classification_dictionary" />
      </classification>
      <lifecycle source="#kensset">
        <eventRef eId="eventRef_1" date="1949-02-17" source="#kensset" type="generation" />
      </lifecycle>
      <references source="#kensset">
        <TLCOrganization eId="kensset" href="/ontology/organization/akn/knesset" showAs="Kensset" type="generation" />
        <TLCRole eId="author" href="/ontology/role/akn/author" showAs="Author of Document" />
        <TLCProcess eId="inforce" href="/ontology/process/akn/inforce" showAs="In force" />
        <TLCPerson eId="דוד_בן־גוריון" href="/ontology/person/דוד_בן־גוריון" showAs="דוד בן־גוריון" />
        <TLCRole eId="ראש_הממשלה" href="ontology/role/akn/ראש_הממשלה" showAs="ראש הממשלה" />
      </references>
      <temporalData source="#kensset">
        <temporalGroup eId="tmpg_1" />
      </temporalData>
      <Publication></Publication>
    </meta>
    <body period="#tmpg_1">
      <title eId="title">
        <content>
          <p>חוק המעבר, תש"ט–1949</p>
        </content>
      </title>
      <chapter eId="chp_ראשון">
        <num>פרק ראשון:</num>
        <title>
          <content>
            <p>הכנסת</p>
          </content>
        </title>
        <list>
          <point eId="point_1">
            <heading>
              <authorialNote placement="side">
                <p>שם בית המחוקקים וחבריו</p>
              </authorialNote>
            </heading>
            <num>1.</num>
            <content>
              <p>לבית המחוקקים במדינת ישראל ייקרא ”הכנסת“. לאסיפה המכוננת ייקרא ”הכנסת הראשונה“ לציר האסיפה המכוננת ייקרא ”חבר הכנסת“.</p>
            </content>
          </point>
          <point eId="point_2">
            <heading>
              <authorialNote placement="side">
                <p>חוקים</p>
              </authorialNote>
            </heading>
            <num>2.</num>
            <list>
              <point eId="point_2__point_א">
                <num>(א)</num>
                <content>
                  <p>לדבר חקיקה של הכנסת ייקרא ”חוק“.</p>
                </content>
              </point>
              <point eId="point_2__point_ב">
                <num>(ב)</num>
                <content>
                  <p>כל חוק ייחתם בידי יושב ראש הכנסת, ראש הממשלה והשר הממונה על ביצוע החוק.</p>
                </content>
              </point>
              <point eId="point_2__point_ג">
                <num>(ג)</num>
                <content>
                  <p>
                    <wikicomment font-size="x-small">(בוטל).</wikicomment>
                  </p>
                </content>
              </point>
              <point eId="point_2__point_ד">
                <num>(ד)</num>
                <content>
                  <p>כל חוק יפורסם ברשומות תוך עשרה ימים מיום קבלתו בכנסת.</p>
                </content>
              </point>
            </list>
          </point>
        </list>
      </chapter>
      <chapter eId="chp_שני">
        <num>פרק שני:</num>
        <title>
          <content>
            <p>נשיא המדינה</p>
          </content>
        </title>
        <list>
          <point eId="point_3">
            <heading>
              <authorialNote placement="side">
                <p xml:space="preserve"> </p>
              </authorialNote>
            </heading>
            <num>3.</num>
            <content>
              <p>
                <wikicomment font-size="x-small">(בוטל).</wikicomment>
              </p>
            </content>
          </point>
          <point eId="point_4">
            <heading>
              <authorialNote placement="side">
                <p xml:space="preserve"> </p>
              </authorialNote>
            </heading>
            <num>4.</num>
            <content>
              <p>
                <wikicomment font-size="x-small">(בוטל).</wikicomment>
              </p>
            </content>
          </point>
          <point eId="point_5">
            <heading>
              <authorialNote placement="side">
                <p xml:space="preserve"> </p>
              </authorialNote>
            </heading>
            <num>5.</num>
            <content>
              <p>
                <wikicomment font-size="x-small">(בוטל).</wikicomment>
              </p>
            </content>
          </point>
          <point eId="point_6">
            <heading>
              <authorialNote placement="side">
                <p xml:space="preserve"> </p>
              </authorialNote>
            </heading>
            <num>6.</num>
            <content>
              <p>
                <wikicomment font-size="x-small">(בוטל).</wikicomment>
              </p>
            </content>
          </point>
          <point eId="point_7">
            <heading>
              <authorialNote placement="side">
                <p xml:space="preserve"> </p>
              </authorialNote>
            </heading>
            <num>7.</num>
            <content>
              <p>
                <wikicomment font-size="x-small">(בוטל).</wikicomment>
              </p>
            </content>
          </point>
        </list>
      </chapter>
      <chapter eId="chp_שלישי">
        <num>פרק שלישי:</num>
        <title>
          <content>
            <p>הממשלה</p>
          </content>
        </title>
        <list>
          <point eId="point_8">
            <heading>
              <authorialNote placement="side">
                <p xml:space="preserve"> </p>
              </authorialNote>
            </heading>
            <num>8.</num>
            <content>
              <p>
                <wikicomment font-size="x-small">(בוטל).</wikicomment>
              </p>
            </content>
          </point>
          <point eId="point_9">
            <heading>
              <authorialNote placement="side">
                <p xml:space="preserve"> </p>
              </authorialNote>
            </heading>
            <num>9.</num>
            <content>
              <p>
                <wikicomment font-size="x-small">(בוטל).</wikicomment>
              </p>
            </content>
          </point>
          <point eId="point_10">
            <heading>
              <authorialNote placement="side">
                <p xml:space="preserve"> </p>
              </authorialNote>
            </heading>
            <num>10.</num>
            <content>
              <p>
                <wikicomment font-size="x-small">(בוטל).</wikicomment>
              </p>
            </content>
          </point>
          <point eId="point_11">
            <heading>
              <authorialNote placement="side">
                <p>תיכון הממשלה</p>
              </authorialNote>
            </heading>
            <num>11.</num>
            <list>
              <point eId="point_11__point_א">
                <num>(א)</num>
                <content>
                  <p>
                    <wikicomment font-size="x-small">(בוטל).</wikicomment>
                  </p>
                </content>
              </point>
              <point eId="point_11__point_ב">
                <num>(ב)</num>
                <content>
                  <p>
                    <wikicomment font-size="x-small">(בוטל).</wikicomment>
                  </p>
                </content>
              </point>
              <point eId="point_11__point_ג">
                <num>(ג)</num>
                <content>
                  <p>
                    <wikicomment font-size="x-small">(בוטל).</wikicomment>
                  </p>
                </content>
              </point>
              <point eId="point_11__point_ד">
                <num>(ד)</num>
                <content>
                  <p>
                    <wikicomment font-size="x-small">(בוטל).</wikicomment>
                  </p>
                </content>
              </point>
              <point eId="point_11__point_ה">
                <num>(ה)</num>
                <content>
                  <p>
                    <wikicomment font-size="x-small">(בוטל).</wikicomment>
                  </p>
                </content>
              </point>
              <point eId="point_11__point_ו">
                <num>(ו)</num>
                <content>
                  <p>
                    <wikicomment font-size="x-small">(בוטל).</wikicomment>
                  </p>
                </content>
              </point>
              <point eId="point_11__point_ז">
                <num>(ז)</num>
                <list>
                  <point eId="point_11__point_ז__point_1">
                    <num>(1)</num>
                    <content>
                      <p>חבר ממשלה ישא בפני הממשלה באחריות להצבעתו במליאת הכנסת וכן להצבעת הסיעה שעליה הוא נמנה, במליאת הכנסת;</p>
                    </content>
                  </point>
                  <point eId="point_11__point_ז__point_2">
                    <num>(2)</num>
                    <content>
                      <p>חבר ממשלה שהצביע במליאת הכנסת נגד הצעת הממשלה או נמנע מן ההצבעה, שלא בהסכמתה המוקדמת של הממשלה, דינו כדין מי שהתפטר מהממשלה מן היום שהממשלה תמסור על כך הודעה לפני הכנסת, ובלבד שההודעה נמסרה תוך שבועיים מאותה הצבעה;</p>
                    </content>
                  </point>
                  <point eId="point_11__point_ז__point_3">
                    <num>(3)</num>
                    <list>
                      <intro>
                        <p>הצביעה הסיעה שעליה נמנה חבר ממשלה בעד הצעה להביע לממשלה אי־אימון, או נמנעה מן ההצבעה על הצעה כזאת, או הצביעה במליאת הכנסת נגד הצעת הממשלה או נמנעה מן ההצבעה, שלא בהסכמתה המוקדמת של הממשלה, באחד הענינים הבאים:</p>
                      </intro>
                      <point eId="point_11__point_ז__point_3__point_א">
                        <num>(א)</num>
                        <content>
                          <p>הצעת תקציב המדינה, חלק מחלקיו או פרט מפרטיו;</p>
                        </content>
                      </point>
                      <point eId="point_11__point_ז__point_3__point_ב">
                        <num>(ב)</num>
                        <content>
                          <p>הצעות חוקים והוראות חוק המקטינים את הכנסות המדינה או מגדילים את הוצאותיה – במישרין או בעקיפין;</p>
                        </content>
                      </point>
                      <point eId="point_11__point_ז__point_3__point_ג">
                        <num>(ג)</num>
                        <content>
                          <p>הצעות חוקים והוראות חוק והצעות אחרות בענינים בטחוניים, מדיניים ואחרים, שהממשלה החליטה עליהם מראש שתחול אחריות לפי סעיף קטן זה,</p>
                        </content>
                      </point>
                      <wrapup eId="point_11__point_ז__point_3__wrapup_none">
                        <content>
                          <p>והחליטה הממשלה, תוך שבעה ימים מאותה הצבעה, שהיה בכך משום הפרת האחריות לפי סעיף קטן זה, דינו של אותו חבר ממשלה כדין מי שהתפטר מהממשלה מן היום שהממשלה תמסור על כך הודעה לפני הכנסת; ההודעה תימסר תוך שבועיים מהחלטת הממשלה האמורה;</p>
                        </content>
                      </wrapup>
                    </list>
                  </point>
                  <point eId="point_11__point_ז__point_4">
                    <num>(4)</num>
                    <content>
                      <p>הוראות פסקאות (2) ו־(3) לא יחולו על ענינים אשר הממשלה החליטה לגביהם על חופש ההצבעה או ההימנעות, הכל בסייגים שתקבע הממשלה בהחלטתה.</p>
                    </content>
                  </point>
                </list>
              </point>
              <point eId="point_11__point_ח">
                <num>(ח)</num>
                <content>
                  <p>
                    <wikicomment font-size="x-small">(בוטל).</wikicomment>
                  </p>
                </content>
              </point>
              <point eId="point_11__point_ט">
                <num>(ט)</num>
                <content>
                  <p>
                    <wikicomment font-size="x-small">(בוטל).</wikicomment>
                  </p>
                </content>
              </point>
            </list>
          </point>
        </list>
      </chapter>
      <chapter eId="chp_רביעי">
        <num>פרק רביעי:</num>
        <title>
          <content>
            <p>סגני שרים</p>
          </content>
        </title>
        <list>
          <point eId="point_11א">
            <heading>
              <authorialNote placement="side">
                <p xml:space="preserve"> </p>
              </authorialNote>
            </heading>
            <num>11א.</num>
            <content>
              <p>
                <wikicomment font-size="x-small">(בוטל).</wikicomment>
              </p>
            </content>
          </point>
        </list>
      </chapter>
      <chapter eId="chp_חמישי">
        <num>פרק חמישי:</num>
        <title>
          <content>
            <p>הוראות נוספות</p>
          </content>
        </title>
        <list>
          <point eId="point_12">
            <heading>
              <authorialNote placement="side">
                <p xml:space="preserve"> </p>
              </authorialNote>
            </heading>
            <num>12.</num>
            <content>
              <p>
                <wikicomment font-size="x-small">(בוטל).</wikicomment>
              </p>
            </content>
          </point>
          <point eId="point_12א">
            <heading>
              <authorialNote placement="side">
                <p xml:space="preserve"> </p>
              </authorialNote>
            </heading>
            <num>12א.</num>
            <content>
              <p>
                <wikicomment font-size="x-small">(בוטל).</wikicomment>
              </p>
            </content>
          </point>
          <point eId="point_13">
            <heading>
              <authorialNote placement="side">
                <p>רשומות</p>
              </authorialNote>
            </heading>
            <num>13.</num>
            <content>
              <p>כל דבר שהחוק דורש את פרסומו בעתון הרשמי יפורסם מעתה ברשומות; כל מקום בו נאמר בחוק ”עתון רשמי“ ייקרא מעתה ”רשומות“.</p>
            </content>
          </point>
          <point eId="point_14">
            <heading>
              <authorialNote placement="side">
                <p>ביטול</p>
              </authorialNote>
            </heading>
            <num>14.</num>
            <content>
              <p>
                <wikicomment font-size="x-small">הנוסח שולב <ref href="/akn/il/act/PrimaryLegislation/1948-05-21/2002291">בפקודת סדרי השלטון והמשפט, תש"ח–1948</ref>.</wikicomment>
              </p>
            </content>
          </point>
          <point eId="point_15">
            <heading>
              <authorialNote placement="side">
                <p>תחילת תוקף</p>
              </authorialNote>
            </heading>
            <num>15.</num>
            <content>
              <p>תקפו של חוק זה הוא מיום קבלתו בכנסת.</p>
            </content>
          </point>
        </list>
      </chapter>
    </body>
    <conclusions eId="eId">
      <p class="signatures">
        <signature>
          <p>
            <person refersTo="דוד_בן־גוריון">דוד בן־גוריון</person>
            <role refersTo="ראש_הממשלה">ראש הממשלה</role>
          </p>
        </signature>
      </p>
    </conclusions>
  </act>
</akomaNtoso>