﻿<?xml version="1.0" encoding="utf-8"?>
<akomaNtoso xmlns="http://docs.oasis-open.org/legaldocml/ns/akn/3.0">
  <act contains="originalVersion" name="publicLaw">
    <meta>
      <identification source="#kensset">
        <FRBRWork>
          <FRBRthis value="/akn/il/act/PrimaryLegislation/1937-11-04/2069080/main" />
          <FRBRuri value="/akn/il/act/PrimaryLegislation/1937-11-04/2069080" />
          <FRBRdate date="1937-11-04" name="Generation" />
          <FRBRauthor href="#knesset" as="#author" />
          <FRBRcountry value="israel" />
        </FRBRWork>
        <FRBRExpression>
          <FRBRthis value="/akn/il/act/PrimaryLegislation/1937-11-04/2069080/he@/main" />
          <FRBRuri value="/akn/il/act/PrimaryLegislation/1937-11-04/2069080/he@" />
          <FRBRdate date="1937-11-04" name="Generation" />
          <FRBRauthor href="#knesset" as="#author" />
          <FRBRlanguage language="hebrew" />
        </FRBRExpression>
        <FRBRManifestation>
          <FRBRthis value="/akn/il/act/PrimaryLegislation/1937-11-04/2069080/he@/main.xml" />
          <FRBRuri value="/akn/il/act/PrimaryLegislation/1937-11-04/2069080/he@" />
          <FRBRdate date="1937-11-04" name="Generation" />
          <FRBRauthor href="#knesset" as="#author" />
          <FRBRformat value="xml" />
        </FRBRManifestation>
      </identification>
      <classification source="#kensset">
        <keyword value="{classificationValue}" showAs="{classificationValue}" dictionary="#classification_dictionary" />
      </classification>
      <lifecycle source="#kensset">
        <eventRef eId="eventRef_1" date="1937-11-04" source="#kensset" type="generation" />
      </lifecycle>
      <references source="#kensset">
        <TLCOrganization eId="kensset" href="/ontology/organization/akn/knesset" showAs="Kensset" type="generation" />
        <TLCRole eId="author" href="/ontology/role/akn/author" showAs="Author of Document" />
        <TLCProcess eId="inforce" href="/ontology/process/akn/inforce" showAs="In force" />
        <TLCPerson eId="ו._ד._בטרשיל" href="/ontology/person/ו._ד._בטרשיל" showAs="ו. ד. בטרשיל" />
        <TLCRole eId="מנהל_עניני_הממשלה" href="ontology/role/akn/מנהל_עניני_הממשלה" showAs="מנהל עניני הממשלה" />
      </references>
      <temporalData source="#kensset">
        <temporalGroup eId="tmpg_1" />
      </temporalData>
    </meta>
    <body period="#tmpg_1">
      <title eId="title">
        <content>
          <p>פקודת זבל בעלי חיים, 1937</p>
        </content>
      </title>
      <subtitle eId="eId">
        <num></num>
        <content>
          <p>פקודה הקובעת את הבעלות על זבל בעלי החיים ומתקינה הוראות נוספות בקשר עם כך.</p>
        </content>
      </subtitle>
      <preamble eId="eId">
        <p>הנציב העליון לפלשתינה (א"י) מחוקק בזה בעצתה של המועצה הפלשתינאית (א"י) לאמור:–

<מפריד /><wikicomment font-size="x-small">מכוח האמור <ref href="/akn/il/act/PrimaryLegislation/1948-05-21/2002291#point_14">בסעיפים 14</ref><ref href="/akn/il/act/PrimaryLegislation/1948-05-21/2002291#point_15">ו־15 לפקודת סדרי השלטון והמשפט, תש"ח–1948</ref>, כל סמכות שהיתה נתונה על פי החוק בידי הנציב העליון תהא נתונה לממשלה, וכל מקום בו נאמר בחוק ”פלשתינה (א"י)“ ייקרא מעתה ”ישראל“. פורסמה הודעה על הענקת סמכויות הנציב העליון לשר החקלאות (ע"ר תש"ח, 22). לפי <ref href="/akn/il/act/PrimaryOrSecondaryLegislation/UnknownWorkDate/http_fs_knesset_gov_il_0_law_0_lsr_312686_pdf#point_2">סעיף 2 לפקודת המטבע, תש"ח–1948</ref>, כל מקום בו נאמר ”פונט“ הכוונה היא ללירה ישראלית.</wikicomment></p>
      </preamble>
      <list>
        <point eId="point_1">
          <heading>
            <authorialNote placement="side">
              <p>השם הקצר</p>
            </authorialNote>
          </heading>
          <num>1.</num>
          <content>
            <p>פקודה זו תקרא פקודת זבל בעלי חיים, 1937.</p>
          </content>
        </point>
        <point eId="point_2">
          <heading>
            <authorialNote placement="side">
              <p>פירוש</p>
            </authorialNote>
          </heading>
          <num>2.</num>
          <content>
            <p>המונח ”מקום מיוחד ליער“ שבפקודה זו פירושו כפרוש שניתן לו <ref href="/akn/il/act/PrimaryLegislation/1933-12-31/2001780">בפקודת היערות</ref>.</p>
          </content>
        </point>
        <point eId="point_3">
          <heading>
            <authorialNote placement="side">
              <p>הבעלות על זבל בעלי־חיים</p>
            </authorialNote>
          </heading>
          <num>3.</num>
          <content>
            <p>למרות כל חוק בר־תוקף או מנהג הנוהג בכל חלק מישראל, הרי כל גללי בעלי־חיים שהוטלו על גבי כל קרקע (שאינה מקום מיוחד ליער) יהיו שייכים לבעליה של אותה קרקע.</p>
          </content>
        </point>
        <point eId="point_4">
          <heading>
            <authorialNote placement="side">
              <p>הוראות לגבי מקומות מיוחדים ליער</p>
            </authorialNote>
          </heading>
          <num>4.</num>
          <content>
            <p>אסור לכל אדם לאסוף את גלליהם של כל בעלי חיים שהוטלו במקום מיוחד ליער.</p>
          </content>
        </point>
        <point eId="point_5">
          <heading>
            <authorialNote placement="side">
              <p>עונש</p>
            </authorialNote>
          </heading>
          <num>5.</num>
          <content>
            <p>כל האוסף או מנסה לאסוף זבל בעל חיים מכל קרקע שאסור לו לאספם עפ"י הוראות פקודה זו, יאשם בעברה ויהא צפוי, בצאתו חייב בדין, לקנס של עשרים וחמש לירות או למאסר ששה חדשים או לשני הענשים כאחד.</p>
          </content>
        </point>
      </list>
    </body>
    <conclusions eId="eId">
      <p class="signatures">
        <signature>
          <p>
            <person refersTo="ו._ד._בטרשיל">ו. ד. בטרשיל</person>
            <role refersTo="מנהל_עניני_הממשלה">מנהל עניני הממשלה</role>
          </p>
        </signature>
      </p>
    </conclusions>
  </act>
</akomaNtoso>