﻿<?xml version="1.0" encoding="utf-8"?>
<akomaNtoso xmlns="http://docs.oasis-open.org/legaldocml/ns/akn/3.0">
  <act contains="originalVersion" name="publicLaw">
    <meta>
      <identification source="#kensset">
        <FRBRWork>
          <FRBRthis value="/akn/il/act/PrimaryLegislation/1980-01-17/147935/main" />
          <FRBRuri value="/akn/il/act/PrimaryLegislation/1980-01-17/147935" />
          <FRBRdate date="1980-01-17" name="Generation" />
          <FRBRauthor href="#knesset" as="#author" />
          <FRBRcountry value="israel" />
        </FRBRWork>
        <FRBRExpression>
          <FRBRthis value="/akn/il/act/PrimaryLegislation/1980-01-17/147935/he@/main" />
          <FRBRuri value="/akn/il/act/PrimaryLegislation/1980-01-17/147935/he@" />
          <FRBRdate date="1980-01-17" name="Generation" />
          <FRBRauthor href="#knesset" as="#author" />
          <FRBRlanguage language="hebrew" />
        </FRBRExpression>
        <FRBRManifestation>
          <FRBRthis value="/akn/il/act/PrimaryLegislation/1980-01-17/147935/he@/main.xml" />
          <FRBRuri value="/akn/il/act/PrimaryLegislation/1980-01-17/147935/he@" />
          <FRBRdate date="1980-01-17" name="Generation" />
          <FRBRauthor href="#knesset" as="#author" />
          <FRBRformat value="xml" />
        </FRBRManifestation>
      </identification>
      <classification source="#kensset">
        <keyword value="{classificationValue}" showAs="{classificationValue}" dictionary="#classification_dictionary" />
      </classification>
      <lifecycle source="#kensset">
        <eventRef eId="eventRef_1" date="1980-01-17" source="#kensset" type="generation" />
      </lifecycle>
      <references source="#kensset">
        <TLCOrganization eId="kensset" href="/ontology/organization/akn/knesset" showAs="Kensset" type="generation" />
        <TLCRole eId="author" href="/ontology/role/akn/author" showAs="Author of Document" />
        <TLCProcess eId="inforce" href="/ontology/process/akn/inforce" showAs="In force" />
        <TLCTerm eId="term_1" href="/ontology/term/חוק_מס/147935" showAs="חוק_מס" />
        <TLCTerm eId="term_2" href="/ontology/term/חוב_מס/147935" showAs="חוב_מס" />
        <TLCTerm eId="term_3" href="/ontology/term/החזר_מס/147935" showAs="החזר_מס" />
        <TLCTerm eId="term_4" href="/ontology/term/רשות_מס/147935" showAs="רשות_מס" />
        <TLCPerson eId="מנחם_בגין" href="/ontology/person/מנחם_בגין" showAs="מנחם בגין" />
        <TLCPerson eId="יגאל_הורביץ" href="/ontology/person/יגאל_הורביץ" showAs="יגאל הורביץ" />
        <TLCPerson eId="יצחק_נבון" href="/ontology/person/יצחק_נבון" showAs="יצחק נבון" />
        <TLCRole eId="ראש_הממשלה" href="ontology/role/akn/ראש_הממשלה" showAs="ראש הממשלה" />
        <TLCRole eId="שר_האוצר" href="ontology/role/akn/שר_האוצר" showAs="שר האוצר" />
        <TLCRole eId="נשיא_המדינה" href="ontology/role/akn/נשיא_המדינה" showAs="נשיא המדינה" />
      </references>
      <temporalData source="#kensset">
        <temporalGroup eId="tmpg_1" />
      </temporalData>
      <Publication></Publication>
    </meta>
    <body period="#tmpg_1">
      <title eId="title">
        <content>
          <p>חוק קיזוז מסים, תש"ם–1980</p>
        </content>
      </title>
      <list>
        <point eId="point_1" class="definitions">
          <heading>
            <authorialNote placement="side">
              <p>הגדרות</p>
            </authorialNote>
          </heading>
          <num>1.</num>
          <list>
            <intro>
              <p>בחוק זה –</p>
            </intro>
            <point eId="point_1__point_חוק_מס">
              <content>
                <p>
                  <def />”חוק מס“ – חיקוק הדן בהטלת מס או תשלום חובה, ששר האוצר ממונה על ביצועו או על הגביה לפיו;</p>
              </content>
            </point>
            <point eId="point_1__point_חוב_מס">
              <content>
                <p>
                  <def />”חוב מס“ – כל סכום שאדם חייב בו על פי חוק מס;</p>
              </content>
            </point>
            <point eId="point_1__point_החזר_מס">
              <content>
                <p>
                  <def />”החזר מס“ – כל סכום שיש להחזירו או לשלמו לחייב במס על פי חוק מס, ואשר הגיע המועד להחזרתו או לתשלומו;</p>
              </content>
            </point>
            <point eId="point_1__point_רשות_מס">
              <content>
                <p>
                  <def />”רשות מס“ – מי שמונה על פי חוק מס להיות נציב או מנהל לענין אותו חוק וכל אדם המועסק בביצועו של חוק מס.</p>
              </content>
            </point>
          </list>
        </point>
        <point eId="point_2">
          <heading>
            <authorialNote placement="side">
              <p>קיזוז</p>
            </authorialNote>
          </heading>
          <num>2.</num>
          <list>
            <point eId="point_2__point_א">
              <num>(א)</num>
              <content>
                <p>החזר מס ניתן לקיזוז כנגד חוב מס ובלבד שאין עוד זכות להשגה, לערר או לערעור על סכום החוב.</p>
              </content>
            </point>
            <point eId="point_2__point_ב">
              <num>(ב)</num>
              <content>
                <p>רשות מס רשאית לעשות את הקיזוז לאחר מתן הודעה בכתב לחייב במס; החייב רשאי לעשות את הקיזוז על ידי שיציג בפני רשות המס הממונה על גביית חוב המס אישור בכתב מאת רשות המס החייבת בהחזר מס או פסק דין חלוט של בית־משפט, בדבר סכום ההחזר.</p>
              </content>
            </point>
            <point eId="point_2__point_ג">
              <num>(ג)</num>
              <content>
                <p>זכות הקיזוז לפי סעיף קטן (א) תהיה קודמת לעיקול שהוטל, ובלבד שלא נתפסו בשלו כספים בטרם התקיימו התנאים הקבועים באותו סעיף קטן, והכול אף אם טרם ניתנה הודעה כאמור בסעיף קטן (ב); הוטל עיקול כאמור תינתן ההודעה האמורה בהקדם האפשרי לאחר מכן.</p>
              </content>
            </point>
          </list>
        </point>
        <point eId="point_3">
          <heading>
            <authorialNote placement="side">
              <p>ביצוע ותקנות</p>
            </authorialNote>
          </heading>
          <num>3.</num>
          <content>
            <p>שר האוצר ממונה על ביצוע חוק זה והוא רשאי, באישור ועדת הכספים של הכנסת, התקין תקנות בכל ענין הנוגע לביצועו.<br xml:space="preserve" xmlns=""> </br><wikicomment font-size="x-small">פורסמו <ref href="/akn/il/act/PrimaryOrSecondaryLegislation/UnknownWorkDate/תקנות_קיזוז_מסים">תקנות קיזוז מסים, התשמ"א–1980</ref>.</wikicomment></p>
          </content>
        </point>
      </list>
    </body>
    <conclusions eId="eId">
      <p class="signatures">
        <signature>
          <p>
            <person refersTo="מנחם_בגין">מנחם בגין</person>
            <role refersTo="ראש_הממשלה">ראש הממשלה</role>
          </p>
        </signature>
        <signature>
          <p>
            <person refersTo="יגאל_הורביץ">יגאל הורביץ</person>
            <role refersTo="שר_האוצר">שר האוצר</role>
          </p>
        </signature>
        <signature>
          <p>
            <person refersTo="יצחק_נבון">יצחק נבון</person>
            <role refersTo="נשיא_המדינה">נשיא המדינה</role>
          </p>
        </signature>
      </p>
    </conclusions>
  </act>
</akomaNtoso>