﻿<?xml version="1.0" encoding="utf-8"?>
<akomaNtoso xmlns="http://docs.oasis-open.org/legaldocml/ns/akn/3.0">
  <act contains="originalVersion" name="publicLaw">
    <meta>
      <identification source="#kensset">
        <FRBRWork>
          <FRBRthis value="/akn/il/act/PrimaryLegislation/1979-08-03/150259/main" />
          <FRBRuri value="/akn/il/act/PrimaryLegislation/1979-08-03/150259" />
          <FRBRdate date="1979-08-03" name="Generation" />
          <FRBRauthor href="#knesset" as="#author" />
          <FRBRcountry value="israel" />
        </FRBRWork>
        <FRBRExpression>
          <FRBRthis value="/akn/il/act/PrimaryLegislation/1979-08-03/150259/he@/main" />
          <FRBRuri value="/akn/il/act/PrimaryLegislation/1979-08-03/150259/he@" />
          <FRBRdate date="1979-08-03" name="Generation" />
          <FRBRauthor href="#knesset" as="#author" />
          <FRBRlanguage language="hebrew" />
        </FRBRExpression>
        <FRBRManifestation>
          <FRBRthis value="/akn/il/act/PrimaryLegislation/1979-08-03/150259/he@/main.xml" />
          <FRBRuri value="/akn/il/act/PrimaryLegislation/1979-08-03/150259/he@" />
          <FRBRdate date="1979-08-03" name="Generation" />
          <FRBRauthor href="#knesset" as="#author" />
          <FRBRformat value="xml" />
        </FRBRManifestation>
      </identification>
      <classification source="#kensset">
        <keyword value="{classificationValue}" showAs="{classificationValue}" dictionary="#classification_dictionary" />
      </classification>
      <lifecycle source="#kensset">
        <eventRef eId="eventRef_1" date="1979-08-03" source="#kensset" type="generation" />
      </lifecycle>
      <references source="#kensset">
        <TLCOrganization eId="kensset" href="/ontology/organization/akn/knesset" showAs="Kensset" type="generation" />
        <TLCRole eId="author" href="/ontology/role/akn/author" showAs="Author of Document" />
        <TLCProcess eId="inforce" href="/ontology/process/akn/inforce" showAs="In force" />
        <TLCPerson eId="מנחם_בגין" href="/ontology/person/מנחם_בגין" showAs="מנחם בגין" />
        <TLCPerson eId="שמואל_תמיר" href="/ontology/person/שמואל_תמיר" showAs="שמואל תמיר" />
        <TLCPerson eId="יצחק_נבון" href="/ontology/person/יצחק_נבון" showAs="יצחק נבון" />
        <TLCRole eId="ראש_הממשלה" href="ontology/role/akn/ראש_הממשלה" showAs="ראש הממשלה" />
        <TLCRole eId="שר_המשפטים" href="ontology/role/akn/שר_המשפטים" showAs="שר המשפטים" />
        <TLCRole eId="נשיא_המדינה" href="ontology/role/akn/נשיא_המדינה" showAs="נשיא המדינה" />
      </references>
      <temporalData source="#kensset">
        <temporalGroup eId="tmpg_1" />
      </temporalData>
      <Publication></Publication>
    </meta>
    <body period="#tmpg_1">
      <title eId="title">
        <content>
          <p>חוק הנאמנות, תשל"ט–1979</p>
        </content>
      </title>
      <chapter eId="chp_א">
        <num>פרק א׳:</num>
        <title>
          <content>
            <p>הוראות כלליות</p>
          </content>
        </title>
        <list>
          <point eId="point_1">
            <heading>
              <authorialNote placement="side">
                <p>מהות הנאמנות</p>
              </authorialNote>
            </heading>
            <num>1.</num>
            <content>
              <p>נאמנות היא זיקה לנכס שעל פיה חייב נאמן להחזיק או לפעול בו לטובת נהנה או למטרה אחרת.</p>
            </content>
          </point>
          <point eId="point_2">
            <heading>
              <authorialNote placement="side">
                <p>יצירה</p>
              </authorialNote>
            </heading>
            <num>2.</num>
            <content>
              <p>נאמנות נוצרת על פי חוק, על פי חוזה עם נאמן או על פי כתב הקדש.</p>
            </content>
          </point>
          <point eId="point_3">
            <heading>
              <authorialNote placement="side">
                <p>נכסי הנאמנות</p>
              </authorialNote>
            </heading>
            <num>3.</num>
            <list>
              <point eId="point_3__point_א">
                <num>(א)</num>
                <content>
                  <p>פירותיהם ותמוריהם של נכסי הנאמנות יהיו אף הם לנכסי הנאמנות.</p>
                </content>
              </point>
              <point eId="point_3__point_ב">
                <num>(ב)</num>
                <content>
                  <p>אין לרדת לנכסי הנאמנות אלא בשל חובות המוטלים עליהם או הנובעים מפעולות הנאמנות.</p>
                </content>
              </point>
              <point eId="point_3__point_ג">
                <num>(ג)</num>
                <content>
                  <p>הנאמן חייב להחזיק את נכסי הנאמנות בנפרד מנכסים אחרים או בדרך המאפשרת להבחין ביניהם.</p>
                </content>
              </point>
            </list>
          </point>
          <point eId="point_4">
            <heading>
              <authorialNote placement="side">
                <p>רישום הערה</p>
              </authorialNote>
            </heading>
            <num>4.</num>
            <content>
              <p>היה בנכסי הנאמנות נכס שפעולות בו טעונות רישום בפנקס המתנהל על־פי חוק, רשאי הנאמן להודיע על קיום הנאמנות לממונה על הפנקס, והממונה ירשום בו הערה מתאימה.</p>
            </content>
          </point>
          <point eId="point_5">
            <heading>
              <authorialNote placement="side">
                <p>כוחה של נאמנות כלפי צד שלישי</p>
              </authorialNote>
            </heading>
            <num>5.</num>
            <content>
              <p>כוחה של נאמנות יפה כלפי כל מי שידע או שהיה עליו לדעת עליה, ומשנרשמה הערה לפי <ref href="#point_4">סעיף 4</ref> – כלפי כל העולם.</p>
            </content>
          </point>
          <point eId="point_6">
            <heading>
              <authorialNote placement="side">
                <p>כספי הנאמנות</p>
              </authorialNote>
            </heading>
            <num>6.</num>
            <content>
              <p>כספי הנאמנות שאינם דרושים לצרכיה השוטפים חייב הנאמן להחזיק או להשקיע כיעיל לשמירת הקרן ולעשיית פירות; שר המשפטים רשאי לקבוע בתקנות דרכים שבהן ניתן להשקיע כספי נאמנות, והנאמן אינו נושא באחריות אם השקיע אותם בהתאם לתקנות אלה.</p>
            </content>
          </point>
          <point eId="point_7">
            <heading>
              <authorialNote placement="side">
                <p>חשבונות ודיווח</p>
              </authorialNote>
            </heading>
            <num>7.</num>
            <list>
              <point eId="point_7__point_א">
                <num>(א)</num>
                <content>
                  <p>הנאמן חייב לנהל חשבונות בכל עניני הנאמנות.</p>
                </content>
              </point>
              <point eId="point_7__point_ב">
                <num>(ב)</num>
                <content>
                  <p>הנאמן חייב לתת לנהנים דין וחשבון על עניני הנאמנות אחת לשנה ובגמר כהונתו, ולמסור להם ידיעות נוספות לפי דרישתם הסבירה.</p>
                </content>
              </point>
            </list>
          </point>
          <point eId="point_8">
            <heading>
              <authorialNote placement="side">
                <p>שכר והוצאות</p>
              </authorialNote>
            </heading>
            <num>8.</num>
            <list>
              <point eId="point_8__point_א">
                <num>(א)</num>
                <content>
                  <p>נאמן אינו זכאי לשכר בעד מילוי תפקידיו, זולת אם מילוים היה מעיסוקיו; אולם רשאי בית המשפט להקציב לו שכר, אם ראה שהדבר מתחייב מהיקף תפקידיו כנאמן.</p>
                </content>
              </point>
              <point eId="point_8__point_ב">
                <num>(ב)</num>
                <content>
                  <p>נאמן זכאי לשיפוי על הוצאות סבירות שהוציא ועל התחייבויות שהתחייב בהן באופן סביר עקב מילוי תפקידיו.</p>
                </content>
              </point>
              <point eId="point_8__point_ג">
                <num>(ג)</num>
                <content>
                  <p>נאמן רשאי להחזיר לעצמו את שכרו והוצאותיו מנכסי הנאמנות, והוא רשאי לעכבם בידו כערובה לסילוק המגיע לו לפי סעיף זה.</p>
                </content>
              </point>
              <point eId="point_8__point_ד">
                <num>(ד)</num>
                <content>
                  <p>שר המשפטים, באישור ועדת החוקה, חוק ומשפט של הכנסת, רשאי לקבוע הוראות לענין שכר, גמול והחזר הוצאות שישולמו לפי סעיף זה לנאמן של הקדש ציבורי כהגדרתו <ref href="#point_26">בסעיף 26</ref>, לרבות הגבלות לענין תשלומים כאמור; הוראות כאמור בסעיף קטן זה יכול שייקבעו לסוגי הקדש ציבורי.</p>
                </content>
              </point>
            </list>
          </point>
          <point eId="point_9">
            <heading>
              <authorialNote placement="side">
                <p>נאמנים אחדים</p>
              </authorialNote>
            </heading>
            <num>9.</num>
            <list>
              <point eId="point_9__point_א">
                <num>(א)</num>
                <list>
                  <intro>
                    <p>בנאמנות שיש בה יותר מנאמן אחד –</p>
                  </intro>
                  <point eId="point_9__point_א__point_1">
                    <num>(1)</num>
                    <content>
                      <p>יפעלו הנאמנים ביחד; היו דעותיהם חלוקות, יפעלו לפי הוראות בית המשפט;</p>
                    </content>
                  </point>
                  <point eId="point_9__point_א__point_2">
                    <num>(2)</num>
                    <content>
                      <p>בענין שאינו סובל דיחוי רשאי כל אחד מהם לפעול על דעת עצמו;</p>
                    </content>
                  </point>
                  <point eId="point_9__point_א__point_3">
                    <num>(3)</num>
                    <content>
                      <p>הם אחראים לפעולותיהם יחד ולחוד, פרט לנאמן שהתנגד לפעולה או לא ידע עליה;</p>
                    </content>
                  </point>
                  <point eId="point_9__point_א__point_4">
                    <num>(4)</num>
                    <content>
                      <p>נתפנה מקומו של אחד מהם או שחדל לפעול, או שהוכרז פסול דין או פושט רגל, על הנותרים או הנותר לעשות מיד למילוי מקומו לפי <ref href="#point_21">סעיף 21</ref> ולהמשיך במילוי תפקידיהם ככל שהדבר אינו סובל דיחוי.</p>
                    </content>
                  </point>
                </list>
              </point>
              <point eId="point_9__point_ב">
                <num>(ב)</num>
                <content>
                  <p>פעולה של אחד הנאמנים שנעשתה בתמורה כלפי אדם שפעל בתום לב תהא בת־תוקף אף אם היתה סותרת הוראת סעיף קטן (א)(1).</p>
                </content>
              </point>
            </list>
          </point>
          <point eId="point_10">
            <heading>
              <authorialNote placement="side">
                <p>חובות וסמכויות</p>
              </authorialNote>
            </heading>
            <num>10.</num>
            <list>
              <point eId="point_10__point_א">
                <num>(א)</num>
                <content>
                  <p>נאמן חייב לשמור על נכסי הנאמנות, לנהלם ולפתחם ולפעול להשגת מטרות הנאמנות, ומוסמך הוא לעשות כל הדרוש למילוי תפקידיו.</p>
                </content>
              </point>
              <point eId="point_10__point_ב">
                <num>(ב)</num>
                <content>
                  <p>במילוי תפקידיו חייב הנאמן לנהוג באמונה ובשקידה כפי שאדם סביר היה נוהג באותן נסיבות.</p>
                </content>
              </point>
              <point eId="point_10__point_ג">
                <num>(ג)</num>
                <content>
                  <p>נאמן של כמה נאמנויות לא יפעל בפעולה שביניהן.</p>
                </content>
              </point>
              <point eId="point_10__point_ד">
                <num>(ד)</num>
                <content>
                  <p>נאמן אינו רשאי לאצול מתפקידיו לזולתו; אין בכך כדי למנוע העסקת אדם כדרוש למטרות הנאמנות.</p>
                </content>
              </point>
            </list>
          </point>
          <point eId="point_11">
            <heading>
              <authorialNote placement="side">
                <p>כפיפות לתנאי הנאמנות</p>
              </authorialNote>
            </heading>
            <num>11.</num>
            <content>
              <p>הוראות <ref href="#point_3">סעיפים 3(א) ו־(ג)</ref>, <ref href="#point_6">6</ref>, <ref href="#point_7">7</ref>, <ref href="#point_8">8</ref>, <ref href="#point_9">9(א)</ref>, <ref href="#point_10">10(א), (ג) ו־(ד)</ref><ref href="#point_13">ו־13</ref> יחולו בכפוף לתנאי הנאמנות.</p>
            </content>
          </point>
          <point eId="point_12">
            <heading>
              <authorialNote placement="side">
                <p>אחריות</p>
              </authorialNote>
            </heading>
            <num>12.</num>
            <list>
              <point eId="point_12__point_א">
                <num>(א)</num>
                <content>
                  <p>נאמן אחראי לנזק שנגרם לנכסי הנאמנות או לנהנים עקב הפרת חובתו כנאמן; על אחריותו לאבדנם ולנזקם של נכסי הנאמנות המוחזקים בידו יחולו הוראות <ref href="/akn/il/act/PrimaryLegislation/1967-04-21/148755">חוק השומרים, תשכ"ז–1967</ref>; לענין זה יראו את הנאמן כשומר ואת הנהנים כבעלי הנכסים.</p>
                </content>
              </point>
              <point eId="point_12__point_ב">
                <num>(ב)</num>
                <content>
                  <p>בית המשפט רשאי לפטור נאמן מאחריותו, כולה או מקצתה, אם פעל בתום לב ונתכוון למילוי תפקידיו.</p>
                </content>
              </point>
              <point eId="point_12__point_ג">
                <num>(ג)</num>
                <content>
                  <p>נאמן רשאי לבקש מבית המשפט הוראות, והוא אינו נושא באחריות אם פעל בתום לב לפי הוראות בית המשפט או באישורו.</p>
                </content>
              </point>
            </list>
          </point>
          <point eId="point_13">
            <heading>
              <authorialNote placement="side">
                <p>איסור טובת הנאה</p>
              </authorialNote>
            </heading>
            <num>13.</num>
            <list>
              <point eId="point_13__point_א">
                <num>(א)</num>
                <content>
                  <p>נאמן לא ירכוש לעצמו או לקרובו נכס מנכסי הנאמנות או כל זכות בו, לא יפיק לעצמו או לקרובו טובת הנאה אחרת מנכסי הנאמנות או מפעולותיה, ולא יעשה דבר שיש בו סתירה בין טובת הנאמנות לבין טובתו שלו או של קרובו.</p>
                </content>
              </point>
              <point eId="point_13__point_ב">
                <num>(ב)</num>
                <list>
                  <intro>
                    <p>”קרוב“ של נאמן, לענין סעיף זה –</p>
                  </intro>
                  <point eId="point_13__point_ב__point_1">
                    <num>(1)</num>
                    <content>
                      <p>בן זוגו;</p>
                    </content>
                  </point>
                  <point eId="point_13__point_ב__point_2">
                    <num>(2)</num>
                    <content>
                      <p>הורה, הורה־הורה, צאצא, אח או אחות של הנאמן או של בן זוגו;</p>
                    </content>
                  </point>
                  <point eId="point_13__point_ב__point_3">
                    <num>(3)</num>
                    <content>
                      <p>בן זוג של אחד המנויים בפסקה (2);</p>
                    </content>
                  </point>
                  <point eId="point_13__point_ב__point_4">
                    <num>(4)</num>
                    <content>
                      <p>שותף של נאמן או של אחד המנויים בפסקאות (1) עד (3);</p>
                    </content>
                  </point>
                  <point eId="point_13__point_ב__point_5">
                    <num>(5)</num>
                    <content>
                      <p>תאגיד שבהונו, ברווחיו או בשליטתו יש לנאמן או למנויים בפסקאות (1) עד (3) חלק העולה על 5%.</p>
                    </content>
                  </point>
                </list>
              </point>
              <point eId="point_13__point_ג">
                <num>(ג)</num>
                <content>
                  <p>בית המשפט רשאי לאשר מראש פעולה מן המנויות בסעיף קטן (א) אם ראה שהיא לטובת הנאמנות.</p>
                </content>
              </point>
              <point eId="point_13__point_ד">
                <num>(ד)</num>
                <content>
                  <p>הוראות סעיף קטן (א) אינן באות לגרוע ממה שמגיע לנאמן או לקרובו מכוח היותם נהנים.</p>
                </content>
              </point>
              <point eId="point_13__point_ה">
                <num>(ה)</num>
                <content>
                  <p>פעולה מן המנויות בסעיף זה שנעשתה בלי אישור בית המשפט – בטלה, זולת אם נעשתה בתמורה כלפי אדם שאינו בין המנויים בסעיף קטן (ב)(1) ו־(2) ושפעל בתום לב.</p>
                </content>
              </point>
            </list>
          </point>
          <point eId="point_14">
            <heading>
              <authorialNote placement="side">
                <p>ביטול פעולות</p>
              </authorialNote>
            </heading>
            <num>14.</num>
            <content>
              <p>פעולה שנעשתה בהפרת חובת הנאמנות והצד השלישי ידע או היה עליו לדעת על ההפרה, או שנעשתה ללא תמורה, רשאי בית המשפט לבטלה ועל הצד השלישי יחולו אחריות וחובות כשל נאמן; ידיעה על קיום הנאמנות, אין בה בלבד משום ידיעה על הפרת חובת הנאמנות.</p>
            </content>
          </point>
          <point eId="point_15">
            <heading>
              <authorialNote placement="side">
                <p>דין ריווח אסור</p>
              </authorialNote>
            </heading>
            <num>15.</num>
            <content>
              <p>ריווח שהפיק נאמן שלא כדין עקב הנאמנות, דינו כחלק מנכסי הנאמנות.</p>
            </content>
          </point>
          <point eId="point_16">
            <heading>
              <authorialNote placement="side">
                <p>נכסי נאמנות שנתבטלה</p>
              </authorialNote>
            </heading>
            <num>16.</num>
            <content>
              <p>נתבטלה נאמנות, רשאי בית המשפט לקבוע מה ייעשה בנכסיה, והוא יורה על העברתם למטרות חינוך, תרבות, דת, מדע, אמנות, סעד, בריאות או ספורט, הכל לפי תנאי הנאמנות ולפי אומד דעתו של יוצרה.</p>
            </content>
          </point>
        </list>
      </chapter>
      <chapter eId="chp_ב">
        <num>פרק ב׳:</num>
        <title>
          <content>
            <p>נאמנות על פי כתב הקדש</p>
          </content>
        </title>
        <list>
          <point eId="point_17">
            <heading>
              <authorialNote placement="side">
                <p>יצירה ותחילה של הקדש</p>
              </authorialNote>
            </heading>
            <num>17.</num>
            <list>
              <point eId="point_17__point_א">
                <num>(א)</num>
                <list>
                  <intro>
                    <p>הקדשת נכסים לטובת נהנה או למטרה אחרת (להלן – הקדש) טעונה מסמך בכתב (בחוק זה – כתב הקדש) שבו מביע יוצר ההקדש את כוונתו ליצור הקדש וקובע מטרותיו, נכסיו ותנאיו, והמסמך הוא אחד מאלה:</p>
                  </intro>
                  <point eId="point_17__point_א__point_1">
                    <num>(1)</num>
                    <content>
                      <p>כתב חתום בידי יוצר ההקדש בפני נוטריון;</p>
                    </content>
                  </point>
                  <point eId="point_17__point_א__point_2">
                    <num>(2)</num>
                    <content>
                      <p>צוואה של יוצר ההקדש, למעט צוואה בעל־פה;</p>
                    </content>
                  </point>
                  <point eId="point_17__point_א__point_3">
                    <num>(3)</num>
                    <content>
                      <p>הוראת תשלום לענין <ref href="/akn/il/act/PrimaryLegislation/1965-02-10/147468#point_147">סעיף 147 לחוק הירושה, תשכ"ה–1965</ref>.</p>
                    </content>
                  </point>
                </list>
              </point>
              <point eId="point_17__point_ב">
                <num>(ב)</num>
                <content>
                  <p>תחילתו של הקדש היא עם העברת השליטה בנכסי ההקדש לידי הנאמן.</p>
                </content>
              </point>
              <point eId="point_17__point_ג">
                <num>(ג)</num>
                <content>
                  <p>נמצאו נכסים המשמשים הקדש, אלא שאין על כך כתב הקדש, רשאי בית המשפט להצהיר על קיום הקדש ולהגדיר מטרותיו, נכסיו, תנאיו ותחילתו.</p>
                </content>
              </point>
            </list>
          </point>
          <point eId="point_18">
            <heading>
              <authorialNote placement="side">
                <p>שינוי וביטול של הקדש</p>
              </authorialNote>
            </heading>
            <num>18.</num>
            <list>
              <point eId="point_18__point_א">
                <num>(א)</num>
                <content>
                  <p>יוצר ההקדש וצד שלישי רשאים בכל עת להוסיף נכסים לנכסי ההקדש.</p>
                </content>
              </point>
              <point eId="point_18__point_ב">
                <num>(ב)</num>
                <content>
                  <p>אחרי תחילת ההקדש אין יוצרו רשאי לשנות את תנאיו, לגרוע מנכסיו או לבטלו, אלא אם שמר לעצמו זכות לכך בכתב ההקדש או שבאו על כך הסכמת הנהנים או אישור בית המשפט.</p>
                </content>
              </point>
              <point eId="point_18__point_ג">
                <num>(ג)</num>
                <content>
                  <p>אין בהוראות סעיף זה כדי לגרוע מזכותו של היוצר לחזור בו מיצירת ההקדש לפני תחילתו, מדיני ביטול צוואה או מדיני ביטול או שינוי של הוראה לענין <ref href="/akn/il/act/PrimaryLegislation/1965-02-10/147468#point_147">סעיף 147 לחוק הירושה, תשכ"ה–1965</ref>.</p>
                </content>
              </point>
            </list>
          </point>
          <point eId="point_19">
            <heading>
              <authorialNote placement="side">
                <p>הוראות בית־משפט</p>
              </authorialNote>
            </heading>
            <num>19.</num>
            <list>
              <point eId="point_19__point_א">
                <num>(א)</num>
                <content>
                  <p>בית המשפט רשאי בכל עת לתת לנאמן הוראות בכל הנוגע למילוי תפקידיו וכל הוראה אחרת שתיראה לו לניהול היעיל של ההקדש.</p>
                </content>
              </point>
              <point eId="point_19__point_ב">
                <num>(ב)</num>
                <content>
                  <p>בית המשפט רשאי, אף בסטיה מכתב ההקדש, להתיר לנאמן את השימוש בנכסי ההקדש לסיפוק הצרכים החיוניים של נהנה או של התלויים בו.</p>
                </content>
              </point>
            </list>
          </point>
          <point eId="point_20">
            <heading>
              <authorialNote placement="side">
                <p>זכויות הנהנים</p>
              </authorialNote>
            </heading>
            <num>20.</num>
            <content>
              <p>זכותו של נהנה על פי הקדש אינה ניתנת להמחאה, לשעבוד או לעיקול, זולת אם הותרו בכתב ההקדש או שבית המשפט התירם לסיפוק של מזונות או של מסים המגיעים מן הנהנה או – בנסיבות מיוחדות – לסיפוק חובות אחרים המגיעים ממנו.</p>
            </content>
          </point>
          <point eId="point_21">
            <heading>
              <authorialNote placement="side">
                <p>מינוי נאמן</p>
              </authorialNote>
            </heading>
            <num>21.</num>
            <list>
              <point eId="point_21__point_א">
                <num>(א)</num>
                <content>
                  <p>נאמן של הקדש יתמנה בכתב ההקדש או על פיו.</p>
                </content>
              </point>
              <point eId="point_21__point_ב">
                <num>(ב)</num>
                <content>
                  <p>באין מינוי כאמור, וכשנבצר מנאמן למלא תפקידיו או שלא התחיל או חדל למלאם, רשאי בית המשפט למנות נאמן לתקופה ובתנאים שייראו לו.</p>
                </content>
              </point>
              <point eId="point_21__point_ג">
                <num>(ג)</num>
                <content>
                  <p>לא יתמנה אדם נאמן של הקדש אלא בהסכמתו.</p>
                </content>
              </point>
              <point eId="point_21__point_ד">
                <num>(ד)</num>
                <content>
                  <p>קטין, פסול דין, פושט רגל ותאגיד שניתן עליו צו פירוק אינם כשרים להיות נאמן של הקדש.</p>
                </content>
              </point>
              <point eId="point_21__point_ה">
                <num>(ה)</num>
                <content>
                  <p>נהנה של הקדש אינו כשר להיות נאמן שלו, זולת אם הותר הדבר בכתב ההקדש.</p>
                </content>
              </point>
            </list>
          </point>
          <point eId="point_22">
            <heading>
              <authorialNote placement="side">
                <p>פקיעת כהונתו של נאמן</p>
              </authorialNote>
            </heading>
            <num>22.</num>
            <list>
              <point eId="point_22__point_א">
                <num>(א)</num>
                <content>
                  <p>נאמן של הקדש רשאי להתפטר בהודעה בכתב למי שרשאי למנות נאמן לאותו הקדש, וכשישנם נאמנים אחדים – לנאמנים האחרים.</p>
                </content>
              </point>
              <point eId="point_22__point_ב">
                <num>(ב)</num>
                <content>
                  <p>נאמן שנתמנה בידי בית המשפט או שהיה נאמן יחיד, התפטרותו אינה תופסת אלא אם בא עליה אישור בית המשפט ומן היום שנקבע לכך באישור.</p>
                </content>
              </point>
              <point eId="point_22__point_ג">
                <num>(ג)</num>
                <content>
                  <p>בית המשפט רשאי לפטר נאמן אם לא מילא תפקידיו כראוי או שראה בית המשפט סיבה אחרת לפיטוריו.</p>
                </content>
              </point>
            </list>
          </point>
          <point eId="point_23">
            <heading>
              <authorialNote placement="side">
                <p>שינוי וביטול על פי בית המשפט</p>
              </authorialNote>
            </heading>
            <num>23.</num>
            <list>
              <point eId="point_23__point_א">
                <num>(א)</num>
                <content>
                  <p>בית המשפט רשאי לשנות או לבטל הוראה מהוראות כתב ההקדש, אם מטעמים שיוצר ההקדש הביא לפניו ואם משום שראה כי חל שינוי של ממש בנסיבות המצדיק לעשות כן ושהדבר תואם את אומד דעתו של יוצר ההקדש.</p>
                </content>
              </point>
              <point eId="point_23__point_ב">
                <num>(ב)</num>
                <content>
                  <p>בית המשפט רשאי לבטל הקדש אם ראה שמטרותיו הושגו או שאינן ניתנות להגשמה.</p>
                </content>
              </point>
            </list>
          </point>
          <point eId="point_24">
            <heading>
              <authorialNote placement="side">
                <p>אמצעי שמירה</p>
              </authorialNote>
            </heading>
            <num>24.</num>
            <content>
              <p>הקדש שאין לו נאמן, או שהנאמן לא התחיל או חדל לפעול או שנבצר ממנו למלא תפקידיו, רשאי הנאמן הציבורי לנקוט אמצעים הנראים לו לשמירת נכסי ההקדש ולשמירת זכויות הנהנים, כל עוד לא נתמנה נאמן לפי <ref href="#point_21">סעיף 21</ref>.</p>
            </content>
          </point>
        </list>
      </chapter>
      <chapter eId="chp_ג">
        <num>פרק ג׳:</num>
        <title>
          <content>
            <p>הקדש ציבורי</p>
          </content>
        </title>
        <list>
          <point eId="point_25">
            <heading>
              <authorialNote placement="side">
                <p>מינוי רשם</p>
              </authorialNote>
            </heading>
            <num>25.</num>
            <content>
              <p>שר המשפטים ימנה עובד המדינה, הכשיר לכהן כשופט של בית משפט שלום, להיות רשם ההקדשות (להלן – הרשם); הודעה על המינוי תפורסם ברשומות.</p>
            </content>
          </point>
          <point eId="point_26">
            <heading>
              <authorialNote placement="side">
                <p>רישום</p>
              </authorialNote>
            </heading>
            <num>26.</num>
            <list>
              <point eId="point_26__point_א">
                <num>(א)</num>
                <content>
                  <p>נאמן של נאמנות שמטרתה או אחת ממטרותיה היא קידומו של ענין ציבורי (להלן – הקדש ציבורי) חייב, תוך שלושה חדשים מן היום שהיה לנאמן, להודיע לרשם על קיום ההקדש הציבורי ועל הפרטים המנויים להלן, זולת אם ניתנה עליהם הודעה לפני כן, והוא חייב להודיע לרשם על כל שינוי בפרטים אלה תוך שלושה חדשים מיום השינוי; להודעה על קיום הקדש ציבורי יש לצרף העתק מכתב ההקדש.</p>
                </content>
              </point>
              <point eId="point_26__point_ב">
                <num>(ב)</num>
                <list>
                  <intro>
                    <p>ואלה הפרטים:</p>
                  </intro>
                  <point eId="point_26__point_ב__point_1">
                    <num>(1)</num>
                    <content>
                      <p>שמו ומענו של יוצר ההקדש;</p>
                    </content>
                  </point>
                  <point eId="point_26__point_ב__point_2">
                    <num>(2)</num>
                    <content>
                      <p>מועד תחילת ההקדש;</p>
                    </content>
                  </point>
                  <point eId="point_26__point_ב__point_3">
                    <num>(3)</num>
                    <content>
                      <p>מטרותיו;</p>
                    </content>
                  </point>
                  <point eId="point_26__point_ב__point_4">
                    <num>(4)</num>
                    <content>
                      <p>נכסיו;</p>
                    </content>
                  </point>
                  <point eId="point_26__point_ב__point_5">
                    <num>(5)</num>
                    <content>
                      <p>שמו ומענו של כל נאמן;</p>
                    </content>
                  </point>
                  <point eId="point_26__point_ב__point_6">
                    <num>(6)</num>
                    <content>
                      <p>פרטים אחרים שקבע שר המשפטים.</p>
                    </content>
                  </point>
                </list>
              </point>
              <point eId="point_26__point_ג">
                <num>(ג)</num>
                <content>
                  <p>הרשם ינהל פנקס ההקדשות הציבוריים וירשום בו את הפרטים האמורים; הפנקס יהיה פתוח לעיון לכל; הרשם יפרסם ברשומות הודעה על רישום הקדש.</p>
                </content>
              </point>
            </list>
          </point>
          <point eId="point_27">
            <heading>
              <authorialNote placement="side">
                <p>חובת השקעה</p>
              </authorialNote>
            </heading>
            <num>27.</num>
            <content>
              <p>שר המשפטים רשאי לקבוע, בתקנות לפי <ref href="#point_6">סעיף 6</ref>, דרכי השקעה שיהיו חובה על נאמן של הקדש ציבורי.</p>
            </content>
          </point>
          <point eId="point_28">
            <heading>
              <authorialNote placement="side">
                <p>נאמן שהוא נהנה</p>
              </authorialNote>
            </heading>
            <num>28.</num>
            <content>
              <p>על נאמן של הקדש ציבורי לא יחול <ref href="#point_21">סעיף 21(ה)</ref>.</p>
            </content>
          </point>
          <point eId="point_29">
            <heading>
              <authorialNote placement="side">
                <p>חובת דיווח ומתן מידע</p>
              </authorialNote>
            </heading>
            <num>29.</num>
            <list>
              <point eId="point_29__point_א">
                <num>(א)</num>
                <content>
                  <p>נאמן של הקדש ציבורי חייב להגיש לרשם דין וחשבון על עניני ההקדש במועד ובדרך שקבע שר המשפטים; הדין וחשבון יכיל את הפרטים שקבע השר, אם דרך כלל ואם לסוגים של הקדשות ציבוריים.</p>
                </content>
              </point>
              <point eId="point_29__point_ב">
                <num>(ב)</num>
                <content>
                  <p>הנאמן חייב למסור לרשם, לפי דרישתו, מידע והעתקי מסמכים בכל הנוגע לעניני ההקדש.</p>
                </content>
              </point>
              <point eId="point_29__point_ג">
                <num>(ג)</num>
                <content>
                  <p>
                    <ref href="#point_7">סעיף 7(ב)</ref> לא יחול על הקדש ציבורי.</p>
                </content>
              </point>
            </list>
          </point>
          <point eId="point_30">
            <heading>
              <authorialNote placement="side">
                <p>חקירה</p>
              </authorialNote>
            </heading>
            <num>30.</num>
            <list>
              <point eId="point_30__point_א">
                <num>(א)</num>
                <content>
                  <p>קיים יסוד סביר לחשש שלגבי הקדש ציבורי לא קויימה הוראה מהוראות חוק זה או מהוראות כתב ההקדש, או שפרטים או מסמכים שנמסרו לרשם אינם מלאים או אינם נכונים, רשאי הרשם, מיזמתו או לפי בקשת היועץ המשפטי לממשלה, לחקור בענינו של אותו הקדש ציבורי, ויהיו לו לענין זה הסמכויות לפי <ref href="/akn/il/act/PrimaryLegislation/1969-01-08/147339#point_9">סעיפים 9 עד 11</ref><ref href="/akn/il/act/PrimaryLegislation/1969-01-08/147339#point_27">ו־27(ב) לחוק ועדות חקירה, תשכ"ט–1968</ref>.</p>
                </content>
              </point>
              <point eId="point_30__point_ב">
                <num>(ב)</num>
                <content>
                  <p>לצורך ביצוע חקירה כאמור בסעיף קטן (א) רשאי הרשם למנות חוקר; מונה חוקר כאמור יהיו נתונות לו סמכויות החקירה כאמור בסעיף קטן (א), בכפוף לתנאי המינוי; החוקר ימסור לרשם דין וחשבון.</p>
                </content>
              </point>
              <point eId="point_30__point_ג">
                <num>(ג)</num>
                <content>
                  <p>מונה חוקר כאמור בסעיף קטן (ב), רשאי הרשם להטיל את הוצאות החקירה, כולן או חלקן, על ההקדש הציבורי, על נאמנים בו, או על אדם שפנה לרשם בבקשה לפתוח בחקירה, ורשאי הוא לדרוש ממבקש החקירה ערובה להוצאותיה.</p>
                </content>
              </point>
            </list>
          </point>
          <point eId="point_31">
            <heading>
              <authorialNote placement="side">
                <p>עונשין</p>
              </authorialNote>
            </heading>
            <num>31.</num>
            <content>
              <p>נאמן של הקדש ציבורי שהפר חובה המוטלת עליו לפי <ref href="#point_26">סעיפים 26</ref><ref href="#point_27">או 27</ref>, דינו – מאסר שנה או קנס 50,000 לירות, ואם עשה כן בכוונת מרמה – מאסר שנתיים.</p>
            </content>
          </point>
        </list>
      </chapter>
      <chapter eId="chp_ד">
        <num>פרק ד׳:</num>
        <title>
          <content>
            <p>חברות לתועלת הציבור <wikicomment font-size="x-small">(בוטל)</wikicomment></p>
          </content>
        </title>
        <list>
          <point eId="point_32">
            <heading>
              <authorialNote placement="side">
                <p xml:space="preserve"> </p>
              </authorialNote>
            </heading>
            <num>32.</num>
            <content>
              <p>
                <wikicomment font-size="x-small">(בוטל).</wikicomment>
              </p>
            </content>
          </point>
          <point eId="point_33">
            <heading>
              <authorialNote placement="side">
                <p xml:space="preserve"> </p>
              </authorialNote>
            </heading>
            <num>33.</num>
            <content>
              <p>
                <wikicomment font-size="x-small">(בוטל).</wikicomment>
              </p>
            </content>
          </point>
          <point eId="point_34">
            <heading>
              <authorialNote placement="side">
                <p xml:space="preserve"> </p>
              </authorialNote>
            </heading>
            <num>34.</num>
            <content>
              <p>
                <wikicomment font-size="x-small">(בוטל).</wikicomment>
              </p>
            </content>
          </point>
          <point eId="point_35">
            <heading>
              <authorialNote placement="side">
                <p xml:space="preserve"> </p>
              </authorialNote>
            </heading>
            <num>35.</num>
            <content>
              <p>
                <wikicomment font-size="x-small">(בוטל).</wikicomment>
              </p>
            </content>
          </point>
        </list>
      </chapter>
      <chapter eId="chp_ה">
        <num>פרק ה׳:</num>
        <title>
          <content>
            <p>שונות</p>
          </content>
        </title>
        <list>
          <point eId="point_36">
            <heading>
              <authorialNote placement="side">
                <p>הנאמן הציבורי</p>
              </authorialNote>
            </heading>
            <num>36.</num>
            <list>
              <point eId="point_36__point_א">
                <num>(א)</num>
                <content>
                  <p>שר המשפטים ימנה נאמן ציבורי; הודעה על המינוי תפורסם ברשומות.</p>
                </content>
              </point>
              <point eId="point_36__point_ב">
                <num>(ב)</num>
                <content>
                  <p>הנאמן הציבורי יכול לשמש נאמן של נאמנויות, ומקום שבית המשפט ממנה נאמן, רשאי הוא למנות את הנאמן הציבורי כנאמן יחיד גם בנאמנות שלפי תנאיה יש בה יותר מנאמן אחד.</p>
                </content>
              </point>
            </list>
          </point>
          <point eId="point_37">
            <heading>
              <authorialNote placement="side">
                <p>סמכות שיפוט</p>
              </authorialNote>
            </heading>
            <num>37.</num>
            <content>
              <p>בית המשפט המוסמך לפי חוק זה – למעט הליכים לפי <ref href="#point_31">סעיף 31</ref> – הוא בית המשפט המחוזי.</p>
            </content>
          </point>
          <point eId="point_38">
            <heading>
              <authorialNote placement="side">
                <p>ערעור</p>
              </authorialNote>
            </heading>
            <num>38.</num>
            <content>
              <p>החלטות בית המשפט לפי <ref href="#point_8">סעיפים 8(א)</ref>, <ref href="#point_9">9(א)(1)</ref>, <ref href="#point_13">13(ג)</ref>, <ref href="#point_20">20</ref>, <ref href="#point_21">21</ref><ref href="#point_22">ו־22</ref> אינן ניתנות לערעור אלא ברשות לפי <ref href="/akn/il/act/PrimaryLegislation/1984-08-13/2002218#point_41">סעיף 19(ב) לחוק בתי־המשפט, תשי"ז–1957</ref>.</p>
            </content>
          </point>
          <point eId="point_39">
            <heading>
              <authorialNote placement="side">
                <p>הרשאים לפנות לבית המשפט</p>
              </authorialNote>
            </heading>
            <num>39.</num>
            <content>
              <p>בכל ענין לפי חוק זה רשאי לפנות לבית המשפט כל נאמן, נהנה, יוצר הנאמנות או אדם אחר שמעונין בדבר; וכן רשאי היועץ המשפטי לממשלה או בא כוחו לפתוח בכל הליך לפי חוק זה, לרבות ערעור, ולהתייצב ולטעון בהליך כזה, בכל הנוגע לנאמנות ובכל דבר אחר שהוא סבור שיש בו ענין לציבור.</p>
            </content>
          </point>
          <point eId="point_40">
            <heading>
              <authorialNote placement="side">
                <p>ייצוג נהנה</p>
              </authorialNote>
            </heading>
            <num>40.</num>
            <content>
              <p>נהנה שמחמת גילו, מצב בריאותו או ליקוי רוחני או גופני אינו יכול לעמוד על זכויותיו, רשאי הנאמן הציבורי לייצגו כלפי הנאמן.</p>
            </content>
          </point>
          <point eId="point_41">
            <heading>
              <authorialNote placement="side">
                <p>אי־תחולה</p>
              </authorialNote>
            </heading>
            <num>41.</num>
            <list>
              <point eId="point_41__point_א">
                <num>(א)</num>
                <content>
                  <p>לגבי הקדש דתי שנוסד בפני בית דין דתי על פי הדין הדתי רשאי בית הדין הדתי להורות שהוראות חוק זה בענין יצירת הקדש ובענין ניהולו הפנימי לא יחולו עליו.</p>
                </content>
              </point>
              <point eId="point_41__point_ב">
                <num>(ב)</num>
                <content>
                  <p>שר המשפטים רשאי להורות, באישור ועדת החוקה חוק ומשפט של הכנסת, כי הוראות חוק זה, כולן או מקצתן, לא יחולו על הקדש שיצרו או נטלו חלק ביצירתו הנהלת ההסתדרות הציונית העולמית או הנהלת הסוכנות היהודית לארץ־ישראל, כמשמעותן <ref href="/akn/il/act/PrimaryOrSecondaryLegislation/UnknownWorkDate/חוק_מעמדן_של_ההסתדרות_הציונית_העולמית_ושל_הסוכנות_היהודית_לארץ_ישראל">בחוק מעמדן של ההסתדרות הציונית העולמית ושל הסוכנות היהודית לארץ־ישראל, תשי"ג–1952</ref>, לרבות קרן קיימת לישראל וקרן היסוד – המגבית המאוחדת לישראל.</p>
                </content>
              </point>
            </list>
          </point>
          <point eId="point_42">
            <heading>
              <authorialNote placement="side">
                <p>סייג לתחולה</p>
              </authorialNote>
            </heading>
            <num>42.</num>
            <content>
              <p>הוראות חוק זה יחולו כשאין בחוק אחר הוראות מיוחדות לענין הנדון.</p>
            </content>
          </point>
          <point eId="point_43">
            <heading>
              <authorialNote placement="side">
                <p>ביצוע ותקנות</p>
              </authorialNote>
            </heading>
            <num>43.</num>
            <list>
              <point eId="point_43__point_א">
                <num>(א)</num>
                <content>
                  <p>שר המשפטים ממונה על ביצוע חוק זה והוא רשאי להתקין תקנות לביצועו.<br xml:space="preserve" xmlns=""> </br><wikicomment font-size="x-small">פורסמו <ref href="/akn/il/act/SecondaryLegislation/1974-02-21/18165">תקנות ההקדשות לצרכי צדקה, תשל"ד–1974</ref>.</wikicomment></p>
                </content>
              </point>
              <point eId="point_43__point_ב">
                <num>(ב)</num>
                <content>
                  <p>שר המשפטים, באישור ועדת החוקה חוק ומשפט של הכנסת, רשאי לקבוע סכומי אגרת רישום, אגרה שנתית, וכן אגרות ותשלומים אחרים שיש לשלמם בשל פעולות ושירותים שנותן הרשם לפי חוק זה ורשאי הוא לפטור מתשלום אגרה או לקבוע סכומי אגרות ותשלומים שונים, לסוגי הקדש ציבורי, לפי אמות מידה שיקבע.</p>
                </content>
              </point>
            </list>
          </point>
          <point eId="point_44">
            <heading>
              <authorialNote placement="side">
                <p>הוראות מעבר</p>
              </authorialNote>
            </heading>
            <num>44.</num>
            <list>
              <point eId="point_44__point_א">
                <num>(א)</num>
                <content>
                  <p>הקדש שהיה קיים ערב תחילתו של חוק זה לפי פקודת ההקדשות לצרכי צדקה יראוהו כהקדש ציבורי ויחולו עליו הוראות חוק זה מתחילת חוק זה; התאגדו נאמניו של הקדש כזה לפי סעיף 36 לאותה פקודה, ימשיכו להוות תאגיד כאמור שם.</p>
                </content>
              </point>
              <point eId="point_44__point_ב">
                <num>(ב)</num>
                <content>
                  <p>מי שכיהן ערב תחילת חוק זה כמפקח על ההקדשות, יראוהו כאילו נתמנה רשם לפי חוק זה, ופנקס ההקדשות ופנקס החברות לתועלת הציבור שהתנהלו ערב תחילת חוק זה יראום כמתנהלים לפי חוק זה.</p>
                </content>
              </point>
            </list>
          </point>
          <point eId="point_45">
            <heading>
              <authorialNote placement="side">
                <p>ביטולים</p>
              </authorialNote>
            </heading>
            <num>45.</num>
            <list>
              <intro>
                <p>בטלות –</p>
              </intro>
              <point eId="point_45__point_1">
                <num>(1)</num>
                <content>
                  <p>פקודת ההקדשות לצרכי צדקה;</p>
                </content>
              </point>
              <point eId="point_45__point_2">
                <num>(2)</num>
                <content>
                  <p>פקודת עניני צדקה (הנאמן הציבורי).</p>
                </content>
              </point>
            </list>
          </point>
          <point eId="point_46">
            <heading>
              <authorialNote placement="side">
                <p>תחילה</p>
              </authorialNote>
            </heading>
            <num>46.</num>
            <content>
              <p>תחילתו של חוק זה תהיה ששה חדשים לאחר פרסומו ברשומות, למעט <ref href="#point_35">סעיף 35</ref> שתחילתו תהיה ביום כ"ט בשבט תשמ"א (3 בפברואר 1981).</p>
            </content>
          </point>
        </list>
      </chapter>
    </body>
    <conclusions eId="eId">
      <p class="signatures">
        <signature>
          <p>
            <person refersTo="מנחם_בגין">מנחם בגין</person>
            <role refersTo="ראש_הממשלה">ראש הממשלה</role>
          </p>
        </signature>
        <signature>
          <p>
            <person refersTo="שמואל_תמיר">שמואל תמיר</person>
            <role refersTo="שר_המשפטים">שר המשפטים</role>
          </p>
        </signature>
        <signature>
          <p>
            <person refersTo="יצחק_נבון">יצחק נבון</person>
            <role refersTo="נשיא_המדינה">נשיא המדינה</role>
          </p>
        </signature>
      </p>
    </conclusions>
  </act>
</akomaNtoso>