﻿<?xml version="1.0" encoding="utf-8"?>
<akomaNtoso xmlns="http://docs.oasis-open.org/legaldocml/ns/akn/3.0">
  <act contains="originalVersion" name="publicLaw">
    <meta>
      <identification source="#kensset">
        <FRBRWork>
          <FRBRthis value="/akn/il/act/PrimaryLegislation/1955-06-08/149841/main" />
          <FRBRuri value="/akn/il/act/PrimaryLegislation/1955-06-08/149841" />
          <FRBRdate date="1955-06-08" name="Generation" />
          <FRBRauthor href="#knesset" as="#author" />
          <FRBRcountry value="israel" />
        </FRBRWork>
        <FRBRExpression>
          <FRBRthis value="/akn/il/act/PrimaryLegislation/1955-06-08/149841/he@/main" />
          <FRBRuri value="/akn/il/act/PrimaryLegislation/1955-06-08/149841/he@" />
          <FRBRdate date="1955-06-08" name="Generation" />
          <FRBRauthor href="#knesset" as="#author" />
          <FRBRlanguage language="hebrew" />
        </FRBRExpression>
        <FRBRManifestation>
          <FRBRthis value="/akn/il/act/PrimaryLegislation/1955-06-08/149841/he@/main.xml" />
          <FRBRuri value="/akn/il/act/PrimaryLegislation/1955-06-08/149841/he@" />
          <FRBRdate date="1955-06-08" name="Generation" />
          <FRBRauthor href="#knesset" as="#author" />
          <FRBRformat value="xml" />
        </FRBRManifestation>
      </identification>
      <classification source="#kensset">
        <keyword value="{classificationValue}" showAs="{classificationValue}" dictionary="#classification_dictionary" />
      </classification>
      <lifecycle source="#kensset">
        <eventRef eId="eventRef_1" date="1955-06-08" source="#kensset" type="generation" />
      </lifecycle>
      <references source="#kensset">
        <TLCOrganization eId="kensset" href="/ontology/organization/akn/knesset" showAs="Kensset" type="generation" />
        <TLCRole eId="author" href="/ontology/role/akn/author" showAs="Author of Document" />
        <TLCProcess eId="inforce" href="/ontology/process/akn/inforce" showAs="In force" />
        <TLCTerm eId="term_1" href="/ontology/term/הספקת_מים/149841" showAs="הספקת_מים" />
        <TLCTerm eId="term_2" href="/ontology/term/הספקה_במדידה/149841" showAs="הספקה_במדידה" />
        <TLCTerm eId="term_3" href="/ontology/term/מנהל/149841" showAs="מנהל" />
        <TLCTerm eId="term_4" href="/ontology/term/הנציב/149841" showAs="הנציב" />
        <TLCTerm eId="term_5" href="/ontology/term/חוק_המים/149841" showAs="חוק_המים" />
        <TLCTerm eId="term_6" href="/ontology/term/מדידת_מים/149841" showAs="מדידת_מים" />
        <TLCTerm eId="term_7" href="/ontology/term/מועצת_הרשות_הממשלתית/149841" showAs="מועצת_הרשות_הממשלתית" />
        <TLCTerm eId="term_8" href="/ontology/term/מנהל_הרשות_הממשלתית/149841" showAs="מנהל_הרשות_הממשלתית" />
        <TLCPerson eId="משה_שרת" href="/ontology/person/משה_שרת" showAs="משה שרת" />
        <TLCPerson eId="פרץ_נפתלי" href="/ontology/person/פרץ_נפתלי" showAs="פרץ נפתלי" />
        <TLCPerson eId="יצחק_בן־צבי" href="/ontology/person/יצחק_בן־צבי" showAs="יצחק בן־צבי" />
        <TLCRole eId="ראש_הממשלה" href="ontology/role/akn/ראש_הממשלה" showAs="ראש הממשלה" />
        <TLCRole eId="שר_החקלאות" href="ontology/role/akn/שר_החקלאות" showAs="שר החקלאות" />
        <TLCRole eId="נשיא_המדינה" href="ontology/role/akn/נשיא_המדינה" showAs="נשיא המדינה" />
      </references>
      <temporalData source="#kensset">
        <temporalGroup eId="tmpg_1" />
      </temporalData>
      <Publication></Publication>
    </meta>
    <body period="#tmpg_1">
      <title eId="title">
        <content>
          <p>חוק מדידת מים, תשט"ו–1955</p>
        </content>
      </title>
      <list>
        <point eId="point_1" class="definitions">
          <heading>
            <authorialNote placement="side">
              <p>הגדרות</p>
            </authorialNote>
          </heading>
          <num>1.</num>
          <list>
            <intro>
              <p>בחוק זה –</p>
            </intro>
            <point eId="point_1__point_הספקת_מים">
              <content>
                <p>
                  <def />”הספקת מים“ – הפקת מים או הספקת מים בתמורה לשם צריכה;</p>
              </content>
            </point>
            <point eId="point_1__point_הספקה_במדידה">
              <content>
                <p>
                  <def />”הספקה במדידה“ – הספקת מים כשתמורתם מחושבת לפי יחידות כמות המים המסופקים או המופקים, לפי העניין;</p>
              </content>
            </point>
            <point eId="point_1__point_מנהל">
              <content>
                <p>
                  <def />”מנהל“ – <wikicomment font-size="x-small">(נמחקה);</wikicomment></p>
              </content>
            </point>
            <point eId="point_1__point_הנציב">
              <content>
                <p>
                  <def />”הנציב“ – <wikicomment font-size="x-small">(נמחקה);</wikicomment></p>
              </content>
            </point>
            <point eId="point_1__point_חוק_המים">
              <content>
                <p>
                  <def />”חוק המים“ – <ref href="/akn/il/act/PrimaryLegislation/1959-08-13/147956">חוק המים, תשי"ט–1959</ref>;</p>
              </content>
            </point>
            <point eId="point_1__point_מדידת_מים">
              <content>
                <p>
                  <def />”מדידת מים“ – מדידה של כמויות מים באמצעות מכשיר המונה וסוכם את כמויות המים המופקות או המסופקות;</p>
              </content>
            </point>
            <point eId="point_1__point_מועצת_הרשות_הממשלתית">
              <content>
                <p>
                  <def />”מועצת הרשות הממשלתית“ – מועצת הרשות הממשלתית למים וביוב, שהוקמה לפי <ref href="/akn/il/act/PrimaryLegislation/1959-08-13/147956#point_124טו">סעיף 124טו לחוק המים</ref>;</p>
              </content>
            </point>
            <point eId="point_1__point_מנהל_הרשות_הממשלתית">
              <content>
                <p>
                  <def />”מנהל הרשות הממשלתית“ – מנהל הרשות הממשלתית למים וביוב, שמונה לפי <ref href="/akn/il/act/PrimaryLegislation/1959-08-13/147956#point_124יט">סעיף 124יט לחוק המים</ref>.</p>
              </content>
            </point>
          </list>
        </point>
        <point eId="point_2">
          <heading>
            <authorialNote placement="side">
              <p>הספקה במדידה</p>
            </authorialNote>
          </heading>
          <num>2.</num>
          <list>
            <point eId="point_2__point_א">
              <num>(א)</num>
              <content>
                <p>לא יספק אדם מים, אלא במדידה.</p>
              </content>
            </point>
            <point eId="point_2__point_ב">
              <num>(ב)</num>
              <content>
                <p>מנהל הרשות הממשלתית רשאי, על פי הכללים שקבעה מועצת הרשות הממשלתית, לפטור אדם, או סוג צריכה, מהוראות סעיף זה, בין בתנאים ובין ללא תנאי.</p>
              </content>
            </point>
          </list>
        </point>
        <point eId="point_3">
          <heading>
            <authorialNote placement="side">
              <p>הספקה נפרדת ומשותפת</p>
            </authorialNote>
          </heading>
          <num>3.</num>
          <list>
            <point eId="point_3__point_א">
              <num>(א)</num>
              <content>
                <p>הספקה במדידה תהיה לכל צרכן לחוד.</p>
              </content>
            </point>
            <point eId="point_3__point_ב">
              <num>(ב)</num>
              <content>
                <p>מנהל הרשות הממשלתית רשאי, על פי כללים שקבעה מועצת הרשות הממשלתית, להתיר, בתנאים או בלא תנאי, הספקה משותפת במדידה למספר צרכנים; התיר מנהל הרשות הממשלתית כאמור וחלק מהצרכנים דרש מן המספק הספקה נפרדת, יסופקו המים לפי הדרישה, אולם הוצאות ההפרדה יחולו על הדורש.</p>
              </content>
            </point>
          </list>
        </point>
        <point eId="point_4">
          <heading>
            <authorialNote placement="side">
              <p>מדידת מים נצרכים או מופקים ממקורות מים</p>
            </authorialNote>
          </heading>
          <num>4.</num>
          <content>
            <p>מנהל הרשות הממשלתית רשאי, על פי כללים שקבעה מועצת הרשות הממשלתית לצוות על צרכן בעל מקור מים עצמי ועל מפיק ממקור מים למדוד, דרך כלל או למטרה מסויימת, את המים הנצרכים או המופקים מאותם מקורות; הצו יכול להינתן דרך כלל או ליחידים או לסוגים.</p>
          </content>
        </point>
        <point eId="point_5">
          <heading>
            <authorialNote placement="side">
              <p>המשך הספקה שלא במדידה</p>
            </authorialNote>
          </heading>
          <num>5.</num>
          <content>
            <p>מי שערב תחילתו של חוק זה סיפק מים שלא במדידה, רשאי להמשיך ולספקם כך כל עוד לא ניתן לו צו מדידה לפי <ref href="#point_6">סעיף 6</ref>, ובלבד שלא יספק לצרכנים נוספים על אלה שסיפק להם ערב תחילתו של חוק זה שלא במדידיה, אלא אם השר, או מי שהשר הסמיכו לכך, התיר זאת מטעמי בטחון המדינה.</p>
          </content>
        </point>
        <point eId="point_5א">
          <heading>
            <authorialNote placement="side">
              <p>איסור העברת חזקה</p>
            </authorialNote>
          </heading>
          <num>5א.</num>
          <content>
            <p>
              <תיאור>צו מדידה</תיאור>
            </p>
          </content>
        </point>
        <point eId="point_א">
          <num>(א)</num>
          <content>
            <p>מנהל הרשות הממשלתית רשאי, על פי הכללים שקבעה מועצת הרשות הממשלתית לצוות על מספק מים שלא במדידה לספקם במדידה או לאפשר לרשות המים הארצית כמשמעותה <ref href="/akn/il/act/PrimaryLegislation/1959-08-13/147956#point_46">בסעיף 46 לחוק המים</ref>, למדוד את המים המסופקים לו או על ידו; צו מדידה יכול להיות כללי או מסוייג, ורשאי מנהל הרשות הממשלתית, על פי הכללים כאממור להתנות בו תנאים ולהורות על אופן הביצוע, שלביו, מועדיו והפיקוח עליו.</p>
          </content>
        </point>
        <point eId="point_ב">
          <num>(ב)</num>
          <content>
            <p>
              <wikicomment font-size="x-small">(בוטל).</wikicomment>
            </p>
          </content>
        </point>
        <point eId="point_7">
          <heading>
            <authorialNote placement="side">
              <p>ממחיר המים וכמותם בביצוע מדידה</p>
            </authorialNote>
          </heading>
          <num>7.</num>
          <list>
            <point eId="point_7__point_א">
              <num>(א)</num>
              <content>
                <p>ניתן צו לפי <ref href="#point_6">סעיף 6</ref>, יסופקו המים במדידה, ומחיר יחידת כמות המים ייקבע בהסכמת הצדדים, או, באין הסכמה כזאת, לפי <ref href="#point_8">סעיף 8</ref>.</p>
              </content>
            </point>
            <point eId="point_7__point_ב">
              <num>(ב)</num>
              <content>
                <p>אין במתן צו לפי <ref href="#point_6">סעיף 6</ref> כדי לפגוע בזכותו של צרכן לקבל אותה כמות מים שהיה זכאי לקבלה ערב מתן הצו.</p>
              </content>
            </point>
          </list>
        </point>
        <point eId="point_8">
          <heading>
            <authorialNote placement="side">
              <p>ישוב סכסוכים</p>
            </authorialNote>
          </heading>
          <num>8.</num>
          <list>
            <point eId="point_8__point_א">
              <num>(א)</num>
              <content>
                <p>נתגלעו עקב הספקת המים במדידה חילוקי דעות בדבר מחיר יחידת כמות המים המסופקת במדידה, בין על פי צו מדידה ובין שלא על פי צו כזה, רשאי כל צד לפנות למנהל הרשות הממשלתית ולבקש הכרעה בדבר.</p>
              </content>
            </point>
            <point eId="point_8__point_ב">
              <num>(ב)</num>
              <content>
                <p>מנהל הרשות הממשלתית יכול למנות אחר במקומו להכריע בדבר.</p>
              </content>
            </point>
            <point eId="point_8__point_ג">
              <num>(ג)</num>
              <content>
                <p>מנהל הרשות הממשלתית, או מי שנתמנה על ידיו, לא יחליט בבקשה, אלא לאחר שנתן הזדמנות לצדדים לטעון טענותיהם ולהביא ראיותיהם בפניו – ויפעל בדרך שנראית לו מועילה ביותר לבירור הענין.</p>
              </content>
            </point>
            <point eId="point_8__point_ד">
              <num>(ד)</num>
              <content>
                <p>מנהל הרשות הממשלתית, או מי שנתמנה על ידיו כאמור בסעיף קטן (ב), יהיו מוסמכים בכל הסמכויות שאפשר להעניק לועדת חקירה לפי <ref href="/akn/il/act/PrimaryLegislation/1969-01-08/147339#point_9">סעיף 5 לפקודת ועדות חקירה</ref>.</p>
              </content>
            </point>
            <point eId="point_8__point_ה">
              <num>(ה)</num>
              <content>
                <p>בהחלטה לפי סעיף זה רשאי מנהל הרשות הממשלתית, או מי שנתמנה על ידיו, כאמור בסעיף קטן (ב), להטיל את ההוצאות הכרוכות ביישוב הסכסוך על אחד הצדדים או לחלקן בין כולם או בין אחדים מהם בחלקים שימצא לנכון.</p>
              </content>
            </point>
            <point eId="point_8__point_ו">
              <num>(ו)</num>
              <content>
                <p>כל צד רשאי, תוך ארבעה עשר יום מיום שנמסרה לו בכתב החלטת מנהל הרשות הממשלתית, או מי שנתמנה על ידיו כאמור בסעיף קטן (ב), לערור עליה בפני בית דין לעניני מים שהוקם על פי <ref href="/akn/il/act/PrimaryLegislation/1959-08-13/147956#point_140">סעיף 140 לחוק המים, תשי"ט–1959</ref><ref href="/akn/il/act/PrimaryLegislation/1959-08-13/147956#point_142">וסעיפים 142–145 לחוק האמור</ref> יחולו, בשינויים המחוייבים, על ערר כאמור.</p>
              </content>
            </point>
            <point eId="point_8__point_ז">
              <num>(ז)</num>
              <content>
                <p>החלטת בית הדין, והחלטת מנהל הרשות הממשלתית או מי שנתמנה על ידיו, כאמור בסעיף קטן(ב) שלא הוגש עליה ערר, היא סופית, ורואים אותה כהסכם בין הצדדים.</p>
              </content>
            </point>
          </list>
        </point>
        <point eId="point_9">
          <heading>
            <authorialNote placement="side">
              <p xml:space="preserve"> </p>
            </authorialNote>
          </heading>
          <num>9.</num>
          <content>
            <p>
              <wikicomment font-size="x-small">(בוטל).</wikicomment>
            </p>
          </content>
        </point>
        <point eId="point_10">
          <heading>
            <authorialNote placement="side">
              <p>פיקוח</p>
            </authorialNote>
          </heading>
          <num>10.</num>
          <content>
            <p>מנהל הרשות הממשלתית, או מי שהוסמך על ידיו לענין זה, רשאי להיכנס בכל עת סבירה, לכל מקום שמצויים בו מיתקנים להספקתם, החסנתם, הובלתם, חלוקתם או מדידתם של מים, על מנת לבדוק קיום ההוראות לפי חוק זה והתקנות שהותקנו והצווים שניתנו על פיו.</p>
          </content>
        </point>
        <point eId="point_11">
          <heading>
            <authorialNote placement="side">
              <p>עבירות</p>
            </authorialNote>
          </heading>
          <num>11.</num>
          <list>
            <point eId="point_11__point_א">
              <num>(א)</num>
              <content>
                <p>לא יפגע אדם בזדון במד־מים, ולא יעשה בו מעשה העלול לגרום לזיוף המדידה.</p>
              </content>
            </point>
            <point eId="point_11__point_ב">
              <num>(ב)</num>
              <content>
                <p>לא יפריע אדם למנהל הרשות הממשלתית, לממונה לפי <ref href="#point_8">סעיף 8</ref> ולמי שהוסמך על ידי מנהל הרשות הממשלתית לפי <ref href="#point_10">סעיף 10</ref>, בביצוע תפקידם.</p>
              </content>
            </point>
          </list>
        </point>
        <point eId="point_11א">
          <heading>
            <authorialNote placement="side">
              <p>סמכויות מנהל הרשות הממשלתית</p>
            </authorialNote>
          </heading>
          <num>11א.</num>
          <content>
            <p>לא הותקן מד־מים בהתאם להוראות חוק זה, רשאי מנהל הרשות הממשלתית, לאחר התראה בכתב של שלושה חדשים לפחות, להתקין את מד־המים ולגבות, ממי שהיה חייב בהתקנתו, את מחירו ואת ההוצאות הסבירות של התקנתו; המחיר וההוצאות כאמור ייגבו על פי <ref href="/akn/il/act/PrimaryLegislation/1933-12-31/2001803">פקודת המסים (גביה)</ref>, אלא <ref href="/akn/il/act/PrimaryLegislation/1933-12-31/2001803#point_12">שסעיף 12 לאותה פקודה</ref> לא יחול.</p>
          </content>
        </point>
        <point eId="point_12">
          <heading>
            <authorialNote placement="side">
              <p>עונשין</p>
            </authorialNote>
          </heading>
          <num>12.</num>
          <content>
            <p>העובר על הוראה מהוראות חוק זה או על תקנה שהותקנה לפיו, דינו – מאסר ששה חדשים או קנס אלף לירות, או שני הענשים כאחד.</p>
          </content>
        </point>
        <point eId="point_13">
          <heading>
            <authorialNote placement="side">
              <p>כללים</p>
            </authorialNote>
          </heading>
          <num>13.</num>
          <list>
            <intro>
              <p>מועצת הרשות רשאית לקבוע כללים בדבר –</p>
            </intro>
            <point eId="point_13__point_1">
              <num>(1)</num>
              <content>
                <p>התקנת מדי־מים, החלפתם, החזקתם והטיפול בהם, החובות והזכויות ההדדיים שבין הספקים והצרכנים בקשר לפעולות האמורות, וחיובם לשאת בהוצאותיהן;</p>
              </content>
            </point>
            <point eId="point_13__point_2">
              <num>(2)</num>
              <content>
                <p>דרכי יישוב סכסוכים הכרוכים בביצוע כללים לפי פסקה (1); אולם אין בכללים לענין פרט זה כדי לפגוע בזכותו של צד לפנות לבית משפט באותו ענין
לפני התחלת הטיפול ביישוב הסכסוך לפיהן;</p>
              </content>
            </point>
            <point eId="point_13__point_3">
              <num>(3)</num>
              <content>
                <p>מדידה נפרדת לסוגי צריכה שונים;</p>
              </content>
            </point>
            <point eId="point_13__point_4">
              <num>(4)</num>
              <content>
                <p>הטלת חובה על אדם למסור פרטים, ולהגיש תסקירים בנוגע למים שהוא מפיק, הספקתם או צריכתם;</p>
              </content>
            </point>
            <point eId="point_13__point_5">
              <num>(5)</num>
              <content>
                <p>אגרות בעד בקשות לפי <ref href="#point_8">סעיף 8</ref>;</p>
              </content>
            </point>
            <point eId="point_13__point_6">
              <num>(6)</num>
              <content>
                <p>מפרטים וכללים טכניים הדרושים לענין פסקה (1) ובדבר פיטורם מהצורך בפרסום ברשומות, ובלבד שיצויינו מקום הפקדתם של אותם מפרטים וכללים וזכותו של כל אדם לעיין בהם ללא כל תשלום.</p>
              </content>
            </point>
          </list>
        </point>
        <point eId="point_13א">
          <heading>
            <authorialNote placement="side">
              <p>ביצוע ותקנות</p>
            </authorialNote>
          </heading>
          <num>13א.</num>
          <content>
            <p>שר התשתיות הלאומיות ממונה על ביצוע חוק זה, והוא רשאי להתקין תקנות בכל הנוגע לביצועו, למעט בענינים שבהם מוסמכת מועצת הרשות הממשלתית לפי חוק זה לקבוע כללים.</p>
          </content>
        </point>
        <point eId="point_14">
          <heading>
            <authorialNote placement="side">
              <p>דין המדינה</p>
            </authorialNote>
          </heading>
          <num>14.</num>
          <content>
            <p>לענין חוק זה דין המדינה כדין כל אדם.</p>
          </content>
        </point>
      </list>
    </body>
    <conclusions eId="eId">
      <p class="signatures">
        <signature>
          <p>
            <person refersTo="משה_שרת">משה שרת</person>
            <role refersTo="ראש_הממשלה">ראש הממשלה</role>
          </p>
        </signature>
        <signature>
          <p>
            <person refersTo="פרץ_נפתלי">פרץ נפתלי</person>
            <role refersTo="שר_החקלאות">שר החקלאות</role>
          </p>
        </signature>
        <signature>
          <p>
            <person refersTo="יצחק_בן־צבי">יצחק בן־צבי</person>
            <role refersTo="נשיא_המדינה">נשיא המדינה</role>
          </p>
        </signature>
      </p>
    </conclusions>
  </act>
</akomaNtoso>