﻿<?xml version="1.0" encoding="utf-8"?>
<akomaNtoso xmlns="http://docs.oasis-open.org/legaldocml/ns/akn/3.0">
  <act contains="originalVersion" name="publicLaw">
    <meta>
      <identification source="#kensset">
        <FRBRWork>
          <FRBRthis value="/akn/il/act/PrimaryLegislation/1964-02-13/148459/main" />
          <FRBRuri value="/akn/il/act/PrimaryLegislation/1964-02-13/148459" />
          <FRBRdate date="1964-02-13" name="Generation" />
          <FRBRauthor href="#knesset" as="#author" />
          <FRBRcountry value="israel" />
        </FRBRWork>
        <FRBRExpression>
          <FRBRthis value="/akn/il/act/PrimaryLegislation/1964-02-13/148459/he@/main" />
          <FRBRuri value="/akn/il/act/PrimaryLegislation/1964-02-13/148459/he@" />
          <FRBRdate date="1964-02-13" name="Generation" />
          <FRBRauthor href="#knesset" as="#author" />
          <FRBRlanguage language="hebrew" />
        </FRBRExpression>
        <FRBRManifestation>
          <FRBRthis value="/akn/il/act/PrimaryLegislation/1964-02-13/148459/he@/main.xml" />
          <FRBRuri value="/akn/il/act/PrimaryLegislation/1964-02-13/148459/he@" />
          <FRBRdate date="1964-02-13" name="Generation" />
          <FRBRauthor href="#knesset" as="#author" />
          <FRBRformat value="xml" />
        </FRBRManifestation>
      </identification>
      <classification source="#kensset">
        <keyword value="{classificationValue}" showAs="{classificationValue}" dictionary="#classification_dictionary" />
      </classification>
      <lifecycle source="#kensset">
        <eventRef eId="eventRef_1" date="1964-02-13" source="#kensset" type="generation" />
      </lifecycle>
      <references source="#kensset">
        <TLCOrganization eId="kensset" href="/ontology/organization/akn/knesset" showAs="Kensset" type="generation" />
        <TLCRole eId="author" href="/ontology/role/akn/author" showAs="Author of Document" />
        <TLCProcess eId="inforce" href="/ontology/process/akn/inforce" showAs="In force" />
        <TLCTerm eId="term_1" href="/ontology/term/שיכון_ציבורי/148459" showAs="שיכון_ציבורי" />
        <TLCTerm eId="term_2" href="/ontology/term/בנין/148459" showAs="בנין" />
        <TLCTerm eId="term_3" href="/ontology/term/משתכן/148459" showAs="משתכן" />
        <TLCTerm eId="term_4" href="/ontology/term/פעולת_רישום/148459" showAs="פעולת_רישום" />
        <TLCPerson eId="לוי_אשכול" href="/ontology/person/לוי_אשכול" showAs="לוי אשכול" />
        <TLCPerson eId="יוסף_אלמוגי" href="/ontology/person/יוסף_אלמוגי" showAs="יוסף אלמוגי" />
        <TLCPerson eId="שניאור_זלמן_שזר" href="/ontology/person/שניאור_זלמן_שזר" showAs="שניאור זלמן שזר" />
        <TLCRole eId="ראש_הממשלה" href="ontology/role/akn/ראש_הממשלה" showAs="ראש הממשלה" />
        <TLCRole eId="שר_השיכון" href="ontology/role/akn/שר_השיכון" showAs="שר השיכון" />
        <TLCRole eId="נשיא_המדינה" href="ontology/role/akn/נשיא_המדינה" showAs="נשיא המדינה" />
      </references>
      <temporalData source="#kensset">
        <temporalGroup eId="tmpg_1" />
      </temporalData>
      <Publication></Publication>
    </meta>
    <body period="#tmpg_1">
      <title eId="title">
        <content>
          <p>חוק רישום שיכונים ציבוריים (הוראת שעה), תשכ"ד–1964</p>
        </content>
      </title>
      <list>
        <point eId="point_1" class="definitions">
          <heading>
            <authorialNote placement="side">
              <p>הגדרות</p>
            </authorialNote>
          </heading>
          <num>1.</num>
          <list>
            <intro>
              <p>בחוק זה –</p>
            </intro>
            <point eId="point_1__point_שיכון_ציבורי">
              <content>
                <p>
                  <def />”שיכון ציבורי“ – <wikicomment font-size="x-small">(בוטלה);</wikicomment></p>
              </content>
            </point>
            <point eId="point_1__point_בנין">
              <content>
                <p>
                  <def />”בנין“ – מבנה של קבע או חלק ממנו;</p>
              </content>
            </point>
            <point eId="point_1__point_משתכן">
              <content>
                <p>
                  <def />”משתכן“ – מי שעל שמו נרשמת, רישום ראשון, בעלות או חכירה בבנין או בחלק מבנין שבשיכון ציבורי לאחר שהרישום הותר מכוח חוק זה;</p>
              </content>
            </point>
            <point eId="point_1__point_פעולת_רישום">
              <list>
                <intro>
                  <p>
                    <def />”פעולת רישום“ – אחת מאלה:</p>
                </intro>
                <point eId="point_1__point_פעולת_רישום__point_1">
                  <num>(1)</num>
                  <content>
                    <p>רישום עסקה במקרקעין שאושרו כשיכון ציבורי לזכות מי שאינו משתכן, לרבות רישום זיקת הנאה, איחוד, חלוקה או פיצול, רישום בית בפנקס הבתים המשותפים, רישום תקנון של בית משותף לפי הוראות <ref href="/akn/il/act/PrimaryLegislation/1969-07-27/148008">חוק המקרקעין, תשכ"ט–1969</ref> (להלן – חוק המקרקעין), ובלבד שרישום זה נעשה לשם מילוי התחייבות של המדינה או של מי שפועל מטעמה או ביזמתה;</p>
                  </content>
                </point>
                <point eId="point_1__point_פעולת_רישום__point_2">
                  <num>(2)</num>
                  <content>
                    <p>רישום עסקה במקרקעין לזכות משתכן ורישום משכנתה להבטחת תשלום הלוואה שניתנה על ידי המדינה, או על פי הסכם עם המדינה, לשם מימון הקמת השיכון הציבורי, ובלבד שרישום המשכנתה נעשה אגב רישום בעלות או שכירות לזכות המשתכן.</p>
                  </content>
                </point>
              </list>
            </point>
          </list>
        </point>
        <point eId="point_1א">
          <heading>
            <authorialNote placement="side">
              <p>שיכון ציבורי</p>
            </authorialNote>
          </heading>
          <num>1א.</num>
          <list>
            <point eId="point_1א__point_א">
              <num>(א)</num>
              <content>
                <p>מקרקעין שהוקמו עליהם בנינים בידי המדינה או מטעמה או ביזמתה או שהמדינה רכשה בנינים שעליהם, ושנכללו בתכנית שאושרה לפי <ref href="/akn/il/act/PrimaryLegislation/1965-08-12/148917">חוק התכנון והבניה, תשכ"ה–1965</ref> (להלן – חוק התכנון), עד יום י"ד בטבת התש"ע (31 בדצמבר 2009) ובנייתם החלה בתוך שנתיים ממועד אישור התכנית כאמור, רשאי שר הבינוי והשיכון, או מי שהוא הסמיך לכך, לאשר את המקרקעין או את הבנינים כשיכון ציבורי; הודעה על האישור תפורסם ברשומות.</p>
              </content>
            </point>
            <point eId="point_1א__point_ב">
              <num>(ב)</num>
              <content>
                <p>בנין שנרכש על־ידי המדינה לא יאושר כשיכון ציבורי אלא לאחר ששולמו כל תשלומי החובה החלים על הבנין ומגיעים מהמוכר למדינה או לרשות המקומית עד יום רכישתו.</p>
              </content>
            </point>
          </list>
        </point>
        <point eId="point_2">
          <heading>
            <authorialNote placement="side">
              <p xml:space="preserve"> </p>
            </authorialNote>
          </heading>
          <num>2.</num>
          <content>
            <p>
              <wikicomment font-size="x-small">(בוטל).</wikicomment>
            </p>
          </content>
        </point>
        <point eId="point_3">
          <heading>
            <authorialNote placement="side">
              <p xml:space="preserve"> </p>
            </authorialNote>
          </heading>
          <num>3.</num>
          <content>
            <p>
              <wikicomment font-size="x-small">(בוטל).</wikicomment>
            </p>
          </content>
        </point>
        <point eId="point_4">
          <heading>
            <authorialNote placement="side">
              <p xml:space="preserve"> </p>
            </authorialNote>
          </heading>
          <num>4.</num>
          <content>
            <p>
              <wikicomment font-size="x-small">(בוטל).</wikicomment>
            </p>
          </content>
        </point>
        <point eId="point_5">
          <heading>
            <authorialNote placement="side">
              <p xml:space="preserve"> </p>
            </authorialNote>
          </heading>
          <num>5.</num>
          <content>
            <p>
              <wikicomment font-size="x-small">(בוטל).</wikicomment>
            </p>
          </content>
        </point>
        <point eId="point_6">
          <heading>
            <authorialNote placement="side">
              <p>אי חלות חיקוקים</p>
            </authorialNote>
          </heading>
          <num>6.</num>
          <list>
            <point eId="point_6__point_א">
              <num>(א)</num>
              <content>
                <p>הוראת כל חיקוק האוסרת פעולת רישום כל עוד לא הוכח ששולמו המסים, הארנונות, ההיטלים ותשלומי החובה האחרים, המגיעים למדינה או לרשות מקומית (לכל אלה ייקרא להלן – תשלומי חובה), לא תמנע פעולת רישום.</p>
              </content>
            </point>
            <point eId="point_6__point_ב">
              <num>(ב)</num>
              <content>
                <p>בשיכון ציבורי, שבו הבעלות או החכירה הראשית נרשמת לזכות תאגיד, יחול האמור בסעיף קטן (א) הן על התאגיד והן על כל אדם הזכאי כלפי התאגיד לרישום זכות בשיכון הציבורי, ובלבד שהבקשה לרישום אותה זכות הוגשה יחד עם בקשת התאגיד לרישום בעלותו או חכירתו.</p>
              </content>
            </point>
          </list>
        </point>
        <point eId="point_7">
          <heading>
            <authorialNote placement="side">
              <p>רישום הערה בפנקסים</p>
            </authorialNote>
          </heading>
          <num>7.</num>
          <list>
            <point eId="point_7__point_א">
              <num>(א)</num>
              <content>
                <p>היתה פעולת רישום מתבצעת ולא הוכח ששולמו תשלומי החובה, ירשום רשם המקרקעין בפנקס המקרקעין הערה שתשלומי החובה שחייב בהם המשתכן לא שולמו; נוכח הרשם ששולמו תשלומי החובה שלגביהם נרשמה ההערה – ימחוק אותה.</p>
              </content>
            </point>
            <point eId="point_7__point_ב">
              <num>(ב)</num>
              <list>
                <intro>
                  <p>על אף האמור <ref href="/akn/il/act/PrimaryLegislation/1933-12-31/2001803">בפקודת המסים (גביה)</ref> ובכל דין אחר, משנרשמו מקרקעין על שם משתכן –</p>
                </intro>
                <point eId="point_7__point_ב__point_1">
                  <num>(1)</num>
                  <content>
                    <p>בטל כל שעבוד להבטחת תשלום חובה המגיע בשל המקרקעין ממי שהחזיק אותם לפני המשתכן;</p>
                  </content>
                </point>
                <point eId="point_7__point_ב__point_2">
                  <num>(2)</num>
                  <content>
                    <p>במקום שרישום עסקה במקרקעין מותנית על־פי חיקוק בהגשת אישור של רשות בדבר סילוק תשלומי חובה, לא יידרש, לענין רישום עסקת המשתכן בהם, אלא אישור לגבי תשלומי החובה המגיעים ממנו, ורשות שנדרשה ליתן אישור כאמור לא תתנה את נתינתה אלא בסילוק תשלומי החובה המגיעים מהמשתכן.</p>
                  </content>
                </point>
              </list>
            </point>
          </list>
        </point>
        <point eId="point_8">
          <heading>
            <authorialNote placement="side">
              <p xml:space="preserve"> </p>
            </authorialNote>
          </heading>
          <num>8.</num>
          <content>
            <p>
              <wikicomment font-size="x-small">(בוטל).</wikicomment>
            </p>
          </content>
        </point>
        <point eId="point_9">
          <heading>
            <authorialNote placement="side">
              <p xml:space="preserve"> </p>
            </authorialNote>
          </heading>
          <num>9.</num>
          <content>
            <p>
              <wikicomment font-size="x-small">(בוטל).</wikicomment>
            </p>
          </content>
        </point>
        <point eId="point_10">
          <heading>
            <authorialNote placement="side">
              <p xml:space="preserve"> </p>
            </authorialNote>
          </heading>
          <num>10.</num>
          <content>
            <p>
              <wikicomment font-size="x-small">(בוטל).</wikicomment>
            </p>
          </content>
        </point>
        <point eId="point_11">
          <heading>
            <authorialNote placement="side">
              <p xml:space="preserve"> </p>
            </authorialNote>
          </heading>
          <num>11.</num>
          <content>
            <p>
              <wikicomment font-size="x-small">(בוטל).</wikicomment>
            </p>
          </content>
        </point>
        <point eId="point_12">
          <heading>
            <authorialNote placement="side">
              <p>ראיות</p>
            </authorialNote>
          </heading>
          <num>12.</num>
          <content>
            <p>אושרו בניינים כשיכון ציבורי לפי האמור <ref href="#point_1א">בסעיף 1א</ref>, ישמש האישור ראיה חותכת לכך שהבניינים הוקמו על ידי המדינה או מטעמה או ביוזמתה, נכללו בתכנית שאושרה לפי <ref href="/akn/il/act/PrimaryLegislation/1965-08-12/148917">חוק התכנון</ref> עד יום י"ד בטבת התש"ע (31 בדצמבר 2009), ושבנייתם החלה בתוך שנתיים ממועד אישור התכנית.</p>
          </content>
        </point>
        <point eId="point_13">
          <heading>
            <authorialNote placement="side">
              <p>ביצוע ותקנות</p>
            </authorialNote>
          </heading>
          <num>13.</num>
          <content>
            <p>שר הבינוי והשיכון ממונה על ביצוע חוק זה והוא רשאי, בהסכמת שר הפנים, להתקין תקנות לביצועו.</p>
          </content>
        </point>
      </list>
    </body>
    <conclusions eId="eId">
      <p class="signatures">
        <signature>
          <p>
            <person refersTo="לוי_אשכול">לוי אשכול</person>
            <role refersTo="ראש_הממשלה">ראש הממשלה</role>
          </p>
        </signature>
        <signature>
          <p>
            <person refersTo="יוסף_אלמוגי">יוסף אלמוגי</person>
            <role refersTo="שר_השיכון">שר השיכון</role>
          </p>
        </signature>
        <signature>
          <p>
            <person refersTo="שניאור_זלמן_שזר">שניאור זלמן שזר</person>
            <role refersTo="נשיא_המדינה">נשיא המדינה</role>
          </p>
        </signature>
      </p>
    </conclusions>
  </act>
</akomaNtoso>