﻿<?xml version="1.0" encoding="utf-8"?>
<akomaNtoso xmlns="http://docs.oasis-open.org/legaldocml/ns/akn/3.0">
  <act contains="originalVersion" name="publicLaw">
    <meta>
      <identification source="#kensset">
        <FRBRWork>
          <FRBRthis value="/akn/il/act/PrimaryLegislation/1985-08-07/150632/main" />
          <FRBRuri value="/akn/il/act/PrimaryLegislation/1985-08-07/150632" />
          <FRBRdate date="1985-08-07" name="Generation" />
          <FRBRauthor href="#knesset" as="#author" />
          <FRBRcountry value="israel" />
        </FRBRWork>
        <FRBRExpression>
          <FRBRthis value="/akn/il/act/PrimaryLegislation/1985-08-07/150632/he@/main" />
          <FRBRuri value="/akn/il/act/PrimaryLegislation/1985-08-07/150632/he@" />
          <FRBRdate date="1985-08-07" name="Generation" />
          <FRBRauthor href="#knesset" as="#author" />
          <FRBRlanguage language="hebrew" />
        </FRBRExpression>
        <FRBRManifestation>
          <FRBRthis value="/akn/il/act/PrimaryLegislation/1985-08-07/150632/he@/main.xml" />
          <FRBRuri value="/akn/il/act/PrimaryLegislation/1985-08-07/150632/he@" />
          <FRBRdate date="1985-08-07" name="Generation" />
          <FRBRauthor href="#knesset" as="#author" />
          <FRBRformat value="xml" />
        </FRBRManifestation>
      </identification>
      <classification source="#kensset">
        <keyword value="{classificationValue}" showAs="{classificationValue}" dictionary="#classification_dictionary" />
      </classification>
      <lifecycle source="#kensset">
        <eventRef eId="eventRef_1" date="1985-08-07" source="#kensset" type="generation" />
      </lifecycle>
      <references source="#kensset">
        <TLCOrganization eId="kensset" href="/ontology/organization/akn/knesset" showAs="Kensset" type="generation" />
        <TLCRole eId="author" href="/ontology/role/akn/author" showAs="Author of Document" />
        <TLCProcess eId="inforce" href="/ontology/process/akn/inforce" showAs="In force" />
        <TLCTerm eId="term_1" href="/ontology/term/אזור_אילת/150632" showAs="אזור_אילת" />
        <TLCTerm eId="term_2" href="/ontology/term/אזור_חבל_אילות/150632" showAs="אזור_חבל_אילות" />
        <TLCTerm eId="term_3" href="/ontology/term/אזור_נמל_חפשי/150632" showAs="אזור_נמל_חפשי" />
        <TLCTerm eId="term_4" href="/ontology/term/תושב_אזור_אילת/150632" showAs="תושב_אזור_אילת" />
        <TLCTerm eId="term_5" href="/ontology/term/יבוא_לאזור_אילת/150632" showAs="יבוא_לאזור_אילת" />
        <TLCTerm eId="term_6" href="/ontology/term/שירותי_תיירות_מסויימים/150632" showAs="שירותי_תיירות_מסויימים" />
        <TLCTerm eId="term_7" href="/ontology/term/חוק_מע''מ/150632" showAs="חוק_מע''מ" />
        <TLCTerm eId="term_8" href="/ontology/term/הפקודה/150632" showAs="הפקודה" />
        <TLCTerm eId="term_9" href="/ontology/term/מס_ערך_מוסף/150632" showAs="מס_ערך_מוסף" />
        <TLCTerm eId="term_10" href="/ontology/term/מסים_עקיפים/150632" showAs="מסים_עקיפים" />
        <TLCTerm eId="term_11" href="/ontology/term/המנהל/150632" showAs="המנהל" />
        <TLCTerm eId="term_12" href="/ontology/term/הכנסת_עבודה/150632" showAs="הכנסת_עבודה" />
        <TLCTerm eId="term_13" href="/ontology/term/קרוב/150632" showAs="קרוב" />
        <TLCTerm eId="term_14" href="/ontology/term/בעל_שליטה/150632" showAs="בעל_שליטה" />
        <TLCPerson eId="שמעון_פרס" href="/ontology/person/שמעון_פרס" showAs="שמעון פרס" />
        <TLCPerson eId="יצחק_מודעי" href="/ontology/person/יצחק_מודעי" showAs="יצחק מודעי" />
        <TLCPerson eId="חיים_הרצוג" href="/ontology/person/חיים_הרצוג" showAs="חיים הרצוג" />
        <TLCRole eId="ראש_הממשלה" href="ontology/role/akn/ראש_הממשלה" showAs="ראש הממשלה" />
        <TLCRole eId="שר_האוצר" href="ontology/role/akn/שר_האוצר" showAs="שר האוצר" />
        <TLCRole eId="נשיא_המדינה" href="ontology/role/akn/נשיא_המדינה" showAs="נשיא המדינה" />
      </references>
      <temporalData source="#kensset">
        <temporalGroup eId="tmpg_1" />
      </temporalData>
      <Publication></Publication>
    </meta>
    <body period="#tmpg_1">
      <title eId="title">
        <content>
          <p>חוק אזור סחר חפשי באילת (פטורים והנחות ממסים), התשמ"ה–1985</p>
        </content>
      </title>
      <chapter eId="chp_א">
        <num>פרק א׳:</num>
        <title>
          <content>
            <p>פרשנות</p>
          </content>
        </title>
        <list>
          <point eId="point_1" class="definitions">
            <heading>
              <authorialNote placement="side">
                <p>הגדרות</p>
              </authorialNote>
            </heading>
            <num>1.</num>
            <list>
              <intro>
                <p>בחוק זה –</p>
              </intro>
              <point eId="point_1__point_אזור_אילת">
                <content>
                  <p>
                    <def />”אזור אילת“ – תחום העיר אילת; ולגבי שירותי תיירות מסויימים, עד קו רוחב 924;</p>
                </content>
              </point>
              <point eId="point_1__point_אזור_חבל_אילות">
                <content>
                  <p>
                    <def />”אזור חבל אילות“ – תחום המועצה המקומית חבל אילות כמשמעותו לפי <ref href="/akn/il/act/PrimaryLegislation/1941-12-18/2001788">פקודת המועצות המקומיות</ref>;</p>
                </content>
              </point>
              <point eId="point_1__point_אזור_נמל_חפשי">
                <content>
                  <p>
                    <def />”אזור נמל חפשי“ – כמשמעותו <ref href="/akn/il/act/PrimaryLegislation/1969-07-25/150229">בחוק אזורי נמל חפשיים, התשכ"ט–1969</ref>;</p>
                </content>
              </point>
              <point eId="point_1__point_תושב_אזור_אילת">
                <list>
                  <intro>
                    <p>
                      <def />”תושב אזור אילת“ –</p>
                  </intro>
                  <point eId="point_1__point_תושב_אזור_אילת__point_1">
                    <num>(1)</num>
                    <content>
                      <p>יחיד שמקום מגוריו הקבוע הוא בתחום העיר אילת או באזור אילת והתגורר שם לפחות שלושה חדשים רצופים לפני שהוא מבקש הטבה לפי חוק זה;</p>
                    </content>
                  </point>
                  <point eId="point_1__point_תושב_אזור_אילת__point_2">
                    <num>(2)</num>
                    <content>
                      <p>חבר־בני־אדם כמשמעותו <ref href="/akn/il/act/PrimaryOrSecondaryLegislation/UnknownWorkDate/פקודת_מס_הכנסה">בפקודה</ref> שיש לו עסק באזור אילת – לגבי אותו עסק, בתנאי שנרשם באילת כעוסק לענין <ref href="/akn/il/act/PrimaryLegislation/1976-01-06/147931">חוק מע"מ</ref> לגבי העסק האמור ובתנאים אחרים שנקבעו;</p>
                    </content>
                  </point>
                </list>
              </point>
              <point eId="point_1__point_יבוא_לאזור_אילת">
                <content>
                  <p>
                    <def />”יבוא לאזור אילת“ – יבוא טובין במישרין לאזור אילת, לרבות יבוא דרך אזור נמל חפשי אילת, ולרבות יבוא דרך מקום אחר בישראל כאשר הטובין מועברים לאזור אילת בפיקוח רשות המכס;</p>
                </content>
              </point>
              <point eId="point_1__point_שירותי_תיירות_מסויימים">
                <content>
                  <p>
                    <def />”שירותי תיירות מסויימים“ – שירותי תיירות, כמשמעותם <ref href="/akn/il/act/PrimaryLegislation/1976-07-07/148753">בחוק שירותי תיירות, התשל"ו–1976</ref>, המפורטים <ref href="#appendix_1">בתוספת הראשונה</ref>, וכן זכות כניסה לשמורת טבע כהגדרתה <ref href="/akn/il/act/PrimaryLegislation/1998-04-05/164212">בחוק גנים לאומיים, שמורות טבע, אתרים לאומיים ואתרי הנצחה, התשנ"ב–1992</ref>;</p>
                </content>
              </point>
              <point eId="point_1__point_חוק_מעמ">
                <content>
                  <p>
                    <def />”חוק מע"מ“ – <ref href="/akn/il/act/PrimaryLegislation/1976-01-06/147931">חוק מס ערך מוסף, התשל"ו–1975</ref>;</p>
                </content>
              </point>
              <point eId="point_1__point_הפקודה">
                <content>
                  <p>
                    <def />”הפקודה“ – <ref href="/akn/il/act/PrimaryOrSecondaryLegislation/UnknownWorkDate/פקודת_מס_הכנסה">פקודת מס הכנסה</ref>;</p>
                </content>
              </point>
              <point eId="point_1__point_מס_ערך_מוסף">
                <content>
                  <p>
                    <def />”מס ערך מוסף“ – לרבות מס בלו מוסף החל ביהודה, שומרון וחבל עזה;</p>
                </content>
              </point>
              <point eId="point_1__point_מסים_עקיפים">
                <content>
                  <p>
                    <def />”מסים עקיפים“ – מכס, מס קניה, בלו או היטל לפי <ref href="/akn/il/act/PrimaryOrSecondaryLegislation/UnknownWorkDate/תקנות_שעת_חירום_תשלומי_חובה">תקנות שעת חירום (תשלומי חובה), התשי"ח–1958</ref>, וכן הפקדה על פי <ref href="/akn/il/act/PrimaryLegislation/1979-03-29/2002276">פקודת היבוא והיצוא [נוסח חדש], התשל"ט–1979</ref>;</p>
                </content>
              </point>
              <point eId="point_1__point_המנהל">
                <content>
                  <p>
                    <def />”המנהל“ – המנהל כהגדרתו <ref href="/akn/il/act/PrimaryOrSecondaryLegislation/UnknownWorkDate/פקודת_מס_הכנסה#point_1">בסעיף 1 בפקודה</ref>.</p>
                </content>
              </point>
            </list>
          </point>
          <point eId="point_2">
            <heading>
              <authorialNote placement="side">
                <p>פרשנות ושמירת דינים</p>
              </authorialNote>
            </heading>
            <num>2.</num>
            <list>
              <point eId="point_2__point_א">
                <num>(א)</num>
                <content>
                  <p>כל מונח בהוראה בחוק זה המתייחס למס כלשהו יתפרש לפי המשמעות שיש לו בחוק שלפיו מוטל אותו מס.</p>
                </content>
              </point>
              <point eId="point_2__point_ב">
                <num>(ב)</num>
                <content>
                  <p>חוק זה בא להוסיף על ההטבות על פי כל דין, זולת אם נאמר במפורש אחרת בחוק זה.</p>
                </content>
              </point>
              <point eId="point_2__point_ג">
                <num>(ג)</num>
                <content>
                  <p>הוראות חוק זה והסמכויות לפיו לא יגרעו מכל הוראה של דין אחר או מסמכות לפיה, זולת אם נאמר אחרת בחוק זה.</p>
                </content>
              </point>
            </list>
          </point>
        </list>
      </chapter>
      <chapter eId="chp_ב">
        <num>פרק ב׳:</num>
        <title>
          <content>
            <p>הטבות במסים עקיפים ובמס ערך מוסף</p>
          </content>
        </title>
        <list>
          <point eId="point_3">
            <heading>
              <authorialNote placement="side">
                <p>פטור ממסים עקיפים</p>
              </authorialNote>
            </heading>
            <num>3.</num>
            <list>
              <point eId="point_3__point_א">
                <num>(א)</num>
                <content>
                  <p>לא יוטלו מסים עקיפים על יבוא טובין לאזור אילת לשם מכירתם בו בידי בעל היתר, תמורת מטבע חוץ בלבד, במקום ובדרך שקבע המנהל, לתיירים או לתושבי ישראל היוצאים לחוץ לארץ בדרך האויר או הים.</p>
                </content>
              </point>
              <point eId="point_3__point_ב">
                <num>(ב)</num>
                <content>
                  <p>טובין שיוצרו בישראל ונמכרים לבעל היתר לשם מכירתם לתיירים או לשם מכירתם לתושבי ישראל היוצאים לחוץ לארץ בדרך האויר או הים, הכל תמורת מטבע חוץ, יראו אותם, לכל דבר וענין כולל הטבות שלא על פי חוק זה, כטובין המיוצאים מישראל.</p>
                </content>
              </point>
              <point eId="point_3__point_ג">
                <num>(ג)</num>
                <content>
                  <p>היתר לענין סעיף זה יינתן מאת המנהל, ורשאי הוא לקבוע בו תנאים; תנאים לקבלת היתר ייקבעו בתקנות.</p>
                </content>
              </point>
            </list>
          </point>
          <point eId="point_4">
            <heading>
              <authorialNote placement="side">
                <p>סמכות לפטור ממסים עקיפים</p>
              </authorialNote>
            </heading>
            <num>4.</num>
            <list>
              <intro>
                <p>שר האוצר, באישור ועדת הכספים של הכנסת, רשאי בתקנות לפטור ממסים עקיפים, כולם או מקצתם, פטור מלא או חלקי, טובין הנמכרים באזור אילת ושירותים הניתנים בו, כמפורט להלן:</p>
              </intro>
              <point eId="point_4__point_1">
                <num>(1)</num>
                <content>
                  <p>טובין שיוצרו בישראל ונמכרים לעוסק תושב אזור אילת לשם מכירתם לצריכה באזור אילת או לשימוש בו, דרך כלל או לסוג מסויים של טובין;</p>
                </content>
              </point>
              <point eId="point_4__point_2">
                <num>(2)</num>
                <content>
                  <p>שירותים טעוני מס, דרך כלל או מסוג מסויים.</p>
                </content>
              </point>
            </list>
          </point>
          <point eId="point_5">
            <heading>
              <authorialNote placement="side">
                <p>הקלות במס ערך מוסף</p>
              </authorialNote>
            </heading>
            <num>5.</num>
            <list>
              <point eId="point_5__point_א">
                <num>(א)</num>
                <content>
                  <p>יבוא טובין לאזור אילת לשם מכירתם לצריכה באזור אילת או לשימוש בו, יהא פטור ממס ערך מוסף; הוראה זו לא תחול על טובין המפורטים <ref href="#appendix_2">בתוספת השניה</ref>.</p>
                </content>
              </point>
              <point eId="point_5__point_ב">
                <num>(ב)</num>
                <content>
                  <p>על מכירתם של טובין בידי עוסק שאינו תושב אזור אילת לעוסק תושב אזור אילת לצורך עסקו באזור אילת, יחול מס ערך מוסף בשיעור אפס, ובלבד שלא תוצג, לגבי אותם טובין, חשבונית על מס בשיעור אפס, בכניסה לאילת, בלי שהטובין נושא החשבונית נמצאים עם מציג החשבונית. הוראה זו לא תחול על טובין המפורטים <ref href="#appendix_2">בתוספת השניה</ref>, למעט מונית כמשמעותה <ref href="/akn/il/act/SecondaryLegislation/1961-04-06/7436">בתקנות התעבורה, התשכ"א–1961</ref>.</p>
                </content>
              </point>
              <point eId="point_5__point_ג">
                <num>(ג)</num>
                <content>
                  <p>מכירתם של טובין המצויים באזור אילת, בידי עוסק תושב אזור אילת, לצריכה באזור אילת או לשימוש בו, למעט טובין המפורטים <ref href="#appendix_2">בתוספת השניה</ref>, תהא פטורה ממס ערך מוסף.</p>
                </content>
              </point>
              <point eId="point_5__point_ד">
                <num>(ד)</num>
                <content>
                  <p>מכירתם של מקרקעין המצויים באזור אילת תהא פטורה ממס ערך מוסף; ואולם מכירה שהיא פעולה באיגוד מקרקעין תהא פטורה רק אם כל מקרקעין של האיגוד מצויים באזור אילת.</p>
                </content>
              </point>
              <point eId="point_5__point_ה">
                <num>(ה)</num>
                <content>
                  <p>מתן שירותים באזור אילת בידי תושב אזור אילת יהא פטור ממס ערך מוסף; ואולם במתן שירותים המתייחסים לעסקה שהיא מכר יינתן הפטור רק אם הנכס מצוי באזור אילת, ובמתן שירותים המתייחסים לאירוע יינתן הפטור רק אם האירוע מתקיים באזור אילת.</p>
                </content>
              </point>
            </list>
          </point>
          <point eId="point_6">
            <heading>
              <authorialNote placement="side">
                <p>סמכות לשנות את תחולת ההקלות</p>
              </authorialNote>
            </heading>
            <num>6.</num>
            <list>
              <intro>
                <p>שר האוצר רשאי, באישור ועדת הכספים של הכנסת –</p>
              </intro>
              <point eId="point_6__point_1">
                <num>(1)</num>
                <content>
                  <p>להוסיף לתוספות או לגרוע מהן;</p>
                </content>
              </point>
              <point eId="point_6__point_2">
                <num>(2)</num>
                <content>
                  <p>לקבוע מס ערך מוסף בשיעור החל על מכירת טובין על פי <ref href="/akn/il/act/PrimaryLegislation/1976-01-06/147931#point_2">סעיף 2 לחוק מע"מ</ref>, במקום שיעור אפס כאמור <ref href="#point_5">בסעיף 5(ב)</ref>, לגבי מכירת טובין שייקבעו;</p>
                </content>
              </point>
              <point eId="point_6__point_3">
                <num>(3)</num>
                <content>
                  <p>לקבוע שהפטור על פי <ref href="#point_5">סעיף 5(ה)</ref> לא יחול לגבי סוגי שירותים הניתנים באזור אילת או סוגי שירותים המתייחסים לנכסים המצויים בו;</p>
                </content>
              </point>
              <point eId="point_6__point_4">
                <num>(4)</num>
                <content>
                  <p>לקבוע מס ערך מוסף בשיעור אפס לגבי סוגי שירותים הניתנים בידי עוסק שאינו תושב אזור אילת לעוסק תושב אזור אילת, לצורך עסקו באזור אילת;</p>
                </content>
              </point>
              <point eId="point_6__point_5">
                <num>(5)</num>
                <content>
                  <p>לקבוע פטור ממס ערך מוסף, או מס ערך מוסף בשיעור אפס, לגבי נסיעה בכל דרך שהיא לאזור אילת או ממנו.</p>
                </content>
              </point>
            </list>
          </point>
          <point eId="point_7">
            <heading>
              <authorialNote placement="side">
                <p>טובין לצריכה אישית באזור נמל חפשי</p>
              </authorialNote>
            </heading>
            <num>7.</num>
            <content>
              <p>הוראות <ref href="/akn/il/act/PrimaryLegislation/1969-07-25/150229#point_24">סעיף 24 לחוק אזורי נמל חפשיים, התשכ"ט–1969</ref>, לא יחולו על הבאתם לאזור נמל חפשי אילת של טובין שיבואם ומכירתם באזור אילת פטורים על פי חוק זה ממסים עקיפים וממס ערך מוסף.</p>
            </content>
          </point>
          <point eId="point_8">
            <heading>
              <authorialNote placement="side">
                <p>שימוש שלא בהתאם למטרת ההטבה</p>
              </authorialNote>
            </heading>
            <num>8.</num>
            <content>
              <p>ניתן לגבי טובין פטור ממסים עקיפים או ממס ערך מוסף על פי <ref href="#point_3">סעיפים 3 עד 6</ref> ונעשה בהם שימוש שלא בהתאם למטרה שבשלה הוענק הפטור, או שלא בהתאם לתנאים שנקבעו לפי חוק זה למתן הפטור, יחולו על הטובין המסים שהפטור ניתן לגביהם, לפי השיעור החל ביום התשלום; בטובין שחל לגביהם <ref href="#point_3">סעיף 3(ב)</ref>, יהא בעל ההיתר חייב גם בהחזר ההטבות שהוענקו שלא על פי חוק זה, בהתאם לכללים שיקבע המנהל.</p>
            </content>
          </point>
          <point eId="point_8א">
            <heading>
              <authorialNote placement="side">
                <p>איסור הוצאת טובין</p>
              </authorialNote>
            </heading>
            <num>8א.</num>
            <content>
              <p>טובין שהוחל עליהם מס ערך מוסף בשיעור אפס לפי <ref href="#point_5">סעיף 5(ב)</ref>, לא יועברו מאזור אילת למקום אחר בישראל בידי עוסק שקיבל את ההטבה כאמור, אלא אם כן בידו מסמך המעיד על ביטול העסקה בהתאם להוראות לפי חוק זה.</p>
            </content>
          </point>
          <point eId="point_9">
            <heading>
              <authorialNote placement="side">
                <p>פטור מדיווח תקופתי למע"מ</p>
              </authorialNote>
            </heading>
            <num>9.</num>
            <content>
              <p>שר האוצר רשאי לפטור מי שעשה עסקאות הפטורות ממס ערך מוסף לפי חוק זה, מחובת הגשת דו"ח תקופתי עליהן על פי <ref href="/akn/il/act/PrimaryLegislation/1976-01-06/147931#point_67">סעיף 67 לחוק מע"מ</ref>; ורשאי הוא לעשות כאמור דרך כלל או לגבי סוגי עוסקים או סוגי עסקאות.</p>
            </content>
          </point>
        </list>
      </chapter>
      <chapter eId="chp_ג">
        <num>פרק ג׳:</num>
        <title>
          <content>
            <p>פטור ממס מעסיקים והטבות במס הכנסה</p>
          </content>
        </title>
        <list>
          <point eId="point_10">
            <heading>
              <authorialNote placement="side">
                <p>פטור ממס מעסיקים</p>
              </authorialNote>
            </heading>
            <num>10.</num>
            <content>
              <p>מעסיק תושב תחום העיר אילת יהא פטור ממס מעסיקים המוטל על פי <ref href="/akn/il/act/PrimaryOrSecondaryLegislation/UnknownWorkDate/חוק_מס_מעסיקים">חוק מס מעסיקים, התשל"ה–1975</ref>, בשל הכנסת עבודה שהוא משלם בעד עבודה המתבצעת בתחום העיר אילת.</p>
            </content>
          </point>
          <point eId="point_11">
            <heading>
              <authorialNote placement="side">
                <p>זיכוי ממס הכנסה ליחיד</p>
              </authorialNote>
            </heading>
            <num>11.</num>
            <list>
              <point eId="point_11__point_א">
                <num>(א)</num>
                <content>
                  <p>מי שהיה במשך כל שנת המס תושב אילת זכאי באותה שנה לזיכוי ממס בשיעור 10% מהכנסתו החייבת שהיא הכנסה מיגיעה אישית, עד לסכום של 227,640 שקלים חדשים <wikicomment font-size="x-small">(מתואם לשנת 2011; בשנת 2018, 238,920 ש"ח; בשנת 2019, 241,800 ש"ח; בשנת 2020, 242,520 ש"ח)</wikicomment>, שנצמחה או הופקה באזור אילת או באזור חבל אילות, אך לא יותר מהמס שהוא חייב בו בשל הכנסתו האמורה, שיראוה לעניין זה כאילו הויא בשלב הגבוה ביותר בסולם הכנסתו, ולא יהא זכאי להנחה לפי <ref href="/akn/il/act/PrimaryOrSecondaryLegislation/UnknownWorkDate/פקודת_מס_הכנסה#point_11">סעיף 11 לפקודה</ref>.</p>
                </content>
              </point>
              <point eId="point_11__point_ב">
                <num>(ב)</num>
                <content>
                  <p>מי שבמהלך שנת המס היה לתושב אילת או חדל להיות תושב אילת זכאי לזיכוי ממס כאמור בסעיף קטן (א) לתקופת תושבותו באילת, ובלבד שהיה תושב אילת 12 חודשים רצופים לפחות.</p>
                </content>
              </point>
              <point eId="point_11__point_ג">
                <num>(ג)</num>
                <content>
                  <p>הסכום הנקוב בסעיף קטן (א) יתואם לפי הוראות <ref href="/akn/il/act/PrimaryOrSecondaryLegislation/UnknownWorkDate/פקודת_מס_הכנסה#point_120ב">סעיף 120ב לפקודה</ref>, ויחולו עליו לעניין זה ההוראות החלות על תקרת ההכנסה.</p>
                </content>
              </point>
            </list>
          </point>
          <point eId="point_12">
            <heading>
              <authorialNote placement="side">
                <p>הטבה למעסיק להפחתת עלויות</p>
              </authorialNote>
            </heading>
            <num>12.</num>
            <list>
              <point eId="point_12__point_א">
                <num>(א)</num>
                <list>
                  <intro>
                    <p>מעסיק תושב תחום העיר אילת המשלם הכנסת עבודה לעובדו בעד עבודה המתבצעת בתחום העיר אילת, זכאי להטבה לשם הקטנת עלויות השכר, בשיעור של 20% מהכנסת העבודה האמורה, אך לא יותר מסכום המס שעליו לנכות מהכנסת העבודה של אותו עובד; בסעיף זה –</p>
                  </intro>
                  <point eId="point_12__point_א__point_הכנסת_עבודה">
                    <list>
                      <intro>
                        <p>
                          <def />”הכנסת עבודה“ – למעט תשלומים כמפורט להלן:</p>
                      </intro>
                      <point eId="point_12__point_א__point_הכנסת_עבודה__point_1">
                        <num>(1)</num>
                        <content>
                          <p>תשלומים לקרוב;</p>
                        </content>
                      </point>
                      <point eId="point_12__point_א__point_הכנסת_עבודה__point_2">
                        <num>(2)</num>
                        <content>
                          <p>תשלומים כאמור <ref href="/akn/il/act/PrimaryOrSecondaryLegislation/UnknownWorkDate/פקודת_מס_הכנסה#point_18">בסעיף 18(ב) לפקודה</ref> המשתלמים לבעל שליטה או לקרובו;</p>
                        </content>
                      </point>
                    </list>
                  </point>
                  <point eId="point_12__point_א__point_קרוב">
                    <content>
                      <p>
                        <def />”קרוב“ – כהגדרתו <ref href="/akn/il/act/PrimaryOrSecondaryLegislation/UnknownWorkDate/פקודת_מס_הכנסה#point_88">בסעיף 105יא לפקודה</ref>;</p>
                    </content>
                  </point>
                  <point eId="point_12__point_א__point_בעל_שליטה">
                    <content>
                      <p>
                        <def />”בעל שליטה“ – כהגדרתו <ref href="/akn/il/act/PrimaryOrSecondaryLegislation/UnknownWorkDate/פקודת_מס_הכנסה#point_9_2">בסעיף 9(2) לפקודה</ref>.</p>
                    </content>
                  </point>
                </list>
              </point>
              <point eId="point_12__point_ב">
                <num>(ב)</num>
                <content>
                  <p>הזכאי להטבה על פי סעיף קטן (א), יקבל אותה על ידי הפחתת סכום ההטבה מהסכום שהוא חייב לנכות מהכנסת העבודה של העובד.</p>
                </content>
              </point>
            </list>
          </point>
        </list>
      </chapter>
      <chapter eId="chp_ד">
        <num>פרק ד׳:</num>
        <title>
          <content>
            <p>פטור מאגרות בקשר לטיסות בינלאומיות <wikicomment font-size="x-small">(בוטל)</wikicomment></p>
          </content>
        </title>
        <list>
          <point eId="point_13">
            <heading>
              <authorialNote placement="side">
                <p xml:space="preserve"> </p>
              </authorialNote>
            </heading>
            <num>13.</num>
            <content>
              <p>
                <wikicomment font-size="x-small">(בוטל).</wikicomment>
              </p>
            </content>
          </point>
        </list>
      </chapter>
      <chapter eId="chp_ד1">
        <num>פרק ד׳1:</num>
        <title>
          <content>
            <p>עונשין</p>
          </content>
        </title>
        <list>
          <point eId="point_13א">
            <heading>
              <authorialNote placement="side">
                <p>הצגת חשבונית מס בלי הטובין</p>
              </authorialNote>
            </heading>
            <num>13א.</num>
            <content>
              <p>עוסק או מוביל מטעמו שהציג חשבונית על מס בשיעור אפס בכניסה לאילת בלי שהיו עמו הטובין נושא החשבונית, בניגוד להוראות <ref href="#point_5">סעיף 5(ב)</ref>, דינו – מאסר שנה או הקנס הקבוע <ref href="/akn/il/act/PrimaryLegislation/1977-08-04/2002251#point_61">בסעיף 61(א)(2) לחוק העונשין, התשל"ז–1977</ref> (<ref href="#chp_ד1">בפרק זה</ref> – חוק העונשין).</p>
            </content>
          </point>
          <point eId="point_13ב">
            <heading>
              <authorialNote placement="side">
                <p>הוצאת טובין מאילת</p>
              </authorialNote>
            </heading>
            <num>13ב.</num>
            <content>
              <p>עוסק או מוביל מטעמו שהעביר טובין שהוחל עליהם מס ערך מוסף בשיעור אפס, מאזור אילת למקום אחר בישראל, בלי שבידו מסמך המעיד על ביטול העסקה, בניגוד להוראות <ref href="#point_8א">סעיף 8א</ref>, דינו – מאסר שנה או הקנס הקבוע <ref href="/akn/il/act/PrimaryLegislation/1977-08-04/2002251#point_61">בסעיף 61(א)(2) לחוק העונשין</ref>.</p>
            </content>
          </point>
        </list>
      </chapter>
      <chapter eId="chp_ה">
        <num>פרק ה׳:</num>
        <title>
          <content>
            <p>הוראות שונות</p>
          </content>
        </title>
        <list>
          <point eId="point_14">
            <heading>
              <authorialNote placement="side">
                <p>פיקוח על הכנסת טובין והוצאתם</p>
              </authorialNote>
            </heading>
            <num>14.</num>
            <content>
              <p>הפיקוח על הכנסת טובין לאזור אילת, על הוצאתם ממנו ועל שמירת טובין שניתן לגביהם פטור או הקלה על פי חוק זה, יהיה בידי רשות המכס; לענין זה רשאי המנהל להורות על מקומות הכנסת טובין והוצאתם ועל הימים והשעות שבהם מותר להכניס או להוציא טובין, וליתן כל הוראה הנראית לו דרושה.</p>
            </content>
          </point>
          <point eId="point_15">
            <heading>
              <authorialNote placement="side">
                <p>הפחתת מחירים ופיקוח עליהם</p>
              </authorialNote>
            </heading>
            <num>15.</num>
            <list>
              <point eId="point_15__point_א">
                <num>(א)</num>
                <list>
                  <intro>
                    <p>כל שר רשאי, בתחום סמכותו –</p>
                  </intro>
                  <point eId="point_15__point_א__point_1">
                    <num>(1)</num>
                    <content>
                      <p>לצוות על הפחתת מחיריהם של טובין ושירותים שניתנו לגביהם הטבות על פי חוק זה;</p>
                    </content>
                  </point>
                  <point eId="point_15__point_א__point_2">
                    <num>(2)</num>
                    <content>
                      <p>להתקין תקנות בדבר הפיקוח על המחירים של טובין ושירותים, לרבות בדבר מתן סמכויות לעובדי ציבור, ככל הנחוץ לביצוע סעיף זה.</p>
                    </content>
                  </point>
                  <point eId="point_15__point_א__point_ב">
                    <num>(ב)</num>
                    <content>
                      <p>הוראות <ref href="/akn/il/act/PrimaryLegislation/1958-01-09/148355">חוק הפיקוח על מצרכים ושירותים, התשי"ח–1957</ref>, יחולו, בשינויים המחוייבים, כאילו כל צו ותקנה שניתנו לפי סעיף זה ניתנו לפי <ref href="/akn/il/act/PrimaryLegislation/1958-01-09/148355">החוק האמור</ref>.</p>
                    </content>
                  </point>
                </list>
              </point>
            </list>
          </point>
          <point eId="point_16">
            <heading>
              <authorialNote placement="side">
                <p>החלת הוראות</p>
              </authorialNote>
            </heading>
            <num>16.</num>
            <list>
              <point eId="point_16__point_א">
                <num>(א)</num>
                <content>
                  <p>באין הוראה אחרת לפי חוק זה יחולו לגבי המסים שחוק זה מתייחס אליהם הוראות החוקים שלפיהם מוטלים אותם מסים; לענין תשלום מסים עקיפים ומס ערך מוסף כאמור <ref href="#point_8">בסעיף 8</ref> בידי מי שמביא אתו טובין מאזור אילת למקום אחר בישראל, יראו אותו כמי שנכנס לישראל מחוץ לארץ ואת הטובין שאתו יראו כטובין שהוא נושא עמו או כמטען לואי שלו; שר האוצר רשאי לקבוע פטורים מהמסים האמורים לפי סכום ערך מרבי או לפי סוג הטובין.</p>
                </content>
              </point>
              <point eId="point_16__point_ב">
                <num>(ב)</num>
                <content>
                  <p>טובין שהועברו מאזור אילת למקום אחר בישראל בלי ששולמו המסים או הוחזרו ההטבות כנדרש על פי <ref href="#point_8">סעיף 8</ref>, יראו את הטובין כטובין מוברחים ויחולו עליהם הוראות <ref href="/akn/il/act/PrimaryOrSecondaryLegislation/UnknownWorkDate/פקודת_המכס">פקודת המכס</ref> החלות על טובין מוברחים, גם אם ההטבות ניתנו שלא בקשר ליבוא.</p>
                </content>
              </point>
            </list>
          </point>
          <point eId="point_17">
            <heading>
              <authorialNote placement="side">
                <p>תחולה על תושבי שטח גובל</p>
              </authorialNote>
            </heading>
            <num>17.</num>
            <content>
              <p>הוראות חוק זה יחולו גם לגבי יחיד וחבר־בני־אדם הפועלים בשטח שרחבו קילומטר אחד מגבולות אזור אילת כאילו הם תושבי אילת, אם נתקיימו בהם התנאים האחרים שבהגדרת תושב אילת, וכן לגבי טובין המיובאים לשטח האמור או הנמצאים או הנמכרים בו, ולגבי שירותים הניתנים בו.</p>
            </content>
          </point>
          <point eId="point_18">
            <heading>
              <authorialNote placement="side">
                <p>ביצוע ותקנות</p>
              </authorialNote>
            </heading>
            <num>18.</num>
            <list>
              <point eId="point_18__point_א">
                <num>(א)</num>
                <list>
                  <intro>
                    <p>שר האוצר ממונה על ביצוע חוק זה והוא רשאי להתקין תקנות לביצועו, לרבות תקנות בדבר –</p>
                  </intro>
                  <point eId="point_18__point_א__point_1">
                    <num>(1)</num>
                    <content>
                      <p>הבטחת השימוש בטובין ובשירותים למטרות שלהם נועדו על פי חוק זה, לרבות הוראות שיאפשרו גביית המס מלכתחילה והחזרתו בצירוף הפרשי הצמדה וריבית לאחר שיוכח שנתקיימו הוראות חוק זה;</p>
                    </content>
                  </point>
                  <point eId="point_18__point_א__point_2">
                    <num>(2)</num>
                    <content>
                      <p>הפעלת הוראות חוק זה לגבי עוסק שהוא תושב אזור אילת ועוסק בו ויש לו גם עסקים במקומות אחרים, ובמיוחד הוראות בדבר ייחוס מס תשומות לעסקאות מעורבות או להוצאות שאינן מתייחסות במישרין לעסקאות.</p>
                    </content>
                  </point>
                </list>
              </point>
              <point eId="point_18__point_ב">
                <num>(ב)</num>
                <content>
                  <p>שר האוצר, בבואו להתקין תקנות המתייחסות לתחום שעליו מופקד שר אחר, יתייעץ עם אותו שר.</p>
                </content>
              </point>
              <point eId="point_18__point_ג">
                <num>(ג)</num>
                <content>
                  <p>שר האוצר ושר התעשיה והמסחר רשאים לקבוע, באישור ועדת הכספים של הכנסת, מקומות באזור אילת שבהם יינתנו למפעלים מאושרים הטבות מס הניתנות למיזם מורשה באזור נמל חפשי אילת.</p>
                </content>
              </point>
            </list>
          </point>
          <point eId="point_19">
            <heading>
              <authorialNote placement="side">
                <p>תחילה והוראות מעבר</p>
              </authorialNote>
            </heading>
            <num>19.</num>
            <list>
              <point eId="point_19__point_א">
                <num>(א)</num>
                <content>
                  <p>תחילתו של חוק זה ביום י"ז בחשון התשמ"ו (1 בנובמבר 1985) (להלן – יום התחילה).</p>
                </content>
              </point>
              <point eId="point_19__point_ב">
                <num>(ב)</num>
                <content>
                  <p>מכירת טובין כאמור <ref href="#point_5">בסעיף 5</ref> שהוסכם עליה לפני יום התחילה תהיה פטורה ממס ערך מוסף, או חייבת במס ערך מוסף בשיעור אפס, לפי הענין, רק לגבי כל חלק של הטובין שנמסר ביום התחילה או אחריו.</p>
                </content>
              </point>
              <point eId="point_19__point_ג">
                <num>(ג)</num>
                <content>
                  <p>מכירת טובין כאמור <ref href="#point_5">בסעיף 5</ref>, שעל פי <ref href="/akn/il/act/PrimaryLegislation/1976-01-06/147931">חוק מע"מ</ref> או התקנות שלפיו חל עליה מס ערך מוסף בעת התשלום, תהיה פטורה ממס ערך מוסף, או חייבת במס ערך מוסף בשיעור אפס, לפי הענין, רק לגבי סכום ששולם על חשבון התמורה ביום התחילה או אחריו.</p>
                </content>
              </point>
              <point eId="point_19__point_ד">
                <num>(ד)</num>
                <content>
                  <p>מכירת מקרקעין כאמור <ref href="#point_5">בסעיף 5</ref> שהוסכם עליה לפני יום התחילה תהיה פטורה ממס ערך מוסף רק לגבי סכום ששולם על חשבון התמורה ביום התחילה או אחריו.</p>
                </content>
              </point>
              <point eId="point_19__point_ה">
                <num>(ה)</num>
                <content>
                  <p>שירותים כאמור <ref href="#point_5">בסעיף 5</ref> או בתקנות לפי <ref href="#point_6">סעיף 6(4)</ref>, שניתנו לפני יום התחילה או שניתנו בחלקם לפני יום התחילה ובחלקם ביום התחילה או אחריו, יהיו פטורים ממס ערך מוסף, או חייבים במס ערך מוסף בשיעור אפס, לפי הענין, רק לגבי אותו חלק מהתמורה ששולם ביום התחילה או אחריו או לגבי אותו חלק של השירות שניתן ביום התחילה או אחריו, הכל לפי הענין.</p>
                </content>
              </point>
            </list>
          </point>
        </list>
      </chapter>
      <appendix eId="appendix_הראשונה">
        <num></num>
        <title>
          <content>
            <p>התוספת הראשונה</p>
          </content>
        </title>
        <subtitle eId="eId">
          <num></num>
          <content>
            <p>
              <wikicomment font-size="x-small">(<ref href="#point_1">סעיף 1</ref>)</wikicomment>
            </p>
          </content>
        </subtitle>
        <list>
          <point eId="appendix_הראשונה__point_none">
            <heading>
              <authorialNote placement="side">
                <p xml:space="preserve"> </p>
              </authorialNote>
            </heading>
            <num></num>
            <content>
              <p>שירותי התיירות כמשמעותם <ref href="/akn/il/act/PrimaryLegislation/1976-07-07/148753">בחוק שירותי תיירות, התשל"ו–1976</ref></p>
            </content>
          </point>
          <point eId="appendix_הראשונה__point_none">
            <heading>
              <authorialNote placement="side">
                <p xml:space="preserve"> </p>
              </authorialNote>
            </heading>
            <num></num>
            <content>
              <p>בית מלון, לרבות שירות הניתן בו, ועסק הנמצא בתחומו והמיועד בעיקר לאורחיו</p>
            </content>
          </point>
          <point eId="appendix_הראשונה__point_none">
            <heading>
              <authorialNote placement="side">
                <p xml:space="preserve"> </p>
              </authorialNote>
            </heading>
            <num></num>
            <content>
              <p>בית אוכל</p>
            </content>
          </point>
          <point eId="appendix_הראשונה__point_none">
            <heading>
              <authorialNote placement="side">
                <p xml:space="preserve"> </p>
              </authorialNote>
            </heading>
            <num></num>
            <content>
              <p>חניון</p>
            </content>
          </point>
          <point eId="appendix_הראשונה__point_none">
            <heading>
              <authorialNote placement="side">
                <p xml:space="preserve"> </p>
              </authorialNote>
            </heading>
            <num></num>
            <content>
              <p>סוכנות נסיעות, וכל עיסוק אחר בתיירות נכנסת או יוצאת, למעט עיסוק בנסיעות בינלאומיות</p>
            </content>
          </point>
          <point eId="appendix_הראשונה__point_none">
            <heading>
              <authorialNote placement="side">
                <p xml:space="preserve"> </p>
              </authorialNote>
            </heading>
            <num></num>
            <content>
              <p>משרד לתיור</p>
            </content>
          </point>
          <point eId="appendix_הראשונה__point_none">
            <heading>
              <authorialNote placement="side">
                <p xml:space="preserve"> </p>
              </authorialNote>
            </heading>
            <num></num>
            <content>
              <p>שירותי מורי דרך</p>
            </content>
          </point>
          <point eId="appendix_הראשונה__point_none">
            <heading>
              <authorialNote placement="side">
                <p xml:space="preserve"> </p>
              </authorialNote>
            </heading>
            <num></num>
            <content>
              <p>עיסוק קבוע בארגון כנסים, סמינרים, סימפוזיונים וקבוצות לימוד (להלן – כנס), לרבות עיסוק בשירות מתורגמנות לכנס</p>
            </content>
          </point>
          <point eId="appendix_הראשונה__point_none">
            <heading>
              <authorialNote placement="side">
                <p xml:space="preserve"> </p>
              </authorialNote>
            </heading>
            <num></num>
            <content>
              <p>השתתפות בכנס</p>
            </content>
          </point>
        </list>
      </appendix>
      <appendix eId="appendix_השניה">
        <num></num>
        <title>
          <content>
            <p>התוספת השניה</p>
          </content>
        </title>
        <subtitle eId="eId">
          <num></num>
          <content>
            <p>
              <wikicomment font-size="x-small">(<ref href="#point_5">סעיף 5(א) ו־(ג)</ref>)</wikicomment>
            </p>
          </content>
        </subtitle>
        <list>
          <point eId="appendix_השניה__point_none">
            <heading>
              <authorialNote placement="side">
                <p xml:space="preserve"> </p>
              </authorialNote>
            </heading>
            <num></num>
            <content>
              <p>רכב פרטי כהגדרתו <ref href="/akn/il/act/SecondaryLegislation/1976-05-12/19870#point_1">בתקנה 1(1)(ב) לתקנות מס ערך מוסף, התשל"ו–1976</ref>, למעט רכב המשמש ללימוד נהיגה בבית ספר לנהיגה שקיבל רישיון לכך מאת רשות הרישוי כהגדרתה <ref href="/akn/il/act/PrimaryOrSecondaryLegislation/UnknownWorkDate/פקודת_התעבורה">בפקודת התעבורה</ref>, שהוא לשימושו של תושב אזור אילת באזור אילת;</p>
            </content>
          </point>
          <point eId="appendix_השניה__point_none">
            <heading>
              <authorialNote placement="side">
                <p xml:space="preserve"> </p>
              </authorialNote>
            </heading>
            <num></num>
            <content>
              <p>אופנוע שסיווגו <ref href="/akn/il/act/PrimaryOrSecondaryLegislation/UnknownWorkDate/צו_תעריף_המכס_והפטורים_ומס_קנייה_על_טובין">בפרט 87.11 לצו תעריף המכס והפטורים ומס קנייה על טובין, התשע"א–2011</ref> (להלן – הצו), למעט אופנוע המשמש ללימוד נהיגה בבית הספר לנהיגה שקיבל רישיון לכך מאת רשות הרישוי כמשמעותה <ref href="/akn/il/act/PrimaryOrSecondaryLegislation/UnknownWorkDate/פקודת_התעבורה">בפקודת התעבורה</ref>, שהוא לשימושו של תושב אזור אילת באזור אילת;</p>
            </content>
          </point>
          <point eId="appendix_השניה__point_none">
            <heading>
              <authorialNote placement="side">
                <p xml:space="preserve"> </p>
              </authorialNote>
            </heading>
            <num></num>
            <content>
              <p>אופנוע ים שסיווגו <ref href="/akn/il/act/PrimaryOrSecondaryLegislation/UnknownWorkDate/צו_תעריף_המכס_והפטורים_ומס_קנייה_על_טובין">בפרט 89.03 לצו</ref>, למעט אופנוע כאמור המשמש בעסקו של תושב אזור אילת באזור אילת;</p>
            </content>
          </point>
          <point eId="appendix_השניה__point_none">
            <heading>
              <authorialNote placement="side">
                <p xml:space="preserve"> </p>
              </authorialNote>
            </heading>
            <num></num>
            <content>
              <p>טרקטורון שסיווגו <ref href="/akn/il/act/PrimaryOrSecondaryLegislation/UnknownWorkDate/צו_תעריף_המכס_והפטורים_ומס_קנייה_על_טובין">בפרט 87.01 לצו</ref> או <ref href="/akn/il/act/PrimaryOrSecondaryLegislation/UnknownWorkDate/צו_תעריף_המכס_והפטורים_ומס_קנייה_על_טובין">בפרט 87.03 לצו</ref>, למעט טרקטורון כאמור המשמש בעסקו של תושב אזור אילת באזור אילת;</p>
            </content>
          </point>
          <point eId="appendix_השניה__point_none">
            <heading>
              <authorialNote placement="side">
                <p xml:space="preserve"> </p>
              </authorialNote>
            </heading>
            <num></num>
            <content>
              <p>טרקטור משא שסיווגו <ref href="/akn/il/act/PrimaryOrSecondaryLegislation/UnknownWorkDate/צו_תעריף_המכס_והפטורים_ומס_קנייה_על_טובין">בפרט 87.01 לצו</ref> או <ref href="/akn/il/act/PrimaryOrSecondaryLegislation/UnknownWorkDate/צו_תעריף_המכס_והפטורים_ומס_קנייה_על_טובין">בפרט 87.03 לצו</ref>, למעט טרקטור כאמור המשמש בעסקו של תושב אזור אילת באזור אילת;</p>
            </content>
          </point>
          <point eId="appendix_השניה__point_none">
            <heading>
              <authorialNote placement="side">
                <p xml:space="preserve"> </p>
              </authorialNote>
            </heading>
            <num></num>
            <content>
              <p>צגים שסיווגם <ref href="/akn/il/act/PrimaryOrSecondaryLegislation/UnknownWorkDate/צו_תעריף_המכס_והפטורים_ומס_קנייה_על_טובין">בפרט 85.28.5000 לצו</ref>, מטולים שסיווגם <ref href="/akn/il/act/PrimaryOrSecondaryLegislation/UnknownWorkDate/צו_תעריף_המכס_והפטורים_ומס_קנייה_על_טובין">בפרט 85.28.6000 לצו</ref> ומקלטי טלוויזיה שסיווגם <ref href="/akn/il/act/PrimaryOrSecondaryLegislation/UnknownWorkDate/צו_תעריף_המכס_והפטורים_ומס_קנייה_על_טובין">בפרט 85.28.7000 לצו</ref>, למעט צג, מטול ומקלט טלוויזיה כאמור, המשמשים במלון באזור אילת וכל עוד הם משמשים לכך, ולמעט צגי LCD למחשב בלבד שגודלם אינו עולה על 25 אינצ׳ שסיווגם <ref href="/akn/il/act/PrimaryOrSecondaryLegislation/UnknownWorkDate/צו_תעריף_המכס_והפטורים_ומס_קנייה_על_טובין">בפרט 85.28.5190 לצו</ref>;</p>
            </content>
          </point>
          <point eId="appendix_השניה__point_none">
            <heading>
              <authorialNote placement="side">
                <p xml:space="preserve"> </p>
              </authorialNote>
            </heading>
            <num></num>
            <content>
              <p>סיגריות וטבק ומוצריו, שסיווגם <ref href="/akn/il/act/PrimaryOrSecondaryLegislation/UnknownWorkDate/צו_תעריף_המכס_והפטורים_ומס_קנייה_על_טובין#appendix_2_פרט_24_01">בפרטים 24.01</ref>, <ref href="/akn/il/act/PrimaryOrSecondaryLegislation/UnknownWorkDate/צו_תעריף_המכס_והפטורים_ומס_קנייה_על_טובין#appendix_2_פרט_24_02">24.02</ref><ref href="/akn/il/act/PrimaryOrSecondaryLegislation/UnknownWorkDate/צו_תעריף_המכס_והפטורים_ומס_קנייה_על_טובין">ו־24.03 לצו</ref>;</p>
            </content>
          </point>
          <point eId="appendix_השניה__point_none">
            <heading>
              <authorialNote placement="side">
                <p xml:space="preserve"> </p>
              </authorialNote>
            </heading>
            <num></num>
            <content>
              <p>תכשיט שערכו עולה על סכום בשקלים חדשים השווה ל־200 דולר של ארצות הברית לפי השער היציג שפרסם בנק ישראל לפני מועד המכירה; לעניין זה, ”תכשיט“ – לרבות שעון;</p>
            </content>
          </point>
          <point eId="appendix_השניה__point_none">
            <heading>
              <authorialNote placement="side">
                <p xml:space="preserve"> </p>
              </authorialNote>
            </heading>
            <num></num>
            <content>
              <p>בול – כהגדרתו <ref href="/akn/il/act/PrimaryLegislation/1986-01-28/151356">בחוק הדואר, התשמ"ו–1986</ref>.</p>
            </content>
          </point>
        </list>
      </appendix>
    </body>
    <conclusions eId="eId">
      <p class="signatures">
        <signature>
          <p>
            <person refersTo="שמעון_פרס">שמעון פרס</person>
            <role refersTo="ראש_הממשלה">ראש הממשלה</role>
          </p>
        </signature>
        <signature>
          <p>
            <person refersTo="יצחק_מודעי">יצחק מודעי</person>
            <role refersTo="שר_האוצר">שר האוצר</role>
          </p>
        </signature>
        <signature>
          <p>
            <person refersTo="חיים_הרצוג">חיים הרצוג</person>
            <role refersTo="נשיא_המדינה">נשיא המדינה</role>
          </p>
        </signature>
      </p>
    </conclusions>
  </act>
</akomaNtoso>