﻿<?xml version="1.0" encoding="utf-8"?>
<akomaNtoso xmlns="http://docs.oasis-open.org/legaldocml/ns/akn/3.0">
  <act contains="originalVersion" name="publicLaw">
    <meta>
      <identification source="#kensset">
        <FRBRWork>
          <FRBRthis value="/akn/il/act/PrimaryLegislation/1992-01-30/152336/main" />
          <FRBRuri value="/akn/il/act/PrimaryLegislation/1992-01-30/152336" />
          <FRBRdate date="1992-01-30" name="Generation" />
          <FRBRauthor href="#knesset" as="#author" />
          <FRBRcountry value="israel" />
        </FRBRWork>
        <FRBRExpression>
          <FRBRthis value="/akn/il/act/PrimaryLegislation/1992-01-30/152336/he@/main" />
          <FRBRuri value="/akn/il/act/PrimaryLegislation/1992-01-30/152336/he@" />
          <FRBRdate date="1992-01-30" name="Generation" />
          <FRBRauthor href="#knesset" as="#author" />
          <FRBRlanguage language="hebrew" />
        </FRBRExpression>
        <FRBRManifestation>
          <FRBRthis value="/akn/il/act/PrimaryLegislation/1992-01-30/152336/he@/main.xml" />
          <FRBRuri value="/akn/il/act/PrimaryLegislation/1992-01-30/152336/he@" />
          <FRBRdate date="1992-01-30" name="Generation" />
          <FRBRauthor href="#knesset" as="#author" />
          <FRBRformat value="xml" />
        </FRBRManifestation>
      </identification>
      <classification source="#kensset">
        <keyword value="{classificationValue}" showAs="{classificationValue}" dictionary="#classification_dictionary" />
      </classification>
      <lifecycle source="#kensset">
        <eventRef eId="eventRef_1" date="1992-01-30" source="#kensset" type="generation" />
      </lifecycle>
      <references source="#kensset">
        <TLCOrganization eId="kensset" href="/ontology/organization/akn/knesset" showAs="Kensset" type="generation" />
        <TLCRole eId="author" href="/ontology/role/akn/author" showAs="Author of Document" />
        <TLCProcess eId="inforce" href="/ontology/process/akn/inforce" showAs="In force" />
        <TLCTerm eId="term_1" href="/ontology/term/חוק_הגנת_הדייר/152336" showAs="חוק_הגנת_הדייר" />
        <TLCTerm eId="term_2" href="/ontology/term/חוק_התכנון_והבניה/152336" showAs="חוק_התכנון_והבניה" />
        <TLCPerson eId="יצחק_שמיר" href="/ontology/person/יצחק_שמיר" showAs="יצחק שמיר" />
        <TLCPerson eId="אריה_דרעי" href="/ontology/person/אריה_דרעי" showAs="אריה דרעי" />
        <TLCPerson eId="חיים_הרצוג" href="/ontology/person/חיים_הרצוג" showAs="חיים הרצוג" />
        <TLCPerson eId="דב_שילנסקי" href="/ontology/person/דב_שילנסקי" showAs="דב שילנסקי" />
        <TLCRole eId="ראש_הממשלה" href="ontology/role/akn/ראש_הממשלה" showAs="ראש הממשלה" />
        <TLCRole eId="שר_הפנים" href="ontology/role/akn/שר_הפנים" showAs="שר הפנים" />
        <TLCRole eId="נשיא_המדינה" href="ontology/role/akn/נשיא_המדינה" showAs="נשיא המדינה" />
        <TLCRole eId="יושב_ראש_הכנסת" href="ontology/role/akn/יושב_ראש_הכנסת" showAs="יושב ראש הכנסת" />
      </references>
      <temporalData source="#kensset">
        <temporalGroup eId="tmpg_1" />
      </temporalData>
      <Publication></Publication>
    </meta>
    <body period="#tmpg_1">
      <title eId="title">
        <content>
          <p>חוק לעידוד סילוקם של בנינים בעלי חזות מוזנחת, התשנ"ב–1992</p>
        </content>
      </title>
      <list>
        <point eId="point_1">
          <heading>
            <authorialNote placement="side">
              <p>הגדרות ופרשנות</p>
            </authorialNote>
          </heading>
          <num>1.</num>
          <list>
            <point eId="point_1__point_א">
              <num>(א)</num>
              <list>
                <intro>
                  <p>בחוק זה –</p>
                </intro>
                <point eId="point_1__point_א__point_חוק_הגנת_הדייר">
                  <content>
                    <p>
                      <def />”חוק הגנת הדייר“ – <ref href="/akn/il/act/PrimaryLegislation/1972-08-13/2002226">חוק הגנת הדייר [נוסח משולב], התשל"ב–1972</ref>;</p>
                  </content>
                </point>
                <point eId="point_1__point_א__point_חוק_התכנון_והבניה">
                  <content>
                    <p>
                      <def />”חוק התכנון והבניה“ – <ref href="/akn/il/act/PrimaryLegislation/1965-08-12/148917">חוק התכנון והבניה, התשכ"ה–1965</ref>.</p>
                  </content>
                </point>
              </list>
            </point>
            <point eId="point_1__point_ב">
              <num>(ב)</num>
              <content>
                <p>לשאר המונחים בחוק זה תהיה המשמעות שיש להם <ref href="/akn/il/act/PrimaryLegislation/1961-04-06/147844">בחוק מס רכוש וקרן פיצויים, התשכ"א–1961</ref>.</p>
              </content>
            </point>
          </list>
        </point>
        <point eId="point_2">
          <heading>
            <authorialNote placement="side">
              <p>הכרזה על בנין כבעל חזות מוזנחת</p>
            </authorialNote>
          </heading>
          <num>2.</num>
          <content>
            <p>ועדה בראשות ראש הרשות המקומית או נציגו, ואשר חבריה הם נציג ציבור שימנה שר הפנים ופקיד מס רכוש שימנה המנהל, רשאית להכריז על בנין כבנין בעל חזות מוזנחת.</p>
          </content>
        </point>
        <point eId="point_3">
          <heading>
            <authorialNote placement="side">
              <p>דייר מוגן</p>
            </authorialNote>
          </heading>
          <num>3.</num>
          <list>
            <point eId="point_3__point_א">
              <num>(א)</num>
              <content>
                <p>התגורר בבנין שיש כוונה להכריז עליו כבנין בעל חזות מוזנחת, דייר מוגן כמשמעותו <ref href="/akn/il/act/PrimaryLegislation/1972-08-13/2002226">בחוק הגנת הדייר</ref>, תמסור הועדה כאמור <ref href="#point_2">בסעיף 2</ref>, על חשבון בעל הבנין לכל דייר כאמור (להלן – דייר), הודעה על כוונת ההכרזה, ותיתן לו הזדמנות להופיע בפניה ולטעון טענותיו נגד ההכרזה המבוקשת.</p>
              </content>
            </point>
            <point eId="point_3__point_ב">
              <num>(ב)</num>
              <content>
                <p>ההודעה תישלח בדואר רשום לכל דייר ויראו אותה כהודעה שנמסרה לידי הדייר בתום 72 שעות ממועד המשלוח.</p>
              </content>
            </point>
            <point eId="point_3__point_ג">
              <num>(ג)</num>
              <content>
                <p>כמו כן תוצג ההודעה במקום בולט בבנין המיועד להכרזה, למשך 72 שעות לפחות.</p>
              </content>
            </point>
            <point eId="point_3__point_ד">
              <num>(ד)</num>
              <content>
                <p>נשלחה ההודעה כאמור בסעיף קטן (ב) והוצגה כאמור בסעיף קטן (ג), לא תישמע הטענה כי ההודעה לא הגיעה לידיעתו של דייר פלוני.</p>
              </content>
            </point>
          </list>
        </point>
        <point eId="point_4">
          <heading>
            <authorialNote placement="side">
              <p>פטור ממס רכוש</p>
            </authorialNote>
          </heading>
          <num>4.</num>
          <content>
            <p>נהרס בנין בעל חזות מוזנחת, יהיה בעל הקרקע פטור מתשלום מס רכוש עליה בשנת המס שבה נהרס הבנין ובארבע שנות המס שלאחריה.</p>
          </content>
        </point>
        <point eId="point_5">
          <heading>
            <authorialNote placement="side">
              <p>סייג</p>
            </authorialNote>
          </heading>
          <num>5.</num>
          <list>
            <intro>
              <p>חוק זה לא יחול על –</p>
            </intro>
            <point eId="point_5__point_1">
              <num>(1)</num>
              <content>
                <p>קרקע שביום תחילתו של חוק זה לא היה עליה בנין;</p>
              </content>
            </point>
            <point eId="point_5__point_2">
              <num>(2)</num>
              <content>
                <p>בנין שמיום השלמת בנייתו לא חלפו עשר שנים; לענין זה יראו את יום השלמת הבניה בבנין שניתנה לגביו תעודת גמר הבניה על פי חוק התכנון והבניה, כיום שבו נחתמה תעודת הגמר;</p>
              </content>
            </point>
            <point eId="point_5__point_3">
              <num>(3)</num>
              <content>
                <p>בנין שהיה מתחייב במס כקרקע גם אילולא היה נהרס;</p>
              </content>
            </point>
            <point eId="point_5__point_4">
              <num>(4)</num>
              <content>
                <p>אותו חלק קרקע שהיה מתחייב במס גם אילולא נהרס הבנין;</p>
              </content>
            </point>
            <point eId="point_5__point_5">
              <num>(5)</num>
              <content>
                <p>אתר שיועד לשימור, כמשמעותו <ref href="/akn/il/act/PrimaryLegislation/1965-08-12/148917#appendix_4">בתוספת הרביעית לחוק התכנון והבניה</ref>, או שועדה לשימור אתרים כללה אותו ברשימת אתרים לשימור לפי <ref href="/akn/il/act/PrimaryLegislation/1965-08-12/148917#appendix_4_פרט_12">סעיף 12 לתוספת הרביעית לחוק האמור</ref>, או שועדה מקומית החליטה לכלול אותו בתכנית לשימור, בהחלטה לפי <ref href="/akn/il/act/PrimaryLegislation/1965-08-12/148917#point_77">סעיף 77 לחוק האמור</ref>;</p>
              </content>
            </point>
            <point eId="point_5__point_6">
              <num>(6)</num>
              <content>
                <p>עתיקה ואתר עתיקות – כהגדרתם <ref href="/akn/il/act/PrimaryLegislation/1978-02-10/148262">בחוק העתיקות, התשל"ח–1978</ref>.</p>
              </content>
            </point>
          </list>
        </point>
        <point eId="point_6">
          <heading>
            <authorialNote placement="side">
              <p>שמירת דינים</p>
            </authorialNote>
          </heading>
          <num>6.</num>
          <content>
            <p>חוק זה בא להוסיף על הוראות כל דין ולא לגרוע מהן, ואין בהוראותיו כדי לפגוע בזכות כלשהי המוקנית לדייר על פי <ref href="/akn/il/act/PrimaryLegislation/1972-08-13/2002226">חוק הגנת הדייר</ref> או בהוראה מהוראות <ref href="/akn/il/act/PrimaryLegislation/1965-08-12/148917">חוק התכנון והבניה</ref>.</p>
          </content>
        </point>
        <point eId="point_7">
          <heading>
            <authorialNote placement="side">
              <p>ביצוע ותקנות</p>
            </authorialNote>
          </heading>
          <num>7.</num>
          <list>
            <point eId="point_7__point_א">
              <num>(א)</num>
              <content>
                <p>שר הפנים ממונה על ביצוע חוק זה והוא רשאי, בכפוף להוראות סעיף קטן (ב), להתקין תקנות לביצועו.</p>
              </content>
            </point>
            <point eId="point_7__point_ב">
              <num>(ב)</num>
              <content>
                <p>שר האוצר רשאי להתקין תקנות ולקבוע את הטפסים הנדרשים, לביצוע <ref href="#point_4">סעיפים 4</ref><ref href="#point_5">ו־5(3) ו־(4)</ref>.</p>
              </content>
            </point>
          </list>
        </point>
        <point eId="point_8">
          <heading>
            <authorialNote placement="side">
              <p>תחילה</p>
            </authorialNote>
          </heading>
          <num>8.</num>
          <content>
            <p>תחילתו של חוק זה מתחילת שנת המס 1992.</p>
          </content>
        </point>
      </list>
    </body>
    <conclusions eId="eId">
      <p class="signatures">
        <signature>
          <p>
            <person refersTo="יצחק_שמיר">יצחק שמיר</person>
            <role refersTo="ראש_הממשלה">ראש הממשלה</role>
          </p>
        </signature>
        <signature>
          <p>
            <person refersTo="אריה_דרעי">אריה דרעי</person>
            <role refersTo="שר_הפנים">שר הפנים</role>
          </p>
        </signature>
        <signature>
          <p>
            <person refersTo="חיים_הרצוג">חיים הרצוג</person>
            <role refersTo="נשיא_המדינה">נשיא המדינה</role>
          </p>
        </signature>
        <signature>
          <p>
            <person refersTo="דב_שילנסקי">דב שילנסקי</person>
            <role refersTo="יושב_ראש_הכנסת">יושב ראש הכנסת</role>
          </p>
        </signature>
      </p>
    </conclusions>
  </act>
</akomaNtoso>