﻿<?xml version="1.0" encoding="utf-8"?>
<akomaNtoso xmlns="http://docs.oasis-open.org/legaldocml/ns/akn/3.0">
  <act contains="originalVersion" name="publicLaw">
    <meta>
      <identification source="#kensset">
        <FRBRWork>
          <FRBRthis value="/akn/il/act/PrimaryLegislation/1975-08-08/148053/main" />
          <FRBRuri value="/akn/il/act/PrimaryLegislation/1975-08-08/148053" />
          <FRBRdate date="1975-08-08" name="Generation" />
          <FRBRauthor href="#knesset" as="#author" />
          <FRBRcountry value="israel" />
        </FRBRWork>
        <FRBRExpression>
          <FRBRthis value="/akn/il/act/PrimaryLegislation/1975-08-08/148053/he@/main" />
          <FRBRuri value="/akn/il/act/PrimaryLegislation/1975-08-08/148053/he@" />
          <FRBRdate date="1975-08-08" name="Generation" />
          <FRBRauthor href="#knesset" as="#author" />
          <FRBRlanguage language="hebrew" />
        </FRBRExpression>
        <FRBRManifestation>
          <FRBRthis value="/akn/il/act/PrimaryLegislation/1975-08-08/148053/he@/main.xml" />
          <FRBRuri value="/akn/il/act/PrimaryLegislation/1975-08-08/148053/he@" />
          <FRBRdate date="1975-08-08" name="Generation" />
          <FRBRauthor href="#knesset" as="#author" />
          <FRBRformat value="xml" />
        </FRBRManifestation>
      </identification>
      <classification source="#kensset">
        <keyword value="{classificationValue}" showAs="{classificationValue}" dictionary="#classification_dictionary" />
      </classification>
      <lifecycle source="#kensset">
        <eventRef eId="eventRef_1" date="1975-08-08" source="#kensset" type="generation" />
      </lifecycle>
      <references source="#kensset">
        <TLCOrganization eId="kensset" href="/ontology/organization/akn/knesset" showAs="Kensset" type="generation" />
        <TLCRole eId="author" href="/ontology/role/akn/author" showAs="Author of Document" />
        <TLCProcess eId="inforce" href="/ontology/process/akn/inforce" showAs="In force" />
        <TLCTerm eId="term_1" href="/ontology/term/השר/148053" showAs="השר" />
        <TLCTerm eId="term_2" href="/ontology/term/ספר/148053" showAs="ספר" />
        <TLCTerm eId="term_3" href="/ontology/term/ספריה_ציבורית/148053" showAs="ספריה_ציבורית" />
        <TLCTerm eId="term_4" href="/ontology/term/סרט/148053" showAs="סרט" />
        <TLCTerm eId="term_5" href="/ontology/term/עיתון/148053" showAs="עיתון" />
        <TLCTerm eId="term_6" href="/ontology/term/תקליט/148053" showAs="תקליט" />
        <TLCTerm eId="term_7" href="/ontology/term/המדד/148053" showAs="המדד" />
        <TLCTerm eId="term_8" href="/ontology/term/סכום_הבסיס/148053" showAs="סכום_הבסיס" />
        <TLCTerm eId="term_9" href="/ontology/term/הסכום_הקובע/148053" showAs="הסכום_הקובע" />
        <TLCPerson eId="יצחק_רבין" href="/ontology/person/יצחק_רבין" showAs="יצחק רבין" />
        <TLCPerson eId="אהרון_ידלין" href="/ontology/person/אהרון_ידלין" showAs="אהרון ידלין" />
        <TLCPerson eId="אפרים_קציר" href="/ontology/person/אפרים_קציר" showAs="אפרים קציר" />
        <TLCRole eId="ראש_הממשלה" href="ontology/role/akn/ראש_הממשלה" showAs="ראש הממשלה" />
        <TLCRole eId="שר_החינוך_והתרבות" href="ontology/role/akn/שר_החינוך_והתרבות" showAs="שר החינוך והתרבות" />
        <TLCRole eId="נשיא_המדינה" href="ontology/role/akn/נשיא_המדינה" showAs="נשיא המדינה" />
      </references>
      <temporalData source="#kensset">
        <temporalGroup eId="tmpg_1" />
      </temporalData>
      <Publication></Publication>
    </meta>
    <body period="#tmpg_1">
      <title eId="title">
        <content>
          <p>חוק הספריות הציבוריות, תשל"ה–1975</p>
        </content>
      </title>
      <list>
        <point eId="point_1" class="definitions">
          <heading>
            <authorialNote placement="side">
              <p>הגדרות</p>
            </authorialNote>
          </heading>
          <num>1.</num>
          <list>
            <intro>
              <p>בחוק זה –</p>
            </intro>
            <point eId="point_1__point_השר">
              <content>
                <p>
                  <def />”השר“ – שר החינוך והתרבות;</p>
              </content>
            </point>
            <point eId="point_1__point_ספר">
              <content>
                <p>
                  <def />”ספר“ – ספר, כתב עת, עיתון או דבר דפוס אחר, סרט, תקליט, וכן חומר גרפי, קולי או אור־קולי אחר, והכל בכל צורה או טכנולוגיה שבהן הם נשמרים, מאוחזרים או מופצים ולרבות בכתב לעיוורים;</p>
              </content>
            </point>
            <point eId="point_1__point_ספריה_ציבורית">
              <content>
                <p>
                  <def />”ספריה ציבורית“ – ספריה שהיא פתוחה לכל והוקמה לפי <ref href="#point_2">סעיף 2</ref> או הוכרה לפי <ref href="#point_2">סעיפים 2</ref><ref href="#point_3">או 3</ref>;</p>
              </content>
            </point>
            <point eId="point_1__point_סרט">
              <content>
                <p>
                  <def />”סרט“ – בכל צורה או טכנולוגיה שבהן הוא נשמר, מאוחזר או מופץ לרבות קלטת וידאו;</p>
              </content>
            </point>
            <point eId="point_1__point_עיתון">
              <content>
                <p>
                  <def />”עיתון“ – <wikicomment font-size="x-small">(נמחקה);</wikicomment></p>
              </content>
            </point>
            <point eId="point_1__point_תקליט">
              <content>
                <p>
                  <def />”תקליט“ – בכל צורה או טכנולוגיה שבהן הוא נשמר, מאוחזר או מופץ לרבות קלטת או תקליטור.</p>
              </content>
            </point>
          </list>
        </point>
        <point eId="point_1א">
          <heading>
            <authorialNote placement="side">
              <p>מטרה</p>
            </authorialNote>
          </heading>
          <num>1א.</num>
          <content>
            <p>חוק זה בא להסדיר את פעילותן של הספריות הציבוריות לטובת הציבור, במטרה לקדם את החינוך והתרבות בישראל ולהבטיח שירותי ספריה ציבורית, בזמינות ובאיכות סבירים, לצד אמצעים להבטחת מקורות המימון למימוש מטרה זו.</p>
          </content>
        </point>
        <point eId="point_2">
          <heading>
            <authorialNote placement="side">
              <p>ספריה של רשות מקומית</p>
            </authorialNote>
          </heading>
          <num>2.</num>
          <list>
            <point eId="point_2__point_א">
              <num>(א)</num>
              <content>
                <p>השר רשאי, לשם השגת מטרתו של חוק זה, בהתייעצות עם שר האוצר ושר הפנים וכל רשות מקומית הנוגעת בדבר, להורות בצו, לרשות מקומית אחת או לרשויות מקומיות אחדות במשותף, להקים, להחזיק ולנהל ספריה ציבורית בתחום שיפוטן.</p>
              </content>
            </point>
            <point eId="point_2__point_ב">
              <num>(ב)</num>
              <content>
                <p>השר רשאי להכיר בספריה קיימת של רשות מקומית כספריה ציבורית, ומשעשה כן יחול עליה חוק זה.</p>
              </content>
            </point>
          </list>
        </point>
        <point eId="point_3">
          <heading>
            <authorialNote placement="side">
              <p>ספריה של ארגון ציבורי</p>
            </authorialNote>
          </heading>
          <num>3.</num>
          <list>
            <point eId="point_3__point_א">
              <num>(א)</num>
              <content>
                <p>לפי בקשתו של ארגון ציבורי ובהתייעצות עם הרשות המקומית שבתחומה נמצאת ספריה של הארגון, רשאי השר להכיר בספריה כספריה ציבורית, ומשעשה כן יחול עליה חוק זה, אולם לא ייפגע מעמדה המשפטי בשל כך.</p>
              </content>
            </point>
            <point eId="point_3__point_ב">
              <num>(ב)</num>
              <content>
                <p>השר יקבע בתקנות, באישור ועדת החינוך והתרבות של הכנסת, את המבחנים שלפיהם יהא ניתן להכיר בספריה לפי סעיף זה, וכן את התנאים לביטול ההכרה, בין ביוזמת השר ובין לפי בקשת הארגון.</p>
              </content>
            </point>
            <point eId="point_3__point_ג">
              <num>(ג)</num>
              <content>
                <p>השר רשאי, לאחר שהודיע על כך לועדת החינוך והתרבות של הכנסת, לקבוע בתקנות דרכי פעולתן של ספריות ציבוריות שהוכרו לפי סעיף זה, לרבות שיתוף בניהול ובאיגום האמצעים עם ספריה של הרשות המקומית, וחלוקת תחומי פעולתן.</p>
              </content>
            </point>
          </list>
        </point>
        <point eId="point_4">
          <heading>
            <authorialNote placement="side">
              <p>שיתוף גופים אחרים</p>
            </authorialNote>
          </heading>
          <num>4.</num>
          <content>
            <p>רשות מקומית רשאית לשתף מוסדות וגופים אחרים בהקמתה של ספריה ציבורית, בתחזוקתה ובניהולה, אולם לא יהיה בכך כדי לגרוע מאחריותה של הרשות המקומית על פי חוק זה.</p>
          </content>
        </point>
        <point eId="point_5">
          <heading>
            <authorialNote placement="side">
              <p>שיעור ההשתתפות</p>
            </authorialNote>
          </heading>
          <num>5.</num>
          <list>
            <point eId="point_5__point_א">
              <num>(א)</num>
              <list>
                <point eId="point_5__point_א__point_1">
                  <num>(1)</num>
                  <content>
                    <p>אחת לשלוש שנים יקבע השר, בכפוף להוראות פסקה (2), את העלות השנתית של הוצאות ההחזקה והניהול של ספריה ציבורית (בחוק זה – העלות השנתית).</p>
                  </content>
                </point>
                <point eId="point_5__point_א__point_2">
                  <num>(2)</num>
                  <content>
                    <p>השר יקבע את העלות השנתית בהסכמת שר האוצר ובהתייעצות עם שר הפנים, עם מרכז השלטון המקומי ועם ארגון המועצות האזוריות בישראל, לפי אמות מידה שיקבע כאמור בשים לב לתקנות לפי <ref href="#point_9">סעיף 9(5)</ref>.</p>
                  </content>
                </point>
                <point eId="point_5__point_א__point_3">
                  <num>(3)</num>
                  <content>
                    <p>השר, בהסכמת שר האוצר ושר הפנים, יקבע כללים להצמדת סכום העלות השנתית, וכן כללים בדבר הפחתת סכום העלות השנתית במקרים מיוחדים המצדיקים זאת.</p>
                  </content>
                </point>
              </list>
            </point>
            <point eId="point_5__point_ב">
              <num>(ב)</num>
              <content>
                <p>אוצר המדינה ישתתף בהחזקתן ובניהולן של הספריות הציבוריות בשיעור כולל של 50% מסכום הבסיס; שר האוצר, בהתייעצות עם שר הפנים ועם הועדה המייעצת, ובאישור ועדת החינוך והתרבות של הכנסת, יקבע תנאים ואמות מידה לקביעת שיעור ההשתתפות של אוצר המדינה בהחזקתה וניהולה של ספריה ציבורית, בין השאר בהתחשב במיקומה הגאוגרפי של הספריה; בסעיף זה, ”הועדה המייעצת“ – ועדה שהקים שר האוצר לענין חוק זה, שחברים בה: נציג שר האוצר והוא יהיה היושב ראש, נציג השר, נציג שר המשפטים, נציג שר הפנים, שלושה נציגי ציבור שבהם אחד שהמליך עליו מרכז השלטון המקומי ושניים העוסקים בתחום הספרנות שהמליץ עליהם השר; חבר הועדה לא יקבל שכר בעד שירותיו במילוי תפקידו בועדה.</p>
              </content>
            </point>
            <point eId="point_5__point_ג">
              <num>(ג)</num>
              <content>
                <p>הרשות המקומית תשתתף בהחזקתה ובניהולה של ספריה ציבורית שבתחום שיפוטה, בשיעור שלא יפחת מ־50% מהעלות השנתית שנקבעה לפי סעיף קטן (א) או בשיעור הסכום הקובע, הגבוה מביניהם; היתה הספריה מוחזקת ומנוהלת על ידי רשויות מקומיות אחדות במשותף, יראו, לענין סעיף זה, את כלל הרשויות המקומיות המשתתפות בהחזקה ובניהול של אותה ספריה ציבורית כרשות מקומית אחת; השר, בהסכמת שר האוצר ושר הפנים, יקבע כללים לחישוב שיעור השתתפותה של כל רשות מקומית כאמור.</p>
              </content>
            </point>
            <point eId="point_5__point_ד">
              <num>(ד)</num>
              <content>
                <p>השר יקבע כל שנה, בהתייעצות עם שר האוצר ועם שר הפנים ולאחר שמיעת דעתם של הרשויות המקומיות והארגונים הציבוריים הנוגעים בדבר, את שיעור השתתפותו של אוצר המדינה בהקמתן ובפיתוחן של ספריות ציבוריות.</p>
              </content>
            </point>
            <point eId="point_5__point_ה">
              <num>(ה)</num>
              <content>
                <p>סכום הבסיס והסכום הקובע יעודכנו לפי שיעור שינוי המדד במועדים שיקבע השר בתקנות, בהסכמת שר האוצר.</p>
              </content>
            </point>
            <point eId="point_5__point_ו">
              <num>(ו)</num>
              <list>
                <intro>
                  <p>בסעיף זה –</p>
                </intro>
                <point eId="point_5__point_ו__point_המדד">
                  <content>
                    <p>
                      <def />”המדד“ – מדד המחירים לצרכן שמפרסמת הלשכה המרכזית לסטטיסטיקה;</p>
                  </content>
                </point>
                <point eId="point_5__point_ו__point_סכום_הבסיס">
                  <content>
                    <p>
                      <def />”סכום הבסיס“ – הסכום הכולל של השתתפות אוצר המדינה והרשויות המקומיות בהחזקתן ובניהולן של הספריות הציבוריות בשנת 2006;</p>
                  </content>
                </point>
                <point eId="point_5__point_ו__point_הסכום_הקובע">
                  <content>
                    <p>
                      <def />”הסכום הקובע“ – סכום ההשתתפות בפועל של רשות מקומית בהחזקתה או בניהולה של ספריה ציבורית שבתחום שיפוטה בשנת 2006.</p>
                  </content>
                </point>
              </list>
            </point>
          </list>
        </point>
        <point eId="point_6">
          <heading>
            <authorialNote placement="side">
              <p>שירותים</p>
            </authorialNote>
          </heading>
          <num>6.</num>
          <content>
            <p>ספריה ציבורית תספק, בתחום השיפוט של כל רשות מקומית הנוגעת בדבר, שירותים כפי שייקבעו בתקנות לרבות שירותים המאפשרים גישה למאגרי ידע ומידע.<br xml:space="preserve" xmlns=""> </br><wikicomment font-size="x-small">פורסמו <ref href="/akn/il/act/SecondaryLegislation/1978-10-12/21974">תקנות הספריות הציבוריות (שירותים), תשל"ט–1978</ref>.</wikicomment></p>
          </content>
        </point>
        <point eId="point_7">
          <heading>
            <authorialNote placement="side">
              <p>תשלומים</p>
            </authorialNote>
          </heading>
          <num>7.</num>
          <content>
            <p>שירותי ספריה ציבורית יינתנו חינם, אולם ניתן לגבות תשלומים בשל איחור בהחזרת ספרים או בשל אי החזרתם או בשל השחתתם הכל כפי שקבע השר; כן ניתן לגבות תשלומים בשל שירותים מסוימים שניתנו, כפי שקבע השר, באישור ועדת החינוך והתרבות של הכנסת.</p>
          </content>
        </point>
        <point eId="point_8">
          <heading>
            <authorialNote placement="side">
              <p>מועצה לספריות ציבוריות</p>
            </authorialNote>
          </heading>
          <num>8.</num>
          <list>
            <point eId="point_8__point_א">
              <num>(א)</num>
              <content>
                <p>השר יקים מועצה לספריות ציבוריות והוא ימנה את חבריה מבין אנשי חינוך, ספרנים בכירים ונציגי משרד החינוך והתרבות, משרד הפנים, רשויות מקומיות, ספרנים ומוסדות ציבור הנוגעים בדבר.</p>
              </content>
            </point>
            <point eId="point_8__point_ב">
              <num>(ב)</num>
              <content>
                <p>השר יוועץ במועצה בכל ענין הנוגע לחוק זה; המועצה רשאית להעלות לפני השר הצעות משלה.<br xml:space="preserve" xmlns=""> </br><wikicomment font-size="x-small">פורסמו <ref href="/akn/il/act/SecondaryLegislation/1976-04-08/19798">תקנות הספריות הציבוריות (המועצה), תשל"ו–1976</ref>.</wikicomment><br xml:space="preserve" xmlns=""> </br><wikicomment font-size="x-small">פורסם <ref href="/akn/il/act/SecondaryLegislation/1976-06-20/19952">תקנון המועצה לספריות ציבוריות, תשל"ו–1976</ref>.</wikicomment></p>
              </content>
            </point>
          </list>
        </point>
        <point eId="point_9">
          <heading>
            <authorialNote placement="side">
              <p>ביצוע ותקנות</p>
            </authorialNote>
          </heading>
          <num>9.</num>
          <list>
            <intro>
              <p>השר ממונה על ביצוע חוק זה והוא רשאי להתקין תקנות בכל הנוגע לביצועו, לרבות –</p>
            </intro>
            <point eId="point_9__point_1">
              <num>(1)</num>
              <content>
                <p>סדרי הפיקוח על ספריות ציבוריות;</p>
              </content>
            </point>
            <point eId="point_9__point_2">
              <num>(2)</num>
              <content>
                <p>הכישורים המקצועיים לניהול ספריה ציבורית;</p>
              </content>
            </point>
            <point eId="point_9__point_3">
              <num>(3)</num>
              <content>
                <p>דרכי השיתוף של גופים ומוסדות בקיום ספריות ציבוריות;</p>
              </content>
            </point>
            <point eId="point_9__point_4">
              <num>(4)</num>
              <content>
                <p>עידוד רכישת ספרים המתפרסמים בישראל;</p>
              </content>
            </point>
            <point eId="point_9__point_5">
              <num>(5)</num>
              <content>
                <p>תקנים לענין העסקת כוח אדם ולענין הקמת מבנים וכן מלאי ספרים לכל ספריה ציבורית; תקנות לענין פסקה זו יותקנו בהתייעצות עם שר האוצר ושר הפנים, ותיאומים בהן לענין רשות מקומית הנוגעות בדבר – בהתייעצות עם אותה רשות מקומית.</p>
              </content>
            </point>
          </list>
        </point>
        <point eId="point_10">
          <heading>
            <authorialNote placement="side">
              <p>החלה</p>
            </authorialNote>
          </heading>
          <num>10.</num>
          <content>
            <p>חוק זה יוחל בהדרגה, מדי שנה בשנה, על פי צווים שיתן השר, לאחר התייעצות עם שר האוצר ושר הפנים ולאחר שהודיע על כך לועדת החינוך והתרבות של הכנסת, עד שתושלם החלתו על כל הרשויות המקומיות.</p>
          </content>
        </point>
      </list>
    </body>
    <conclusions eId="eId">
      <p class="signatures">
        <signature>
          <p>
            <person refersTo="יצחק_רבין">יצחק רבין</person>
            <role refersTo="ראש_הממשלה">ראש הממשלה</role>
          </p>
        </signature>
        <signature>
          <p>
            <person refersTo="אהרון_ידלין">אהרון ידלין</person>
            <role refersTo="שר_החינוך_והתרבות">שר החינוך והתרבות</role>
          </p>
        </signature>
        <signature>
          <p>
            <person refersTo="אפרים_קציר">אפרים קציר</person>
            <role refersTo="נשיא_המדינה">נשיא המדינה</role>
          </p>
        </signature>
      </p>
    </conclusions>
  </act>
</akomaNtoso>