﻿<?xml version="1.0" encoding="utf-8"?>
<akomaNtoso xmlns="http://docs.oasis-open.org/legaldocml/ns/akn/3.0">
  <act contains="originalVersion" name="publicLaw">
    <meta>
      <identification source="#kensset">
        <FRBRWork>
          <FRBRthis value="/akn/il/act/PrimaryLegislation/1969-01-08/147339/main" />
          <FRBRuri value="/akn/il/act/PrimaryLegislation/1969-01-08/147339" />
          <FRBRdate date="1969-01-08" name="Generation" />
          <FRBRauthor href="#knesset" as="#author" />
          <FRBRcountry value="israel" />
        </FRBRWork>
        <FRBRExpression>
          <FRBRthis value="/akn/il/act/PrimaryLegislation/1969-01-08/147339/he@/main" />
          <FRBRuri value="/akn/il/act/PrimaryLegislation/1969-01-08/147339/he@" />
          <FRBRdate date="1969-01-08" name="Generation" />
          <FRBRauthor href="#knesset" as="#author" />
          <FRBRlanguage language="hebrew" />
        </FRBRExpression>
        <FRBRManifestation>
          <FRBRthis value="/akn/il/act/PrimaryLegislation/1969-01-08/147339/he@/main.xml" />
          <FRBRuri value="/akn/il/act/PrimaryLegislation/1969-01-08/147339/he@" />
          <FRBRdate date="1969-01-08" name="Generation" />
          <FRBRauthor href="#knesset" as="#author" />
          <FRBRformat value="xml" />
        </FRBRManifestation>
      </identification>
      <classification source="#kensset">
        <keyword value="{classificationValue}" showAs="{classificationValue}" dictionary="#classification_dictionary" />
      </classification>
      <lifecycle source="#kensset">
        <eventRef eId="eventRef_1" date="1969-01-08" source="#kensset" type="generation" />
      </lifecycle>
      <references source="#kensset">
        <TLCOrganization eId="kensset" href="/ontology/organization/akn/knesset" showAs="Kensset" type="generation" />
        <TLCRole eId="author" href="/ontology/role/akn/author" showAs="Author of Document" />
        <TLCProcess eId="inforce" href="/ontology/process/akn/inforce" showAs="In force" />
        <TLCTerm eId="term_1" href="/ontology/term/הגנז/147339" showAs="הגנז" />
        <TLCTerm eId="term_2" href="/ontology/term/הצנזור_הצבאי/147339" showAs="הצנזור_הצבאי" />
        <TLCPerson eId="לוי_אשכול" href="/ontology/person/לוי_אשכול" showAs="לוי אשכול" />
        <TLCPerson eId="יעקב_ש׳_שפירא" href="/ontology/person/יעקב_ש׳_שפירא" showAs="יעקב ש׳ שפירא" />
        <TLCPerson eId="שניאור_זלמן_שזר" href="/ontology/person/שניאור_זלמן_שזר" showAs="שניאור זלמן שזר" />
        <TLCRole eId="ראש_הממשלה" href="ontology/role/akn/ראש_הממשלה" showAs="ראש הממשלה" />
        <TLCRole eId="שר_המשפטים" href="ontology/role/akn/שר_המשפטים" showAs="שר המשפטים" />
        <TLCRole eId="נשיא_המדינה" href="ontology/role/akn/נשיא_המדינה" showAs="נשיא המדינה" />
      </references>
      <temporalData source="#kensset">
        <temporalGroup eId="tmpg_1" />
      </temporalData>
      <Publication></Publication>
    </meta>
    <body period="#tmpg_1">
      <title eId="title">
        <content>
          <p>חוק ועדות חקירה, תשכ"ט–1968</p>
        </content>
      </title>
      <list>
        <point eId="point_1">
          <heading>
            <authorialNote placement="side">
              <p>החלטה על הקמת ועדה</p>
            </authorialNote>
          </heading>
          <num>1.</num>
          <content>
            <p>ראתה הממשלה שקיים עניין שהוא בעל חשיבות ציבורית חיונית אותה שעה הטעון בירור, רשאית היא להחליט על הקמת ועדת חקירה שתחקור בענין ותמסור לה דין וחשבון.</p>
          </content>
        </point>
        <point eId="point_2">
          <heading>
            <authorialNote placement="side">
              <p>הגדרת נושא החקירה</p>
            </authorialNote>
          </heading>
          <num>2.</num>
          <list>
            <point eId="point_2__point_א">
              <num>(א)</num>
              <content>
                <p>בהחלטה על הקמת ועדת חקירה תגדיר הממשלה את הענין שיהיה נושא החקירה.</p>
              </content>
            </point>
            <point eId="point_2__point_ב">
              <num>(ב)</num>
              <content>
                <p>הממשלה רשאית, על פי פניית ועדת החקירה, להבהיר, להרחיב או לצמצם את נושא החקירה.</p>
              </content>
            </point>
          </list>
        </point>
        <point eId="point_3">
          <heading>
            <authorialNote placement="side">
              <p>מספר חברי הועדה</p>
            </authorialNote>
          </heading>
          <num>3.</num>
          <content>
            <p>ועדת חקירה תהיה של שלושה חברים, זולת אם קבעה הממשלה, לאחר התייעצות עם נשיא בית המשפט העליון, שהועדה תהיה של מספר לא־זוגי גדול יותר.</p>
          </content>
        </point>
        <point eId="point_4">
          <heading>
            <authorialNote placement="side">
              <p>מינוי יושב־ראש ועדה וחבריה</p>
            </authorialNote>
          </heading>
          <num>4.</num>
          <list>
            <point eId="point_4__point_א">
              <num>(א)</num>
              <content>
                <p>החליטה הממשלה על הקמת ועדת חקירה, תודיע על כך לנשיא בית המשפט העליון, והוא ימנה את יושב־ראש הועדה ואת שאר חבריה; בהרכב הוועדה יינתן ביטוי הולם לייצוגם של בני שני המינים.</p>
              </content>
            </point>
            <point eId="point_4__point_ב">
              <num>(ב)</num>
              <content>
                <p>יושב־ראש ועדת חקירה יהיה שופט של בית המשפט העליון או שופט של בית משפט מחוזי או שופט כאמור שיצא לגמלאות או שפרש; היו בועדה יותר משופט אחד, יהיה יושב־ראש הועדה – השופט של בית המשפט מן הדרגה הגבוהה ביותר; ואם היו בה יותר משופט אחד של בית משפט מדרגה אחת – הותיק שבהם לכהונה באותו בית משפט.</p>
              </content>
            </point>
            <point eId="point_4__point_ג">
              <num>(ג)</num>
              <content>
                <p>מינוי של שופט לחבר ועדת חקירה אינו טעון הסכמתו של שר המשפטים לפי <ref href="/akn/il/act/PrimaryLegislation/1984-08-13/2002218">סעיף 19 לחוק השופטים, תשי"ג–1953</ref>.</p>
              </content>
            </point>
            <point eId="point_4__point_ד">
              <num>(ד)</num>
              <content>
                <p>שופט שנתמנה ליושב ראש ועדת חקירה או לחבר בה ויצא לגמלאות או שפרש, יוסיף לכהן כיושב ראש או כחבר של אותה ועדת חקירה.</p>
              </content>
            </point>
          </list>
        </point>
        <point eId="point_5">
          <heading>
            <authorialNote placement="side">
              <p>הודעה על הקמת ועדה</p>
            </authorialNote>
          </heading>
          <num>5.</num>
          <content>
            <p>הודעה על הקמת ועדת חקירה, על נושא החקירה כפי שהגדירה אותו הממשלה ועל שמות חברי הועדה תפורסם ברשומות.</p>
          </content>
        </point>
        <point eId="point_6">
          <heading>
            <authorialNote placement="side">
              <p>חילופי גברי</p>
            </authorialNote>
          </heading>
          <num>6.</num>
          <list>
            <point eId="point_6__point_א">
              <num>(א)</num>
              <content>
                <p>נפטר חבר ועדת חקירה או נבצר ממנו דרך קבע למלא תפקידו, ימנה נשיא בית המשפט העליון אדם אחר להיות חבר הועדה במקומו.</p>
              </content>
            </point>
            <point eId="point_6__point_ב">
              <num>(ב)</num>
              <content>
                <p>השתנה הרכב ועדת חקירה, תמשיך הועדה בעבודתה מן השלב שאליו הגיעה לפני השינוי, זולת אם החליטה על דרך אחרת.</p>
              </content>
            </point>
          </list>
        </point>
        <point eId="point_7">
          <heading>
            <authorialNote placement="side">
              <p>סדרי עבודה</p>
            </authorialNote>
          </heading>
          <num>7.</num>
          <content>
            <p>ועדת חקירה תקבע את סדרי עבודתה ודיוניה במידה שלא נקבעו בחוק זה או בתקנות לפיו.</p>
          </content>
        </point>
        <point eId="point_8">
          <heading>
            <authorialNote placement="side">
              <p>אי־תלות בסדרי דין ובדיני ראיות</p>
            </authorialNote>
          </heading>
          <num>8.</num>
          <list>
            <point eId="point_8__point_א">
              <num>(א)</num>
              <content>
                <p>ועדת חקירה אינה חייבת לנהוג לפי סדרי הדין של בית משפט, והיא רשאית לקבל כל ראיה שהיא בכל דרך הנראית לה מועילה ולקבוע סדרי חקירתם של עדים; והכל כשאין בחוק זה או בתקנות לפיו הוראה אחרת לענין זה.</p>
              </content>
            </point>
            <point eId="point_8__point_ב">
              <num>(ב)</num>
              <content>
                <p>ועדת חקירה אינה כפופה לדיני הראיות כשאין בחוק זה הוראה אחרת לענין זה.</p>
              </content>
            </point>
          </list>
        </point>
        <point eId="point_9">
          <heading>
            <authorialNote placement="side">
              <p>סמכויות יושב ראש</p>
            </authorialNote>
          </heading>
          <num>9.</num>
          <list>
            <point eId="point_9__point_א">
              <num>(א)</num>
              <list>
                <intro>
                  <p>יושב־ראש של ועדת חקירה רשאי, על דעת הועדה –</p>
                </intro>
                <point eId="point_9__point_א__point_1">
                  <num>(1)</num>
                  <content>
                    <p>להזמין, ולחזור ולהזמין, אדם לבוא לפני הועדה ולהעיד או להציג מסמכים או מוצגים אחרים שברשותו;</p>
                  </content>
                </point>
                <point eId="point_9__point_א__point_2">
                  <num>(2)</num>
                  <content>
                    <p>לחייב עד להעיד בשבועה או בהן צדק בהתאם להוראות החיקוק החל בבית משפט אזרחי לענין זה;</p>
                  </content>
                </point>
                <point eId="point_9__point_א__point_3">
                  <num>(3)</num>
                  <content>
                    <p>לכפות התייצבותו של אדם שלא ציית להזמנה לפי פסקה (1) ולא הצטדק על כך בדרך המניחה את הדעת;</p>
                  </content>
                </point>
                <point eId="point_9__point_א__point_4">
                  <num>(4)</num>
                  <content>
                    <p>לצוות על גביית עדות בחוץ לארץ.</p>
                  </content>
                </point>
              </list>
            </point>
            <point eId="point_9__point_ב">
              <num>(ב)</num>
              <content>
                <p>סמכויותיו של יושב־ראש הועדה לענינים אלה יהיו כשל בית משפט בהליך אזרחי.</p>
              </content>
            </point>
          </list>
        </point>
        <point eId="point_10">
          <heading>
            <authorialNote placement="side">
              <p>דינו של עד</p>
            </authorialNote>
          </heading>
          <num>10.</num>
          <list>
            <point eId="point_10__point_א">
              <num>(א)</num>
              <content>
                <p>מי שהוזמן להעיד או להציג מסמך או מוצג אחר לפני ועדת חקירה, חובותיו יהיו כשל נחקר לפי <ref href="/akn/il/act/PrimaryOrSecondaryLegislation/UnknownWorkDate/פקודת_הפרוצדורה_הפלילית_עדות#point_2">סעיף 2 לפקודת הפרוצדורה הפלילית (עדות)</ref>.</p>
              </content>
            </point>
            <point eId="point_10__point_ב">
              <num>(ב)</num>
              <content>
                <p>סעיף קטן (א) אינו בא לגרוע <ref href="/akn/il/act/PrimaryLegislation/1971-04-28/2002283#chp_ג">מסעיפים 5א עד 5ו לפקודת העדות</ref>.</p>
              </content>
            </point>
          </list>
        </point>
        <point eId="point_11">
          <heading>
            <authorialNote placement="side">
              <p>סירוב להעיד</p>
            </authorialNote>
          </heading>
          <num>11.</num>
          <list>
            <point eId="point_11__point_א">
              <num>(א)</num>
              <list>
                <intro>
                  <p>מי שנתקיים בו אחד מאלה:</p>
                </intro>
                <point eId="point_11__point_א__point_1">
                  <num>(1)</num>
                  <content>
                    <p>הוזמן לבוא לפני ועדת חקירה ולא בא, או בא ועזב ללא רשות את מקום דיוני הועדה בטרם מסר עדותו;</p>
                  </content>
                </point>
                <point eId="point_11__point_א__point_2">
                  <num>(2)</num>
                  <content>
                    <p>נדרש להמציא מסמך או מוצג אחר שברשותו ולא המציאו;</p>
                  </content>
                </point>
                <point eId="point_11__point_א__point_3">
                  <num>(3)</num>
                  <content>
                    <p>נדרש כדין להישבע או להצהיר בהן צדק ולא עשה זאת;</p>
                  </content>
                </point>
                <point eId="point_11__point_א__point_4">
                  <num>(4)</num>
                  <content>
                    <p>נדרש כדין להשיב על שאלה ולא השיב או השיב ביודעין תשובה מתחמקת,</p>
                  </content>
                </point>
                <wrapup eId="point_11__point_א__wrapup_none">
                  <content>
                    <p>רשאי יושב־ראש הועדה, על דעת הועדה, להטיל עליו, אף שלא בפניו, קנס כאמור <ref href="/akn/il/act/PrimaryLegislation/1977-08-04/2002251#point_40">בסעיף 40(2) לחוק העונשין, תשל"ז–1977</ref>.</p>
                  </content>
                </wrapup>
              </list>
            </point>
            <point eId="point_11__point_ב">
              <num>(ב)</num>
              <content>
                <p>מי שהוטל עליו קנס לפי סעיף קטן (א) שלא בפניו, רשאי יושב־ראש הועדה, לפי בקשתו ועל דעת הועדה, לעיין שנית בקנס שהוטל, להפחיתו או לבטלו, והוא יבטלו אם שוכנע שהמבקש נמנע מלעשות כנדרש מסיבות שלא היתה לו שליטה עליהן.</p>
              </content>
            </point>
            <point eId="point_11__point_ג">
              <num>(ג)</num>
              <content>
                <p>הטיל יושב־ראש ועדת החקירה קנס לפי סעיף קטן (א), יודיע על כך מיד בכתב לנשיא בית המשפט העליון, ורשאי הנשיא או שופט אחר של בית המשפט העליון, בין לפי בקשת מי שהוטל עליו הקנס ובין בלעדיה, לבטל את הקנס או להפחיתו.</p>
              </content>
            </point>
            <point eId="point_11__point_ד">
              <num>(ד)</num>
              <content>
                <p>קנס שהוטל לפי סעיף קטן (א) ייגבה כמו קנס שהטיל בית משפט בהליך פלילי.</p>
              </content>
            </point>
            <point eId="point_11__point_ה">
              <num>(ה)</num>
              <content>
                <p>מי שהוזמן או נדרש כאמור בסעיף קטן (א) ולא נענה והוזמן או נדרש שנית ושוב לא נענה, ללא הצדק סביר, דינו – מאסר שנתיים, ואין בהטלת קנס לפי סעיף קטן (א) כדי למנוע הגשת אישום לפי סעיף קטן זה.</p>
              </content>
            </point>
          </list>
        </point>
        <point eId="point_12">
          <heading>
            <authorialNote placement="side">
              <p>צו חיפוש</p>
            </authorialNote>
          </heading>
          <num>12.</num>
          <content>
            <p>ראתה ועדת חקירה שיש לערוך חיפוש כדי להבטיח הצגתו של מסמך או מוצג אחר הדרוש לחקירה, רשאי יושב־ראש הועדה להוציא צו חיפוש; הצו יינתן ויבוצע כדרך צו חיפוש לפי <ref href="/akn/il/act/PrimaryLegislation/1969-02-16/2001931">פקודת הפרוצדורה הפלילית (מעצר וחיפושים)</ref>.</p>
          </content>
        </point>
        <point eId="point_13">
          <heading>
            <authorialNote placement="side">
              <p>איסוף חומר</p>
            </authorialNote>
          </heading>
          <num>13.</num>
          <list>
            <point eId="point_13__point_א">
              <num>(א)</num>
              <content>
                <p>ראתה ועדת חקירה שיש צורך באיסוף חומר הדרוש לחקירה, רשאי יושב־ראש הועדה להטיל תפקיד זה על אדם הכשיר לכך לדעת הועדה.</p>
              </content>
            </point>
            <point eId="point_13__point_ב">
              <num>(ב)</num>
              <content>
                <p>ראתה הועדה להטיל איסוף חומר על פרקליט מפרקליטות המדינה או על שוטר, יועמדו הללו לרשותה על ידי היועץ המשפטי לממשלה או המפקח הכללי למשטרת ישראל, לפי הענין.</p>
              </content>
            </point>
            <point eId="point_13__point_ג">
              <num>(ג)</num>
              <content>
                <p>
                  <ref href="#point_9">סעיפים 9(א)(1)</ref>
                  <ref href="#point_10">ו־10</ref> יחולו על איסוף חומר לפי סעיף זה.</p>
              </content>
            </point>
          </list>
        </point>
        <point eId="point_14">
          <heading>
            <authorialNote placement="side">
              <p>דינה של עדות</p>
            </authorialNote>
          </heading>
          <num>14.</num>
          <content>
            <p>עדות שנמסרה לפני ועדת חקירה או לפני מי שהוטל עליו לאסוף חומר כאמור <ref href="#point_13">בסעיף 13</ref>, לא תשמש ראיה בהליך משפטי, חוץ ממשפט פלילי בשל מסירת אותה עדות.</p>
          </content>
        </point>
        <point eId="point_15">
          <heading>
            <authorialNote placement="side">
              <p>דין אדם העלול להיפגע</p>
            </authorialNote>
          </heading>
          <num>15.</num>
          <list>
            <point eId="point_15__point_א">
              <num>(א)</num>
              <content>
                <p>ראתה ועדת חקירה שפלוני עלול להיפגע מן החקירה או מתוצאותיה, יודיע לו יושב־ראש הועדה במה הוא עלול להיפגע ויעמיד לרשותו, בדרך שימצא לנכון, את חומר הראיות הנוגע לאותה פגיעה והנמצא בידי הועדה או בידי מי שהוטל עליו לאסוף חומר לפי <ref href="#point_13">סעיף 13</ref>; נפטר אותו אדם או שמחמת סיבה אחרת לא ניתן למסור לו את ההודעה, רשאית ועדת החקירה, אם ראתה שהדבר דרוש לעשיית צדק, להחליט כי ההודעה תימסר לקרוב משפחתו כפי שתקבע הועדה, ויושב ראש הועדה יעמיד לרשותו את חומר הראיות כאמור.</p>
              </content>
            </point>
            <point eId="point_15__point_ב">
              <num>(ב)</num>
              <content>
                <p>אדם שהודע לו כאמור בסעיף קטן (א) רשאי להתייצב לפני הועדה, אם בעצמו ואם על ידי עורך דין, להשמיע דברו ולחקור עדים, אף אם כבר העידו לפני הועדה, ורשאית הועדה להתיר לו להביא ראיות, והכל בענין הפגיעה כאמור.</p>
              </content>
            </point>
            <point eId="point_15__point_ג">
              <num>(ג)</num>
              <content>
                <p>מי שהועמד לרשותו חומר ראיות כאמור בסעיף קטן (א) לא יפרסם דבר מתוך החומר, אלא באישור מוקדם מאת הועדה.</p>
              </content>
            </point>
            <point eId="point_15__point_ד">
              <num>(ד)</num>
              <content>
                <p>על אף האמור בסעיף קטן (א) רשאית ועדת חקירה שלא להודיע לפלוני כאמור שם, ובלבד ששוכנעה שאין במהלך החקירה כדי לפגוע בו ושבדין וחשבון שלה לא תקבע לגביו ממצאים או מסקנות ולא תמליץ לגביו המלצות.</p>
              </content>
            </point>
          </list>
        </point>
        <point eId="point_16">
          <heading>
            <authorialNote placement="side">
              <p>היועץ המשפטי לממשלה</p>
            </authorialNote>
          </heading>
          <num>16.</num>
          <content>
            <p>היועץ המשפטי לממשלה רשאי, בעצמו או על ידי נציגו, להתייצב לפני ועדת חקירה, במסגרת הסדרים שנקבעו לפי <ref href="#point_7">סעיפים 7</ref><ref href="#point_8">ו־8</ref>, לקחת חלק בחקירת העדים ולהשמיע דברו, והוא יעשה כן לפי פניית הועדה.</p>
          </content>
        </point>
        <point eId="point_17">
          <heading>
            <authorialNote placement="side">
              <p>מינוי עורך־דין</p>
            </authorialNote>
          </heading>
          <num>17.</num>
          <content>
            <p>ועדת חקירה רשאית להטיל על עורך דין שאינו בשירות המדינה לסייע לה בכל ענין שתמצא לנכון, ובכלל זה חקירת העדים המעידים בפני הועדה.</p>
          </content>
        </point>
        <point eId="point_18">
          <heading>
            <authorialNote placement="side">
              <p>פומביות הדיון</p>
            </authorialNote>
          </heading>
          <num>18.</num>
          <list>
            <point eId="point_18__point_א">
              <num>(א)</num>
              <content>
                <p>ועדת חקירה תדון בפומבי; ואולם רשאית היא לקיים דיון, כולו או מקצתו, בדלתיים סגורות אם שוכנעה שהדבר דרוש לשם שמירה על בטחון המדינה, על יחסי החוץ של המדינה, על ענין כלכלי חיוני של המדינה או על דרכי הפעולה החסויות של משטרת ישראל, או לשם הגנה על המוסר או על שלומו של אדם.</p>
              </content>
            </point>
            <point eId="point_18__point_ב">
              <num>(ב)</num>
              <content>
                <p>הוראות <ref href="/akn/il/act/PrimaryLegislation/1984-08-13/2002218#point_68">סעיפים 38(ד)</ref>, <ref href="/akn/il/act/PrimaryLegislation/1984-08-13/2002218#point_69">39</ref>, <ref href="/akn/il/act/PrimaryLegislation/1984-08-13/2002218#point_70">40(ב), (ד) ו־(ה)</ref>, <ref href="/akn/il/act/PrimaryLegislation/1984-08-13/2002218#point_71">41</ref>, <ref href="/akn/il/act/PrimaryLegislation/1984-08-13/2002218#point_72">42</ref><ref href="/akn/il/act/PrimaryLegislation/1984-08-13/2002218#point_74">ו־43 לחוק בתי המשפט, תשי"ז–1957</ref>, יחולו, בשינויים המחוייבים, לגבי ועדת חקירה, והוראות <ref href="/akn/il/act/PrimaryLegislation/1977-08-04/2002251#point_128">סעיף 38 לחוק דיני העונשין (בטחון המדינה, יחסי חוץ וסודות רשמיים), תשי"ז–1957</ref>, יחולו, בשינויים המחוייבים, לגבי אדם המתייצב לפני הועדה כאמור <ref href="#point_15">בסעיף 15</ref>; הסמכויות הנתונות לפי ההוראות האמורות לבית המשפט יהיו נתונות ליושב־ראש הועדה.</p>
              </content>
            </point>
          </list>
        </point>
        <point eId="point_19">
          <heading>
            <authorialNote placement="side">
              <p>דין וחשבון הועדה</p>
            </authorialNote>
          </heading>
          <num>19.</num>
          <list>
            <point eId="point_19__point_א">
              <num>(א)</num>
              <content>
                <p>בגמר דיוניה תערוך ועדת חקירה דין וחשבון על תוצאות חקירתה ועל המלצותיה, אם תמצא לנכון להוסיף המלצות, ותגיש את הדין וחשבון לממשלה.</p>
              </content>
            </point>
            <point eId="point_19__point_ב">
              <num>(ב)</num>
              <content>
                <p>חבר הועדה שחלק על דין וחשבון הועדה, תצורף דעתו החולקת לדין וחשבון.</p>
              </content>
            </point>
          </list>
        </point>
        <point eId="point_19א">
          <heading>
            <authorialNote placement="side">
              <p>דו"ח חלקי ודו"ח ביניים</p>
            </authorialNote>
          </heading>
          <num>19א.</num>
          <list>
            <point eId="point_19א__point_א">
              <num>(א)</num>
              <content>
                <p>הועדה רשאית לערוך דו"חות חלקיים.</p>
              </content>
            </point>
            <point eId="point_19א__point_ב">
              <num>(ב)</num>
              <content>
                <p>הועדה רשאית לערוך דו"חות ביניים שענינם המלצות לנקיטת צעדי ביניים.</p>
              </content>
            </point>
            <point eId="point_19א__point_ג">
              <num>(ג)</num>
              <content>
                <p>דו"ח חלקי או דו"ח ביניים לא יוגש אלא על פי החלטת הועדה שנתקבלה פה אחד.</p>
              </content>
            </point>
            <point eId="point_19א__point_ד">
              <num>(ד)</num>
              <content>
                <p>הוראות <ref href="#point_19">סעיפים 19 עד 22</ref><ref href="#point_26">ו־26</ref> יחולו בשינויים המחוייבים גם על דין וחשבון לפי סעיף זה; אולם רשאית הועדה שלא לפרסם דין וחשבון כזה, כולו או מקצתו, גם מן הטעם שראתה שפרסומו עלול להכביד על המשך החקירה.</p>
              </content>
            </point>
          </list>
        </point>
        <point eId="point_20">
          <heading>
            <authorialNote placement="side">
              <p>פרסום</p>
            </authorialNote>
          </heading>
          <num>20.</num>
          <list>
            <point eId="point_20__point_א">
              <num>(א)</num>
              <content>
                <p>ועדת חקירה תפרסם ברבים את הדין וחשבון שלה סמוך אחרי הגשתו לממשלה; ואולם רשאית היא שלא לפרסם את הדין וחשבון, כולו או מקצתו, אם שוכנעה שהדבר דרוש למניעת פגיעה של ממש בביטחון המדינה, ביחסי החוץ של המדינה, בענין כלכלי חיוני של המדינה בשלומו או בפרטיותו של אדם, או בדרכי הפעולה החסויות של רשות או גוף שיש להם סמכות חקירה על פי דין.</p>
              </content>
            </point>
            <point eId="point_20__point_ב">
              <num>(ב)</num>
              <content>
                <p>החליטה הועדה שלא לפרסם דבר מתוך הדין וחשבון, תודיע ברבים על הגשת הדין וחשבון לממשלה ועל החלטתה שלא לפרסמו.</p>
              </content>
            </point>
            <point eId="point_20__point_ג">
              <num>(ג)</num>
              <content>
                <p>הועדה רשאית, אם ראתה זאת לנכון, לפרסם את הפרוטוקול של דיוניה, או כל חומר אחר הקשור לעבודתה, כולו או מקצתו.</p>
              </content>
            </point>
            <point eId="point_20__point_ד">
              <num>(ד)</num>
              <content>
                <p>החליטה הועדה שלא לפרסם את הדין וחשבון שלה, כולו או מקצתו, כאמור בסעיף קטן (א), או לא החליטה לפרסם את הפרוטוקול של דיוניה, או כל חומר אחר הקשור לעבודתה כולו או מקצתו כאמור בסעיף קטן (ג), תיתן הועדה הוראות והגבלות לענין עיון הציבור בדין וחשבון של הועדה, בפרוטוקול של דיוניה או בכל חומר אחר הקשור לעבודתה, שיעמדו בתוקפן למשך תקופה כפי שתורה.</p>
              </content>
            </point>
            <point eId="point_20__point_ה">
              <num>(ה)</num>
              <content>
                <p>עם תום תקופת תוקפן של ההוראות וההגבלות שנתנה הועדה לפי סעיף קטן (ד), יועמדו הדין וחשבון של הועדה, הפרוטוקול של דיוניה וכל חומר אחר הקשור לעבודה לעיון הציבור.</p>
              </content>
            </point>
          </list>
        </point>
        <point eId="point_21">
          <heading>
            <authorialNote placement="side">
              <p>זכותו של חשוד בעבירה</p>
            </authorialNote>
          </heading>
          <num>21.</num>
          <content>
            <p>העלה דין וחשבון של ועדת חקירה חשד שאדם פלוני עבר עבירה, והוחלט שלא להעמידו לדין בשל אותה עבירה, יודיע לו היועץ המשפטי לממשלה, לבקשתו, את נימוקי ההחלטה ויפרסם, לבקשתו, את הנימוקים ברבים.</p>
          </content>
        </point>
        <point eId="point_22">
          <heading>
            <authorialNote placement="side">
              <p>הדין וחשבון אינו ראיה</p>
            </authorialNote>
          </heading>
          <num>22.</num>
          <content>
            <p>דין וחשבון של ועדת חקירה לא ישמש ראיה בכל הליך משפטי.</p>
          </content>
        </point>
        <point eId="point_23">
          <heading>
            <authorialNote placement="side">
              <p>נושא המחייב סודיות</p>
            </authorialNote>
          </heading>
          <num>23.</num>
          <list>
            <intro>
              <p>קבעה הממשלה, באישור ועדת החוץ והבטחון של הכנסת, שהענין נושא החקירה או דיוני הועדה מחייבים סודיות, יחולו ההוראות הבאות, זולת אם החליטה הממשלה, באישור כאמור, לסטות מהן, כולן או מקצתן:</p>
            </intro>
            <point eId="point_23__point_1">
              <num>(1)</num>
              <content>
                <p>לא תפורסם הודעה על הקמת ועדת החקירה;</p>
              </content>
            </point>
            <point eId="point_23__point_2">
              <num>(2)</num>
              <content>
                <p>הוראות <ref href="/akn/il/act/PrimaryLegislation/1977-08-04/2002251#point_128">סעיף 38 לחוק דיני העונשין (בטחון המדינה, יחסי חוץ וסודות רשמיים), תשי"ז–1957</ref>, יחולו, בשינויים המחוייבים;</p>
              </content>
            </point>
            <point eId="point_23__point_3">
              <num>(3)</num>
              <content>
                <p>מי שהתייצב לפני הועדה לפי <ref href="#point_15">סעיף 15</ref> לא ייצגו אלא עורך דין שאושר לשמש סניגור לפי <ref href="/akn/il/act/PrimaryLegislation/1955-07-20/148698#point_318">סעיף 318 לחוק השיפוט הצבאי, תשט"ו–1955</ref>;</p>
              </content>
            </point>
            <point eId="point_23__point_4">
              <num>(4)</num>
              <content>
                <p>דיוני הועדה יתקיימו בדלתיים סגורות;</p>
              </content>
            </point>
            <point eId="point_23__point_5">
              <num>(5)</num>
              <content>
                <p>הועדה תגיש את הדין וחשבון שלה גם לועדת החוץ והבטחון של הכנסת;</p>
              </content>
            </point>
            <point eId="point_23__point_6">
              <num>(6)</num>
              <content>
                <p>הועדה לא תפרסם את הדין וחשבון שלה או את הפרוטוקול של דיוניה;</p>
              </content>
            </point>
            <point eId="point_23__point_7">
              <num>(7)</num>
              <content>
                <p>הועדה תיתן הוראות והגבלות לענין עיון הציבור בדין וחשבון שלה, בפרוטוקול של דיוניה ובכל חומר אחר הקשור לעבודתה, שיעמדו בתוקפן למשך תקופה כפי שתורה, ויחולו הוראות <ref href="#point_24ב">סעיף 24ב</ref>, בשינויים המחויבים;</p>
              </content>
            </point>
            <point eId="point_23__point_8">
              <num>(8)</num>
              <content>
                <p>עם תום תקופת תוקפן של ההוראות וההגבלות שנתנה הועדה לפי פסקה (7), יועמדו הדין וחשבון של הועדה, הפרוטוקול של דיוניה וכל חומר אחר הקשור לעבודתה לעיון הציבור.</p>
              </content>
            </point>
          </list>
        </point>
        <point eId="point_24">
          <heading>
            <authorialNote placement="side">
              <p>חסינות של חבר ועדה</p>
            </authorialNote>
          </heading>
          <num>24.</num>
          <content>
            <p>מי שמכהן או כיהן כחבר של ועדת חקירה תהיה לו, בקשר לתפקידו כחבר הועדה, כל חסינות הנתונה על פי דין לשופט, ולענין <ref href="/akn/il/act/PrimaryLegislation/1977-08-04/2002251#point_255">סעיף 131 לפקודת החוק הפלילי, 1936</ref>, יהיה גם הוא בכלל שופט.</p>
          </content>
        </point>
        <point eId="point_24א">
          <heading>
            <authorialNote placement="side">
              <p>השפעה שלא כדין</p>
            </authorialNote>
          </heading>
          <num>24א.</num>
          <list>
            <point eId="point_24א__point_א">
              <num>(א)</num>
              <content>
                <p>המשפיע או המנסה להשפיע שלא כדין על ועדת חקירה או על חבר מחבריה בכל הקשור לעבודת הועדה, דינו – מאסר שנה.</p>
              </content>
            </point>
            <point eId="point_24א__point_ב">
              <num>(ב)</num>
              <content>
                <p>מסירת מידע לועדת חקירה או לחבר מחבריה או הפניית תשומת לבם לענין הקשור בעבודת הועדה אינה עבירה לפי סעיף זה.</p>
              </content>
            </point>
          </list>
        </point>
        <point eId="point_24ב">
          <heading>
            <authorialNote placement="side">
              <p>הגבלות לענין עיון הציבור</p>
            </authorialNote>
          </heading>
          <num>24ב.</num>
          <list>
            <point eId="point_24ב__point_א">
              <num>(א)</num>
              <content>
                <p>הממשלה רשאית להחליט כי קיים צורך לבחון מניעת העמדת דין וחשבון של ועדת חקירה, פרוטוקול של דיוניה או כל חומר אחר הקשור לעבודתה לעיון הציבור עם תום התקופה שנקבעה לפי <ref href="#point_20">סעיף 20(ד)</ref>, מחמת שממשיכה להתקיים עילה מהעילות המפורטות <ref href="#point_20">בסעיף 20(א)</ref>; החליטה כאמור, ימנה ראש הממשלה ועדת שתפקידה יהיה להחליט האם יש להאריך את תקופת ההוראת וההגבלות שנתנה ועדת החקירה לפי <ref href="#point_20">סעיף 20(ד)</ref> או לשנות את ההוראות וההגבלות האמורות (בחוק זה – הועדה הציבורית).</p>
              </content>
            </point>
            <point eId="point_24ב__point_ב">
              <num>(ב)</num>
              <list>
                <intro>
                  <p>ועדה ציבורית תהיה של שלושה והם:</p>
                </intro>
                <point eId="point_24ב__point_ב__point_1">
                  <num>(1)</num>
                  <content>
                    <p>שופט בדימוס של בית המשפט העליון או של בית המשפט המחוזי, לפי הצעת נשיא בית המשפט העליון, והוא יהיה היושב ראש;</p>
                  </content>
                </point>
                <point eId="point_24ב__point_ב__point_2">
                  <num>(2)</num>
                  <content>
                    <p>עובד הציבור או עובד הציבור שפרש לגמלאות, שקבע ראש הממשלה;</p>
                  </content>
                </point>
                <point eId="point_24ב__point_ב__point_3">
                  <num>(3)</num>
                  <content>
                    <p>נציג ציבור, לפי הצעת יושב ראש הכנסת, לאחר שהתייעץ עם לפחות שני עורכים ראשיים של כלי תקשורת גדולים.</p>
                  </content>
                </point>
              </list>
            </point>
            <point eId="point_24ב__point_ג">
              <num>(ג)</num>
              <list>
                <intro>
                  <p>מצאה הועדה הציבורית, לאחר ששמעה, בין השאר, את הגנז, את הצנזור הצבאי ואת מי שהממשלה ביקשה כי הועדה תשמע אותו, ולאחר ששקלה את הענין הציבורי שבהעמדת הדין וחשבון של ועדת החקירה, הפרוטוקול של דיוניה או כל חומר אחר הקשור לעבודתה לעיון הציבור, כי ממשיכה להתקיים עילה מהעילות המפורטות <ref href="#point_20">בסעיף 20(א)</ref>, רשאית היא לקבוע, הוראות והגבלות לענין העיון בדין וחשבון של ועדת החקירה, בפרוטוקול של דיוניה או בכל חומר אחר הקשור לעבודתה, שיעמדו בתוקפן למשך תקופה כפי שתורה; החליטה כאמור, יחולו הוראות <ref href="#point_20">סעיף 20(ב)</ref>, בשינויים המחויבים; לענין זה –</p>
                </intro>
                <point eId="point_24ב__point_ג__point_הגנז">
                  <content>
                    <p>
                      <def />”הגנז“ – כהגדרתו <ref href="/akn/il/act/PrimaryLegislation/1955-01-27/146894">בחוק הארכיונים, התשט"ו–1955</ref>;</p>
                  </content>
                </point>
                <point eId="point_24ב__point_ג__point_הצנזור_הצבאי">
                  <content>
                    <p>
                      <def />”הצנזור הצבאי“ – כהגדרתו <ref href="/akn/il/act/PrimaryLegislation/1945-09-27/2002068">בתקנות ההגנה (שעת חירום), 1945</ref>.</p>
                  </content>
                </point>
              </list>
            </point>
            <point eId="point_24ב__point_ד">
              <num>(ד)</num>
              <content>
                <p>עם תום תקופת תוקפן של ההוראות וההגבלות שנתנה הועדה הציבורית לפי סעיף קטן (ג), יועמדו הדין וחשבון של ועדת החקירה, הפרוטוקול של דיוניה וכל חומר אחר הקשור לעבודתה לעיון הציבור, ואולם רשאית הממשלה להחליט כאמור בסעיף קטן (א), ויחולו הוראות סעיף זה.</p>
              </content>
            </point>
            <point eId="point_24ב__point_ה">
              <num>(ה)</num>
              <content>
                <p>ועדה ציבורית תקבע את סדרי עבודתה ודיוניה, והיא רשאית לזמן אדם לבוא בפניה ככל שהדבר דרוש למילוי תפקידיה; ההוראות וההגבלות שקבעה ועדת החקירה יעמדו בתוקפן עד קבלת החלטה לפי סעיף קטן (ג), אלא אם כן קבעה הועדה הציבורית הוראות ביניים למשך תקופת עבודתה.</p>
              </content>
            </point>
            <point eId="point_24ב__point_ו">
              <num>(ו)</num>
              <content>
                <p>ראש הממשלה רשאי להורות על תשלום גמול לחברי הועדה הציבורית שאינם מקבלים שכר מאוצר המדינה.</p>
              </content>
            </point>
          </list>
        </point>
        <point eId="point_25">
          <heading>
            <authorialNote placement="side">
              <p xml:space="preserve"> </p>
            </authorialNote>
          </heading>
          <num>25.</num>
          <content>
            <p>
              <wikicomment font-size="x-small">הנוסח שולב <ref href="/akn/il/act/PrimaryOrSecondaryLegislation/UnknownWorkDate/פקודת_החוק_הפלילי">בפקודת החוק הפלילי, 1936</ref>.</wikicomment>
            </p>
          </content>
        </point>
        <point eId="point_26">
          <heading>
            <authorialNote placement="side">
              <p>איסור פירסום</p>
            </authorialNote>
          </heading>
          <num>26.</num>
          <list>
            <point eId="point_26__point_א">
              <num>(א)</num>
              <content>
                <p>המפרסם, ללא אישור, דבר מתוך חומר שהועמד לרשותו כאמור <ref href="#point_15">בסעיף 15</ref>, או מפרסם דבר מתוך דיון של ועדת חקירה שהתקיים בדלתיים סגורות או מתוך דין וחשבון, פרוטוקול או כל חומר אחר הקשור לעבודתה של ועדת חקירה שלא פורסם או שלא הועמד לעיון הציבור, דינו – מאסר ששה חדשים.</p>
              </content>
            </point>
            <point eId="point_26__point_ב">
              <num>(ב)</num>
              <content>
                <p>הממשלה רשאית, בכל עת, בצו, באישור ועדה של הכנסת שהממשלה פנתה אליה, להתיר עיון בדין וחשבון של ועדת חקירה או בדבר אחר הנזכר בסעיף קטן (א), או בחלק מהם, אשר לא פורסמו או אשר לא הועמדו לעיון הציבור, בין אם ועדת החקירה או הועדה הציבורית, נתנה הוראות והגבלות לפי <ref href="#point_20">סעיפים 20</ref>, <ref href="#point_23">23</ref><ref href="#point_24ב">ו־24ב</ref>, ובין אם לאו, או את פרסומם.</p>
              </content>
            </point>
          </list>
        </point>
        <point eId="point_27">
          <heading>
            <authorialNote placement="side">
              <p>הוצאות ושכר</p>
            </authorialNote>
          </heading>
          <num>27.</num>
          <list>
            <point eId="point_27__point_א">
              <num>(א)</num>
              <content>
                <p>חבר ועדת חקירה זכאי לקבל הוצאות בסכומים שיקבע מנהל בתי המשפט; מנהל בתי המשפט רשאי לפסוק לחבר ועדת חקירה שכר בסכום שיקבע אם ראה זאת מוצדק בנסיבות הענין.</p>
              </content>
            </point>
            <point eId="point_27__point_ב">
              <num>(ב)</num>
              <content>
                <p>עד שהוזמן להעיד או להציג מסמך או מוצג אחר לפני ועדת חקירה, רשאי יושב־ראש הועדה לפסוק לו דמי נסיעה ולינה ושכר בטלה כמו לעד שהוזמן להעיד לפני בית משפט.</p>
              </content>
            </point>
            <point eId="point_27__point_ג">
              <num>(ג)</num>
              <content>
                <p>אדם שהוטל עליו לאסוף חומר כאמור <ref href="#point_13">בסעיף 13</ref> והוא אינו בשירות המדינה, ועורך דין שהוטל עליו תפקיד כאמור <ref href="#point_17">בסעיף 17</ref>, זכאי לקבל, בנוסף על הוצאותיו הסבירות, שכר בסכום שתקבע הועדה.</p>
              </content>
            </point>
            <point eId="point_27__point_ד">
              <num>(ד)</num>
              <content>
                <p>מי שהתייצב לפני ועדת חקירה כאמור <ref href="#point_15">בסעיף 15</ref>, רשאית הועדה לפסוק לו את הוצאותיו, כולל הוצאות הייצוג, בסכום שתקבע.</p>
              </content>
            </point>
            <point eId="point_27__point_ה">
              <num>(ה)</num>
              <content>
                <p>הסכומים האמורים בסעיף זה ישולמו מאוצר המדינה.</p>
              </content>
            </point>
          </list>
        </point>
        <point eId="point_28">
          <heading>
            <authorialNote placement="side">
              <p>שמירת סמכויות ותיאום חיקוקים</p>
            </authorialNote>
          </heading>
          <num>28.</num>
          <list>
            <point eId="point_28__point_א">
              <num>(א)</num>
              <content>
                <p>אין בחוק זה כדי לגרוע מסמכותו של שר למנות ועדת בירור לשם בדיקת ענין שבתחום תפקידיו, ובלבד שלא נתמנתה לגביו ועדת חקירה לפי חוק זה; נתמנתה ועדת חקירה בענין האמור, לא תמשיך ועדת הבירור בפעולתה.</p>
              </content>
            </point>
            <point eId="point_28__point_ב">
              <num>(ב)</num>
              <content>
                <p>מקום שעל פי חיקוק נתונות לאדם או לרשות, או שאפשר ליתן להם, סמכויות של ועדת חקירה לפי פקודת ועדות חקירה, ומקום שאדם או רשות הוסמכו בחיקוק לאסוף ראיות לשם הפעלת סמכותם על פי דין – יחולו עליהם הוראות <ref href="#point_9">סעיפים 9 עד 11</ref> בשינויים המחוייבים.</p>
              </content>
            </point>
          </list>
        </point>
        <point eId="point_29">
          <heading>
            <authorialNote placement="side">
              <p>מניעת אצילה</p>
            </authorialNote>
          </heading>
          <num>29.</num>
          <content>
            <p>סמכויות הממשלה לפי חוק זה אינן ניתנות לאצילה.</p>
          </content>
        </point>
        <point eId="point_30">
          <heading>
            <authorialNote placement="side">
              <p>ביטול</p>
            </authorialNote>
          </heading>
          <num>30.</num>
          <content>
            <p>פקודת ועדות חקירה – בטלה.</p>
          </content>
        </point>
        <point eId="point_31">
          <heading>
            <authorialNote placement="side">
              <p>ביצוע ותקנות</p>
            </authorialNote>
          </heading>
          <num>31.</num>
          <content>
            <p>שר המשפטים ממונה על ביצוע חוק זה והוא רשאי להתקין תקנות בכל דבר הנוגע לביצועו, לרבות סדרי דין בועדות חקירה.</p>
          </content>
        </point>
      </list>
    </body>
    <conclusions eId="eId">
      <p class="signatures">
        <signature>
          <p>
            <person refersTo="לוי_אשכול">לוי אשכול</person>
            <role refersTo="ראש_הממשלה">ראש הממשלה</role>
          </p>
        </signature>
        <signature>
          <p>
            <person refersTo="יעקב_ש׳_שפירא">יעקב ש׳ שפירא</person>
            <role refersTo="שר_המשפטים">שר המשפטים</role>
          </p>
        </signature>
        <signature>
          <p>
            <person refersTo="שניאור_זלמן_שזר">שניאור זלמן שזר</person>
            <role refersTo="נשיא_המדינה">נשיא המדינה</role>
          </p>
        </signature>
      </p>
    </conclusions>
  </act>
</akomaNtoso>