﻿<?xml version="1.0" encoding="utf-8"?>
<akomaNtoso xmlns="http://docs.oasis-open.org/legaldocml/ns/akn/3.0">
  <act contains="originalVersion" name="publicLaw">
    <meta>
      <identification source="#kensset">
        <FRBRWork>
          <FRBRthis value="/akn/il/act/PrimaryLegislation/1949-09-18/314513/main" />
          <FRBRuri value="/akn/il/act/PrimaryLegislation/1949-09-18/314513" />
          <FRBRdate date="1949-09-18" name="Generation" />
          <FRBRauthor href="#knesset" as="#author" />
          <FRBRcountry value="israel" />
        </FRBRWork>
        <FRBRExpression>
          <FRBRthis value="/akn/il/act/PrimaryLegislation/1949-09-18/314513/he@/main" />
          <FRBRuri value="/akn/il/act/PrimaryLegislation/1949-09-18/314513/he@" />
          <FRBRdate date="1949-09-18" name="Generation" />
          <FRBRauthor href="#knesset" as="#author" />
          <FRBRlanguage language="hebrew" />
        </FRBRExpression>
        <FRBRManifestation>
          <FRBRthis value="/akn/il/act/PrimaryLegislation/1949-09-18/314513/he@/main.xml" />
          <FRBRuri value="/akn/il/act/PrimaryLegislation/1949-09-18/314513/he@" />
          <FRBRdate date="1949-09-18" name="Generation" />
          <FRBRauthor href="#knesset" as="#author" />
          <FRBRformat value="xml" />
        </FRBRManifestation>
      </identification>
      <classification source="#kensset">
        <keyword value="{classificationValue}" showAs="{classificationValue}" dictionary="#classification_dictionary" />
      </classification>
      <lifecycle source="#kensset">
        <eventRef eId="eventRef_1" date="1949-09-18" source="#kensset" type="generation" />
      </lifecycle>
      <references source="#kensset">
        <TLCOrganization eId="kensset" href="/ontology/organization/akn/knesset" showAs="Kensset" type="generation" />
        <TLCRole eId="author" href="/ontology/role/akn/author" showAs="Author of Document" />
        <TLCProcess eId="inforce" href="/ontology/process/akn/inforce" showAs="In force" />
        <TLCTerm eId="term_1" href="/ontology/term/שר/314513" showAs="שר" />
        <TLCTerm eId="term_2" href="/ontology/term/רשות_חינוך_מקומית/314513" showAs="רשות_חינוך_מקומית" />
        <TLCTerm eId="term_3" href="/ontology/term/ילד/314513" showAs="ילד" />
        <TLCTerm eId="term_4" href="/ontology/term/נער/314513" showAs="נער" />
        <TLCTerm eId="term_5" href="/ontology/term/הורים/314513" showAs="הורים" />
        <TLCTerm eId="term_6" href="/ontology/term/נותן_עבודה/314513" showAs="נותן_עבודה" />
        <TLCTerm eId="term_7" href="/ontology/term/חינוך_בגן־ילדים/314513" showAs="חינוך_בגן־ילדים" />
        <TLCTerm eId="term_8" href="/ontology/term/חינוך_חובה/314513" showAs="חינוך_חובה" />
        <TLCTerm eId="term_9" href="/ontology/term/מוסד_חינוך/314513" showAs="מוסד_חינוך" />
        <TLCTerm eId="term_10" href="/ontology/term/מוסד_חינוך_לילדים/314513" showAs="מוסד_חינוך_לילדים" />
        <TLCTerm eId="term_11" href="/ontology/term/מוסד_חינוך_לנערים/314513" showAs="מוסד_חינוך_לנערים" />
        <TLCTerm eId="term_12" href="/ontology/term/מוסד_חינוך_לנערים_עובדים/314513" showAs="מוסד_חינוך_לנערים_עובדים" />
        <TLCTerm eId="term_13" href="/ontology/term/מוסד_חינוך_רשמי/314513" showAs="מוסד_חינוך_רשמי" />
        <TLCTerm eId="term_14" href="/ontology/term/מוסד_חינוך_מוכר/314513" showAs="מוסד_חינוך_מוכר" />
        <TLCTerm eId="term_15" href="/ontology/term/מנהל_מחלקת_חינוך/314513" showAs="מנהל_מחלקת_חינוך" />
        <TLCTerm eId="term_16" href="/ontology/term/תלמיד/314513" showAs="תלמיד" />
        <TLCTerm eId="term_17" href="/ontology/term/מוסד_חינוך/314513" showAs="מוסד_חינוך" />
        <TLCTerm eId="term_18" href="/ontology/term/תלמיד/314513" showAs="תלמיד" />
        <TLCTerm eId="term_19" href="/ontology/term/כיתת_יסוד/314513" showAs="כיתת_יסוד" />
        <TLCTerm eId="term_20" href="/ontology/term/מיומנויות_היסוד/314513" showAs="מיומנויות_היסוד" />
        <TLCTerm eId="term_21" href="/ontology/term/תלמיד/314513" showAs="תלמיד" />
        <TLCPerson eId="ד._בן־גוריון" href="/ontology/person/ד._בן־גוריון" showAs="ד. בן־גוריון" />
        <TLCPerson eId="ז._שזר" href="/ontology/person/ז._שזר" showAs="ז. שזר" />
        <TLCPerson eId="יוסף_שפרינצק" href="/ontology/person/יוסף_שפרינצק" showAs="יוסף שפרינצק" />
        <TLCRole eId="ראש_הממשלה" href="ontology/role/akn/ראש_הממשלה" showAs="ראש הממשלה" />
        <TLCRole eId="שר_החינוך_והתרבות" href="ontology/role/akn/שר_החינוך_והתרבות" showAs="שר החינוך והתרבות" />
        <TLCRole eId="יושב_ראש_הכנסת_|_ממלא_מקום_נשיא_המדינה" href="ontology/role/akn/יושב_ראש_הכנסת_|_ממלא_מקום_נשיא_המדינה" showAs="יושב ראש הכנסת | ממלא מקום נשיא המדינה" />
      </references>
      <temporalData source="#kensset">
        <temporalGroup eId="tmpg_1" />
      </temporalData>
      <Publication></Publication>
    </meta>
    <body period="#tmpg_1">
      <title eId="title">
        <content>
          <p>חוק לימוד חובה, תש"ט–1949</p>
        </content>
      </title>
      <chapter eId="chp_ראשון">
        <num>פרק ראשון:</num>
        <title>
          <content>
            <p>פירושים</p>
          </content>
        </title>
        <list>
          <point eId="point_1" class="definitions">
            <heading>
              <authorialNote placement="side">
                <p>פירושים</p>
              </authorialNote>
            </heading>
            <num>1.</num>
            <list>
              <intro>
                <p>בחוק זה –</p>
              </intro>
              <point eId="point_1__point_שר">
                <content>
                  <p>
                    <def />”שר“ פירושו – שר החינוך והתרבות.</p>
                </content>
              </point>
              <point eId="point_1__point_רשות_חינוך_מקומית">
                <list>
                  <intro>
                    <p>
                      <def />”רשות חינוך מקומית“ פירושה –</p>
                  </intro>
                  <point eId="point_1__point_רשות_חינוך_מקומית__point_א">
                    <num>(א)</num>
                    <content>
                      <p>לגבי תחום שיפוטה של רשות מקומית – אותה רשות מקומית; אולם רשאי השר לקבוע בצו שפורסם ברשומות, כי אדם או חבר־בני־אדם, המקיימים מוסד חינוך לגילאי לימוד חובה בתחום מועצה אזורית, יהיו רשות חינוך מקומית נפרדת לגבי שטח המוסד שיוגדר בצו, אם ראה לעשות כן מטעמים מיוחדים, ולאחר שנתן למועצה האזורית הזדמנות לטעון טענותיה;</p>
                    </content>
                  </point>
                  <point eId="point_1__point_רשות_חינוך_מקומית__point_ב">
                    <num>(ב)</num>
                    <content>
                      <p>לגבי מושב, קבוצה או קיבוץ – ועד המושב, או מזכירות הקבוצה או הקיבוץ, לפי הענין; ושטח המושב, הקבוצה או הקיבוץ הוא תחום השיפוט של הועדה או המזכירות, לפי הענין;</p>
                    </content>
                  </point>
                  <point eId="point_1__point_רשות_חינוך_מקומית__point_ג">
                    <num>(ג)</num>
                    <content>
                      <p>לגבי שטח אחר – ועד שהוכר, או אדם שנתמנה, על ידי השר, בצו שפורסם ברשומות, כרשות חינוך מקומית בשטח שתואר בצו; ואותו שטח הוא תחום השיפוט של אותו ועד או של אותו אדם, לפי הענין.</p>
                    </content>
                  </point>
                </list>
              </point>
              <point eId="point_1__point_ילד">
                <content>
                  <p>
                    <def />”ילד“ פירושו – אדם שבראשית שנת הלימודים היה באחד הגילים מ־3 עד 13 ועד בכלל.</p>
                </content>
              </point>
              <point eId="point_1__point_נער">
                <content>
                  <p>
                    <def />”נער“ פירושו – אדם שבראשית שנת הלימודים היה באחד הגילים מ־14 עד 17.</p>
                </content>
              </point>
              <point eId="point_1__point_הורים">
                <content>
                  <p>
                    <def />”הורים“ של ילד או של נער כוללים את אפוטרופסו של הילד או של הנער, וכל אדם שהילד או הנער נמצא ברשותו, בפיקוחו או בהשגחתו.</p>
                </content>
              </point>
              <point eId="point_1__point_נותן_עבודה">
                <content>
                  <p>
                    <def />”נותן עבודה“ פירושו – אדם המעסיק ילד או נער בכל עבודה שהיא, בין בשכר ובין שלא בשכר.</p>
                </content>
              </point>
              <point eId="point_1__point_חינוך_בגן־ילדים">
                <content>
                  <p>
                    <def />”חינוך בגן־ילדים“ – פירושו חינוך הניתן בגן־ילדים, לרבות גן במעון ילדים, לילדים בגיל 3 עד 5 ועד בכלל.</p>
                </content>
              </point>
              <point eId="point_1__point_חינוך_חובה">
                <content>
                  <p>
                    <def />”חינוך חובה“ פירושו – לימוד המיועד לילדים ולנערים והניתן בחמש עשרה שנות לימוד, מהן שלוש בגן ילדים בגיל 3 עד 5 ועד בכלל ושתים עשרה שנות לימוד, בכיתות א׳ עד י"ב, לילדים ולנערים.</p>
                </content>
              </point>
              <point eId="point_1__point_מוסד_חינוך">
                <content>
                  <p>
                    <def />”מוסד חינוך“ פירושו – מוסד ללימוד שיטתי לילדים או לנערים.</p>
                </content>
              </point>
              <point eId="point_1__point_מוסד_חינוך_לילדים">
                <content>
                  <p>
                    <def />”מוסד חינוך לילדים“ פירושו – מוסד חינוך לחינוך חובה לילדים.</p>
                </content>
              </point>
              <point eId="point_1__point_מוסד_חינוך_לנערים">
                <content>
                  <p>
                    <def />”מוסד חינוך לנערים“ – מוסד חינוך לחינוך חובה לנערים.</p>
                </content>
              </point>
              <point eId="point_1__point_מוסד_חינוך_לנערים_עובדים">
                <content>
                  <p>
                    <def />”מוסד חינוך לנערים עובדים“ – מוסד חינוך ללימודי ערב לנערים עובדים.</p>
                </content>
              </point>
              <point eId="point_1__point_מוסד_חינוך_רשמי">
                <content>
                  <p>
                    <def />”מוסד חינוך רשמי“ פירושו – מוסד חינוך מוחזק על ידי המדינה, או על ידי רשות חינוך מקומית, או על ידי רשויות חינוך מקומיות אחדות במשותף, או על ידי המדינה ורשות חינוך מקומית, או על ידי המדינה ורשויות חינוך מקומיות אחדות במשותף, ואשר השר הכריז עליו, באכרזה שפורסמה ברשומות, שהוא מוסד חינוך רשמי לצורך חוק זה.</p>
                </content>
              </point>
              <point eId="point_1__point_מוסד_חינוך_מוכר">
                <list>
                  <intro>
                    <p>
                      <def />”מוסד חינוך מוכר“ פירושו –</p>
                  </intro>
                  <point eId="point_1__point_מוסד_חינוך_מוכר__point_א">
                    <num>(א)</num>
                    <content>
                      <p>כל מוסד חינוך רשמי;</p>
                    </content>
                  </point>
                  <point eId="point_1__point_מוסד_חינוך_מוכר__point_ב">
                    <num>(ב)</num>
                    <content>
                      <p>כל מוסד חינוך אחר שהשר הכריז עליו, באכרזה שפורסמה ברשומות, שהוא מוסד חינוך מוכר לצורך חוק זה.</p>
                    </content>
                  </point>
                </list>
              </point>
            </list>
          </point>
          <point eId="point_1א">
            <heading>
              <authorialNote placement="side">
                <p>רשות חינוך מקומית – תאגיד</p>
              </authorialNote>
            </heading>
            <num>1א.</num>
            <content>
              <p>רשות חינוך מקומית שאיננה רשות מקומית תהיה תאגיד כשר לכל חובה, זכות ופעולה משפטית בתחום תפקידיה.</p>
            </content>
          </point>
        </list>
      </chapter>
      <chapter eId="chp_שני">
        <num>פרק שני:</num>
        <title>
          <content>
            <p>לימוד חובה</p>
          </content>
        </title>
        <list>
          <point eId="point_2">
            <heading>
              <authorialNote placement="side">
                <p>לימוד חובה לילדים ולנערים</p>
              </authorialNote>
            </heading>
            <num>2.</num>
            <list>
              <point eId="point_2__point_א">
                <num>(א)</num>
                <content>
                  <p>לימוד חובה יקיף כל ילד וכל נער.</p>
                </content>
              </point>
              <point eId="point_2__point_ב">
                <num>(ב)</num>
                <content>
                  <p>
                    <wikicomment font-size="x-small">(בוטל).</wikicomment>
                  </p>
                </content>
              </point>
              <point eId="point_2__point_ג">
                <num>(ג)</num>
                <content>
                  <p>
                    <wikicomment font-size="x-small">(בוטל).</wikicomment>
                  </p>
                </content>
              </point>
              <point eId="point_2__point_ד">
                <num>(ד)</num>
                <content>
                  <p>ילד שלימוד חובה חל עליו נקרא בחוק זה ”ילד בגיל לימוד חובה“; ונער שלימוד חובה חל עליו נקרא בחוק זה ”נער בגיל לימוד חובה“.</p>
                </content>
              </point>
            </list>
          </point>
          <point eId="point_2א">
            <heading>
              <authorialNote placement="side">
                <p>חניכות כלימוד חובה</p>
              </authorialNote>
            </heading>
            <num>2א.</num>
            <list>
              <point eId="point_2א__point_א">
                <num>(א)</num>
                <content>
                  <p>חניכות של נער החל בגיל 15 על פי <ref href="/akn/il/act/PrimaryLegislation/1953-07-23/147415">חוק החניכות, תשי"ג–1953</ref>, בתנאים שייקבעו בתקנות שיותקנו על ידי השר בהסכמת שר התעשיה המסחר והתעסוקה ובאישור ועדת החינוך והתרבות של הכנסת – תיחשב כלימוד חובה לענין חוק זה.</p>
                </content>
              </point>
              <point eId="point_2א__point_ב">
                <num>(ב)</num>
                <content>
                  <p>השר יקבע בהסכמת שר התעשיה המסחר והתעסוקה תכנית חובה של לימודים עיוניים לחניכות כאמור בסעיף קטן (א).</p>
                </content>
              </point>
              <point eId="point_2א__point_ג">
                <num>(ג)</num>
                <content>
                  <p>תכנית הלימודים העיוניים לפי סעיף קטן (ב) תהיה ממלכתית או ממלכתית דתית, ותכנית ממלכתית דתית תיקבע לאחר התייעצות במועצה לחינוך ממלכתי דתי שהוקמה לפי <ref href="/akn/il/act/PrimaryLegislation/1953-08-20/147360#point_13">סעיף 13 לחוק חינוך ממלכתי, תשי"ג–1953</ref>.</p>
                </content>
              </point>
            </list>
          </point>
          <point eId="point_3">
            <heading>
              <authorialNote placement="side">
                <p>חובת רישום</p>
              </authorialNote>
            </heading>
            <num>3.</num>
            <list>
              <point eId="point_3__point_א">
                <num>(א)</num>
                <content>
                  <p>הורים של ילד בגיל 3 עד 5 חייבים, כל אחד מהם, לרשמו, במועד ובאופן שנקבע בתקנות, ברשות החינוך המקומית שבתחום שיפוטה גר הילד. רשמו אחד מהם – השני פטור.</p>
                </content>
              </point>
              <point eId="point_3__point_אא">
                <num>(אא)</num>
                <content>
                  <p>הורים של ילד בגיל 6 ומעלה או של נער בגיל לימוד חובה חייבים, כל אחד מהם, לרשום את הילד או את הנער, כמפורט בסעיף־קטן (ב), במוסד חינוך או ברשות חינוך מקומית כאמור <ref href="/akn/il/act/PrimaryLegislation/1953-08-20/147360#point_20">בסעיפים 20</ref><ref href="/akn/il/act/PrimaryLegislation/1953-08-20/147360#point_21">ו־21 לחוק חינוך ממלכתי, תשי"ג–1953</ref>. רשם אחד מהם את הילד או את הנער – השני פטור.</p>
                </content>
              </point>
              <point eId="point_3__point_ב">
                <num>(ב)</num>
                <list>
                  <intro>
                    <p>לפי סעיפים קטנים (א) ו־(אא) יש לרשום –</p>
                  </intro>
                  <point eId="point_3__point_ב__point_1">
                    <num>(1)</num>
                    <content>
                      <p>
                        <wikicomment font-size="x-small">(בוטל);</wikicomment>
                      </p>
                    </content>
                  </point>
                  <point eId="point_3__point_ב__point_2">
                    <num>(2)</num>
                    <content>
                      <p>ילד שבראשית שנת הלימודים תשי"ד או בראשית כל שנת לימודים שלאחריה יהיה בגיל 6 – במועד שנקבע בתקנות;</p>
                    </content>
                  </point>
                  <point eId="point_3__point_ב__point_3">
                    <num>(3)</num>
                    <content>
                      <p>ילד בגיל לימוד חובה או נער בגיל לימוד חובה שהגיע לארץ כעולה – תוך שלושים יום מיום העליה;</p>
                    </content>
                  </point>
                  <point eId="point_3__point_ב__point_4">
                    <num>(4)</num>
                    <content>
                      <p>ילד בגיל לימוד חובה או נער בגיל לימוד חובה שהעתיק את מקום מגוריו מתחום השיפוט של רשות חינוך מקומית אחת לתחום השיפוט של רשות חינוך מקומית אחרת – תוך שלושים יום מהיום בו העתיק הילד או הנער את מקום מגוריו;</p>
                    </content>
                  </point>
                  <point eId="point_3__point_ב__point_5">
                    <num>(5)</num>
                    <content>
                      <p>ילד בגיל לימוד חובה, או נער בגיל לימוד חובה, הגר בתחומה של רשות חינוך מקומית שאין בה מוסד חינוך רשמי ואותה רשות הודיעה, באופן שנקבע בתקנות, כי היא עומדת לפתוח מוסד כזה – תוך שלושים יום מיום ההודעה.</p>
                    </content>
                  </point>
                </list>
              </point>
              <point eId="point_3__point_ג">
                <num>(ג)</num>
                <list>
                  <point eId="point_3__point_ג__point_1">
                    <num>(1)</num>
                    <content>
                      <p>נותן עבודה המקבל לעבודה נער בגיל 15 ומעלה חייב להודיע על כך בכתב, תוך שבעה ימים מיום קבלת הנער לעבודה, לרשות החינוך המקומית שבתחום שיפוטה גר הנער.</p>
                    </content>
                  </point>
                  <point eId="point_3__point_ג__point_2">
                    <num>(2)</num>
                    <content>
                      <p>נותן עבודה המפסיק עבודתו של נער בגיל 15 ומעלה חייב להודיע על כך בכתב, תוך שבעה ימים מיום הפסקת העבודה, לרשות החינוך המקומית שבתחום שיפוטה גר הנער.</p>
                    </content>
                  </point>
                  <point eId="point_3__point_ג__point_3">
                    <num>(3)</num>
                    <content>
                      <p>
                        <wikicomment font-size="x-small">(בוטל).</wikicomment>
                      </p>
                    </content>
                  </point>
                </list>
              </point>
              <point eId="point_3__point_ד">
                <num>(ד)</num>
                <content>
                  <p>
                    <wikicomment font-size="x-small">(בוטל).</wikicomment>
                  </p>
                </content>
              </point>
              <point eId="point_3__point_ה">
                <num>(ה)</num>
                <list>
                  <intro>
                    <p>סעיף קטן (ג) לא יחול לגבי נער כאמור –</p>
                  </intro>
                  <point eId="point_3__point_ה__point_1">
                    <num>(1)</num>
                    <content>
                      <p>שסיים את לימודיו לפי תכנית של לימודים בכיתה י"ב;</p>
                    </content>
                  </point>
                  <point eId="point_3__point_ה__point_2">
                    <num>(2)</num>
                    <content>
                      <p>
                        <wikicomment font-size="x-small">(בוטל);</wikicomment>
                      </p>
                    </content>
                  </point>
                  <point eId="point_3__point_ה__point_3">
                    <num>(3)</num>
                    <content>
                      <p>שהוא חניך לפי <ref href="/akn/il/act/PrimaryLegislation/1953-07-23/147415">חוק החניכות, תשי"ג–1953</ref>.</p>
                    </content>
                  </point>
                </list>
              </point>
              <point eId="point_3__point_ו">
                <num>(ו)</num>
                <content>
                  <p>העובר על הוראות סעיף קטן (א), (ב) או (ג) – דינו מאסר עד ארבעה עשר יום או קנס עד עשר לירות או שני הענשים כאחד; אך אם הילד או הנער שביחס אליו נעברה העבירה מועסק בעבודה, דין העובר – מאסר עד עשרים ושמונה ימים או קנס עד עשרים לירות או שני העונשים כאחד.</p>
                </content>
              </point>
              <point eId="point_3__point_ז">
                <num>(ז)</num>
                <content>
                  <p>
                    <wikicomment font-size="x-small">(בוטל).</wikicomment>
                  </p>
                </content>
              </point>
            </list>
          </point>
          <point eId="point_3א">
            <heading>
              <authorialNote placement="side">
                <p>סמכויות השר בקשר לרישום</p>
              </authorialNote>
            </heading>
            <num>3א.</num>
            <list>
              <point eId="point_3א__point_א">
                <num>(א)</num>
                <content>
                  <p>לא התחילה רשות חינוך מקומית מסויימת לערוך רישום לפי חוק זה והתקנות שהותקנו על פיו, תוך עשרה ימים מהמועד שנקבע לכך, או שהיה לשר יסוד להניח שאין בדעתה או ביכלתה לערוך רישום כאמור – רשאי הוא לצוות, בצו שיפורסם בדרך הנראית לו, שאותה רשות חינוך מקומית לא תערוך עוד רישום כאמור, ושהרישום ייערך על ידי מי שהשר יקבע, ובמועד ובאופן שהשר יקבע.</p>
                </content>
              </point>
              <point eId="point_3א__point_ב">
                <num>(ב)</num>
                <list>
                  <intro>
                    <p>היה לשר יסוד להניח שרישום, או רישום מחדש, שנערך על ידי רשות חינוך מקומית מסויימת, נערך שלא בהתאם לחוק זה ולתקנות שהותקנו על פיו – רשאי הוא, בצו שיובא לידיעת הנוגעים בדבר בדרך הנראית לו, לבטל אותו רישום, ולצוות שהרישום ייערך מחדש –</p>
                  </intro>
                  <point eId="point_3א__point_ב__point_1">
                    <num>(1)</num>
                    <content>
                      <p>על ידי רשות החינוך המקומית – במועד שהשר יקבע; או</p>
                    </content>
                  </point>
                  <point eId="point_3א__point_ב__point_2">
                    <num>(2)</num>
                    <content>
                      <p>על ידי מי שהשר יקבע – במועד ובאופן שהשר יקבע.</p>
                    </content>
                  </point>
                </list>
              </point>
              <point eId="point_3א__point_ג">
                <num>(ג)</num>
                <content>
                  <p>ניתן צו לפי סעיף זה לגבי רישום מסויים – חייב כל מי שחובת אותו רישום חלה עליו לפי <ref href="#point_3">סעיף 3</ref>, למלא אותה חובה במועד ובאופן שהשר קבע לעריכת הרישום.</p>
                </content>
              </point>
              <point eId="point_3א__point_ד">
                <num>(ד)</num>
                <content>
                  <p>רישום שנערך שלא על ידי רשות חינוך מקומית, בתוקף צו שניתן לפי סעיף זה – תישא רשות החינוך המקומית בהוצאותיו, שייגבו ממנה בדרך שהשר יקבע; ותעודה חתומה בידי השר הקובעת את סכום ההוצאות האמורות תשמש ראיה חותכת לכך.</p>
                </content>
              </point>
            </list>
          </point>
          <point eId="point_3ב">
            <heading>
              <authorialNote placement="side">
                <p xml:space="preserve"> </p>
              </authorialNote>
            </heading>
            <num>3ב.</num>
            <content>
              <p>
                <wikicomment font-size="x-small">(בוטל).</wikicomment>
              </p>
            </content>
          </point>
          <point eId="point_3ג">
            <heading>
              <authorialNote placement="side">
                <p xml:space="preserve"> </p>
              </authorialNote>
            </heading>
            <num>3ג.</num>
            <content>
              <p>
                <wikicomment font-size="x-small">(בוטל).</wikicomment>
              </p>
            </content>
          </point>
          <point eId="point_4">
            <heading>
              <authorialNote placement="side">
                <p>חובת לימוד סדיר</p>
              </authorialNote>
            </heading>
            <num>4.</num>
            <list>
              <point eId="point_4__point_א">
                <num>(א)</num>
                <content>
                  <p>הורים של ילד בגיל לימוד חובה, או של נער בגיל לימוד חובה חייבים, כל אחד מהם, לדאוג לכך שהילד או הנער ילמד באופן סדיר במוסד חינוך מוכר.</p>
                </content>
              </point>
              <point eId="point_4__point_ב">
                <num>(ב)</num>
                <list>
                  <point eId="point_4__point_ב__point_1">
                    <num>(1)</num>
                    <content>
                      <p>לא למד ילד או נער עד גיל 15 באופן סדיר במוסד חינוך מוכר, דינו של כל אחד מהוריו מאסר שני חדשים או קנס אלף לירות, זולת אם הוכיח מעל לכל ספק סביר שעשה כמיטב יכולתו כדי שהילד או הנער ילמד כאמור;</p>
                    </content>
                  </point>
                  <point eId="point_4__point_ב__point_2">
                    <num>(2)</num>
                    <content>
                      <p>לא יובא אדם לדין לפי סעיף קטן זה, אלא לאחר שמנהל מוסד החינוך המוכר בו רשום הילד או הנער שלח לו בדואר רשום הודעה בכתב שהילד או הנער לא למד כאמור, ואף לאחר משלוח ההודעה לא למד הילד או הנער, כאמור, בזמן מן הזמנים; ולא יובא אדם לדין לפי סעיף קטן זה אלא לאחר שעברו שבעה ימים מיום משלוח ההודעה.</p>
                    </content>
                  </point>
                  <point eId="point_4__point_ב__point_3">
                    <num>(3)</num>
                    <content>
                      <p>בית המשפט הדן בעבירה לפי סעיף קטן זה ישמע בכל מקרה את חוות דעתו של עובד סוציאלי כהגדרתו <ref href="/akn/il/act/PrimaryLegislation/1996-03-08/174441">בחוק העובדים הסוציאליים, התשנ"ו–1996</ref> או את חוות דעתו של קצין ביקור סדיר, וכן במידת האפשר את חוות דעתו של היועץ הפסיכולוגי העובד בבית הספר שבו לומד הילד; לענין פסקה זו, ”קצין ביקור סדיר“ – עובד המדינה או עובד רשות מקומית ששר החינוך והתרבות הסמיכו לענין זה.</p>
                    </content>
                  </point>
                </list>
              </point>
              <point eId="point_4__point_ג">
                <num>(ג)</num>
                <list>
                  <point eId="point_4__point_ג__point_1">
                    <num>(1)</num>
                    <content>
                      <p>נותן עבודה המעסיק ילד בגיל לימוד חובה, או נער בגיל לימוד חובה אשר טרם סיים את החינוך היסודי, חייב לשחרר את הילד או את הנער מהעבודה, בלי לנכות משכרו, בימים ובשעות המיועדים ללימוד הילד או הנער, הכל כפי שייקבע בתקנות;</p>
                    </content>
                  </point>
                  <point eId="point_4__point_ג__point_2">
                    <num>(2)</num>
                    <list>
                      <intro>
                        <p>נותן עבודה שעבר על הוראות סעיף קטן זה, דינו –</p>
                      </intro>
                      <point eId="point_4__point_ג__point_2__point_I">
                        <num>(I)</num>
                        <content>
                          <p>על עבירה ראשונה – מאסר עד ארבעה עשר יום או קנס עד עשר לירות או שני הענשים כאחד;</p>
                        </content>
                      </point>
                      <point eId="point_4__point_ג__point_2__point_II">
                        <num>(II)</num>
                        <content>
                          <p>על עבירה נוספת – מאסר עד עשרים ושמונה ימים או קנס עד עשרים לירות או שני הענשים כאחד;</p>
                        </content>
                      </point>
                    </list>
                  </point>
                  <point eId="point_4__point_ג__point_3">
                    <num>(3)</num>
                    <content>
                      <p>בית־משפט הדן בעבירה לפי סעיף קטן זה, ישמע בכל מקרה את חוות־דעתו של אדם הכשיר לעבודה סוציאלית, כמשמעותו <ref href="/akn/il/act/PrimaryLegislation/1958-03-28/148047">בחוק שירותי הסעד, תשי"ח–1958</ref>, וכן במידת האפשר את חוות־דעתו של היועץ הפסיכולוגי העובד בבית הספר שבו לומד הילד.</p>
                    </content>
                  </point>
                </list>
              </point>
              <point eId="point_4__point_ד">
                <num>(ד)</num>
                <content>
                  <p>
                    <wikicomment font-size="x-small">(בוטל).</wikicomment>
                  </p>
                </content>
              </point>
              <point eId="point_4__point_ה">
                <num>(ה)</num>
                <content>
                  <p>יצא אדם חייב בדין על עבירה לפי סעיף זה, והוכח לבית המשפט כי בזמן היעדר מן הלימודים, אשר בגללו יצא חייב בדין, הועסק הילד או הנער בעבודה בשכר, רשאי בית המשפט להטיל על אותו אדם, נוסף על כל עונש אחר, קנס שלא יעלה על שכר עבודתו של הילד או של הנער באותו זמן.</p>
                </content>
              </point>
              <point eId="point_4__point_ו">
                <num>(ו)</num>
                <content>
                  <p>הוכח לשר כי – ילד או נער שבעטיו שלמו הוריו קנס על עבירה לפי סעיף קטן (ב), למד באופן סדיר במוסד חינוך מוכר במשך שנה אחת לאחר הטלת הקנס, יהיה השר רשאי לצוות על החזרת הקנס למשלמו, והקנס יוחזר כמצווה.</p>
                </content>
              </point>
              <point eId="point_4__point_ז">
                <num>(ז)</num>
                <list>
                  <intro>
                    <p>ילד בגיל לימוד חובה או נער בגיל לימוד חובה, הרשום במוסד חינוך מוכר, ובלי סיבה מספקת –</p>
                  </intro>
                  <point eId="point_4__point_ז__point_1">
                    <num>(1)</num>
                    <content>
                      <p>נעדר מלימודיו לעתים כה תכופות עד שלדעת מנהל מוסד החינוך יש בכך משום הפרעה רצינית ללימודיו; או</p>
                    </content>
                  </point>
                  <point eId="point_4__point_ז__point_2">
                    <num>(2)</num>
                    <content>
                      <p>נעדר מלימודיו שבעה ימי לימוד רצופים,</p>
                    </content>
                  </point>
                  <wrapup eId="point_4__point_ז__wrapup_none">
                    <content>
                      <p>רואים אותו כאילו לא למד במוסד החינוך באופן סדיר, ומנהל מוסד החינוך ישלח אל הוריו של הילד או של הנער הודעה כאמור בסעיף קטן (ב)(2) ויעביר העתק ממנה לרשות החינוך המקומית.</p>
                    </content>
                  </wrapup>
                </list>
              </point>
            </list>
          </point>
          <point eId="point_4א">
            <heading>
              <authorialNote placement="side">
                <p xml:space="preserve"> </p>
              </authorialNote>
            </heading>
            <num>4א.</num>
            <content>
              <p>
                <wikicomment font-size="x-small">(בוטל).</wikicomment>
              </p>
            </content>
          </point>
          <point eId="point_4ב">
            <heading>
              <authorialNote placement="side">
                <p xml:space="preserve"> </p>
              </authorialNote>
            </heading>
            <num>4ב.</num>
            <content>
              <p>
                <wikicomment font-size="x-small">(בוטל).</wikicomment>
              </p>
            </content>
          </point>
          <point eId="point_4ג">
            <heading>
              <authorialNote placement="side">
                <p xml:space="preserve"> </p>
              </authorialNote>
            </heading>
            <num>4ג.</num>
            <content>
              <p>
                <wikicomment font-size="x-small">(בוטל).</wikicomment>
              </p>
            </content>
          </point>
          <point eId="point_4ד">
            <heading>
              <authorialNote placement="side">
                <p xml:space="preserve"> </p>
              </authorialNote>
            </heading>
            <num>4ד.</num>
            <content>
              <p>
                <wikicomment font-size="x-small">(בוטל).</wikicomment>
              </p>
            </content>
          </point>
          <point eId="point_4ה">
            <heading>
              <authorialNote placement="side">
                <p xml:space="preserve"> </p>
              </authorialNote>
            </heading>
            <num>4ה.</num>
            <content>
              <p>
                <wikicomment font-size="x-small">(בוטל).</wikicomment>
              </p>
            </content>
          </point>
          <point eId="point_5">
            <heading>
              <authorialNote placement="side">
                <p>פטור</p>
              </authorialNote>
            </heading>
            <num>5.</num>
            <list>
              <point eId="point_5__point_א">
                <num>(א)</num>
                <content>
                  <p>השר רשאי להורות, בהוראה שתפורסם ברשומות, כי ההורים של ילדים ושל נערים, וכן הנערים עצמם, הלומדים באופן סדיר במוסד חינוך המתואר באותה הוראה, ואינו מוסד חינוך מוכר – יהיו פטורים מן החובות המוטלות עליהם לפי <ref href="#point_4">סעיף 4</ref>; השר רשאי לקבוע, בתקנות, הוראות ותנאים שעל מוסד חינוך לקיימם לצורך מתן הוראת פטור לגביו לפי סעיף קטן זה, ובכלל זה לעניין הפעלת המוסד.</p>
                </content>
              </point>
              <point eId="point_5__point_א1">
                <num>(א1)</num>
                <content>
                  <p>הורים של ילדים או של נערים, וכן הנערים עצמם, הלומדים באופן סדיר במוסד חינוך תרבותי ייחודי כהגדרתו <ref href="/akn/il/act/PrimaryLegislation/2008-07-30/249222">בחוק מוסדות חינוך תרבותיים ייחודיים, התשס"ח–2008</ref>, יהיו פטורים מן החובות המוטלות עליהם לפי <ref href="#point_4">סעיף 4</ref>.</p>
                </content>
              </point>
              <point eId="point_5__point_ב">
                <num>(ב)</num>
                <list>
                  <point eId="point_5__point_ב__point_1">
                    <num>(1)</num>
                    <list>
                      <intro>
                        <p>השר רשאי להורות, בהוראה כללית או מיוחדת, כי ההורים ונותן העבודה של ילד או של נער, וכן הנער עצמו, יהיו פטורים מן החובות המוטלות עליהם לפי <ref href="#point_4">סעיף 4</ref>, אם –</p>
                      </intro>
                      <point eId="point_5__point_ב__point_1__point_I">
                        <num>(I)</num>
                        <content>
                          <p>קיימים, לדעת השר, טעמים מיוחדים לכך שהילד או הנער לא ילמד במוסד חינוך מוכר, והילד או הנער מקבל באופן פרטי לימוד שיטתי המניח את דעת השר; או</p>
                        </content>
                      </point>
                      <point eId="point_5__point_ב__point_1__point_II">
                        <num>(II)</num>
                        <content>
                          <p>השר משוכנע שאין הילד או הנער מסוגל ללמוד באופן סדיר במוסד חינוך מוכר;</p>
                        </content>
                      </point>
                    </list>
                  </point>
                  <point eId="point_5__point_ב__point_2">
                    <num>(2)</num>
                    <content>
                      <p>בהוראה לפי סעיף קטן זה רשאי השר לקבוע כל תנאי וכל סייג הנראים לו;</p>
                    </content>
                  </point>
                  <point eId="point_5__point_ב__point_3">
                    <num>(3)</num>
                    <content>
                      <p>מי שניתנה עליו הוראת פטור לפי סעיף זה, לא יחולו לגביו הוראות <ref href="#point_6">סעיפים 6</ref>, <ref href="#point_7">7</ref>, <ref href="#point_10">ו־10</ref> אלא בכפוף לתנאים ולסייגים שבהוראת הפטור, ובלבד שתישמר החובה לספק לילד או לנער לימודים במסגרת שקבע השר בכל מקרה שהילד או הנער מסוגל לכך.</p>
                    </content>
                  </point>
                </list>
              </point>
            </list>
          </point>
        </list>
      </chapter>
      <chapter eId="chp_שלישי">
        <num>פרק שלישי:</num>
        <title>
          <content>
            <p>לימוד חינם</p>
          </content>
        </title>
        <list>
          <point eId="point_6">
            <heading>
              <authorialNote placement="side">
                <p>זכות לימוד חינם</p>
              </authorialNote>
            </heading>
            <num>6.</num>
            <list>
              <point eId="point_6__point_א">
                <num>(א)</num>
                <list>
                  <intro>
                    <p>אלה זכאים לחינוך חינם במוסד חינוך רשמי:</p>
                  </intro>
                  <point eId="point_6__point_א__point_1">
                    <num>(1)</num>
                    <content>
                      <p>מי שחל עליו לימוד חובה לפי חוק זה, זולת אם סיים את לימודיו לפי תכנית לימודים בכיתה י"ב;</p>
                    </content>
                  </point>
                  <point eId="point_6__point_א__point_2">
                    <num>(2)</num>
                    <content>
                      <p>מי שבגיל 18 ולא סיים אלא לימודים לפי תכנית לימודים בכיתה י"א.</p>
                    </content>
                  </point>
                </list>
              </point>
              <point eId="point_6__point_א1">
                <num>(א1)</num>
                <content>
                  <p>
                    <wikicomment font-size="x-small">(בוטל).</wikicomment>
                  </p>
                </content>
              </point>
              <point eId="point_6__point_ב">
                <num>(ב)</num>
                <content>
                  <p>השר רשאי לזכות בחינוך חינם בנוסף על האמורים בסעיף קטן (א) את מי שטרם השלים לימודיו לפי תכנית של לימודים בכיתה י"ב, עד שישלים אותם, לפי כללים, מבחנים, תנאים וסייגים שנקבעו בתקנות, בהתייעצות עם ועדת החינוך והתרבות של הכנסת.<br xml:space="preserve" xmlns=""> </br><wikicomment font-size="x-small">פורסמו <ref href="/akn/il/act/SecondaryLegislation/1950-05-31/758">תקנות לימוד חובה (שירותים מקובלים), תשי"א–1950</ref>.</wikicomment></p>
                </content>
              </point>
              <point eId="point_6__point_ג">
                <num>(ג)</num>
                <content>
                  <p>על אף האמור בסעיף קטן (א) רשאי השר, בצו, להורות כי מי שלא ניתן, לדעת השר, להבטיח לימודיו במוסד חינוך רשמי – ילמד במוסד חינוך אחר, ואוצר המדינה ישא בשכר לימודיו במוסד כאמור, בתנאים שנקבעו בצו האמור.<br xml:space="preserve" xmlns=""> </br><wikicomment font-size="x-small">פורסם <ref href="/akn/il/act/SecondaryLegislation/1978-04-30/21642">צו לימוד חובה (חינוך חינם שלא במוסד חינוך רשמי), תשל"ח–1978</ref>.</wikicomment></p>
                </content>
              </point>
              <point eId="point_6__point_ד">
                <num>(ד)</num>
                <content>
                  <p>מי שזכאי לחינוך חינם לפי סעיף זה, לא ידרשו בעדו דמי הרשמה או כל תשלום אחר בעד לימודיו במוסד חינוך רשמי או בעד לימודיו במוסד חינוך אחר שאוצר המדינה נושא בשכרם לפי סעיף קטן (ג); ואולם רשות החינוך המקומית שבתחום שיפוטה נמצא מוסד החינוך שבו הוא לומד, ובמוסד חינוך שאינו רשמי – רשות החינוך המקומית כאמור או בעל המוסד, יהיו רשאים, באישור השר, לגבות תשלומים והחזר הוצאות, בשיעורים שהשר יקבע, בעד אספקה שהם נותנים לו, ובעד שירותים שהם נותנים לו נוסף על השירותים אשר השר הגדיר אותם בתקנות כשירותים מקובלים; אישור השר וקביעת שיעור התשלומים והחזר ההוצאות בידי השר טעונים אישור עם ועדת החינוך והתרבות של הכנסת.</p>
                </content>
              </point>
              <point eId="point_6__point_ד1">
                <num>(ד1)</num>
                <list>
                  <point eId="point_6__point_ד1__point_1">
                    <num>(1)</num>
                    <content>
                      <p>מי שזכאי לחינוך חינם לפי סעיף זה יהיה מבוטח בביטוח תאונות אישיות, באמצעות רשות החינוך המקומית שבתחום שיפוטה נמצא מוסד החינוך שבו הוא לומד; רשויות החינוך המקומיות יתקשרו בחוזה ביטוח כאמור עם מי שזכה במכרז שנערך לפי הוראות <ref href="/akn/il/act/PrimaryOrSecondaryLegislation/UnknownWorkDate/פקודת_העיריות#point_198ב">סעיף 198ב לפקודת העיריות</ref>, ובהתאם להסדר שנקבע <ref href="/akn/il/act/PrimaryOrSecondaryLegislation/UnknownWorkDate/פקודת_העיריות#point_198ב">באותו סעיף</ref>.</p>
                    </content>
                  </point>
                  <point eId="point_6__point_ד1__point_2">
                    <num>(2)</num>
                    <content>
                      <p>במסגרת התשלומים לפי סעיף קטן (ד), יקבע השר לפני פרסום המכרז כאמור בפסקה (1), את התשלום שייגבה מהמבוטחים ויכלול דמי ביטוח אחידים וכן שיעור דמי עמילות מרביים שמבטח יהיה רשאי לשלם לסוכני הביטוח בעד תיווך לעניין הביטוח; בסעיף זה, ”מבטח“ ו”סוכן ביטוח“ – כהגדרתם <ref href="/akn/il/act/PrimaryLegislation/1981-04-23/148363">בחוק הפיקוח על שירותים פיננסיים (ביטוח), התשמ"א–1981</ref>, ו”דמי עמילות“ – כהגדרתם <ref href="/akn/il/act/PrimaryLegislation/1981-04-23/148363#point_414">בסעיף 414 לחוק האמור</ref>.</p>
                    </content>
                  </point>
                </list>
              </point>
              <point eId="point_6__point_ה">
                <num>(ה)</num>
                <content>
                  <p>הוראות סעיף קטן (ד) אינן גורעות מהוראות <ref href="/akn/il/act/PrimaryLegislation/1953-08-20/147360#point_8">סעיף 8 לחוק חינוך ממלכתי, תשי"ג–1953</ref>, ובמוסד חינוך שאינו רשמי – מכוחה של התחייבות לשאת בהוצאותיה של תכנית לשעות נוספות על השעות שנקבעו בתכנית הלימודים.</p>
                </content>
              </point>
              <point eId="point_6__point_ו">
                <num>(ו)</num>
                <content>
                  <p>למרות האמור בסעיף קטן (ב), כל רשות חינוך מקומית תספק חינם לכל נער, הלומד במוסד חינוך רשמי לנערים עובדים שבתחום שיפוטה, ספרים, מחברות, מכשירי כתיבה ויתר הציוד הדרושים ללימודיו.</p>
                </content>
              </point>
            </list>
          </point>
          <point eId="point_6א">
            <heading>
              <authorialNote placement="side">
                <p>ייעוד כספי תשלומים</p>
              </authorialNote>
            </heading>
            <num>6א.</num>
            <list>
              <point eId="point_6א__point_א">
                <num>(א)</num>
                <content>
                  <p>תשלומים כאמור <ref href="#point_6">בסעיף 6(ד) ו־(ד1)</ref> וכן כל תשלום אחר שהתקבל, במישרין או בעקיפין, ממי שזכאי לחינוך חינם לפי <ref href="#point_6">סעיף 6</ref> הלומד במוסר חינוך רשמי או במוסד חינוך אחר שאוצר המדינה נושא בשכר הלימוד בו לפי <ref href="#point_6">סעיף 6(ג)</ref>, בין אם הוא תשלום חובה ובין אם הוא תשלום שאינו חובה (בסעיף זה – תשלומים), ישמשו רק למטרות שלשמן נועדו.</p>
                </content>
              </point>
              <point eId="point_6א__point_ב">
                <num>(ב)</num>
                <content>
                  <p>רשות החינוך המקומית או בעל מוסד חינוך יחזיקו את כספי התשלומים בחשבון בנק נפרד (בסעיף זה – חשבון הבנק) המיועד אך ורק למטרה זו; בסעיף זה, ”חשבון בנק נפרד“ – חשבון בנק נפרד לכל מוסד חינוך שבו ינוהלו כספי התשלומים שהתקבלו בעד תלמידי אותו מוסד.</p>
                </content>
              </point>
              <point eId="point_6א__point_ג">
                <num>(ג)</num>
                <content>
                  <p>כספים אשר נותרו בחשבון הבנק בסופה של כל שנת לימודים, יוחזרו לתלמידים שמהם נגבו, או ינוכו מהתשלום שעליהם לשלם בשנת הלימודים שלאחריה, במועד ובאופן שיקבע השר, באישור ועדת החינוך והתרבות של הכנסת.</p>
                </content>
              </point>
              <point eId="point_6א__point_ג1">
                <num>(ג1)</num>
                <content>
                  <p>כספי תשלומים המוחזקים בחשבון הבנק יהיו פטורים מעיקול.</p>
                </content>
              </point>
              <point eId="point_6א__point_ד">
                <num>(ד)</num>
                <content>
                  <p>השר, באישור ועדת החינוך והתרבות של הכנסת, יקבע הוראות לביצוע סעיף זה לרבות בדבר ניהול חשבון הבנק ודרכי הביקורת על ניהולו, וכן בדבר מתן זכות עיון ודיווח להורים ולועד ההורים במוסד החינוך, לענין כספי התשלומים וניהולם.</p>
                </content>
              </point>
            </list>
          </point>
          <point eId="point_7">
            <heading>
              <authorialNote placement="side">
                <p>אחריות למתן חינוך חובה חינם</p>
              </authorialNote>
            </heading>
            <num>7.</num>
            <list>
              <point eId="point_7__point_א">
                <num>(א)</num>
                <content>
                  <p>המדינה אחראית למתן חינוך חובה חינם לפי חוק זה.</p>
                </content>
              </point>
              <point eId="point_7__point_ב">
                <num>(ב)</num>
                <content>
                  <p>קיום מוסדות חינוך רשמיים למתן חינוך חובה חינם לפי חוק זה לילדים ולנערים הגרים בתחום שיפוטה של רשות חינוך מקומית מסויימת, יהא מוטל על המדינה ועל אותה רשות חינוך מקומית במשותף. השר, בהתיעצות עם שר הפנים, ועם ועדת החינוך והתרבות של הכנסת יקבע, בצו שיפורסם ברשומות, לגבי כל שנת לימודים ולגבי כל רשות חינוך מקומית, את שיעור ההשתתפות של המדינה ושל רשות החינוך המקומית בקיום מוסדות החינוך הרשמיים שבהם ניתן חינוך חובה לילדים ולנערים הגרים בתחום שיפוטה של אותה רשות חינוך מקומית.</p>
                </content>
              </point>
              <point eId="point_7__point_ג">
                <num>(ג)</num>
                <content>
                  <p>השר רשאי לחייב, בצו, רשות חינוך מקומית, או רשויות חינוך מקומיות אחדות במשותף, לפתוח ולקיים מוסדות חינוך רשמיים לחינוך יסודי.</p>
                </content>
              </point>
            </list>
          </point>
          <point eId="point_7א">
            <heading>
              <authorialNote placement="side">
                <p>תשלומים בעבור תלמידים הלומדים ברשות חינוך מקומית אחרת</p>
              </authorialNote>
            </heading>
            <num>7א.</num>
            <list>
              <point eId="point_7א__point_א">
                <num>(א)</num>
                <list>
                  <point eId="point_7א__point_א__point_1">
                    <num>(1)</num>
                    <content>
                      <p>רשות חינוך מקומית, אשר לא קיים בתחומה מוסד חינוך מתאים בעבור ילד או נער המתגורר בתחומה והוא זכאי לחינוך חינם (בסעיף זה – הרשות השולחת), השולחת, בהתאם להוראות סעיף זה, את הילד או הנער למוסד חינוך מתאים הנמצא בתחום שיפוטה של רשות חינוך מקומית אחרת (בסעיף זה – הרשות הקולטת), תשלם את סכום ההשתתפות כאמור בסעיף קטן (ב) (בסעיף זה – סכום ההשתתפות) בשל אותו ילד או נער.</p>
                    </content>
                  </point>
                  <point eId="point_7א__point_א__point_2">
                    <num>(2)</num>
                    <content>
                      <p>הרשות השולחת תשלם את סכום ההשתתפות, לפי הוראות סעיף זה, לרשות הקולטת או לבעל מוסד החינוך המתאים שאליו נשלח הילד או הנער, לפי קביעת הרשות הקולטת.</p>
                    </content>
                  </point>
                  <point eId="point_7א__point_א__point_3">
                    <num>(3)</num>
                    <content>
                      <p>רשות שולחת, השולחת ילד או נער, כאמור בפסקה (1), למוסד חינוך מתאים ברשות קולטת, תשלח אותו למוסד כאמור הסמוך ביותר למקום מגוריו, אלא אם כן קבע השר או מי שהוא הסמיך לכך, בהסכמת הרשות השולחת, ובהתחשב, בין השאר, בהסדרי התחבורה הציבורית, כי ילד או נער יישלח למוסד חינוך מתאים אחר.</p>
                    </content>
                  </point>
                  <point eId="point_7א__point_א__point_4">
                    <num>(4)</num>
                    <content>
                      <p>השר, בהתייעצות עם מרכז השלטון המקומי ובאישור ועדת החינוך והתרבות של הכנסת, יתקין, בכפוף להוראות סעיף קטן (ג), תקנות לענין מוסד חינוך מתאים לצורך סעיף זה; התקנת התקנות תיעשה בהתחשב גם בסוגי מוסדות חינוך, במיקומם ובאזורי מגורים של ילדים או נערים.</p>
                    </content>
                  </point>
                </list>
              </point>
              <point eId="point_7א__point_ב">
                <num>(ב)</num>
                <content>
                  <p>השר, בהתייעצות עם מרכז השלטון המקומי ובאישור ועדת החינוך והתרבות של הכנסת, יקבע את סכום ההשתתפות, ורשאי הוא לקבוע סכומי השתתפות שונים; קביעה לפי סעיף קטן זה תיעשה, בין השאר, בהתחשב בקיום השתתפות של הרשות השולחת בהוצאות חינוכו של ילד או נער אילו היה לומד במוסד חינוך מתאים בתחומה וכן בסוגי מוסדות חינוך.</p>
                </content>
              </point>
              <point eId="point_7א__point_ג">
                <num>(ג)</num>
                <list>
                  <intro>
                    <p>הוראות סעיף זה יחולו על מוסדות החינוך המפורטים להלן:</p>
                  </intro>
                  <point eId="point_7א__point_ג__point_1">
                    <num>(1)</num>
                    <content>
                      <p>מוסדות חינוך רשמיים;</p>
                    </content>
                  </point>
                  <point eId="point_7א__point_ג__point_2">
                    <num>(2)</num>
                    <content>
                      <p>מוסדות חינוך מוכרים לחינוך על יסודי;</p>
                    </content>
                  </point>
                  <point eId="point_7א__point_ג__point_3">
                    <num>(3)</num>
                    <content>
                      <p>מוסדות חינוך של תאגיד מרכז החינוך העצמאי;</p>
                    </content>
                  </point>
                  <point eId="point_7א__point_ג__point_4">
                    <num>(4)</num>
                    <content>
                      <p>מוסדות חינוך של תאגיד מרכז מעיין החינוך התורני בארץ ישראל.</p>
                    </content>
                  </point>
                </list>
              </point>
            </list>
          </point>
          <point eId="point_8">
            <heading>
              <authorialNote placement="side">
                <p>ארנונה</p>
              </authorialNote>
            </heading>
            <num>8.</num>
            <list>
              <point eId="point_8__point_א">
                <num>(א)</num>
                <content>
                  <p>השר רשאי, בהתיעצות עם שר הפנים, בצו שיפורסם ברשומות, להעניק לועד שהוכר, או לאדם שנתמנה על ידיו כרשות חינוך מקומית, את הסמכות להטיל על תושבי השטח שהוא תחום השיפוט של אותה רשות חינוך מקומית, ולגבות מהם, ארנונה לכיסוי ההוצאות הכרוכות במילוי החובות המוטלות על רשות החינוך המקומית לפי חוק זה.</p>
                </content>
              </point>
              <point eId="point_8__point_ב">
                <num>(ב)</num>
                <content>
                  <p>העקרונות שלפיהם תוטל הארנונה ושיעורה – ייקבעו בצו.<br xml:space="preserve" xmlns=""> </br><wikicomment font-size="x-small">פורסם <ref href="/akn/il/act/SecondaryLegislation/1978-04-30/21643">צו לימוד חובה (השתתפות בהוצאות קיום מוסד), תשל"ח–1978</ref>.</wikicomment></p>
                </content>
              </point>
              <point eId="point_8__point_ג">
                <num>(ג)</num>
                <content>
                  <p>ארנונה כאמור, דינה, בכל הנוגע לגבייתה, כדין מס, כמשמעותו <ref href="/akn/il/act/PrimaryLegislation/1933-12-31/2001803">בפקודת המסים (גביה)</ref>.</p>
                </content>
              </point>
            </list>
          </point>
          <point eId="point_9">
            <heading>
              <authorialNote placement="side">
                <p xml:space="preserve"> </p>
              </authorialNote>
            </heading>
            <num>9.</num>
            <content>
              <p>
                <wikicomment font-size="x-small">(בוטל).</wikicomment>
              </p>
            </content>
          </point>
        </list>
      </chapter>
      <chapter eId="chp_רביעי">
        <num>פרק רביעי:</num>
        <title>
          <content>
            <p>זכות הורים לבחור בזרם מוכר</p>
          </content>
        </title>
        <list>
          <point eId="point_10">
            <heading>
              <authorialNote placement="side">
                <p>זכות הורים לבחור בזרם מוכר</p>
              </authorialNote>
            </heading>
            <num>10.</num>
            <list>
              <point eId="point_10__point_א">
                <num>(א)</num>
                <content>
                  <p>
                    <wikicomment font-size="x-small">(בוטל).</wikicomment>
                  </p>
                </content>
              </point>
              <point eId="point_10__point_ב">
                <num>(ב)</num>
                <content>
                  <p>השר רשאי לחייב, בצו, רשות חינוך מקומית, או רשויות חינוך מקומיות אחדות במשותף, לפתוח ולקיים – לפי רצון הורי הילדים או הנערים הגרים בתחום השיפוט של אותה רשות חינוך מקומית או אותן רשויות חינוך מקומיות – מוסד חינוך רשמי לחינוך חובה. הוראות מפורטות בנוגע למתן צווים לפי סעיף קטן זה ייקבעו בתקנות.<br xml:space="preserve" xmlns=""> </br><wikicomment font-size="x-small">פורסמו <ref href="/akn/il/act/SecondaryLegislation/1952-10-30/2170">תקנות לימוד חובה (מתן צווים לפתיחת מוסדות חינוך ולקיומם), תשי"ג–1952</ref>.</wikicomment></p>
                </content>
              </point>
              <point eId="point_10__point_ג">
                <num>(ג)</num>
                <list>
                  <point eId="point_10__point_ג__point_1">
                    <num>(1)</num>
                    <content>
                      <p>הוראות סעיפים קטנים (א) ו־(ב) לא יחולו לגבי מחנות־עולים.</p>
                    </content>
                  </point>
                  <point eId="point_10__point_ג__point_2">
                    <num>(2)</num>
                    <content>
                      <p>השר רשאי לקבוע בתקנות סדרי לימוד במחנות־עולים.</p>
                    </content>
                  </point>
                  <point eId="point_10__point_ג__point_3">
                    <num>(3)</num>
                    <content>
                      <p>בסעיף קטן זה, ”מחנה־עולים“ פירושו – מקום המשמש לאכסון עולים סמוך לעלייתם ועד להשתכנותם שיכון קבוע או ארעי.</p>
                    </content>
                  </point>
                </list>
              </point>
            </list>
          </point>
        </list>
      </chapter>
      <chapter eId="chp_חמישי">
        <num>פרק חמישי:</num>
        <title>
          <content>
            <p>הוראות כלליות</p>
          </content>
        </title>
        <list>
          <point eId="point_10א">
            <heading>
              <authorialNote placement="side">
                <p>תקצוב מוסדות פטורים</p>
              </authorialNote>
            </heading>
            <num>10א.</num>
            <content>
              <p>השר, בהתייעצות עם שר האוצר, רשאי לקבוע בתקנות, הוראות ותנאים לעניין השתתפות המדינה בתקציב מוסדות חינוך שניתנה לגביהם הוראת פטור לפי <ref href="#point_5">סעיף 5(א)</ref> (בסעיף זה – מוסדות פטורים), ובכלל זה לעניין שיעור ההשתתפות בתקציב כאמור ולעניין הפעלת המוסדות הפטורים, והכול אם יחליט השר כי יש לתקצב מוסדות כאמור.</p>
            </content>
          </point>
          <point eId="point_11">
            <heading>
              <authorialNote placement="side">
                <p>גיל</p>
              </authorialNote>
            </heading>
            <num>11.</num>
            <content>
              <p>לצורך חוק זה, רואים אדם כאילו הגיע לגיל מסויים בראשית כל שנת לימודים, אם יגיע לאותו גיל לפני יום 31 בדצמבר שבאותה שנת לימודים.</p>
            </content>
          </point>
          <point eId="point_12">
            <heading>
              <authorialNote placement="side">
                <p>כרטיסיית ילדים ונערים בגיל לימוד חובה</p>
              </authorialNote>
            </heading>
            <num>12.</num>
            <content>
              <p>כל רשות חינוך מקומית תנהל כרטיסיה של כל הילדים בגיל לימוד חובה וכל הנערים הגרים בתחום שיפוטה.</p>
            </content>
          </point>
          <point eId="point_12א">
            <heading>
              <authorialNote placement="side">
                <p>חובת דיווח של מנהל מוסד חינוך</p>
              </authorialNote>
            </heading>
            <num>12א.</num>
            <list>
              <point eId="point_12א__point_א">
                <num>(א)</num>
                <list>
                  <intro>
                    <p>מנהל מוסד חינוך ידווח, על פי כללים שקבע השר, למי שהשר הסמיכו לענין זה מבין עובדי משרדו, ולמנהל ממחלקת חינוך ברשות המקומית שבתחומה מצוי מוסד החינוך, על אלה:</p>
                  </intro>
                  <point eId="point_12א__point_א__point_1">
                    <num>(1)</num>
                    <content>
                      <p>תלמיד הרשום במוסד החינוך שאינו לומד באופן סדיר כאמור <ref href="#point_4">בסעיף 4(ז)</ref>;</p>
                    </content>
                  </point>
                  <point eId="point_12א__point_א__point_2">
                    <num>(2)</num>
                    <content>
                      <p>תלמיד שהיה רשום במוסד החינוך בשנת הלימודים החולפת, ולא נרשם לשנת הלימודים הקרובה באותו מוסד חינוך.</p>
                    </content>
                  </point>
                </list>
              </point>
              <point eId="point_12א__point_ב">
                <num>(ב)</num>
                <list>
                  <intro>
                    <p>בסעיף זה –</p>
                  </intro>
                  <point eId="point_12א__point_ב__point_מנהל_מחלקת_חינוך">
                    <content>
                      <p>
                        <def />”מנהל מחלקת חינוך“ – כהגדרתו <ref href="/akn/il/act/PrimaryLegislation/2001-03-29/170280">בחוק הרשויות המקומיות (מנהל מחלקת חינוך), התשס"א–2001</ref>;</p>
                    </content>
                  </point>
                  <point eId="point_12א__point_ב__point_תלמיד">
                    <content>
                      <p>
                        <def />”תלמיד“ – מי שזכאי לחינוך חינם לפי <ref href="#point_6">סעיף 6</ref>.</p>
                    </content>
                  </point>
                </list>
              </point>
            </list>
          </point>
          <point eId="point_12ב">
            <heading>
              <authorialNote placement="side">
                <p>איסור הרחקה לצמיתות בשל הישגים לימודיים</p>
              </authorialNote>
            </heading>
            <num>12ב.</num>
            <content>
              <p>לא יורחק תלמיד, כהגדרתו <ref href="#point_12א">בסעיף 12א</ref>, לצמיתות, ממוסד חינוך בשל הישגיו הלימודיים אלא בהתאם לכללים שקבע השר; אין בהוראות סעיף זה כדי לגרוע מהוראות <ref href="/akn/il/act/PrimaryLegislation/2000-12-14/170648">חוק זכויות התלמיד, התשס"א–2000</ref>.<br xml:space="preserve" xmlns=""> </br><wikicomment font-size="x-small">פורסמו <ref href="/akn/il/act/SecondaryLegislation/2004-11-04/42928">תקנות לימוד חובה (כללים להרחקת תלמיד לצמיתות ממוסד חינוך בשל הישגיו הלימודיים), התשס"ה–2004</ref>.</wikicomment></p>
            </content>
          </point>
          <point eId="point_12ג">
            <heading>
              <authorialNote placement="side">
                <p>חובת דיווח על אלימות</p>
              </authorialNote>
            </heading>
            <num>12ג.</num>
            <list>
              <point eId="point_12ג__point_א">
                <num>(א)</num>
                <list>
                  <intro>
                    <p>מנהל מוסד חינוך ידווח, על פי כללים שקבע השר, למי שהשר הסמיכו לענין זה מבין עובדי משרדו, על כל אירוע אלימות שהתרחש במוסד החינוך, שהוא אחד מאלה:</p>
                  </intro>
                  <point eId="point_12ג__point_א__point_1">
                    <num>(1)</num>
                    <content>
                      <p>אירוע של אלימות גופנית בין עובד הוראה לבין תלמיד;</p>
                    </content>
                  </point>
                  <point eId="point_12ג__point_א__point_2">
                    <num>(2)</num>
                    <content>
                      <p>אירוע של אלימות גופנית בין תלמידים, שנגרמה בו חבלה.</p>
                    </content>
                  </point>
                </list>
              </point>
              <point eId="point_12ג__point_ב">
                <num>(ב)</num>
                <content>
                  <p>מנהל מוסד חינוך ידווח על אירוע כאמור בסעיף קטן (א) מיד לאחר התרחשותו, וכן על תוצאות הטיפול באירוע, לרבות אמצעי משמעת שננקטו, עם סיום הטיפול כאמור.</p>
                </content>
              </point>
              <point eId="point_12ג__point_ג">
                <num>(ג)</num>
                <list>
                  <intro>
                    <p>בסעיף זה –</p>
                  </intro>
                  <point eId="point_12ג__point_ג__point_מוסד_חינוך">
                    <content>
                      <p>
                        <def />”מוסד חינוך“ – לרבות מוסד חינוך שלומדים בו תלמידים בכיתות י"א וי"ב אשר חל עליו <ref href="/akn/il/act/PrimaryOrSecondaryLegislation/UnknownWorkDate/חוק_פיקוח_על_בתי_ספר">חוק פיקוח על בתי ספר, התשכ"ט–1969</ref>;</p>
                    </content>
                  </point>
                  <point eId="point_12ג__point_ג__point_תלמיד">
                    <content>
                      <p>
                        <def />”תלמיד“ – מי שלומד במוסד חינוך.</p>
                    </content>
                  </point>
                </list>
              </point>
            </list>
          </point>
          <point eId="point_12ד">
            <heading>
              <authorialNote placement="side">
                <p>הגבלת מספר התלמידים בלימודי מיומנויות היסוד</p>
              </authorialNote>
            </heading>
            <num>12ד.</num>
            <list>
              <point eId="point_12ד__point_א">
                <num>(א)</num>
                <content>
                  <p>בלימודים בכיתת יסוד במוסד חינוך רשמי, שלומדים בה יותר מ־34 תלמידים בכיתה, יילמדו שעתיים לפחות מסך כל שעות הלימוד השבועיות של מיומנויות היסוד במסגרת לימודים שבה מספר התלמידים למורה אינו עולה על עשרים תלמידים.</p>
                </content>
              </point>
              <point eId="point_12ד__point_א1">
                <num>(א1)</num>
                <content>
                  <p>על אף האמור בסעיף קטן (א), בלימודים בכיתה א׳ במוסד חינוך רשמי שהוא בעל ציון טיפוח 7–10 במדד הטיפוח, שלומדים בה עד 34 תלמידים בכיתה, תילמד שעה אחת לפחות מסך כל שעות הלימוד השבועיות של מיומנויות היסוד במסגרת לימודים שבה מספר התלמידים למורה אינו עולה על עשרים תלמידים; לעניין זה, ”מדד הטיפוח“ – מדד הטיפוח כפי שפורסם בחוזר המנהל הכללי של משרד החינוך.</p>
                </content>
              </point>
              <point eId="point_12ד__point_ב">
                <num>(ב)</num>
                <list>
                  <intro>
                    <p>בסעיף זה –</p>
                  </intro>
                  <point eId="point_12ד__point_ב__point_כיתת_יסוד">
                    <content>
                      <p>
                        <def />”כיתת יסוד“ – כיתה א׳ או ב׳;</p>
                    </content>
                  </point>
                  <point eId="point_12ד__point_ב__point_מיומנויות_היסוד">
                    <content>
                      <p>
                        <def />”מיומנויות היסוד“ – מיומנויות הקריאה, הכתיבה והחשבון;</p>
                    </content>
                  </point>
                  <point eId="point_12ד__point_ב__point_תלמיד">
                    <content>
                      <p>
                        <def />”תלמיד“ – מי שזכאי לחינוך חינם לפי הוראות <ref href="#point_6">סעיף 6(א)</ref>.</p>
                    </content>
                  </point>
                </list>
              </point>
            </list>
          </point>
          <point eId="point_13">
            <heading>
              <authorialNote placement="side">
                <p>העברת סמכויות השר</p>
              </authorialNote>
            </heading>
            <num>13.</num>
            <list>
              <point eId="point_13__point_א">
                <num>(א)</num>
                <content>
                  <p>השר רשאי להעביר לאחר את הסמכויות המסורות לו על פי <ref href="#point_4">סעיפים 4(ו)</ref><ref href="#point_5">ו־5(ב)</ref>, כולן או מקצתן.</p>
                </content>
              </point>
              <point eId="point_13__point_ב">
                <num>(ב)</num>
                <content>
                  <p>הודעה על העברת סמכויות על פי סעיף זה תפורסם ברשומות.</p>
                </content>
              </point>
            </list>
          </point>
        </list>
      </chapter>
      <chapter eId="chp_ששי">
        <num>פרק ששי:</num>
        <title>
          <content>
            <p>ביצוע</p>
          </content>
        </title>
        <list>
          <point eId="point_14">
            <heading>
              <authorialNote placement="side">
                <p>תפקידי מועצת החינוך</p>
              </authorialNote>
            </heading>
            <num>14.</num>
            <content>
              <p>השר יוועץ בועד החינוך בטרם ישתמש בסמכות מן הסמכויות המסורות לו לפי חוק זה, חוץ מן הסמכויות המסורות לו לפי <ref href="#point_4">סעיפים 4(ב)(3)</ref>, <ref href="#point_4">4(ו)</ref>, <ref href="#point_5">5(ב)</ref>, <ref href="#point_6">6(ג)</ref>, <ref href="#point_7">7(ב)</ref>, <ref href="#point_8">8</ref><ref href="#point_13">ו־13</ref> וחוץ מן הסמכויות ליתן אישור ולקבוע שיעור תשלומים לפי <ref href="#point_6">סעיף 6(ד)</ref>.</p>
            </content>
          </point>
          <point eId="point_15">
            <heading>
              <authorialNote placement="side">
                <p>ביצוע ותקנות</p>
              </authorialNote>
            </heading>
            <num>15.</num>
            <list>
              <point eId="point_15__point_א">
                <num>(א)</num>
                <content>
                  <p>השר ממונה על ביצוע חוק זה והוא רשאי להתקין תקנות בכל ענין הנוגע לביצועו.</p>
                </content>
              </point>
              <point eId="point_15__point_ב">
                <num>(ב)</num>
                <content>
                  <p>השר רשאי לקבוע בתקנות חובת רישום בנוסף לחובות על־פי <ref href="#point_3">סעיף 3</ref>, ולהסדירה בהתאם לאמור <ref href="/akn/il/act/PrimaryLegislation/1953-08-20/147360#point_21">בסעיף 21 לחוק חינוך ממלכתי, תשי"ג–1953</ref>, ובלבד שהרישום ייעשה במוסד חינוך.<br xml:space="preserve" xmlns=""> </br><wikicomment font-size="x-small">פורסמו <ref href="/akn/il/act/SecondaryLegislation/1959-04-02/5870">תקנות לימוד חובה וחינוך ממלכתי (רישום), תשי"ט–1959</ref>.</wikicomment><br xml:space="preserve" xmlns=""> </br><wikicomment font-size="x-small">פורסמו <ref href="/akn/il/act/SecondaryLegislation/1978-01-26/21422">תקנות לימוד חובה (רישום לגני ילדים), תשל"ח–1978</ref>.</wikicomment><br xml:space="preserve" xmlns=""> </br><wikicomment font-size="x-small">פורסמו <ref href="/akn/il/act/SecondaryLegislation/1978-02-23/21487">תקנות לימוד חובה וחינוך ממלכתי (רישום נוסף), תשל"ח–1978</ref>.</wikicomment><br xml:space="preserve" xmlns=""> </br><wikicomment font-size="x-small">פורסמו <ref href="/akn/il/act/SecondaryLegislation/1978-04-30/21641">תקנות לימוד חובה (חינוך חינם שלא במוסד חינוך רשמי), תשל"ח–1978</ref>.</wikicomment></p>
                </content>
              </point>
            </list>
          </point>
          <point eId="point_16">
            <heading>
              <authorialNote placement="side">
                <p>תחילת תוקף</p>
              </authorialNote>
            </heading>
            <num>16.</num>
            <content>
              <p>תקפו של חוק זה הוא מיום פרסומו ברשומות; אולם בתקופה שבין אותו יום ובין יום י"ג בניסן תש"י (31 במרס 1950) יבוצעו הוראות חוק זה רק במידה שיקבע השר בצו שיפורסם ברשומות.</p>
            </content>
          </point>
        </list>
      </chapter>
    </body>
    <conclusions eId="eId">
      <p class="signatures">
        <signature>
          <p>
            <person refersTo="ד._בן־גוריון">ד. בן־גוריון</person>
            <role refersTo="ראש_הממשלה">ראש הממשלה</role>
          </p>
        </signature>
        <signature>
          <p>
            <person refersTo="ז._שזר">ז. שזר</person>
            <role refersTo="שר_החינוך_והתרבות">שר החינוך והתרבות</role>
          </p>
        </signature>
        <signature>
          <p>
            <person refersTo="יוסף_שפרינצק">יוסף שפרינצק</person>
            <role refersTo="יושב_ראש_הכנסת_|_ממלא_מקום_נשיא_המדינה">יושב ראש הכנסת | ממלא מקום נשיא המדינה</role>
          </p>
        </signature>
      </p>
    </conclusions>
  </act>
</akomaNtoso>