﻿<?xml version="1.0" encoding="utf-8"?>
<akomaNtoso xmlns="http://docs.oasis-open.org/legaldocml/ns/akn/3.0">
  <act contains="originalVersion" name="publicLaw">
    <meta>
      <identification source="#kensset">
        <FRBRWork>
          <FRBRthis value="/akn/il/act/PrimaryLegislation/1981-01-11/147743/main" />
          <FRBRuri value="/akn/il/act/PrimaryLegislation/1981-01-11/147743" />
          <FRBRdate date="1981-01-11" name="Generation" />
          <FRBRauthor href="#knesset" as="#author" />
          <FRBRcountry value="israel" />
        </FRBRWork>
        <FRBRExpression>
          <FRBRthis value="/akn/il/act/PrimaryLegislation/1981-01-11/147743/he@/main" />
          <FRBRuri value="/akn/il/act/PrimaryLegislation/1981-01-11/147743/he@" />
          <FRBRdate date="1981-01-11" name="Generation" />
          <FRBRauthor href="#knesset" as="#author" />
          <FRBRlanguage language="hebrew" />
        </FRBRExpression>
        <FRBRManifestation>
          <FRBRthis value="/akn/il/act/PrimaryLegislation/1981-01-11/147743/he@/main.xml" />
          <FRBRuri value="/akn/il/act/PrimaryLegislation/1981-01-11/147743/he@" />
          <FRBRdate date="1981-01-11" name="Generation" />
          <FRBRauthor href="#knesset" as="#author" />
          <FRBRformat value="xml" />
        </FRBRManifestation>
      </identification>
      <classification source="#kensset">
        <keyword value="{classificationValue}" showAs="{classificationValue}" dictionary="#classification_dictionary" />
      </classification>
      <lifecycle source="#kensset">
        <eventRef eId="eventRef_1" date="1981-01-11" source="#kensset" type="generation" />
      </lifecycle>
      <references source="#kensset">
        <TLCOrganization eId="kensset" href="/ontology/organization/akn/knesset" showAs="Kensset" type="generation" />
        <TLCRole eId="author" href="/ontology/role/akn/author" showAs="Author of Document" />
        <TLCProcess eId="inforce" href="/ontology/process/akn/inforce" showAs="In force" />
        <TLCPerson eId="מנחם_בגין" href="/ontology/person/מנחם_בגין" showAs="מנחם בגין" />
        <TLCPerson eId="יגאל_הורביץ" href="/ontology/person/יגאל_הורביץ" showAs="יגאל הורביץ" />
        <TLCPerson eId="יצחק_נבון" href="/ontology/person/יצחק_נבון" showAs="יצחק נבון" />
        <TLCRole eId="ראש_הממשלה" href="ontology/role/akn/ראש_הממשלה" showAs="ראש הממשלה" />
        <TLCRole eId="שר_האוצר" href="ontology/role/akn/שר_האוצר" showAs="שר האוצר" />
        <TLCRole eId="נשיא_המדינה" href="ontology/role/akn/נשיא_המדינה" showAs="נשיא המדינה" />
      </references>
      <temporalData source="#kensset">
        <temporalGroup eId="tmpg_1" />
      </temporalData>
      <Publication></Publication>
    </meta>
    <body period="#tmpg_1">
      <title eId="title">
        <content>
          <p>חוק מס הכנסה (עידוד להשכרת דירות) (הוראת שעה ותיקוני חוק), התשמ"א–1981</p>
        </content>
      </title>
      <list>
        <point eId="point_1">
          <heading>
            <authorialNote placement="side">
              <p>הגדרות</p>
            </authorialNote>
          </heading>
          <num>1.</num>
          <list>
            <intro>
              <p>בחוק זה –</p>
            </intro>
            <point eId="point_1__point_1">
              <num>(1)</num>
              <content>
                <p>”דירה“ – חדר או מערכת חדרים המשמשים או שנועדו לשמש יחידה שלמה ונפרדת למגורים;</p>
              </content>
            </point>
            <point eId="point_1__point_2">
              <num>(2)</num>
              <content>
                <p>”בנין להשכרה“ – כמשמעותו <ref href="/akn/il/act/PrimaryLegislation/1959-09-15/148127#point_53א">בסעיף 53א לחוק העידוד</ref>;</p>
              </content>
            </point>
            <point eId="point_1__point_3">
              <num>(3)</num>
              <content>
                <p>”חוק העידוד“ – <ref href="/akn/il/act/PrimaryLegislation/1959-09-15/148127">חוק לעידוד השקעות הון, התשי"ט–1959</ref>;</p>
              </content>
            </point>
            <point eId="point_1__point_4">
              <num>(4)</num>
              <content>
                <p>”היום הקובע“ – כ"ד בטבת התשמ"א (31 בדצמבר 1980);</p>
              </content>
            </point>
            <point eId="point_1__point_5">
              <num>(5)</num>
              <content>
                <p>”שיעור עליית המדד“, לגבי תקופה פלונית – לפי העליה שבין המדד שהתפרסם לאחרונה לפני סוף התקופה לעומת המדד שהתפרסם לאחרונה לפני תחילת התקופה; לענין זה, ”מדד“ – מדד המחירים לצרכן שמפרסמת הלשכה המרכזית לסטטיסטיקה;</p>
              </content>
            </point>
            <point eId="point_1__point_6">
              <num>(6)</num>
              <content>
                <p>תהא לכל מונח המשמעות שיש לו <ref href="/akn/il/act/PrimaryOrSecondaryLegislation/UnknownWorkDate/פקודת_מס_הכנסה">בפקודת מס הכנסה</ref> (להלן – הפקודה), זולת אם יש בחוק הוראה מפורשת אחרת.</p>
              </content>
            </point>
          </list>
        </point>
        <point eId="point_2">
          <heading>
            <authorialNote placement="side">
              <p>פחת מיוחד בשל דירה מושכרת למגורים</p>
            </authorialNote>
          </heading>
          <num>2.</num>
          <list>
            <point eId="point_2__point_א">
              <num>(א)</num>
              <list>
                <point eId="point_2__point_א__point_1">
                  <num>(1)</num>
                  <content>
                    <p>בעלה של דירה שהיתה מושכרת בשנת מס פלונית למגורים לתקופה של עשרה חדשים לפחות, יהיה זכאי, לפי בחירתו, לנכות מהכנסתו באותה שנה מהשכרת אותה דירה 3% משוויה כאמור בפסקה (2), וזאת במקום פחת, תוספת פחת והפחתות אחרות המגיעות לו על פי כל דין בשל הדירה האמורה, לרבות ניכוי סכומים ששילם לפינויו של דייר מוגן; היתה הדירה מושכרת לתקופה קצרה מעשרה חדשים בשנת המס, יהיה זכאי לניכוי יחסי כיחס מספר החדשים שבהם היתה מושכרת ל־12.</p>
                  </content>
                </point>
                <point eId="point_2__point_א__point_2">
                  <num>(2)</num>
                  <list>
                    <point eId="point_2__point_א__point_2__point_א">
                      <num>(א)</num>
                      <content>
                        <p>שווי הדירה יהיה שוויה כפי שנקבע לענין תשלום מס רכוש לשנת המס 1980 על פי <ref href="/akn/il/act/PrimaryLegislation/1961-04-06/147844">חוק מס רכוש וקרן פיצויים, התשכ"א–1961</ref> (להלן – חוק מס רכוש), ואולם שוויה של דירה שהיתה מושכרת בשכירות מוגנת ושוויה נקבע לשנת המס 1980 בהתאם לכך ולאחר מכן נתפנתה מדייר מוגן, יהיה השווי שנקבע לה בעודה מושכרת כאמור, כפול שלושה.</p>
                      </content>
                    </point>
                    <point eId="point_2__point_א__point_2__point_ב">
                      <num>(ב)</num>
                      <list>
                        <intro>
                          <p>לא נקבע לדירה שווי לענין <ref href="/akn/il/act/PrimaryLegislation/1961-04-06/147844">חוק מס רכוש</ref> יהיה שוויה כלהלן:</p>
                        </intro>
                        <point eId="point_2__point_א__point_2__point_ב__point_1">
                          <num>(1)</num>
                          <content>
                            <p>בדירה שנקבע לה שווי ליום רכישתה בידי בעלה לענין <ref href="/akn/il/act/PrimaryOrSecondaryLegislation/UnknownWorkDate/חוק_מס_שבח_מקרקעין">חוק מס שבח מקרקעין, התשכ"ג–1963</ref> (להלן – חוק מס שבח) – השווי שנקבע כאמור;</p>
                          </content>
                        </point>
                        <point eId="point_2__point_א__point_2__point_ב__point_2">
                          <num>(2)</num>
                          <content>
                            <p>במקרים מסוג אחר – השווי שקבע שר האוצר, באישור ועדת הכספים של הכנסת, לאותו סוג.<br xml:space="preserve" xmlns=""> </br><wikicomment font-size="x-small">פורסמו <ref href="/akn/il/act/SecondaryLegislation/1985-09-20/28976">תקנות מס הכנסה (קביעת שוויה של דירה להשכרה), התשמ"ו–1985</ref>.</wikicomment></p>
                          </content>
                        </point>
                      </list>
                    </point>
                    <point eId="point_2__point_א__point_2__point_ג">
                      <num>(ג)</num>
                      <content>
                        <p>השווי שבפסקת משנה (א) יותאם לפי שיעור עליית המדד בתקופה שבין 16 באוקטובר 1979 לבין תחילת שנת המס שלגביה נעשית ההתאמה, בתוספת מחצית שיעור עליית המדד בשנת המס שלגביה נעשית ההתאמה.</p>
                      </content>
                    </point>
                    <point eId="point_2__point_א__point_2__point_ד">
                      <num>(ד)</num>
                      <content>
                        <p>השווי שבפסקת משנה (ב)(1) יותאם לפי שיעור עליית המדד בתקופה שבין יום הרכישה, כפי שנקבע לענין <ref href="/akn/il/act/PrimaryOrSecondaryLegislation/UnknownWorkDate/חוק_מס_שבח_מקרקעין">חוק מס שבח</ref>, לבין תחילת שנת המס שלגביה נעשית ההתאמה, בתוספת מחצית משיעור עליית המדד בשנת המס שלגביה נעשית ההתאמה.</p>
                      </content>
                    </point>
                  </list>
                </point>
              </list>
            </point>
            <point eId="point_2__point_ב">
              <num>(ב)</num>
              <content>
                <p>סכום שנוכה לפי סעיף קטן (א) יווסף בעת מכירת הדירה להכנסה או לשווי המכירה לענין <ref href="/akn/il/act/PrimaryOrSecondaryLegislation/UnknownWorkDate/חוק_מס_שבח_מקרקעין">חוק מס שבח</ref>, אך לא יופחת משווי הרכישה, ויראו את הסכום האמור כניכוי נוסף לצורך חישוב הפחת המתואם כמשמעותו <ref href="/akn/il/act/PrimaryOrSecondaryLegislation/UnknownWorkDate/חוק_מס_שבח_מקרקעין">בחוק מס שבח</ref>.</p>
              </content>
            </point>
          </list>
        </point>
        <point eId="point_3">
          <heading>
            <authorialNote placement="side">
              <p>הטבה נוספת לבנין להשכרה</p>
            </authorialNote>
          </heading>
          <num>3.</num>
          <list>
            <point eId="point_3__point_א">
              <num>(א)</num>
              <list>
                <intro>
                  <p>בעלו של בנין להשכרה יהיה, על אף האמור בכל דין, חייב על הכנסתו כשהיא הכנסה על פי <ref href="/akn/il/act/PrimaryOrSecondaryLegislation/UnknownWorkDate/פקודת_מס_הכנסה#point_2_1">סעיף 2(1) לפקודה</ref> שהושגה ממכירת לא יותר ממחצית שטחו של הבנין להשכרה, במס על פי <ref href="/akn/il/act/PrimaryLegislation/1959-09-15/148127#point_47">סעיף 47 לחוק העידוד</ref> אם נתקיימו שלוש אלה:</p>
                </intro>
                <point eId="point_3__point_א__point_1">
                  <num>(1)</num>
                  <content>
                    <p>האישור לענין הבנין להשכרה ניתן לאחר היום הקובע אך לפני תום חמש שנים ממנו;</p>
                  </content>
                </point>
                <point eId="point_3__point_א__point_2">
                  <num>(2)</num>
                  <content>
                    <p>הבניה תמה לפני תום שש שנים מהיום הקובע, ואם היא החלה תוך ארבע שנים ממנו – היא תמה תוך שמונה שנים ממנו, לפי המאוחר;</p>
                  </content>
                </point>
                <point eId="point_3__point_א__point_3">
                  <num>(3)</num>
                  <content>
                    <p>לפחות מחצית משטח הרצפות של הבנין כולו היא דירות שהושכרו למגורים לתקופה של חמש שנים לפחות מתוך שש שנים רצופות מתום הבניה ולא נעשתה לגביהם מכירה כמשמעותה <ref href="/akn/il/act/PrimaryOrSecondaryLegislation/UnknownWorkDate/חוק_מס_שבח_מקרקעין">בחוק מס שבח</ref> עד תום חמש שנים מתום הבניה;</p>
                  </content>
                </point>
                <wrapup eId="point_3__point_א__wrapup_none">
                  <content>
                    <p>לענין זה, ”בנין“ – לרבות מספר בניינים שנבנו כחטיבה אחת, באתר אחד ובתקופה אחת.</p>
                  </content>
                </wrapup>
              </list>
            </point>
            <point eId="point_3__point_ב">
              <num>(ב)</num>
              <content>
                <p>ההטבה שלפי סעיף קטן (א) תינתן אם נתקיימו התנאים האמורים בו, ובלבד שאם התברר לאחר קבלת ההטבה שבעל הבנין להשכרה לא קיים תנאי מהתנאים האמורים, תבוטל ההטבה למפרע והוא יהיה חייב בתשלום המס שהיה חייב בו אילולא ההטבה, בתוספת ריבית והפרשי הצמדה וריבית כמשמעותם <ref href="/akn/il/act/PrimaryOrSecondaryLegislation/UnknownWorkDate/פקודת_מס_הכנסה#point_159א">בסעיף 159א לפקודה</ref>.</p>
              </content>
            </point>
          </list>
        </point>
        <point eId="point_4">
          <heading>
            <authorialNote placement="side">
              <p>שיעור מס מיוחד על עודף אינפלציוני</p>
            </authorialNote>
          </heading>
          <num>4.</num>
          <list>
            <point eId="point_4__point_א">
              <num>(א)</num>
              <content>
                <p>במכירה שחל עליה <ref href="#point_3">סעיף 3</ref> והמתייחסת לדירה יחול על הריווח מהמגרש שיעור מס החל על שבח שהוא עודף אינפלציוני, כמשמעותם <ref href="/akn/il/act/PrimaryOrSecondaryLegislation/UnknownWorkDate/חוק_מס_שבח_מקרקעין">בחוק מס שבח</ref>.</p>
              </content>
            </point>
            <point eId="point_4__point_ב">
              <num>(ב)</num>
              <content>
                <p>לענין סעיף זה, ”ריווח מהמגרש“ – החלק מהריווח השווה למחיר המקורי של חלק המגרש המתייחס לאותה דירה כפול במדד ביום תחילת הבניה ומחולק במדד ביום הרכישה פחות המחיר המקורי של אותו חלק.</p>
              </content>
            </point>
          </list>
        </point>
        <point eId="point_5">
          <heading>
            <authorialNote placement="side">
              <p xml:space="preserve"> </p>
            </authorialNote>
          </heading>
          <num>5.</num>
          <content>
            <p>
              <wikicomment font-size="x-small">הנוסח שולב <ref href="/akn/il/act/PrimaryOrSecondaryLegislation/UnknownWorkDate/פקודת_מס_הכנסה">בפקודת מס הכנסה</ref>.</wikicomment>
            </p>
          </content>
        </point>
        <point eId="point_6">
          <heading>
            <authorialNote placement="side">
              <p xml:space="preserve"> </p>
            </authorialNote>
          </heading>
          <num>6.</num>
          <content>
            <p>
              <wikicomment font-size="x-small">נוסח שולב <ref href="/akn/il/act/PrimaryOrSecondaryLegislation/UnknownWorkDate/חוק_מס_שבח_מקרקעין">בחוק מס שבח מקרקעין, התשכ"ג–1963</ref>.</wikicomment>
            </p>
          </content>
        </point>
        <point eId="point_7">
          <heading>
            <authorialNote placement="side">
              <p>תחולה</p>
            </authorialNote>
          </heading>
          <num>7.</num>
          <list>
            <point eId="point_7__point_א">
              <num>(א)</num>
              <content>
                <p>תחולתו של <ref href="#point_2">סעיף 2(א)</ref> היא לגבי ארבע שנות מס החל בשנת המס 1980 ותחולתו, כפי שתוקן <ref href="/akn/il/act/PrimaryOrSecondaryLegislation/UnknownWorkDate/http_fs_knesset_gov_il_11_law_11_lsr_210425_pdf">בחוק מס הכנסה (עידוד להשכרת דירות) (הוראת שעה ותיקוני חוק) (תיקון מס׳ 3), התשמ"ה–1985</ref>, לגבי חמש שנות מס נוספות החל משנת המס 1984, ותחולתו של <ref href="#point_2">סעיף 2(ב)</ref> החל בשנת המס 1980.</p>
              </content>
            </point>
            <point eId="point_7__point_ב">
              <num>(ב)</num>
              <content>
                <p>תחולתו של <ref href="#point_5">סעיף 5</ref> משנת המס 1980.</p>
              </content>
            </point>
          </list>
        </point>
        <point eId="point_8">
          <heading>
            <authorialNote placement="side">
              <p>הוראת מעבר</p>
            </authorialNote>
          </heading>
          <num>8.</num>
          <list>
            <intro>
              <p>תוך תשעה חדשים מהיום הקובע ניתן להגיש בקשה למרכז כמשמעותו <ref href="/akn/il/act/PrimaryLegislation/1959-09-15/148127">בחוק העידוד</ref> –</p>
            </intro>
            <point eId="point_8__point_1">
              <num>(1)</num>
              <content>
                <p>לאשר כבנין להשכרה בנין שכבר הוחל בבנייתו או אף תמה בנייתו, ובלבד שטרם נעשה שימוש בדירות שיועדו להשכרה;</p>
              </content>
            </point>
            <point eId="point_8__point_2">
              <num>(2)</num>
              <content>
                <p>לקבוע כי הוראות חוק זה יחולו גם על נכס שאושר כבנין להשכרה לפני היום הקובע, וזאת גם אם הוחל כבר בבנייתו או שבנייתו תמה, ובלבד שטרם נעשה שימוש בדירות שיועדו להשכרה.</p>
              </content>
            </point>
          </list>
        </point>
      </list>
    </body>
    <conclusions eId="eId">
      <p class="signatures">
        <signature>
          <p>
            <person refersTo="מנחם_בגין">מנחם בגין</person>
            <role refersTo="ראש_הממשלה">ראש הממשלה</role>
          </p>
        </signature>
        <signature>
          <p>
            <person refersTo="יגאל_הורביץ">יגאל הורביץ</person>
            <role refersTo="שר_האוצר">שר האוצר</role>
          </p>
        </signature>
        <signature>
          <p>
            <person refersTo="יצחק_נבון">יצחק נבון</person>
            <role refersTo="נשיא_המדינה">נשיא המדינה</role>
          </p>
        </signature>
      </p>
    </conclusions>
  </act>
</akomaNtoso>