﻿<?xml version="1.0" encoding="utf-8"?>
<akomaNtoso xmlns="http://docs.oasis-open.org/legaldocml/ns/akn/3.0">
  <act contains="originalVersion" name="publicLaw">
    <meta>
      <identification source="#kensset">
        <FRBRWork>
          <FRBRthis value="/akn/il/act/PrimaryLegislation/1969-07-17/99999055/main" />
          <FRBRuri value="/akn/il/act/PrimaryLegislation/1969-07-17/99999055" />
          <FRBRdate date="1969-07-17" name="Generation" />
          <FRBRauthor href="#knesset" as="#author" />
          <FRBRcountry value="israel" />
        </FRBRWork>
        <FRBRExpression>
          <FRBRthis value="/akn/il/act/PrimaryLegislation/1969-07-17/99999055/he@/main" />
          <FRBRuri value="/akn/il/act/PrimaryLegislation/1969-07-17/99999055/he@" />
          <FRBRdate date="1969-07-17" name="Generation" />
          <FRBRauthor href="#knesset" as="#author" />
          <FRBRlanguage language="hebrew" />
        </FRBRExpression>
        <FRBRManifestation>
          <FRBRthis value="/akn/il/act/PrimaryLegislation/1969-07-17/99999055/he@/main.xml" />
          <FRBRuri value="/akn/il/act/PrimaryLegislation/1969-07-17/99999055/he@" />
          <FRBRdate date="1969-07-17" name="Generation" />
          <FRBRauthor href="#knesset" as="#author" />
          <FRBRformat value="xml" />
        </FRBRManifestation>
      </identification>
      <classification source="#kensset">
        <keyword value="{classificationValue}" showAs="{classificationValue}" dictionary="#classification_dictionary" />
      </classification>
      <lifecycle source="#kensset">
        <eventRef eId="eventRef_1" date="1969-07-17" source="#kensset" type="generation" />
      </lifecycle>
      <references source="#kensset">
        <TLCOrganization eId="kensset" href="/ontology/organization/akn/knesset" showAs="Kensset" type="generation" />
        <TLCRole eId="author" href="/ontology/role/akn/author" showAs="Author of Document" />
        <TLCProcess eId="inforce" href="/ontology/process/akn/inforce" showAs="In force" />
        <TLCTerm eId="term_1" href="/ontology/term/בית_ספר/99999055" showAs="בית_ספר" />
        <TLCTerm eId="term_2" href="/ontology/term/עובד_חינוך/99999055" showAs="עובד_חינוך" />
        <TLCTerm eId="term_3" href="/ontology/term/עובד_שירות/99999055" showAs="עובד_שירות" />
        <TLCTerm eId="term_4" href="/ontology/term/המנהל_הכללי/99999055" showAs="המנהל_הכללי" />
        <TLCTerm eId="term_5" href="/ontology/term/רשות_הבריאות/99999055" showAs="רשות_הבריאות" />
        <TLCTerm eId="term_6" href="/ontology/term/תברואה/99999055" showAs="תברואה" />
        <TLCTerm eId="term_7" href="/ontology/term/חסר_ישע/99999055" showAs="חסר_ישע" />
        <TLCTerm eId="term_8" href="/ontology/term/עבירת_מין_או_אלימות_חמורה/99999055" showAs="עבירת_מין_או_אלימות_חמורה" />
        <TLCPerson eId="שניאור_זלמן_שזר" href="/ontology/person/שניאור_זלמן_שזר" showAs="שניאור זלמן שזר" />
        <TLCPerson eId="גולדה_מאיר" href="/ontology/person/גולדה_מאיר" showAs="גולדה מאיר" />
        <TLCPerson eId="זלמן_ארן" href="/ontology/person/זלמן_ארן" showAs="זלמן ארן" />
        <TLCRole eId="נשיא_המדינה" href="ontology/role/akn/נשיא_המדינה" showAs="נשיא המדינה" />
        <TLCRole eId="ראש_הממשלה" href="ontology/role/akn/ראש_הממשלה" showAs="ראש הממשלה" />
        <TLCRole eId="שר_החינוך_והתרבות" href="ontology/role/akn/שר_החינוך_והתרבות" showAs="שר החינוך והתרבות" />
      </references>
      <temporalData source="#kensset">
        <temporalGroup eId="tmpg_1" />
      </temporalData>
      <Publication></Publication>
    </meta>
    <body period="#tmpg_1">
      <title eId="title">
        <content>
          <p>חוק פיקוח על בתי ספר, תשכ"ט–1969</p>
        </content>
      </title>
      <chapter eId="chp_א">
        <num>פרק א׳:</num>
        <title>
          <content>
            <p>פרשנות ותחולה</p>
          </content>
        </title>
        <list>
          <point eId="point_1" class="definitions">
            <heading>
              <authorialNote placement="side">
                <p>הגדרות</p>
              </authorialNote>
            </heading>
            <num>1.</num>
            <list>
              <intro>
                <p>בחוק זה –</p>
              </intro>
              <point eId="point_1__point_בית_ספר">
                <content>
                  <p>
                    <def />”בית ספר“ – לרבות גן ילדים וכל מוסד חינוכי אחר;</p>
                </content>
              </point>
              <point eId="point_1__point_עובד_חינוך">
                <content>
                  <p>
                    <def />”עובד חינוך“ – מי שעוסק בבית ספר ועיקר עיסוקו בו הוא בהוראה או בחינוך וכן מי שעוסק בפיקוח על הוראה או חינוך;</p>
                </content>
              </point>
              <point eId="point_1__point_עובד_שירות">
                <content>
                  <p>
                    <def />”עובד שירות“ – מי שעוסק בבית ספר ואיננו עובד חינוך;</p>
                </content>
              </point>
              <point eId="point_1__point_המנהל_הכללי">
                <content>
                  <p>
                    <def />”המנהל הכללי“ – המנהל הכללי של משרד החינוך והחרבות, או סגנו;</p>
                </content>
              </point>
              <point eId="point_1__point_רשות_הבריאות">
                <content>
                  <p>
                    <def />”רשות הבריאות“ – מי ששר הבריאות מינהו כך לענין חוק זה;</p>
                </content>
              </point>
              <point eId="point_1__point_תברואה">
                <content>
                  <p>
                    <def />”תברואה“ של בית ספר – לרבות מצבם התברואי של מבני בית הספר, החצר, הציוד והריהוט שבו, התאורה, החימום והאיוורור, צפיפות התלמידים בחדרי הלימוד ובחדרים אחרים, וכן הציוד המשמש להכנת מזון, כלי האוכל, החסנת מצרכי המזון ואיכותם.</p>
                </content>
              </point>
            </list>
          </point>
          <point eId="point_2">
            <heading>
              <authorialNote placement="side">
                <p>תחולה</p>
              </authorialNote>
            </heading>
            <num>2.</num>
            <list>
              <point eId="point_2__point_א">
                <num>(א)</num>
                <list>
                  <intro>
                    <p>חוק זה חל על בית ספר שבו לומדים או מתחנכים באופן שיטתי יותר מעשרה תלמידים ושבו ניתן חינוך גן ילדים, חינוך יסודי, חינוך על־יסודי, חינוך על־תיכוני או חינוך אמנותי, למעט –</p>
                  </intro>
                  <point eId="point_2__point_א__point_1">
                    <num>(1)</num>
                    <content>
                      <p>בית ספר לבגירים שאינו מקנה לתלמידיו חינוך יסודי, חינוך על־יסודי או חינוך על־תיכוני ואשר אינו מתיימר להכשיר את תלמידיו לקראת בחינות ממשלתיות או לקראת השכלה המוכרת על ידי משרד ממשלתי או לפי כל דין;</p>
                    </content>
                  </point>
                  <point eId="point_2__point_א__point_2">
                    <num>(2)</num>
                    <content>
                      <p>מוסד להשכלה גבוהה שהוכר לפי <ref href="/akn/il/act/PrimaryLegislation/1958-08-14/147288">חוק המועצה להשכלה גבוהה, תשי"ח–1958</ref> ועל מוסד הטעון היתר לפי <ref href="/akn/il/act/PrimaryLegislation/1958-08-14/147288#point_21א">סעיף 21א לאותו חוק</ref>;</p>
                    </content>
                  </point>
                  <point eId="point_2__point_א__point_3">
                    <num>(3)</num>
                    <content>
                      <p>בית ספר שעובדי החינוך שבו הם עובדי המדינה;</p>
                    </content>
                  </point>
                  <point eId="point_2__point_א__point_4">
                    <num>(4)</num>
                    <content>
                      <p>ישיבה וכן סמינר להכשרת כוהני דת ששר הדתות אישר אותם לענין חוק זה; הוראות חוק זה לא יחולו לגבי לימודי הקודש בישיבה תיכונית הנוספים על תכנית הלימודים הרגילה ולגבי מספר שעות הלימוד המוקדשות ללימודים אלה;</p>
                    </content>
                  </point>
                  <point eId="point_2__point_א__point_5">
                    <num>(5)</num>
                    <content>
                      <p>בית ספר ששר החינוך והתרבות פטרו בצו כללי או מיוחד מתחולת הוראות חוק זה, כולן או מקצתן.</p>
                    </content>
                  </point>
                </list>
              </point>
              <point eId="point_2__point_ב">
                <num>(ב)</num>
                <content>
                  <p>שר החינוך והתרבות, לאחר התייעצות עם ועדת החינוך והתרבות של הכנסת, יקבע בתקנות את העקרונות שלפיהם יינתנו פטורים לפי פסקה (5) לסעיף קטן (א).</p>
                </content>
              </point>
            </list>
          </point>
        </list>
      </chapter>
      <chapter eId="chp_ב">
        <num>פרק ב׳:</num>
        <title>
          <content>
            <p>פתיחת בית ספר וקיומו</p>
          </content>
        </title>
        <list>
          <point eId="point_3">
            <heading>
              <authorialNote placement="side">
                <p>חובת רשיון</p>
              </authorialNote>
            </heading>
            <num>3.</num>
            <content>
              <p>לא יפתח אדם בית ספר ולא יקיימו אלא אם יש בידו רשיון לפי חוק זה ובהתאם לתנאיו ולא יפרסם אדם פתיחת בית ספר אם אין עליו רשיון כאמור (להלן – רשיון).</p>
            </content>
          </point>
          <point eId="point_4">
            <heading>
              <authorialNote placement="side">
                <p>בקשה לרשיון</p>
              </authorialNote>
            </heading>
            <num>4.</num>
            <list>
              <point eId="point_4__point_א">
                <num>(א)</num>
                <content>
                  <p>בקשה לרשיון תוגש למנהל הכללי; היא תכלול פרטים על הענינים המפורטים <ref href="#point_9">בסעיף 9</ref> ויצורפו לה תשריטים של מבני בית הספר ופרטים אחרים שנקבעו בתקנות.</p>
                </content>
              </point>
              <point eId="point_4__point_ב">
                <num>(ב)</num>
                <content>
                  <p>המנהל הכללי יחליט בבקשה ויודיע על כך למבקש תוך ארבעה חדשים מיום הגשתה.</p>
                </content>
              </point>
            </list>
          </point>
          <point eId="point_5">
            <heading>
              <authorialNote placement="side">
                <p>העברת העתקים של בקשות ומתן חוות דעת</p>
              </authorialNote>
            </heading>
            <num>5.</num>
            <list>
              <point eId="point_5__point_א">
                <num>(א)</num>
                <content>
                  <p>המנהל הכללי יעביר העתקים של הבקשה ושל מצורפותיה לחוות דעתן של רשות החינוך המקומית, כמשמעותה <ref href="/akn/il/act/PrimaryLegislation/1949-09-18/314513">בחוק לימוד חובה, תש"ט–1949</ref>, ושל הועדה המקומית לתכנון ולבניה, כמשמעותה <ref href="/akn/il/act/PrimaryLegislation/1965-08-12/148917">בחוק התכנון והבניה, תשכ"ה–1965</ref>, שבתחומן נמצא בית הספר שהבקשה מתייחסת אליו.</p>
                </content>
              </point>
              <point eId="point_5__point_ב">
                <num>(ב)</num>
                <content>
                  <p>רשות החינוך המקומית והועדה המקומית לתכנון ולבניה יעבירו את חוות דעתן למנהל הכללי תוך חדשיים מיום קבלת ההעתקים כאמור.</p>
                </content>
              </point>
            </list>
          </point>
          <point eId="point_6">
            <heading>
              <authorialNote placement="side">
                <p>אישור רשות הבריאות</p>
              </authorialNote>
            </heading>
            <num>6.</num>
            <list>
              <point eId="point_6__point_א">
                <num>(א)</num>
                <content>
                  <p>המנהל הכללי יעביר העתק של הבקשה ושל מצורפותיה לרשות הבריאות, ולא יתן רשיון אלא לאחר שרשות הבריאות אישרה כי אין היא מתנגדת למתן הרשיון מבחינת התברואה ומבחינת דרישות <ref href="/akn/il/act/PrimaryLegislation/2018-07-25/563491">חוק החזקת תכשיר אפינפרין במוסדות חינוך ובמקומות ציבוריים, התשע"ח–2018</ref>.</p>
                </content>
              </point>
              <point eId="point_6__point_ב">
                <num>(ב)</num>
                <content>
                  <p>רשות הבריאות תעביר את החלטתה למנהל הכללי תוך חדשיים מיום קבלת העתק הבקשה.</p>
                </content>
              </point>
            </list>
          </point>
          <point eId="point_7">
            <heading>
              <authorialNote placement="side">
                <p>רשיון לתאגיד</p>
              </authorialNote>
            </heading>
            <num>7.</num>
            <content>
              <p>לא יתן המנהל הכללי רשיון לחבר בני אדם אלא אם הוא תאגיד.</p>
            </content>
          </point>
          <point eId="point_8">
            <heading>
              <authorialNote placement="side">
                <p>כשירות בעל רשיון</p>
              </authorialNote>
            </heading>
            <num>8.</num>
            <content>
              <p>לא יתן המנהל הכללי רשיון לאדם שהורשע בעבירה שיש עמה קלון או שיש בה כדי לפגוע כבטחון המדינה, או כל עוד מתנהלת נגדו לפי חוק חקירה על עבירה כאמור; לא יתן המנהל הכללי רשיון לתאגיד אם מי שבידו השליטה עליו הורשע בעבירה כאמור או כל עוד מתנהלת נגדו חקירה כאמור.</p>
            </content>
          </point>
          <point eId="point_9">
            <heading>
              <authorialNote placement="side">
                <p>מבחנים למתן רשיון</p>
              </authorialNote>
            </heading>
            <num>9.</num>
            <list>
              <point eId="point_9__point_א">
                <num>(א)</num>
                <list>
                  <intro>
                    <p>לא יתן המנהל הכללי רשיון אלא אם הוא סבור כי תובטח רמה נאותה בהתאם לתקן ולנהוג בסוג בית הספר שהבקשה מתייחסת אליו בענינים המפורטים להלן:</p>
                  </intro>
                  <point eId="point_9__point_א__point_1">
                    <num>(1)</num>
                    <content>
                      <p>תכנית הלימודים, מערכת השיעורים ומשך הלימודים;</p>
                    </content>
                  </point>
                  <point eId="point_9__point_א__point_2">
                    <num>(2)</num>
                    <content>
                      <p>הכשרתם וכשרם המקצועי של סגל עובדי החינוך;</p>
                    </content>
                  </point>
                  <point eId="point_9__point_א__point_3">
                    <num>(3)</num>
                    <content>
                      <p>מבני בית הספר והגישה אליהם, החצר, מספר הכיתות וחדרי הלימוד, הספח והשירות;</p>
                    </content>
                  </point>
                  <point eId="point_9__point_א__point_4">
                    <num>(4)</num>
                    <content>
                      <p>תנאי הבטיחות בבית הספר;</p>
                    </content>
                  </point>
                  <point eId="point_9__point_א__point_5">
                    <num>(5)</num>
                    <content>
                      <p>הריהוט והציוד של בית הספר;</p>
                    </content>
                  </point>
                  <point eId="point_9__point_א__point_6">
                    <num>(6)</num>
                    <content>
                      <p>הבסיס הכספי לקיום בית הספר.</p>
                    </content>
                  </point>
                </list>
              </point>
              <point eId="point_9__point_ב">
                <num>(ב)</num>
                <content>
                  <p>במתן החלטתו בדבר הענינים המפורטים בסעיף קטן (א), יתחשב המנהל הכללי בסוג בית הספר ובגילם וצרכיהם של התלמידים – הכל בהתאם לכללים שהתקין שר החינוך והתרבות בהתייעצות עם ועדת החינוך והתרבות של הכנסת.</p>
                </content>
              </point>
            </list>
          </point>
          <point eId="point_10">
            <heading>
              <authorialNote placement="side">
                <p>תנאים לרשיון</p>
              </authorialNote>
            </heading>
            <num>10.</num>
            <content>
              <p>המנהל הכללי רשאי להתנות את מתן הרשיון בתנאים שיש לקיימם מראש, ורשאי הוא לקבוע ברשיון תנאים שיש לקיימם אחרי נתינתו.</p>
            </content>
          </point>
          <point eId="point_11">
            <heading>
              <authorialNote placement="side">
                <p>תקפו של רשיון</p>
              </authorialNote>
            </heading>
            <num>11.</num>
            <content>
              <p>רשיון יכול שיהא קבוע או לתקופה שתיקבע בו ושלא תפחת משנת לימודים אחת.</p>
            </content>
          </point>
          <point eId="point_12">
            <heading>
              <authorialNote placement="side">
                <p>רכישת בית ספר</p>
              </authorialNote>
            </heading>
            <num>12.</num>
            <content>
              <p>לא יועבר רשיון מאדם לאדם אחר, אלא באישורו של המנהל הכללי; בקשה לאישור תכלול את הפרטים שנקבעו בתקנות.</p>
            </content>
          </point>
          <point eId="point_13">
            <heading>
              <authorialNote placement="side">
                <p>ערר</p>
              </authorialNote>
            </heading>
            <num>13.</num>
            <content>
              <p>סירב המנהל הכללי ליתן רשיון או לאשר העברתו לאחר, רשאי המבקש, תוך עשרים ואחד יום מהיום שהודע לו על הסירוב, לערור על כך לפני ועדת ערר לפי <ref href="#point_14">סעיף 14</ref>.</p>
            </content>
          </point>
          <point eId="point_14">
            <heading>
              <authorialNote placement="side">
                <p>ועדת הערר</p>
              </authorialNote>
            </heading>
            <num>14.</num>
            <list>
              <point eId="point_14__point_א">
                <num>(א)</num>
                <list>
                  <intro>
                    <p>שר החינוך והתרבות ימנה ועדת ערר המורכבת משלושה אלה:</p>
                  </intro>
                  <point eId="point_14__point_א__point_1">
                    <num>(1)</num>
                    <content>
                      <p>מי שכשיר להיות שופט בית משפט מחוזי שיתמנה לאחר התייעצות עם שר המשפטים, והוא יהיה יושב ראש הועדה;</p>
                    </content>
                  </point>
                  <point eId="point_14__point_א__point_2">
                    <num>(2)</num>
                    <content>
                      <p>שני חברים אחרים שלפחות אחד מהם אינו עובד המדינה.</p>
                    </content>
                  </point>
                </list>
              </point>
              <point eId="point_14__point_ב">
                <num>(ב)</num>
                <content>
                  <p>הודעה בדבר מינוי ועדת הערר תפורסם ברשומות.</p>
                </content>
              </point>
              <point eId="point_14__point_ג">
                <num>(ג)</num>
                <content>
                  <p>סדרי דין של ועדת הערר ייקבעו בתקנות על ידי שר החינוך והתרבות.</p>
                </content>
              </point>
              <point eId="point_14__point_ד">
                <num>(ד)</num>
                <content>
                  <p>ועדת הערר תהא רשאית ליתן כל החלטה שהמנהל הכללי היה רשאי לתתה לפי <ref href="#chp_ב">פרק זה</ref>.</p>
                </content>
              </point>
            </list>
          </point>
          <point eId="point_14א">
            <heading>
              <authorialNote placement="side">
                <p>ערעור</p>
              </authorialNote>
            </heading>
            <num>14א.</num>
            <content>
              <p>החלטת ועדת ערר ניתנת לערעור לפני בית משפט לענינים מינהליים.</p>
            </content>
          </point>
          <point eId="point_15">
            <heading>
              <authorialNote placement="side">
                <p>ביטול רשיון</p>
              </authorialNote>
            </heading>
            <num>15.</num>
            <list>
              <point eId="point_15__point_א">
                <num>(א)</num>
                <content>
                  <p>נוכח המנהל הכללי כי לא נתקיים או חדל להתקיים תנאי מהתנאים שבמילוים הותנה רשיון, רשאי הוא להתרות בכתב בבעל הרשיון, ואם התנאי לא קויים תוך שלושה חדשים מיום ההתראה, רשאי המנהל הכללי לבטל את הרשיון.</p>
                </content>
              </point>
              <point eId="point_15__point_ב">
                <num>(ב)</num>
                <content>
                  <p>מי שרשיונו בוטל כאמור בסעיף קטן (א), רשאי לערור על כך בפני ועדת הערר כאמור <ref href="#point_14">בסעיף 14</ref>.</p>
                </content>
              </point>
            </list>
          </point>
        </list>
      </chapter>
      <chapter eId="chp_ג">
        <num>פרק ג׳:</num>
        <title>
          <content>
            <p>העסקת עובדים בבית הספר</p>
          </content>
        </title>
        <list>
          <point eId="point_16">
            <heading>
              <authorialNote placement="side">
                <p>אישור להעסקת עובד חינוך</p>
              </authorialNote>
            </heading>
            <num>16.</num>
            <list>
              <point eId="point_16__point_א">
                <num>(א)</num>
                <content>
                  <p>לא יעסיק אדם עובד חינוך אלא אם יש בידי העובד אישור בכתב מאת המנהל הכללי כי אין לו התנגדות להעסקתו כעובד חינוך.</p>
                </content>
              </point>
              <point eId="point_16__point_ב">
                <num>(ב)</num>
                <list>
                  <intro>
                    <p>לא יסרב המנהל הכללי ליתן אישור כאמור למי שכשיר להיות עובד חינוך אלא אם נתקיים אחד מאלה:</p>
                  </intro>
                  <point eId="point_16__point_ב__point_1">
                    <num>(1)</num>
                    <content>
                      <p>העובד הורשע בעבירה שיש בה כדי לפגוע בבטחון המדינה;</p>
                    </content>
                  </point>
                  <point eId="point_16__point_ב__point_2">
                    <num>(2)</num>
                    <content>
                      <p>העובד הורשע בעבירה אחרת שיש עמה קלון והמנהל הכללי סבור כי לאור הרשעה זו אין העובד ראוי לשמש עובד חינוך;</p>
                    </content>
                  </point>
                  <point eId="point_16__point_ב__point_3">
                    <num>(3)</num>
                    <content>
                      <p>הוכח למנהל הכללי שיש בהתנהגותו של העובד משום השפעה מזיקה על תלמידים;</p>
                    </content>
                  </point>
                  <point eId="point_16__point_ב__point_4">
                    <num>(4)</num>
                    <content>
                      <p>העובד פוטר מבית ספר מטעמים פדגוגיים באישור משרד החינוך והתרבות ואין המנהל הכללי סבור שהנסיבות נשתנו ומצדיקות נסיון חדש בהעסקת העובד בבית ספר.</p>
                    </content>
                  </point>
                </list>
              </point>
            </list>
          </point>
          <point eId="point_17">
            <heading>
              <authorialNote placement="side">
                <p>סייגים לאישור</p>
              </authorialNote>
            </heading>
            <num>17.</num>
            <content>
              <p>המנהל הכללי רשאי לסייג אישור לפי <ref href="#point_16">סעיף 16</ref> או להגביל את תקופת תקפו.</p>
            </content>
          </point>
          <point eId="point_18">
            <heading>
              <authorialNote placement="side">
                <p>ביטול אישור או התלייתו</p>
              </authorialNote>
            </heading>
            <num>18.</num>
            <list>
              <point eId="point_18__point_א">
                <num>(א)</num>
                <content>
                  <p>המנהל הכללי רשאי לבטל אישור לפי <ref href="#point_16">סעיף 16</ref> אם נוכח שנתקיימה בעובד עילה מהעילות המנויות <ref href="#point_16">בסעיף 16(ב)</ref>; אולם לא יבטל אישור כאמור על סמך עילה מהעילות המנויות <ref href="#point_16">בפסקאות (2), (3) או (4) לסעיף 16(ב)</ref> אלא לאחר התייעצות עם ארגון המורים המייצג את העובד הנדון.</p>
                </content>
              </point>
              <point eId="point_18__point_א1">
                <num>(א1)</num>
                <list>
                  <intro>
                    <p>המנהל הכללי יתלה אישור לפי <ref href="#point_16">סעיף 16</ref> אם הוגש נגד עובד חינוך כתב אישום בחשד לביצוע עבירת מין או אלימות חמורה בקטין או בחסר ישע הלומד במוסד החינוך, אלא אם כן שוכנע כי קיימים טעמים מיוחדים המצדיקים שלא להתלות את האישור, וכי לא ייגרם נזק לקטין או לחסר ישע; החלטה לפי סעיף קטן זה תהיה בכתב; בסעיף קטן זה –</p>
                  </intro>
                  <point eId="point_18__point_א1__point_חסר_ישע">
                    <content>
                      <p>
                        <def />”חסר ישע“ – כהגדרתו <ref href="/akn/il/act/PrimaryLegislation/1977-08-04/2002251#point_368א">בסעיף 368א לחוק העונשין, התשל"ז–1977</ref> (בסעיף זה – חוק העונשין);</p>
                    </content>
                  </point>
                  <point eId="point_18__point_א1__point_עבירת_מין_או_אלימות_חמורה">
                    <content>
                      <p>
                        <def />”עבירת מין או אלימות חמורה“ – עבירה לפי <ref href="/akn/il/act/PrimaryLegislation/1977-08-04/2002251#point_203ב">סעיפים 203ב</ref>, <ref href="/akn/il/act/PrimaryLegislation/1977-08-04/2002251#point_214">214(ב)</ref>, <ref href="/akn/il/act/PrimaryLegislation/1977-08-04/2002251#point_298">298</ref>, <ref href="/akn/il/act/PrimaryLegislation/1977-08-04/2002251#point_300">300</ref>, <ref href="/akn/il/act/PrimaryLegislation/1977-08-04/2002251#point_305">305</ref>, <ref href="/akn/il/act/PrimaryLegislation/1977-08-04/2002251#point_329">329</ref>, <ref href="/akn/il/act/PrimaryLegislation/1977-08-04/2002251#point_333">333</ref>, <ref href="/akn/il/act/PrimaryLegislation/1977-08-04/2002251#point_335">335</ref>, <ref href="/akn/il/act/PrimaryLegislation/1977-08-04/2002251#point_345">345</ref>, <ref href="/akn/il/act/PrimaryLegislation/1977-08-04/2002251#point_346">346</ref>, <ref href="/akn/il/act/PrimaryLegislation/1977-08-04/2002251#point_347">347</ref>, <ref href="/akn/il/act/PrimaryLegislation/1977-08-04/2002251#point_347א">347א</ref>, <ref href="/akn/il/act/PrimaryLegislation/1977-08-04/2002251#point_348">348</ref>, <ref href="/akn/il/act/PrimaryLegislation/1977-08-04/2002251#point_351">351</ref>, <ref href="/akn/il/act/PrimaryLegislation/1977-08-04/2002251#point_368ב">368ב</ref>, <ref href="/akn/il/act/PrimaryLegislation/1977-08-04/2002251#point_368ג">368ג</ref><ref href="/akn/il/act/PrimaryLegislation/1977-08-04/2002251#point_377א">ו־377א לחוק העונשין</ref>.</p>
                    </content>
                  </point>
                </list>
              </point>
              <point eId="point_18__point_א2">
                <num>(א2)</num>
                <content>
                  <p>המנהל הכללי רשאי להתלות אישור לפי <ref href="#point_16">סעיף 16</ref>, אם הוגש נגד עובד חינוך כתב אישום בעבירה שמפאת מהותה, חומרתה או נסיבותיה אין הוא ראוי להיות עובד חינוך.</p>
                </content>
              </point>
              <point eId="point_18__point_ב">
                <num>(ב)</num>
                <content>
                  <p>בעל רשיון חייב, לפי דרישת המנהל הכללי, לפטר עובד חינוך שאישורו בוטל כאמור בסעיף קטן (א) או שאין בידו אישור כאמור <ref href="#point_16">בסעיף 16(א)</ref>, או להשעות עובד חינוך שאישורו הותלה כאמור בסעיף קטן (א1) או (א2).</p>
                </content>
              </point>
            </list>
          </point>
          <point eId="point_19">
            <heading>
              <authorialNote placement="side">
                <p>הזדמנות להשמיע טענות</p>
              </authorialNote>
            </heading>
            <num>19.</num>
            <content>
              <p>לא יסרב המנהל הכללי ליתן אישור לפי <ref href="#point_16">סעיף 16</ref>, ולא יבטל או יתלה אישור, אלא לאחר שנתן לנוגע בדבר הזדמנות נאותה להשמיע טענותיו.</p>
            </content>
          </point>
          <point eId="point_20">
            <heading>
              <authorialNote placement="side">
                <p>ערר</p>
              </authorialNote>
            </heading>
            <num>20.</num>
            <content>
              <p>מי שהמנהל הכללי סירב ליתן לו אישור לפי <ref href="#point_16">סעיף 16</ref> או מי שאישורו בוטל לפי <ref href="#point_18">סעיף 18</ref>, רשאי לערור על כך, תוך עשרים ואחד יום מהיום שהודע לו על החלטת המנהל הכללי, לפני שר החינוך והתרבות.</p>
            </content>
          </point>
          <point eId="point_20א">
            <heading>
              <authorialNote placement="side">
                <p>עיון מחדש בהחלטת התליה</p>
              </authorialNote>
            </heading>
            <num>20א.</num>
            <list>
              <point eId="point_20א__point_א">
                <num>(א)</num>
                <content>
                  <p>הותלה אישור של עובד חינוך לפי <ref href="#point_18">סעיף 18(א1) או (א2)</ref>, תימשך ההתליה עד למתן פסק הדין הסופי בהליך הפלילי נגדו או עד להפסקת ההליך; ואולם המנהל הכללי רשאי, בהתייעצות עם היועץ המשפטי לממשלה או בא כוחו, להורות על הפסקת ההתליה במועד מוקדם יותר.</p>
                </content>
              </point>
              <point eId="point_20א__point_ב">
                <num>(ב)</num>
                <content>
                  <p>בלי לגרוע מהוראות סעיף קטן (א), מי שאישורו הותלה רשאי לפנות למנהל הכללי בבקשה שיורה על הפסקת ההתליה; פנה עובד כאמור, ישקול המנהל הכללי בתום שישה חודשים מיום מתן ההחלטה בדבר ההתליה, לאחר התייעצות עם היועץ המשפטי לממשלה או בא כוחו, את האפשרות להפסיק את ההתליה באותו מועד; החליט המנהל הכללי שלא להפסיק את ההתליה במועד כאמור, ישקול מחדש, לאחר התייעצות עם היועץ המשפטי לממשלה או בא כוחו, אחת לתשעה חודשים, החל במועד ההחלטה לפי סעיף קטן זה, את האפשרות להפסיק את ההתליה.</p>
                </content>
              </point>
            </list>
          </point>
          <point eId="point_20ב">
            <heading>
              <authorialNote placement="side">
                <p>שמירת דינים</p>
              </authorialNote>
            </heading>
            <num>20ב.</num>
            <content>
              <p>אין בהוראות <ref href="#point_18">סעיפים 18(א1) ו־(א2)</ref>, <ref href="#point_20א">20א</ref>, <ref href="#point_22">22(א1)</ref><ref href="#point_25א">ו־25א(א)</ref> כדי לגרוע מהוראות <ref href="/akn/il/act/PrimaryLegislation/1978-07-21/148512">חוק הרשויות המקומיות (משמעת), התשל"ח–1978</ref>.</p>
            </content>
          </point>
          <point eId="point_20ג">
            <heading>
              <authorialNote placement="side">
                <p>דיווח לכנסת</p>
              </authorialNote>
            </heading>
            <num>20ג.</num>
            <content>
              <p>שר החינוך ימסור לוועדת החינוך התרבות והספורט של הכנסת, מדי שנה, לא יאוחר מיום א׳ בחשוון, דיווח על התליות של אישורים לפי <ref href="#point_16">סעיף 16</ref>, ועל הפסקת התליות כאמור, שנעשו בשנת הלימודים שקדמה למועד הדיווח לפי <ref href="#point_18">סעיפים 18(א1) ו־(א2)</ref><ref href="#point_20א">ו־20א</ref>.</p>
            </content>
          </point>
          <point eId="point_21">
            <heading>
              <authorialNote placement="side">
                <p>הגשת רשימה של עובדי שירות</p>
              </authorialNote>
            </heading>
            <num>21.</num>
            <content>
              <p>בכל שנת לימודים, במועד ובדרך שנקבעו בתקנות, ימסור בעל רשיון למנהל הכללי או למי שהוא הסמיך לכך רשימה של עובדי השירות המועסקים בבית הספר.</p>
            </content>
          </point>
          <point eId="point_22">
            <heading>
              <authorialNote placement="side">
                <p>דרישה לפטר עובד שירות</p>
              </authorialNote>
            </heading>
            <num>22.</num>
            <list>
              <point eId="point_22__point_א">
                <num>(א)</num>
                <list>
                  <intro>
                    <p>המנהל הכללי רשאי לדרוש מאת בעל רשיון שיפטר מיד עובד שירות אם נתקיים לגביו אחד מאלה:</p>
                  </intro>
                  <point eId="point_22__point_א__point_1">
                    <num>(1)</num>
                    <content>
                      <p>העובד הורשע בעבירה שיש בה כדי לפגוע בבטחון המדינה;</p>
                    </content>
                  </point>
                  <point eId="point_22__point_א__point_2">
                    <num>(2)</num>
                    <content>
                      <p>העובד הורשע בעבירה אחרת שיש עמה קלון והמנהל הכללי סבור כי לאור הרשעה זו אין להעסיקו בבית הספר;</p>
                    </content>
                  </point>
                  <point eId="point_22__point_א__point_3">
                    <num>(3)</num>
                    <content>
                      <p>הוכח למנהל הכללי שיש בהתנהגותו של העובד משום השפעה מזיקה על תלמידים.</p>
                    </content>
                  </point>
                </list>
              </point>
              <point eId="point_22__point_א1">
                <num>(א1)</num>
                <content>
                  <p>המנהל הכללי ידרוש, בכתב, מאת בעל רישיון או מנהל בית ספר כי ישעה עובד שירות שהוגש נגדו כתב אישום בחשד לביצוע עבירת מין או עבירת אלימות חמורה בקטין או בחסר ישע, אלא אם כן שוכנע כי קיימים טעמים מיוחדים המצדיקים שלא להשעות את העובד, וכי לא ייגרם נזק לקטין או לחסר ישע שעליו העובד אחראי במסגרת עבודתו; בסעיף קטן זה, ”חסר ישע“ ו”עבירת מין או אלימות חמורה“ – כהגדרתם <ref href="#point_18">בסעיף 18(א1)</ref>.</p>
                </content>
              </point>
              <point eId="point_22__point_ב">
                <num>(ב)</num>
                <content>
                  <p>בעל הרשיון חייב לציית לדרישת המנהל הכללי לפי סעיף זה.</p>
                </content>
              </point>
            </list>
          </point>
          <point eId="point_23">
            <heading>
              <authorialNote placement="side">
                <p>הזדמנות להשמיע טענות</p>
              </authorialNote>
            </heading>
            <num>23.</num>
            <content>
              <p>לא ידרוש המנהל הכללי לפטר או להשעות עובד שירות כאמור <ref href="#point_22">בסעיף 22</ref> אלא לאחר שנתן לעובד הנוגע בדבר הזדמנות נאותה להשמיע את טענותיו.</p>
            </content>
          </point>
          <point eId="point_24">
            <heading>
              <authorialNote placement="side">
                <p>אצילת סמכויות</p>
              </authorialNote>
            </heading>
            <num>24.</num>
            <content>
              <p>המנהל הכללי רשאי לאצול לאחר את סמכויותיו לפי <ref href="#point_22">סעיפים 22</ref><ref href="#point_23">ו־23</ref>.</p>
            </content>
          </point>
          <point eId="point_25">
            <heading>
              <authorialNote placement="side">
                <p>ערר</p>
              </authorialNote>
            </heading>
            <num>25.</num>
            <content>
              <p>עובד שירות הרואה את עצמו נפגע על ידי דרישה לפטרו כאמור <ref href="#point_22">בסעיף 22</ref>, רשאי לערור על כך, תוך עשרים ואחד יום מהיום שהודע לו על הדרישה, לפני שר החינוך והתרבות.</p>
            </content>
          </point>
          <point eId="point_25א">
            <heading>
              <authorialNote placement="side">
                <p>עיון מחדש בהחלטת השעיה</p>
              </authorialNote>
            </heading>
            <num>25א.</num>
            <list>
              <point eId="point_25א__point_א">
                <num>(א)</num>
                <content>
                  <p>הושעה עובד שירות לפי <ref href="#point_22">סעיף 22(א1)</ref>, תימשך ההשעיה עד למתן פסק הדין הסופי בהליך הפלילי נגדו או עד להפסקת ההליך, ואולם המנהל הכללי רשאי להורות על הפסקת ההשעיה במועד מוקדם יותר.</p>
                </content>
              </point>
              <point eId="point_25א__point_ב">
                <num>(ב)</num>
                <content>
                  <p>בלי לגרוע מהוראות סעיף קטן (א), עובד שירות שהושעה רשאי לפנות למנהל הכללי בבקשה שיורה על הפסקת ההשעיה; פנה עובד כאמור, ישקול המנהל הכללי בתום שישה חודשים מיום מתן ההחלטה בדבר ההשעיה, לאחר התייעצות עם היועץ המשפטי לממשלה או בא כוחו, את האפשרות להפסיק את ההשעיה באותו מועד; החליט המנהל הכללי שלא להפסיק את ההשעיה במועד כאמור, ישקול מחדש, לאחר התייעצות עם היועץ המשפטי לממשלה או בא כוחו, אחת לתשעה חודשים, החל במועד ההחלטה לפי סעיף קטן זה, את האפשרות להפסיק את ההשעיה.</p>
                </content>
              </point>
            </list>
          </point>
          <point eId="point_26">
            <heading>
              <authorialNote placement="side">
                <p>אישור להעסקת רופא או אחות</p>
              </authorialNote>
            </heading>
            <num>26.</num>
            <content>
              <p>לא יועסק רופא או אחות בבית ספר אלא באישור רשות הבריאות.</p>
            </content>
          </point>
          <point eId="point_27">
            <heading>
              <authorialNote placement="side">
                <p>אישור רשות הבריאות</p>
              </authorialNote>
            </heading>
            <num>27.</num>
            <list>
              <point eId="point_27__point_א">
                <num>(א)</num>
                <content>
                  <p>לא יעסיק אדם עובד חינוך או עובד שירות אלא אם יש בידי העובד אישור מאת רשות הבריאות כי אין לה התנגדות להעסקתו מבחינה בריאותית.</p>
                </content>
              </point>
              <point eId="point_27__point_ב">
                <num>(ב)</num>
                <content>
                  <p>רשות הבריאות רשאית לסייג אישור לפי סעיף קטן (א) או להגביל את תקופת תקפו.</p>
                </content>
              </point>
              <point eId="point_27__point_ג">
                <num>(ג)</num>
                <content>
                  <p>שר הבריאות רשאי להתקין תקנות בדבר בדיקות רפואיות של עובדים לענין האישור לפי סעיף זה.</p>
                </content>
              </point>
            </list>
          </point>
        </list>
      </chapter>
      <chapter eId="chp_ד">
        <num>פרק ד׳:</num>
        <title>
          <content>
            <p>הוראות שונות</p>
          </content>
        </title>
        <list>
          <point eId="point_28">
            <heading>
              <authorialNote placement="side">
                <p>פיקוח על בית ספר</p>
              </authorialNote>
            </heading>
            <num>28.</num>
            <list>
              <point eId="point_28__point_א">
                <num>(א)</num>
                <content>
                  <p>שר החינוך והתרבות רשאי לתת לבעל רשיון את ההוראות הדרושות, לדעת השר, להבטיח כי החינוך הניתן בבית הספר יושתת על העקרונות המפורטים <ref href="/akn/il/act/PrimaryLegislation/1953-08-20/147360#point_2">בסעיף 2 לחוק חינוך ממלכתי, תשי"ג–1953</ref>.</p>
                </content>
              </point>
              <point eId="point_28__point_ב">
                <num>(ב)</num>
                <content>
                  <p>תכנית הלימודים, ספרי הלימוד, ספרי העזר, עזרי הלימוד וההישגים הלימודיים של בית הספר יהיו נתונים לפיקוחו של שר החינוך והתרבות ויתאימו להוראות הכלליות הנהוגות באותו סוג של בית ספר.</p>
                </content>
              </point>
              <point eId="point_28__point_ג">
                <num>(ג)</num>
                <content>
                  <p>המנהל הכללי יאשר מפעם לפעם, בהתחשב בסוג בית הספר ואופיו, את שכר הלימוד של בית הספר וסדרי גבייתו.</p>
                </content>
              </point>
            </list>
          </point>
          <point eId="point_29">
            <heading>
              <authorialNote placement="side">
                <p>הודעה על שינויים</p>
              </authorialNote>
            </heading>
            <num>29.</num>
            <content>
              <p>בעל רשיון יודיע למנהל הכללי על כל שינוי שחל בפרטים שנכללו בבקשה לרשיון או במצורפותיה.</p>
            </content>
          </point>
          <point eId="point_30">
            <heading>
              <authorialNote placement="side">
                <p>זכות כניסה</p>
              </authorialNote>
            </heading>
            <num>30.</num>
            <content>
              <p>המנהל הכללי או מי שמינה לכך וכן רשות הבריאות רשאים בכל עת סבירה להיכנס לבית ספר ולחצריו כדי לברר אם קויימו הוראות חוק זה, התקנות לפיו ותנאי הרשיון; ורשאים הם לדרוש מבעל הרשיון או ממנהל בית הספר כל ידיעה הדרושה להם לשם מילוי תפקידם לפי חוק זה.</p>
            </content>
          </point>
          <point eId="point_31">
            <heading>
              <authorialNote placement="side">
                <p>דרישה לתקן ליקויים</p>
              </authorialNote>
            </heading>
            <num>31.</num>
            <content>
              <p>המנהל הכללי או רשות הבריאות רשאים לדרוש מבעל רשיון, בהודעה בכתב, לתקן תוך מועד סביר כל ליקוי בענין הנוגע לבית הספר או לתברואה בו, אם נראה להם כי התיקון דרוש כדי לקיים הוראות חוק זה, התקנות לפיו או תנאי הרשיון; בעל הרשיון חייב למלא אחרי דרישה כאמור תוך המועד הנקוב בה.</p>
            </content>
          </point>
          <point eId="point_32">
            <heading>
              <authorialNote placement="side">
                <p>צו סגירה מאת המנהל הכללי</p>
              </authorialNote>
            </heading>
            <num>32.</num>
            <list>
              <point eId="point_32__point_א">
                <num>(א)</num>
                <list>
                  <intro>
                    <p>המנהל הכללי רשאי לצוות בכתב על סגירת בית ספר אם נוכח שנתקיים אחד מאלה:</p>
                  </intro>
                  <point eId="point_32__point_א__point_1">
                    <num>(1)</num>
                    <content>
                      <p>בית הספר מתנהל ללא רשיון;</p>
                    </content>
                  </point>
                  <point eId="point_32__point_א__point_2">
                    <num>(2)</num>
                    <content>
                      <p>בעל הרשיון סירב לפטר עובד חינוך או עובד שירות כשנדרש לעשות כן לפי <ref href="#point_18">סעיף 18(ב)</ref><ref href="#point_22">או 22(א)</ref>;</p>
                    </content>
                  </point>
                  <point eId="point_32__point_א__point_3">
                    <num>(3)</num>
                    <content>
                      <p>לא קויימה דרישתה של רשות הבריאות לתקן ליקויים לפי <ref href="#point_31">סעיף 31</ref>.</p>
                    </content>
                  </point>
                  <point eId="point_32__point_א__point_4">
                    <num>(4)</num>
                    <content>
                      <p>בבית הספר מתנהלת או נסבלת הסתה נגד המדינה.</p>
                    </content>
                  </point>
                </list>
              </point>
              <point eId="point_32__point_א1">
                <num>(א1)</num>
                <content>
                  <p>נוכח המנהל הכללי כי בבית הספר הופר איסור האפליה כאמור <ref href="/akn/il/act/PrimaryLegislation/2000-12-14/170648#point_5">בסעיף 5 לחוק זכויות התלמיד, התש"ס–2000</ref>, רשאי הוא לצוות בכתב על סגירתו, לאחר שדרש מבעל הרשיון בכתב לתקן את הדבר תוך מועד סביר, ולאחר שהזהירו כי אי מילוי דרישה זו יגרור הוצאת צו לסגירת בית הספר.</p>
                </content>
              </point>
              <point eId="point_32__point_ב">
                <num>(ב)</num>
                <content>
                  <p>צו הסגירה יישלח בדואר רשום או על ידי שליח אל בעל הרשיון או אל מי שמנהל בית ספר ללא רשיון.</p>
                </content>
              </point>
              <point eId="point_32__point_ג">
                <num>(ג)</num>
                <content>
                  <p>צו סגירה ייכנס לתקפו בתום 30 יום מיום מסירתו כאמור בסעיף קטן (ב), זולת אם נקבע בו מועד מאוחר יותר לכך, והוא יעמוד בתוקף עד אשר יבוטל על ידי המנהל הכללי או על ידי בית המשפט.</p>
                </content>
              </point>
              <point eId="point_32__point_ד">
                <num>(ד)</num>
                <content>
                  <p>
                    <wikicomment font-size="x-small">(בוטל).</wikicomment>
                  </p>
                </content>
              </point>
              <point eId="point_32__point_ה">
                <num>(ה)</num>
                <content>
                  <p>
                    <wikicomment font-size="x-small">(בוטל).</wikicomment>
                  </p>
                </content>
              </point>
            </list>
          </point>
          <point eId="point_33">
            <heading>
              <authorialNote placement="side">
                <p>עבירות ועונשין</p>
              </authorialNote>
            </heading>
            <num>33.</num>
            <list>
              <point eId="point_33__point_א">
                <num>(א)</num>
                <content>
                  <p>העובר על הוראות <ref href="#point_3">סעיף 3</ref> או אינו מקיים צו סגירה לפי <ref href="#point_32">סעיף 32</ref>, דינו – מאסר שנה.</p>
                </content>
              </point>
              <point eId="point_33__point_ב">
                <num>(ב)</num>
                <content>
                  <p>העובר על הוראות <ref href="#point_12">סעיפים 12</ref>, <ref href="#point_16">16</ref>, <ref href="#point_18">18(ב)</ref>, <ref href="#point_22">22(ב)</ref>, <ref href="#point_26">26</ref><ref href="#point_27">או 27</ref>, דינו – מאסר ששה חדשים.</p>
                </content>
              </point>
              <point eId="point_33__point_ג">
                <num>(ג)</num>
                <content>
                  <p>מי שאינו מקיים במועדו דרישה לתיקון ליקויים לפי <ref href="#point_31">סעיף 31</ref> או עובר על הוראה אחרת של חוק זה, דינו – קנס 1000 לירות.</p>
                </content>
              </point>
              <point eId="point_33__point_ד">
                <num>(ד)</num>
                <content>
                  <p>הוגש כתב אישום בשל עבירה לפי סעיף זה, רשאי בית המשפט שאליו הוגש כתב האישום לצוות על סגירתו של בית הספר עד לסיום המשפט.</p>
                </content>
              </point>
              <point eId="point_33__point_ה">
                <num>(ה)</num>
                <content>
                  <p>בית המשפט רשאי, בנוסף לכל עונש שיטיל, לצוות על סגירתו של בית הספר.</p>
                </content>
              </point>
              <point eId="point_33__point_ו">
                <num>(ו)</num>
                <content>
                  <p>מי שאינו מקיים צו סגירה לפי סעיף זה, ינהגו בו כאמור <ref href="/akn/il/act/PrimaryOrSecondaryLegislation/UnknownWorkDate/פקודת_בזיון_בית_המשפט#point_6">בסעיף 6 לפקודת בזיון בית המשפט</ref>.</p>
                </content>
              </point>
            </list>
          </point>
          <point eId="point_34">
            <heading>
              <authorialNote placement="side">
                <p>שמירת סמכויות וחיובים</p>
              </authorialNote>
            </heading>
            <num>34.</num>
            <content>
              <p>סמכויות לפי חוק זה אינן גורעות מסמכויות לפי חיקוק אחר וקיום חיובים לפי חוק זה אינו משחרר מקיום חיובים לפי חיקוק אחר.</p>
            </content>
          </point>
          <point eId="point_35">
            <heading>
              <authorialNote placement="side">
                <p>אי־תחולת פקודת החינוך</p>
              </authorialNote>
            </heading>
            <num>35.</num>
            <content>
              <p>
                <ref href="/akn/il/act/PrimaryLegislation/1978-08-15/2002299">פקודת החינוך</ref> לא תחול על בית ספר שחוק זה חל עליו.</p>
            </content>
          </point>
          <point eId="point_36">
            <heading>
              <authorialNote placement="side">
                <p>הוראת מעבר</p>
              </authorialNote>
            </heading>
            <num>36.</num>
            <list>
              <point eId="point_36__point_א">
                <num>(א)</num>
                <content>
                  <p>שר החינוך והתרבות, לאחר התייעצות עם ועדת החינוך והתרבות של הכנסת, יחיל בצווים חוק זה בהדרגה על בתי ספר שהיו קיימים ערב תחילתו (להלן – בתי ספר קיימים).</p>
                </content>
              </point>
              <point eId="point_36__point_ב">
                <num>(ב)</num>
                <content>
                  <p>התחולה ההדרגתית אפשר שתהא לפי אזורים, לפי סוגי בתי ספר או לפי סוגי הבעלות של בתי ספר או גם לפי זה וגם לפי זה.</p>
                </content>
              </point>
              <point eId="point_36__point_ג">
                <num>(ג)</num>
                <content>
                  <p>
                    <wikicomment font-size="x-small">(בוטל).</wikicomment>
                  </p>
                </content>
              </point>
            </list>
          </point>
          <point eId="point_37">
            <heading>
              <authorialNote placement="side">
                <p>ביצוע ותקנות</p>
              </authorialNote>
            </heading>
            <num>37.</num>
            <content>
              <p>שר החינוך והתרבות ממונה על ביצוע חוק זה והוא רשאי להתקין תקנות בכל הנוגע לביצועו.</p>
            </content>
          </point>
        </list>
      </chapter>
    </body>
    <conclusions eId="eId">
      <p class="signatures">
        <signature>
          <p>
            <person refersTo="שניאור_זלמן_שזר">שניאור זלמן שזר</person>
            <role refersTo="נשיא_המדינה">נשיא המדינה</role>
          </p>
        </signature>
        <signature>
          <p>
            <person refersTo="גולדה_מאיר">גולדה מאיר</person>
            <role refersTo="ראש_הממשלה">ראש הממשלה</role>
          </p>
        </signature>
        <signature>
          <p>
            <person refersTo="זלמן_ארן">זלמן ארן</person>
            <role refersTo="שר_החינוך_והתרבות">שר החינוך והתרבות</role>
          </p>
        </signature>
      </p>
    </conclusions>
  </act>
</akomaNtoso>