﻿<?xml version="1.0" encoding="utf-8"?>
<akomaNtoso xmlns="http://docs.oasis-open.org/legaldocml/ns/akn/3.0">
  <act contains="originalVersion" name="publicLaw">
    <meta>
      <identification source="#kensset">
        <FRBRWork>
          <FRBRthis value="/akn/il/act/PrimaryLegislation/1980-12-01/147936/main" />
          <FRBRuri value="/akn/il/act/PrimaryLegislation/1980-12-01/147936" />
          <FRBRdate date="1980-12-01" name="Generation" />
          <FRBRauthor href="#knesset" as="#author" />
          <FRBRcountry value="israel" />
        </FRBRWork>
        <FRBRExpression>
          <FRBRthis value="/akn/il/act/PrimaryLegislation/1980-12-01/147936/he@/main" />
          <FRBRuri value="/akn/il/act/PrimaryLegislation/1980-12-01/147936/he@" />
          <FRBRdate date="1980-12-01" name="Generation" />
          <FRBRauthor href="#knesset" as="#author" />
          <FRBRlanguage language="hebrew" />
        </FRBRExpression>
        <FRBRManifestation>
          <FRBRthis value="/akn/il/act/PrimaryLegislation/1980-12-01/147936/he@/main.xml" />
          <FRBRuri value="/akn/il/act/PrimaryLegislation/1980-12-01/147936/he@" />
          <FRBRdate date="1980-12-01" name="Generation" />
          <FRBRauthor href="#knesset" as="#author" />
          <FRBRformat value="xml" />
        </FRBRManifestation>
      </identification>
      <classification source="#kensset">
        <keyword value="{classificationValue}" showAs="{classificationValue}" dictionary="#classification_dictionary" />
      </classification>
      <lifecycle source="#kensset">
        <eventRef eId="eventRef_1" date="1980-12-01" source="#kensset" type="generation" />
      </lifecycle>
      <references source="#kensset">
        <TLCOrganization eId="kensset" href="/ontology/organization/akn/knesset" showAs="Kensset" type="generation" />
        <TLCRole eId="author" href="/ontology/role/akn/author" showAs="Author of Document" />
        <TLCProcess eId="inforce" href="/ontology/process/akn/inforce" showAs="In force" />
        <TLCTerm eId="term_1" href="/ontology/term/חוק_מס/147936" showAs="חוק_מס" />
        <TLCTerm eId="term_2" href="/ontology/term/חוב_מס/147936" showAs="חוב_מס" />
        <TLCTerm eId="term_3" href="/ontology/term/מס_בפיגור/147936" showAs="מס_בפיגור" />
        <TLCPerson eId="מנחם_בגין" href="/ontology/person/מנחם_בגין" showAs="מנחם בגין" />
        <TLCPerson eId="יגאל_הורביץ" href="/ontology/person/יגאל_הורביץ" showAs="יגאל הורביץ" />
        <TLCPerson eId="יצחק_נבון" href="/ontology/person/יצחק_נבון" showAs="יצחק נבון" />
        <TLCRole eId="ראש_הממשלה" href="ontology/role/akn/ראש_הממשלה" showAs="ראש הממשלה" />
        <TLCRole eId="שר_האוצר" href="ontology/role/akn/שר_האוצר" showAs="שר האוצר" />
        <TLCRole eId="נשחא_המדינה" href="ontology/role/akn/נשחא_המדינה" showAs="נשחא המדינה" />
      </references>
      <temporalData source="#kensset">
        <temporalGroup eId="tmpg_1" />
      </temporalData>
      <Publication></Publication>
    </meta>
    <body period="#tmpg_1">
      <title eId="title">
        <content>
          <p>חוק המסים (קנס פיגורים), התשמ"א–1980</p>
        </content>
      </title>
      <list>
        <point eId="point_1" class="definitions">
          <heading>
            <authorialNote placement="side">
              <p>הגדרות</p>
            </authorialNote>
          </heading>
          <num>1.</num>
          <list>
            <intro>
              <p>בחוק זה –</p>
            </intro>
            <point eId="point_1__point_חוק_מס">
              <content>
                <p>
                  <def />”חוק מס“ – חיקוק הדן בהטלת מס או תשלום חובה, ששר האוצר ממונה על ביצועו או על הגביה לפיו;</p>
              </content>
            </point>
            <point eId="point_1__point_חוב_מס">
              <content>
                <p>
                  <def />”חוב מס“ – כל סכום שאדם חייב בו על פי חוק מס, למעט קנס ולמעט מקדמת מס הכנסה שחל עליה <ref href="/akn/il/act/PrimaryOrSecondaryLegislation/UnknownWorkDate/פקודת_מס_הכנסה#point_190">סעיף 190 לפקודה</ref>;</p>
              </content>
            </point>
            <point eId="point_1__point_מס_בפיגור">
              <content>
                <p>
                  <def />”מס בפיגור“ – חוב מס שלא שולם במועד שנקבע לכך בחוק מס.</p>
              </content>
            </point>
          </list>
        </point>
        <point eId="point_2">
          <heading>
            <authorialNote placement="side">
              <p>קנס פיגורים</p>
            </authorialNote>
          </heading>
          <num>2.</num>
          <list>
            <point eId="point_2__point_א">
              <num>(א)</num>
              <content>
                <p>לכל חוב מס יווסף מתום שבוע מהמועד שנקבע לתשלום המס קנס פיגורים של 0.2% מסכום המס שבפיגור או שיעור אחר שקבע שר האוצר באישור ועדת הכספים של הכנסת לכל שבוע של פיגור או חלק ממנו, והוא על אף האמור בכל הוראה אחרת בדבר קנס על מס בפיגור ואף בהעדר כל הוראה לענין זה בחוק מס.</p>
              </content>
            </point>
            <point eId="point_2__point_ב">
              <num>(ב)</num>
              <content>
                <p>לענין סעיף זה, מקום שנקבע בחוק מס שמס ישולם בעת הגשת דו"ח, יראו כמועד לתשלום המס את המועד שנקבע להגשת הדו"ח בחיקוק, ואם נדחה כדין המועד להגשת הדו"ח – המועד שנקבע בדחיה.</p>
              </content>
            </point>
          </list>
        </point>
        <point eId="point_3">
          <heading>
            <authorialNote placement="side">
              <p>סמכות להקטין קנס</p>
            </authorialNote>
          </heading>
          <num>3.</num>
          <content>
            <p>סמכות לפי חוק מס להקטין סכום קנס או לוותר עליו, תהא נתונה גם לגבי קנס לפי <ref href="#point_2">סעיף 2</ref>.</p>
          </content>
        </point>
        <point eId="point_4">
          <heading>
            <authorialNote placement="side">
              <p>תחילה, תחולה והוראות מעבר</p>
            </authorialNote>
          </heading>
          <num>4.</num>
          <content>
            <p>תחילתו של חוק זה מיום כ"ה בטבת התשמ"א (1 בינואר 1981), ומאותו יום יחול קנס פיגורים לפי <ref href="#point_2">סעיף 2</ref> גם על חוב מס קיים; ובלבד שבעד התקופה מיום כ"ה בטבת התשמ"א (1 בינואר 1981) עד יום כ"ה באדר ב׳ התשמ"א (31 במרס 1981) יהא שיעור הקנס 1% לכל שבוע של פיגור או חלק ממנו.</p>
          </content>
        </point>
      </list>
    </body>
    <conclusions eId="eId">
      <p class="signatures">
        <signature>
          <p>
            <person refersTo="מנחם_בגין">מנחם בגין</person>
            <role refersTo="ראש_הממשלה">ראש הממשלה</role>
          </p>
        </signature>
        <signature>
          <p>
            <person refersTo="יגאל_הורביץ">יגאל הורביץ</person>
            <role refersTo="שר_האוצר">שר האוצר</role>
          </p>
        </signature>
        <signature>
          <p>
            <person refersTo="יצחק_נבון">יצחק נבון</person>
            <role refersTo="נשחא_המדינה">נשחא המדינה</role>
          </p>
        </signature>
      </p>
    </conclusions>
  </act>
</akomaNtoso>