﻿<?xml version="1.0" encoding="utf-8"?>
<akomaNtoso xmlns="http://docs.oasis-open.org/legaldocml/ns/akn/3.0">
  <act contains="originalVersion" name="publicLaw">
    <meta>
      <identification source="#kensset">
        <FRBRWork>
          <FRBRthis value="/akn/il/act/PrimaryLegislation/1914-05-11/2002137/main" />
          <FRBRuri value="/akn/il/act/PrimaryLegislation/1914-05-11/2002137" />
          <FRBRdate date="1914-05-11" name="Generation" />
          <FRBRauthor href="#knesset" as="#author" />
          <FRBRcountry value="israel" />
        </FRBRWork>
        <FRBRExpression>
          <FRBRthis value="/akn/il/act/PrimaryLegislation/1914-05-11/2002137/he@/main" />
          <FRBRuri value="/akn/il/act/PrimaryLegislation/1914-05-11/2002137/he@" />
          <FRBRdate date="1914-05-11" name="Generation" />
          <FRBRauthor href="#knesset" as="#author" />
          <FRBRlanguage language="hebrew" />
        </FRBRExpression>
        <FRBRManifestation>
          <FRBRthis value="/akn/il/act/PrimaryLegislation/1914-05-11/2002137/he@/main.xml" />
          <FRBRuri value="/akn/il/act/PrimaryLegislation/1914-05-11/2002137/he@" />
          <FRBRdate date="1914-05-11" name="Generation" />
          <FRBRauthor href="#knesset" as="#author" />
          <FRBRformat value="xml" />
        </FRBRManifestation>
      </identification>
      <classification source="#kensset">
        <keyword value="{classificationValue}" showAs="{classificationValue}" dictionary="#classification_dictionary" />
      </classification>
      <lifecycle source="#kensset">
        <eventRef eId="eventRef_1" date="1914-05-11" source="#kensset" type="generation" />
      </lifecycle>
      <references source="#kensset">
        <TLCOrganization eId="kensset" href="/ontology/organization/akn/knesset" showAs="Kensset" type="generation" />
        <TLCRole eId="author" href="/ontology/role/akn/author" showAs="Author of Document" />
        <TLCProcess eId="inforce" href="/ontology/process/akn/inforce" showAs="In force" />
      </references>
      <temporalData source="#kensset">
        <temporalGroup eId="tmpg_1" />
      </temporalData>
      <Publication></Publication>
    </meta>
    <body period="#tmpg_1">
      <title eId="title">
        <content>
          <p>החוק העותומני על האגודות</p>
        </content>
      </title>
      <preamble eId="eId">
        <p>הנוסח מובא בתרגום עו"ד מאיר לאניאדו ז"ל.

<מפריד /><wikicomment font-size="x-small">מכוח האמור <ref href="/akn/il/act/PrimaryOrSecondaryLegislation/UnknownWorkDate/דבר_המלך_במועצה_על_ארץ_ישראל#point_46">בסימן 46 לדבר המלך במועצה על ארץ־ישראל, 1922</ref>, לפיו בתי המשפט האזרחיים ישפטו בהתאם לחוק העותומני שהיה נוהג בארץ ישראל ביום 1 בנובמבר, 1914, נותר החוק על תקפו. מכוח האמור <ref href="/akn/il/act/PrimaryLegislation/1948-05-21/2002291#point_11">בסעיף 11 לפקודת סדרי השלטון והמשפט, תש"ח–1948</ref>, לפיו החוק הקיים בארץ־ישראל נשאר בתקפו, בשינויים הנובעים מתוך הקמת המדינה ורשויותיה, מקום בו נאמר ”וזיר הפנים“, ”וזיר המשפטים“ או ”וזיר המשטרה“, ייקרא מעתה ”שר הפנים“, ”שר המשפטים“ ו”שר המשטרה“ בהתאמה. לפי <ref href="/akn/il/act/PrimaryLegislation/1980-08-12/148260#point_68">סעיף 68 לחוק העמותות, תש"ם–1980</ref>, החוק העותמאני לא יחול אלא על אגודה קיימת כל עוד לא נרשמה כעמותה או לא נמחקה לפי <ref href="/akn/il/act/PrimaryLegislation/1980-08-12/148260#point_62">סעיף 62</ref>, ועל אגודות שחוק זה אינו חל עליהן לפי <ref href="/akn/il/act/PrimaryLegislation/1980-08-12/148260#point_67">סעיף 67</ref>. לפי הודעת פקידי הממשלה (שינוי תארים) (ק"ת תשנ"ו, 264) במקום ”שר המשטרה“ יבוא ”השר לביטחון פנים“.</wikicomment></p>
      </preamble>
      <chapter eId="chp_ראשון">
        <num>פרק ראשון</num>
        <title>
          <content>
            <p>
              <wikicomment font-size="x-small"></wikicomment>
            </p>
          </content>
        </title>
        <list>
          <point eId="point_1">
            <heading>
              <authorialNote placement="side">
                <p xml:space="preserve"> </p>
              </authorialNote>
            </heading>
            <num>1.</num>
            <content>
              <p>אגודה היא קבוץ המורכב ממספר אנשים המצרפים לזמן מתמיד את ידיעותיהם או מרצם, לשם השגת איזו מטרה שאינה מכוונת להשגת רוחים.</p>
            </content>
          </point>
          <point eId="point_2">
            <heading>
              <authorialNote placement="side">
                <p xml:space="preserve"> </p>
              </authorialNote>
            </heading>
            <num>2.</num>
            <content>
              <p>יצירת אגודה איננה קשורה בהשגת רשיון למפרע, אלא שכל אגודה מחויבה, בהתאם <ref href="#point_6">לסעיף 6</ref>, להודיע על דבר יצירתה לרשות.</p>
            </content>
          </point>
          <point eId="point_3">
            <heading>
              <authorialNote placement="side">
                <p xml:space="preserve"> </p>
              </authorialNote>
            </heading>
            <num>3.</num>
            <content>
              <p>אסורות בקיום, האגודות הנוסדות על בסיס בלתי חקי, המתנגדות לחק ולמוסר, או שמטרתן לפגוע בסדר הצבורי או בשלמות הארץ, או לשנות את אפן הרכבת הממשלה הקיימת, או להשפיע על התבדלות מדינית בין הגזעים השונים אשר במדינה.</p>
            </content>
          </point>
          <point eId="point_4">
            <heading>
              <authorialNote placement="side">
                <p xml:space="preserve"> </p>
              </authorialNote>
            </heading>
            <num>4.</num>
            <content>
              <p>אסורות בקיום, האגודות המדיניות שנוסדו על יסוד עקרים או תארים של לאום וגזע.</p>
            </content>
          </point>
          <point eId="point_5">
            <heading>
              <authorialNote placement="side">
                <p xml:space="preserve"> </p>
              </authorialNote>
            </heading>
            <num>5.</num>
            <content>
              <p>
                <wikicomment font-size="x-small">(בוטל).</wikicomment>
              </p>
            </content>
          </point>
          <point eId="point_6">
            <heading>
              <authorialNote placement="side">
                <p xml:space="preserve"> </p>
              </authorialNote>
            </heading>
            <num>6.</num>
            <content>
              <p>אסור הוא בהחלט, יסוד אגודה חשאית. ולכן, מיד בהוָסד איזו אגודה, חייבים מיסדיה לשלח למשרד הפנים <wikicomment font-size="x-small">[במקור: לוזרת הפנים, אם מרכז הנהלתה נמצא בקושטא, או לפקיד ההנהלה היותר גדול שבמקום, אם מרכז הנהלתה הוא במקור אחר]</wikicomment>, הודעה חתומה בחתימותיהם ובחותמותיהם של המיסדים, שתכיל: את שם האגודה ומטרתה, את מקום מרכז הנהלתה, את שמות מנהליה, את תארם ומקום מגורם. ותמסר להם כנגדה קבלה.</p>
            </content>
          </point>
          <point eId="point_none">
            <content>
              <p>שתי העתקות מתקנות האגודה, שתשאנה עליהם את חותמה הרשמי, תצורפנה להודעה.</p>
            </content>
          </point>
          <point eId="point_none">
            <content>
              <p>אחרי מסירת הקבלה, תודע בפומבי מהות האגודה, ע"י מיסדיה.</p>
            </content>
          </point>
          <point eId="point_none">
            <content>
              <p>חובה מוטלת על כל אגודה להודיע מיד לממשלה על דבר כל תקונים ושנויים שיוכלו לחול בתקנותיה היסודיות או בהרכבת ועד הנהלתה, או במקום מושבו.</p>
            </content>
          </point>
          <point eId="point_none">
            <content>
              <p>שנויים ותקונים כאלה לא תהיה להם כל השפעה כלפי כל צד שלישי, אלא מיום הודעתם לממשלה. והם צריכים להרשם בפנקס מיוחד שחיבים למסרו בכל פעם שתדרשנו הרשות המשפטית או ההנהלתית.</p>
            </content>
          </point>
          <point eId="point_7">
            <heading>
              <authorialNote placement="side">
                <p xml:space="preserve"> </p>
              </authorialNote>
            </heading>
            <num>7.</num>
            <list>
              <intro>
                <p>צריך להיות בכל מרכז אגודה, ועד מנהל המורכב מלא פחות משני חברים ואם יש לה סניפים, צריך שלכל סניף יהיה ועד מנהל הקשור בועד המרכזי.<br xml:space="preserve" xmlns=""> </br>חייב כל ועד להחזיק שלשה פנקסים:</p>
              </intro>
              <point eId="point_7__point_none">
                <content>
                  <p>בראשון, ירשמו שמות חברי האגודה ותאריהם, ותאריך כניסתם אליה, בשני, החלטות הועד, חליפות המכתבים וההודעות, ובשלישי, חשבון מפורט מכל ההכנסות וההוצאות של האגודה.</p>
                </content>
              </point>
              <point eId="point_7__point_none">
                <content>
                  <p>הפנקסים האלה יוצגו לפי כל דרישה מצד הרשות המשפטית או ההנהלתית.</p>
                </content>
              </point>
            </list>
          </point>
          <point eId="point_8">
            <heading>
              <authorialNote placement="side">
                <p xml:space="preserve"> </p>
              </authorialNote>
            </heading>
            <num>8.</num>
            <list>
              <intro>
                <p>כל אגודה שמסרה הודעה כנזכר <ref href="#point_6">בסעיף 6</ref>, תהיה לה הזכות בהתאם למה שנזכר לקמן <ref href="#point_9">בסעיף 9</ref>, להופיע במשפט בתור תובעת או נתבעת באמצעות בא־כח, וכמו כן לרכוש ולנהל, בהתאם לחוק, – חוץ מתמיכות שהממשלה תוכל להעניק לה בעת הצורך, – את:</p>
              </intro>
              <point eId="point_8__point_א">
                <num>א.</num>
                <content>
                  <p>המסים המורמים מאת חבריה, שלא יוכלו להיות יותר מ־24 לירות עבור כל אחד מהם.</p>
                </content>
              </point>
              <point eId="point_8__point_ב">
                <num>ב.</num>
                <content>
                  <p>המקום המיועד למושב הנהלת החברה ולאספות חבריה.</p>
                </content>
              </point>
              <point eId="point_8__point_ג">
                <num>ג.</num>
                <content>
                  <p>נכסי דלא ניידי הנחוצים להגשמת המטרה שקבעה לה בהתאם לתקנותיה המיוחדות, ואולם אין האגודה יכולה לרכוש נכסי דלא ניידי אחרים.</p>
                </content>
              </point>
            </list>
          </point>
          <point eId="point_9">
            <heading>
              <authorialNote placement="side">
                <p xml:space="preserve"> </p>
              </authorialNote>
            </heading>
            <num>9.</num>
            <content>
              <p>הודעות או בקשות המוגשות בשם האגודה לפקידי הממשלה, לבתי המשפט, או למקומות רשמיים בענינים הנוגעים לאגודה, לא תוכלנה להיות מוגשות אלא ע"י מכתב בקשה נושא בולים כחק, וחתום בחתימתו ובחותמו המיוחד של המנהל או המזכיר הכללי.</p>
            </content>
          </point>
          <point eId="point_none">
            <content>
              <p>שמות האנשים הרשאים לפעול בשם האגודה, צריכים להיות נזכרים בתקנות האגודה היסודיות.</p>
            </content>
          </point>
          <point eId="point_10">
            <heading>
              <authorialNote placement="side">
                <p xml:space="preserve"> </p>
              </authorialNote>
            </heading>
            <num>10.</num>
            <content>
              <p>כל חבר אגודה יוכל בכל שעה שירצה, ולמרות כל תקנה נגדית הרשומה בתקנות, להפרד מן האגודה אחרי סלקו את המסים שחל זמן פרעונם עליו, במחזור אותה שנה.</p>
            </content>
          </point>
          <point eId="point_11">
            <heading>
              <authorialNote placement="side">
                <p xml:space="preserve"> </p>
              </authorialNote>
            </heading>
            <num>11.</num>
            <content>
              <p>אסור להכניס ולשמור במקום האספות, כל מין נשק חם או קר. מועדונים של ציד ואמון־בסיף, יוכלו לבדם, להחזיק בידיעת המשטרה את הנשק הנחוץ להם לפעולותיהם, כמדת צרכם.</p>
            </content>
          </point>
          <point eId="point_12">
            <heading>
              <authorialNote placement="side">
                <p xml:space="preserve"> </p>
              </authorialNote>
            </heading>
            <num>12.</num>
            <content>
              <p>אגודות שלא תודיענה על דבר הוָסדם לרשות, ע"י מסירת הודעה בהתאם <ref href="#point_2">לסעיפים 2</ref><ref href="#point_6">ו־6</ref> יאסר קיומן ע"י הרשות.</p>
            </content>
          </point>
          <point eId="point_none">
            <content>
              <p>המיסדים, הועד המנהל, ובעלי המקום המיועד לאספות או השוכרים אותו יענשו בקנס מ־5 ועד 25 לירות, אם במקרה נוסדה האגודה באחת המטרות המזיקות והאסורות עפ"י <ref href="#point_3">סעיף 3 לעיל</ref>, או עפ"י <ref href="/akn/il/act/PrimaryLegislation/1977-08-04/2002251">חק העונשין העותמני</ref>, יענשו גם בענשים הנזכרים בחק הנ"ל.</p>
            </content>
          </point>
          <point eId="point_13">
            <heading>
              <authorialNote placement="side">
                <p xml:space="preserve"> </p>
              </authorialNote>
            </heading>
            <num>13.</num>
            <content>
              <p>כל העובר על הוראות <ref href="#point_4">הסעיפים 4</ref>, <ref href="#point_5">5</ref>, <ref href="#point_7">7</ref>, <ref href="#point_9">ו־9</ref>. וכל העובר על הוראות <ref href="#point_6">הסעיף 6</ref>, חוץ מהענינים הקשורים בהודעה ופרסום, יענש בקנס מ־2 ועד־10 לירות, ובהשנות העבירה יוכפל ענש הכסף.</p>
            </content>
          </point>
          <point eId="point_none">
            <content>
              <p>כל המקיים, או מחַדֵש, או מנהל, בעברו על החק הזה, אגודה שנאסר קיומה לפי <ref href="#point_12">סעיף 12</ref>, יענש בקנס מ־10 ועד־50 לירות, ובמאסר משני חדשים עד לשנה, ענש זה יוטל גם על הנותן מקום לאספות חברי אגודה אסורה בקיום.</p>
            </content>
          </point>
          <point eId="point_14">
            <heading>
              <authorialNote placement="side">
                <p xml:space="preserve"> </p>
              </authorialNote>
            </heading>
            <num>14.</num>
            <content>
              <p>בכל מה שנוגע לרכוש אגודה שקיומה נאסר ע"י הרשות או שנתפרקה בהסכמת חבריה ורצונם, או עפ"י תקנותיה הפנימיות, נוהגים בהתאם לתקנות האגודה אם הן מכילות סעיף מיוחד הדן על מקרה של בטול, ואם אין סעיף כזה, נוהגים על פי החלטת האספה הכללית של האגודה.</p>
            </content>
          </point>
          <point eId="point_none">
            <content>
              <p>אגודה שנאסרה בקיום, אם היתה אגודה שנוסדה לשם מטרה מזיקה או בלתי חקית, כמבואר <ref href="#point_3">בסעיף 3</ref>, יוחרם רכושה וילקח ע"י הממשלה.</p>
            </content>
          </point>
          <point eId="point_15">
            <heading>
              <authorialNote placement="side">
                <p xml:space="preserve"> </p>
              </authorialNote>
            </heading>
            <num>15.</num>
            <content>
              <p>המועדונים נכללים בסוג האגודות הנזכרות <ref href="#chp_1">בפרק זה</ref>.</p>
            </content>
          </point>
          <point eId="point_16">
            <heading>
              <authorialNote placement="side">
                <p xml:space="preserve"> </p>
              </authorialNote>
            </heading>
            <num>16.</num>
            <content>
              <p>האגודות הקיימות כיום, עליהן להגיש את ההודעה הנדרשת ולמלאות אחרי תנאי הפרסום כנזכר <ref href="#point_2">בסעיפים 2</ref><ref href="#point_5">ו־5</ref>, בתוך 2 חדשים מיום פרסום חק זה, והן חיבות כמו כן להכנע ליתר הוראות החק הזה.</p>
            </content>
          </point>
        </list>
      </chapter>
      <chapter eId="chp_שני">
        <num>פרק שני</num>
        <title>
          <content>
            <p>
              <wikicomment font-size="x-small"></wikicomment>
            </p>
          </content>
        </title>
        <list>
          <point eId="point_17">
            <heading>
              <authorialNote placement="side">
                <p xml:space="preserve"> </p>
              </authorialNote>
            </heading>
            <num>17.</num>
            <content>
              <p>אין אגודה נחשבת כאגודה לתועלת הצבור אלא אחרי אשור הממשלה על פי החלטת מועצת המדינה, אגודה כזאת יכולה לעשות כל פעולה אזרחית שאינה מתנגדת לתקנותיה היסודיות. מניות ונירות ערך שהאגודה רוכשת אותם צריכים להרשם על שם האגודה אם הם כתובים ”למוכ"ז“.</p>
            </content>
          </point>
          <point eId="point_none">
            <content>
              <p>אגודה אינה יכולה לקבל מתנה או צואה מבלי רשיון מיוחד מצד הממשלה, אם המתנה או הצואה הם מסוג נכסי דלא ניידי שאין לאגודה בהתאם לתפקידיה שום נחיצות בו, ימכרו הנכסים, ובתוך ההחלטה המרשה את קבלת הנכסים הללו יוצהר בפרוש הזמן אשר בו ימכרו הנכסים.</p>
            </content>
          </point>
          <point eId="point_none">
            <content>
              <p>הכנסות המכירה תהיינה לטובת קופת האגודה.</p>
            </content>
          </point>
          <point eId="point_18">
            <heading>
              <authorialNote placement="side">
                <p xml:space="preserve"> </p>
              </authorialNote>
            </heading>
            <num>18.</num>
            <content>
              <p>הרשות למשטרה להשגיח על האגודות והמועדונים, ופקידיה יוכלו להכנס למקומות אספותיהם בכל זמן, אלא, כדי להוכיח שבקורם נשען על צרך אמתי, יוכרחו להגיש ניר־רשמי המכיל פקודה או רשות כניסה למקום, כתב זה ינתן מאת שר המשטרה <wikicomment font-size="x-small">[במקור: בקושטא, מאת וזיר המשטרה, ובמחוזות, מאת הפקיד האזרחי היותר גבוה שבמקום]</wikicomment>, או מאת בא כחו.</p>
            </content>
          </point>
          <point eId="point_19">
            <heading>
              <authorialNote placement="side">
                <p xml:space="preserve"> </p>
              </authorialNote>
            </heading>
            <num>19.</num>
            <content>
              <p>שרי הפנים והמשפטים <wikicomment font-size="x-small">[במקור: וזירי הפנים והמשפטים]</wikicomment> מצווים בהוצאת חק זה לפועל.</p>
            </content>
          </point>
        </list>
      </chapter>
    </body>
    <conclusions eId="eId" />
  </act>
</akomaNtoso>