﻿<?xml version="1.0" encoding="utf-8"?>
<akomaNtoso xmlns="http://docs.oasis-open.org/legaldocml/ns/akn/3.0">
  <act contains="originalVersion" name="publicLaw">
    <meta>
      <identification source="#kensset">
        <FRBRWork>
          <FRBRthis value="/akn/il/act/PrimaryLegislation/1958-04-10/148154/main" />
          <FRBRuri value="/akn/il/act/PrimaryLegislation/1958-04-10/148154" />
          <FRBRdate date="1958-04-10" name="Generation" />
          <FRBRauthor href="#knesset" as="#author" />
          <FRBRcountry value="israel" />
        </FRBRWork>
        <FRBRExpression>
          <FRBRthis value="/akn/il/act/PrimaryLegislation/1958-04-10/148154/he@/main" />
          <FRBRuri value="/akn/il/act/PrimaryLegislation/1958-04-10/148154/he@" />
          <FRBRdate date="1958-04-10" name="Generation" />
          <FRBRauthor href="#knesset" as="#author" />
          <FRBRlanguage language="hebrew" />
        </FRBRExpression>
        <FRBRManifestation>
          <FRBRthis value="/akn/il/act/PrimaryLegislation/1958-04-10/148154/he@/main.xml" />
          <FRBRuri value="/akn/il/act/PrimaryLegislation/1958-04-10/148154/he@" />
          <FRBRdate date="1958-04-10" name="Generation" />
          <FRBRauthor href="#knesset" as="#author" />
          <FRBRformat value="xml" />
        </FRBRManifestation>
      </identification>
      <classification source="#kensset">
        <keyword value="{classificationValue}" showAs="{classificationValue}" dictionary="#classification_dictionary" />
      </classification>
      <lifecycle source="#kensset">
        <eventRef eId="eventRef_1" date="1958-04-10" source="#kensset" type="generation" />
      </lifecycle>
      <references source="#kensset">
        <TLCOrganization eId="kensset" href="/ontology/organization/akn/knesset" showAs="Kensset" type="generation" />
        <TLCRole eId="author" href="/ontology/role/akn/author" showAs="Author of Document" />
        <TLCProcess eId="inforce" href="/ontology/process/akn/inforce" showAs="In force" />
        <TLCTerm eId="term_1" href="/ontology/term/עסק_יצוא/148154" showAs="עסק_יצוא" />
        <TLCTerm eId="term_2" href="/ontology/term/ערבות/148154" showAs="ערבות" />
        <TLCPerson eId="דוד_בן־גוריון" href="/ontology/person/דוד_בן־גוריון" showAs="דוד בן־גוריון" />
        <TLCPerson eId="לוי_אשכול" href="/ontology/person/לוי_אשכול" showAs="לוי אשכול" />
        <TLCPerson eId="יצחק_בן־צבי" href="/ontology/person/יצחק_בן־צבי" showAs="יצחק בן־צבי" />
        <TLCRole eId="ראש_הממשלה" href="ontology/role/akn/ראש_הממשלה" showAs="ראש הממשלה" />
        <TLCRole eId="שר_האוצר" href="ontology/role/akn/שר_האוצר" showAs="שר האוצר" />
        <TLCRole eId="נשיא_המדינה" href="ontology/role/akn/נשיא_המדינה" showAs="נשיא המדינה" />
      </references>
      <temporalData source="#kensset">
        <temporalGroup eId="tmpg_1" />
      </temporalData>
      <Publication></Publication>
    </meta>
    <body period="#tmpg_1">
      <title eId="title">
        <content>
          <p>חוק ערבויות מטעם המדינה, תשי"ח–1958</p>
        </content>
      </title>
      <list>
        <point eId="point_1">
          <heading>
            <authorialNote placement="side">
              <p>הרשאה למתן ערבויות</p>
            </authorialNote>
          </heading>
          <num>1.</num>
          <list>
            <point eId="point_1__point_א">
              <num>(א)</num>
              <content>
                <p>שר האוצר מורשה לערוב בשם מדינת ישראל למילווה, לערבות למילווה, לעסק יצוא או להתחייבות כספית אחרת, אם לדעת שר האוצר יש בערבות זו לסייע לפיתוחו או לעידודו של ענף משק בעל חשיבות כלכלית או לסייע לכל תכלית אחרת שיש בה ענין לכלל.</p>
              </content>
            </point>
            <point eId="point_1__point_ב">
              <num>(ב)</num>
              <list>
                <intro>
                  <p>בחוק זה –</p>
                </intro>
                <point eId="point_1__point_ב__point_עסק_יצוא">
                  <content>
                    <p>
                      <def />”עסק יצוא“ – יצוא טובין או שירותים, או שיווק של יצוא כאמור, בתמורה המתקבלת מידי אדם שמחוץ לישראל, וכן השקעות של תושבי ישראל מחוץ לישראל, והכל לרבות מתן אשראי או בטוחה למימון פעולות כאמור;</p>
                  </content>
                </point>
                <point eId="point_1__point_ב__point_ערבות">
                  <content>
                    <p>
                      <def />”ערבות“, לענין עסק יצוא – לרבות התחייבות לשיפוי.</p>
                  </content>
                </point>
              </list>
            </point>
          </list>
        </point>
        <point eId="point_2">
          <heading>
            <authorialNote placement="side">
              <p>אישור ועדת הכספים</p>
            </authorialNote>
          </heading>
          <num>2.</num>
          <list>
            <point eId="point_2__point_א">
              <num>(א)</num>
              <content>
                <p>ערבות לפי <ref href="#point_1">סעיף 1</ref> טעונה אישור ועדת הכספים של הכנסת (להלן – הועדה) שיכול להינתן דרך כלל, או לערבות מסויימת או לסוג מסויים של ערבויות.</p>
              </content>
            </point>
            <point eId="point_2__point_ב">
              <num>(ב)</num>
              <content>
                <p>תוקפו של אישור שנתנה הוועדה לפי הוראות סעיף קטן (א) יהיה לשנתיים, אלא אם כן קבעה הוועדה כי תוקפו יהיה לתקופה קצרה יותר.</p>
              </content>
            </point>
          </list>
        </point>
        <point eId="point_3">
          <heading>
            <authorialNote placement="side">
              <p>הגבלת סכום הערבויות</p>
            </authorialNote>
          </heading>
          <num>3.</num>
          <list>
            <point eId="point_3__point_א">
              <num>(א)</num>
              <list>
                <intro>
                  <p>בסעיף זה, ”סכום הערבויות התקפות“ – הסכום המצטבר של שני אלה:</p>
                </intro>
                <point eId="point_3__point_א__point_1">
                  <num>(1)</num>
                  <content>
                    <p>יתרת סכומי הערבויות שניתנו לפי הוראות חוק זה, שלא מומשו ושתוקפן טרם פג, כשהיא משוערכת לפי כתבי הערבויות;</p>
                  </content>
                </point>
                <point eId="point_3__point_א__point_2">
                  <num>(2)</num>
                  <content>
                    <p>הסכום הכולל של ערבויות שאושרו לפי הוראות <ref href="#point_2">סעיף 2</ref> ושטרם ניתנו, ובלבד שהאישור עומד בתוקפו.</p>
                  </content>
                </point>
              </list>
            </point>
            <point eId="point_3__point_ב">
              <num>(ב)</num>
              <content>
                <p>סכום הערבויות התקפות לא יעלה, בכל עת, על עשרה אחוזים מסכום תקציב המדינה לאותה שנת כספים, למעט תקציב הפיתוח.</p>
              </content>
            </point>
            <point eId="point_3__point_ג">
              <num>(ג)</num>
              <content>
                <p>הממשלה רשאית, בנסיבות חריגות ומטעמים מיוחדים, להעלות את השיעור האמור בסעיף קטן (ב) עד לשיעור של 25 אחוזים, לתקופה שלא תעלה על 18 חודשים.</p>
              </content>
            </point>
          </list>
        </point>
        <point eId="point_4">
          <heading>
            <authorialNote placement="side">
              <p>תנאי הערבויות</p>
            </authorialNote>
          </heading>
          <num>4.</num>
          <list>
            <point eId="point_4__point_א">
              <num>(א)</num>
              <content>
                <p>ערבות לפי <ref href="#point_1">סעיף 1</ref> תינתן בתנאים ובערובות שקבע שר האוצר דרך כלל, לערבות מסויימת או לסוג מסויים של ערבויות.</p>
              </content>
            </point>
            <point eId="point_4__point_ב">
              <num>(ב)</num>
              <content>
                <p>ערבות לפי הוראות חוק זה, למעט ערבות לעסק יצוא, לא תינתן למלוא סכום החיוב, אלא במקרים מיוחדים ומנימוקים שיירשמו; לענין סעיף קטן זה, ”חיוב“ – כמשמעותו <ref href="/akn/il/act/PrimaryLegislation/1967-04-21/148150#point_1">בסעיף 1 לחוק הערבות, התשכ"ז–1967</ref>.</p>
              </content>
            </point>
          </list>
        </point>
        <point eId="point_4א">
          <heading>
            <authorialNote placement="side">
              <p>עמלות</p>
            </authorialNote>
          </heading>
          <num>4א.</num>
          <content>
            <p>המדינה רשאית לגבות עמלה בעד מתן ערבות לפי הוראות חוק זה, בשיעורים ובתנאים שעליהם יורה שר האוצר, דרך כלל, לערבות מסוימת או לסוג מסוים של ערבויות; שיעור העמלה ותנאיה, שעליהם יורה שר האוצר, ישקפו את הסיכון הכרוך במתן הערבות.</p>
          </content>
        </point>
        <point eId="point_5">
          <heading>
            <authorialNote placement="side">
              <p>גביה</p>
            </authorialNote>
          </heading>
          <num>5.</num>
          <content>
            <p>הוראות <ref href="/akn/il/act/PrimaryLegislation/1933-12-31/2001803">פקודת המסים (גביה)</ref>, למעט <ref href="/akn/il/act/PrimaryLegislation/1933-12-31/2001803#point_12">סעיף 12 שבה</ref>, יחולו על גביית כל סכום המגיע למדינת ישראל בקשר לערבות שניתנה לפי חוק זה, כאילו היה אותו סכום מס, כמשמעותו <ref href="/akn/il/act/PrimaryLegislation/1933-12-31/2001803">באותה פקודה</ref>.</p>
          </content>
        </point>
        <point eId="point_6">
          <heading>
            <authorialNote placement="side">
              <p>שעבוד ובטחון</p>
            </authorialNote>
          </heading>
          <num>6.</num>
          <list>
            <intro>
              <p>ניתנה ערבות לפי חוק זה, רשאי שר האוצר להורות, כי תירשם הערה על כך –</p>
            </intro>
            <point eId="point_6__point_1">
              <num>(1)</num>
              <list>
                <point eId="point_6__point_1__point_none">
                  <content>
                    <p>בספרי האחוזה – לגבי כל המקרקעים של מי שערבו בעדו (להלן – ערוב) או לגבי מקצתם, הרשומים על שמו בשעת מתן הערבות, ובהסכמת הערוב גם לגבי אלה שיירשמו על שמו לאחר מכן;</p>
                  </content>
                </point>
                <point eId="point_6__point_1__point_none">
                  <content>
                    <p>הערבות תהיה שעבוד על כל מקרקעי הערוב שנרשמה לגביהם הערה כאמור והוא יהיה קודם לכל שעבוד שנוצר לאחר שנרשמה ההערה;</p>
                  </content>
                </point>
              </list>
            </point>
            <point eId="point_6__point_2">
              <num>(2)</num>
              <content>
                <p>בפנקס הרישום המתנהל במשרד רושם האניות – ביחס לכל אניה של הערוב וכל זכות אשר לו באניה כלשהי, בין שאותן אניה או זכות רשומות על שם הערוב בשעת מתן הערבות ובין שיירשמו על שמו לאחר מכן; הערבות תהיה שעבוד על כל אניה ועל כל זכות באניה אשר לערוב שנרשמה לגביהם הערה כאמור, ודין שעבוד כזה כדין משכנתה על אניה;</p>
              </content>
            </point>
            <point eId="point_6__point_3">
              <num>(3)</num>
              <content>
                <p>אצל רשם החברות – אם הערוב היא חברה – הערה בדבר כל שעבוד לפי פסקאות (1) ו־(2) והערה על כל רכושה של החברה על פי הוראות <ref href="/akn/il/act/PrimaryLegislation/1983-08-19/2002274#chp_ח_sec_ה">סעיף 127 לפקודת החברות</ref>; הערבות תהיה שעבוד צף על כל רכושה של חברה שנרשמה לגביה הערה כאמור.</p>
              </content>
            </point>
          </list>
        </point>
        <point eId="point_7">
          <heading>
            <authorialNote placement="side">
              <p>פרסום</p>
            </authorialNote>
          </heading>
          <num>7.</num>
          <list>
            <point eId="point_7__point_א">
              <num>(א)</num>
              <content>
                <p>שר האוצר יפרסם ברשומות, תוך אחד עשר חודש לאחר תום כל שנת כספים, דין וחשבון על סכומי הערבויות שניתנו לפי חוק זה באותה שנה, על יתרת סכומי הערבויות שניתנו לפני תחילת אותה שנה שלא מומשו ושתוקפן טרם פג עד תום השנה, וכן על הסכום הכולל של ערבויות שאושרו לפי הוראות <ref href="#point_2">סעיף 2</ref>, באותה שנה, ושטרם ניתנו.</p>
              </content>
            </point>
            <point eId="point_7__point_ב">
              <num>(ב)</num>
              <content>
                <p>בדין וחשבון לפי סעיף קטן (א) ייכללו פרטים על סכומי הערבויות שניתנו מטעם המדינה לפי כל חוק אחר.</p>
              </content>
            </point>
          </list>
        </point>
        <point eId="point_8">
          <heading>
            <authorialNote placement="side">
              <p>תחילת תוקף</p>
            </authorialNote>
          </heading>
          <num>8.</num>
          <content>
            <p>חוק זה יחול על ערבויות שניתנו מיום י"א בניסן תשי"ח (1 באפריל 1958) ואילך.</p>
          </content>
        </point>
        <point eId="point_9">
          <heading>
            <authorialNote placement="side">
              <p>ביצוע ותקנות</p>
            </authorialNote>
          </heading>
          <num>9.</num>
          <content>
            <p>שר האוצר ממונה על ביצוע חוק זה והוא רשאי להתקין תקנות בכל הנוגע לביצועו.</p>
          </content>
        </point>
      </list>
    </body>
    <conclusions eId="eId">
      <p class="signatures">
        <signature>
          <p>
            <person refersTo="דוד_בן־גוריון">דוד בן־גוריון</person>
            <role refersTo="ראש_הממשלה">ראש הממשלה</role>
          </p>
        </signature>
        <signature>
          <p>
            <person refersTo="לוי_אשכול">לוי אשכול</person>
            <role refersTo="שר_האוצר">שר האוצר</role>
          </p>
        </signature>
        <signature>
          <p>
            <person refersTo="יצחק_בן־צבי">יצחק בן־צבי</person>
            <role refersTo="נשיא_המדינה">נשיא המדינה</role>
          </p>
        </signature>
      </p>
    </conclusions>
  </act>
</akomaNtoso>