﻿<?xml version="1.0" encoding="utf-8"?>
<akomaNtoso xmlns="http://docs.oasis-open.org/legaldocml/ns/akn/3.0">
  <act contains="originalVersion" name="publicLaw">
    <meta>
      <identification source="#kensset">
        <FRBRWork>
          <FRBRthis value="/akn/il/act/PrimaryLegislation/1980-08-08/148408/main" />
          <FRBRuri value="/akn/il/act/PrimaryLegislation/1980-08-08/148408" />
          <FRBRdate date="1980-08-08" name="Generation" />
          <FRBRauthor href="#knesset" as="#author" />
          <FRBRcountry value="israel" />
        </FRBRWork>
        <FRBRExpression>
          <FRBRthis value="/akn/il/act/PrimaryLegislation/1980-08-08/148408/he@/main" />
          <FRBRuri value="/akn/il/act/PrimaryLegislation/1980-08-08/148408/he@" />
          <FRBRdate date="1980-08-08" name="Generation" />
          <FRBRauthor href="#knesset" as="#author" />
          <FRBRlanguage language="hebrew" />
        </FRBRExpression>
        <FRBRManifestation>
          <FRBRthis value="/akn/il/act/PrimaryLegislation/1980-08-08/148408/he@/main.xml" />
          <FRBRuri value="/akn/il/act/PrimaryLegislation/1980-08-08/148408/he@" />
          <FRBRdate date="1980-08-08" name="Generation" />
          <FRBRauthor href="#knesset" as="#author" />
          <FRBRformat value="xml" />
        </FRBRManifestation>
      </identification>
      <classification source="#kensset">
        <keyword value="{classificationValue}" showAs="{classificationValue}" dictionary="#classification_dictionary" />
      </classification>
      <lifecycle source="#kensset">
        <eventRef eId="eventRef_1" date="1980-08-08" source="#kensset" type="generation" />
      </lifecycle>
      <references source="#kensset">
        <TLCOrganization eId="kensset" href="/ontology/organization/akn/knesset" showAs="Kensset" type="generation" />
        <TLCRole eId="author" href="/ontology/role/akn/author" showAs="Author of Document" />
        <TLCProcess eId="inforce" href="/ontology/process/akn/inforce" showAs="In force" />
        <TLCPerson eId="מנחם_בגין" href="/ontology/person/מנחם_בגין" showAs="מנחם בגין" />
        <TLCPerson eId="שמואל_תמיר" href="/ontology/person/שמואל_תמיר" showAs="שמואל תמיר" />
        <TLCPerson eId="יצחק_נבון" href="/ontology/person/יצחק_נבון" showAs="יצחק נבון" />
        <TLCRole eId="ראש_הממשלה" href="ontology/role/akn/ראש_הממשלה" showAs="ראש הממשלה" />
        <TLCRole eId="שר_המשפטים" href="ontology/role/akn/שר_המשפטים" showAs="שר המשפטים" />
        <TLCRole eId="נשיא_המדינה" href="ontology/role/akn/נשיא_המדינה" showAs="נשיא המדינה" />
      </references>
      <temporalData source="#kensset">
        <temporalGroup eId="tmpg_1" />
      </temporalData>
      <Publication></Publication>
    </meta>
    <body period="#tmpg_1">
      <title eId="title">
        <content>
          <p>חוק לתיקון דיני הראיות (אזהרת עדים וביטול שבועה), תש"ם–1980</p>
        </content>
      </title>
      <list>
        <point eId="point_1">
          <heading>
            <authorialNote placement="side">
              <p>ביטול שבועה</p>
            </authorialNote>
          </heading>
          <num>1.</num>
          <content>
            <p>עד העומד להעיד, בכל הליך שיפוטי או מעין שיפוטי, אין משביעים אותו, על אף האמור בכל דין אחר.</p>
          </content>
        </point>
        <point eId="point_2">
          <heading>
            <authorialNote placement="side">
              <p>אזהרת עד</p>
            </authorialNote>
          </heading>
          <num>2.</num>
          <content>
            <p>עד העומד להעיד, בכל הליך שיפוטי או מעין שיפוטי, מזהירים אותו תחילה, בלשון המובנת לו, כי עליו להעיד את האמת בלבד ואת האמת כולה, וכי יהיה צפוי לענשים הקבועים בחוק אם לא יעשה כן. העד ישיב כי הבין את האזהרה וכי הוא מתחייב לעשות כן.</p>
          </content>
        </point>
        <point eId="point_3">
          <heading>
            <authorialNote placement="side">
              <p>אזהרה במקום שבועה</p>
            </authorialNote>
          </heading>
          <num>3.</num>
          <content>
            <p>מקום שחוק מתיר או מחייב כי דבר פלוני ייעשה בשבועה, ייעשה הדבר באזהרה בדרך הקבועה <ref href="#point_2">בסעיף 2</ref>, בשינויים המחוייבים לפי הענין; מי שמוסמך על פי אותו חוק להשביע, יהא מוסמך להזהיר כאמור.</p>
          </content>
        </point>
        <point eId="point_4">
          <heading>
            <authorialNote placement="side">
              <p>דין אזהרה</p>
            </authorialNote>
          </heading>
          <num>4.</num>
          <content>
            <p>דין אזהרה לפי חוק זה כדין שבועה לענין <ref href="/akn/il/act/PrimaryLegislation/1977-08-04/2002251">חוק העונשין, התשל"ז–1977</ref>, ולענין <ref href="/akn/il/act/PrimaryLegislation/1955-07-20/148698">חוק השיפוט הצבאי, התשט"ו–1955</ref>.</p>
          </content>
        </point>
        <point eId="point_5">
          <heading>
            <authorialNote placement="side">
              <p>השבעה על פי החלטת בית־המשפט</p>
            </authorialNote>
          </heading>
          <num>5.</num>
          <content>
            <p>היה לבית־המשפט יסוד להניח כי השבעת העד עשויה לסייע לגילוי האמת, רשאי בית המשפט, ביוזמתו או לפי בקשת בעל דין, להשביעו, אולם רשאי העד, משהודיע שהוא עושה כן מטעמי דת או מצפון, שלא להישבע אלא להצהיר בהן צדק, זולת אם היה בית המשפט משוכנע שטעמי העד ניתנו שלא בתום לב; החליט בית המשפט להשביעו, יהא לשון השבועה כך:<br xml:space="preserve" xmlns=""> </br>”אני נשבע באלוהים, כי עדותי בבית משפט זה היא עדות אמת, האמת כולה, והאמת בלבד“.</p>
          </content>
        </point>
        <point eId="point_6">
          <heading>
            <authorialNote placement="side">
              <p>שבועה מרצון על ראיה יוצאת חוץ</p>
            </authorialNote>
          </heading>
          <num>6.</num>
          <content>
            <p>חוק זה אינו בא למנוע השבעתו של אדם לענין עדות או תצהיר אם הסכים במפורש להשבעה ואם העדות או התצהיר בשבועה דרושים לשימוש בהם בחוץ לארץ.</p>
          </content>
        </point>
      </list>
    </body>
    <conclusions eId="eId">
      <p class="signatures">
        <signature>
          <p>
            <person refersTo="מנחם_בגין">מנחם בגין</person>
            <role refersTo="ראש_הממשלה">ראש הממשלה</role>
          </p>
        </signature>
        <signature>
          <p>
            <person refersTo="שמואל_תמיר">שמואל תמיר</person>
            <role refersTo="שר_המשפטים">שר המשפטים</role>
          </p>
        </signature>
        <signature>
          <p>
            <person refersTo="יצחק_נבון">יצחק נבון</person>
            <role refersTo="נשיא_המדינה">נשיא המדינה</role>
          </p>
        </signature>
      </p>
    </conclusions>
  </act>
</akomaNtoso>