﻿<?xml version="1.0" encoding="utf-8"?>
<akomaNtoso xmlns="http://docs.oasis-open.org/legaldocml/ns/akn/3.0">
  <act contains="originalVersion" name="publicLaw">
    <meta>
      <identification source="#kensset">
        <FRBRWork>
          <FRBRthis value="/akn/il/act/PrimaryLegislation/1980-08-05/147465/main" />
          <FRBRuri value="/akn/il/act/PrimaryLegislation/1980-08-05/147465" />
          <FRBRdate date="1980-08-05" name="Generation" />
          <FRBRauthor href="#knesset" as="#author" />
          <FRBRcountry value="israel" />
        </FRBRWork>
        <FRBRExpression>
          <FRBRthis value="/akn/il/act/PrimaryLegislation/1980-08-05/147465/he@/main" />
          <FRBRuri value="/akn/il/act/PrimaryLegislation/1980-08-05/147465/he@" />
          <FRBRdate date="1980-08-05" name="Generation" />
          <FRBRauthor href="#knesset" as="#author" />
          <FRBRlanguage language="hebrew" />
        </FRBRExpression>
        <FRBRManifestation>
          <FRBRthis value="/akn/il/act/PrimaryLegislation/1980-08-05/147465/he@/main.xml" />
          <FRBRuri value="/akn/il/act/PrimaryLegislation/1980-08-05/147465/he@" />
          <FRBRdate date="1980-08-05" name="Generation" />
          <FRBRauthor href="#knesset" as="#author" />
          <FRBRformat value="xml" />
        </FRBRManifestation>
      </identification>
      <classification source="#kensset">
        <keyword value="{classificationValue}" showAs="{classificationValue}" dictionary="#classification_dictionary" />
      </classification>
      <lifecycle source="#kensset">
        <eventRef eId="eventRef_1" date="1980-08-05" source="#kensset" type="generation" />
      </lifecycle>
      <references source="#kensset">
        <TLCOrganization eId="kensset" href="/ontology/organization/akn/knesset" showAs="Kensset" type="generation" />
        <TLCRole eId="author" href="/ontology/role/akn/author" showAs="Author of Document" />
        <TLCProcess eId="inforce" href="/ontology/process/akn/inforce" showAs="In force" />
        <TLCPerson eId="מנחם_בגין" href="/ontology/person/מנחם_בגין" showAs="מנחם בגין" />
        <TLCPerson eId="יצחק_נבון" href="/ontology/person/יצחק_נבון" showAs="יצחק נבון" />
        <TLCRole eId="ראש_הממשלה" href="ontology/role/akn/ראש_הממשלה" showAs="ראש הממשלה" />
        <TLCRole eId="נשיא_המדינה" href="ontology/role/akn/נשיא_המדינה" showAs="נשיא המדינה" />
      </references>
      <temporalData source="#kensset">
        <temporalGroup eId="tmpg_1" />
      </temporalData>
      <Publication></Publication>
    </meta>
    <body period="#tmpg_1">
      <title eId="title">
        <content>
          <p>חוק־יסוד: ירושלים בירת ישראל</p>
        </content>
      </title>
      <list>
        <point eId="point_1">
          <heading>
            <authorialNote placement="side">
              <p>ירושלים – בירת ישראל</p>
            </authorialNote>
          </heading>
          <num>1.</num>
          <content>
            <p>ירושלים השלמה והמאוחדת היא בירת ישראל.</p>
          </content>
        </point>
        <point eId="point_2">
          <heading>
            <authorialNote placement="side">
              <p>מקום מושבם של הנשיא, הכנסת, הממשלה ובית המשפט העליון</p>
            </authorialNote>
          </heading>
          <num>2.</num>
          <content>
            <p>ירושלים היא מקום מושבם של נשיא המדינה, הכנסת, הממשלה ובית המשפט העליון.</p>
          </content>
        </point>
        <point eId="point_3">
          <heading>
            <authorialNote placement="side">
              <p>שמירת המקומות הקדושים</p>
            </authorialNote>
          </heading>
          <num>3.</num>
          <content>
            <p>המקומות הקדושים יהיו שמורים מפני חילול וכל פגיעה אחרת ומפני כל דבר העלול לפגוע בחופש הגישה של בני הדתות אל המקומות המקודשים להם או ברגשותיהם כלפי אותם המקומות.</p>
          </content>
        </point>
        <point eId="point_4">
          <heading>
            <authorialNote placement="side">
              <p>פיתוח ירושלים</p>
            </authorialNote>
          </heading>
          <num>4.</num>
          <list>
            <point eId="point_4__point_א">
              <num>(א)</num>
              <content>
                <p>הממשלה תשקוד על פיתוחה ושגשוגה של ירושלים ועל רווחת תושביה על־ידי הקצאת משאבים מיוחדים, לרבות מענק שנתי מיוחד לעיריית ירושלים (מענק הבירה) באישור ועדת הכספים של הכנסת.</p>
              </content>
            </point>
            <point eId="point_4__point_ב">
              <num>(ב)</num>
              <content>
                <p>לירושלים יינתנו עדיפויות מיוחדות בפעילויות של רשויות המדינה לפיתוחה של ירושלים בנושאי משק וכלכלה ובנושאים אחרים.</p>
              </content>
            </point>
            <point eId="point_4__point_ג">
              <num>(ג)</num>
              <content>
                <p>הממשלה תכונן גוף או גופים מיוחדים לביצוע סעיף זה.</p>
              </content>
            </point>
          </list>
        </point>
        <point eId="point_5">
          <heading>
            <authorialNote placement="side">
              <p>שטח תחום ירושלים</p>
            </authorialNote>
          </heading>
          <num>5.</num>
          <content>
            <p>תחום ירושלים כולל, לענין חוק־יסוד זה, בין השאר, את כל השטח המתואר בתוספת לאכרזה על הרחבת תחום עיריית ירושלים מיום כ׳ בסיון התשכ"ז (28 ביוני 1967), שניתנה לפי <ref href="/akn/il/act/PrimaryOrSecondaryLegislation/UnknownWorkDate/פקודת_העיריות">פקודת העיריות</ref>.</p>
          </content>
        </point>
        <point eId="point_6">
          <heading>
            <authorialNote placement="side">
              <p>איסור על העברת סמכויות</p>
            </authorialNote>
          </heading>
          <num>6.</num>
          <content>
            <p>לא תועבר לגורם זר, מדיני או שלטוני, או לגורם זר אחר בדומה לכך, בין דרך קבע ובין לתקופה קצובה, כל סמכות המתייחסת לתחום עיריית ירושלים, ובכלל זה השטח המתואר בתוספת לאכרזה על הרחבת תחום עיריית ירושלים מיום כ׳ בסיוון התשכ"ז (28 ביוני 1967), שניתנה לפי <ref href="/akn/il/act/PrimaryOrSecondaryLegislation/UnknownWorkDate/פקודת_העיריות">פקודת העיריות</ref>, והכול כפי שהיה בתוקף ביום תחילתו של <ref href="/akn/il/act/PrimaryOrSecondaryLegislation/UnknownWorkDate/http_fs_knesset_gov_il_20_law_20_lsr_457849_pdf">חוק־יסוד: ירושלים בירת ישראל (תיקון מס׳ 2)</ref>.</p>
          </content>
        </point>
        <point eId="point_7">
          <heading>
            <authorialNote placement="side">
              <p>נוקשות</p>
            </authorialNote>
          </heading>
          <num>7.</num>
          <content>
            <p>אין לשנות את הוראות <ref href="#point_6">סעיף 6</ref> אלא בחוק־יסוד שנתקבל ברוב של שמונים חברי הכנסת; אין לשנות את הוראות סעיף זה אלא בחוק־יסוד שהתקבל ברוב של חברי הכנסת.</p>
          </content>
        </point>
      </list>
    </body>
    <conclusions eId="eId">
      <p class="signatures">
        <signature>
          <p>
            <person refersTo="מנחם_בגין">מנחם בגין</person>
            <role refersTo="ראש_הממשלה">ראש הממשלה</role>
          </p>
        </signature>
        <signature>
          <p>
            <person refersTo="יצחק_נבון">יצחק נבון</person>
            <role refersTo="נשיא_המדינה">נשיא המדינה</role>
          </p>
        </signature>
      </p>
    </conclusions>
  </act>
</akomaNtoso>