﻿<?xml version="1.0" encoding="utf-8"?>
<akomaNtoso xmlns="http://docs.oasis-open.org/legaldocml/ns/akn/3.0">
  <act contains="originalVersion" name="publicLaw">
    <meta>
      <identification source="#kensset">
        <FRBRWork>
          <FRBRthis value="/akn/il/act/PrimaryLegislation/1980-03-28/148416/main" />
          <FRBRuri value="/akn/il/act/PrimaryLegislation/1980-03-28/148416" />
          <FRBRdate date="1980-03-28" name="Generation" />
          <FRBRauthor href="#knesset" as="#author" />
          <FRBRcountry value="israel" />
        </FRBRWork>
        <FRBRExpression>
          <FRBRthis value="/akn/il/act/PrimaryLegislation/1980-03-28/148416/he@/main" />
          <FRBRuri value="/akn/il/act/PrimaryLegislation/1980-03-28/148416/he@" />
          <FRBRdate date="1980-03-28" name="Generation" />
          <FRBRauthor href="#knesset" as="#author" />
          <FRBRlanguage language="hebrew" />
        </FRBRExpression>
        <FRBRManifestation>
          <FRBRthis value="/akn/il/act/PrimaryLegislation/1980-03-28/148416/he@/main.xml" />
          <FRBRuri value="/akn/il/act/PrimaryLegislation/1980-03-28/148416/he@" />
          <FRBRdate date="1980-03-28" name="Generation" />
          <FRBRauthor href="#knesset" as="#author" />
          <FRBRformat value="xml" />
        </FRBRManifestation>
      </identification>
      <classification source="#kensset">
        <keyword value="{classificationValue}" showAs="{classificationValue}" dictionary="#classification_dictionary" />
      </classification>
      <lifecycle source="#kensset">
        <eventRef eId="eventRef_1" date="1980-03-28" source="#kensset" type="generation" />
      </lifecycle>
      <references source="#kensset">
        <TLCOrganization eId="kensset" href="/ontology/organization/akn/knesset" showAs="Kensset" type="generation" />
        <TLCRole eId="author" href="/ontology/role/akn/author" showAs="Author of Document" />
        <TLCProcess eId="inforce" href="/ontology/process/akn/inforce" showAs="In force" />
        <TLCTerm eId="term_1" href="/ontology/term/המועצה/148416" showAs="המועצה" />
        <TLCTerm eId="term_2" href="/ontology/term/רב_עיר/148416" showAs="רב_עיר" />
        <TLCTerm eId="term_3" href="/ontology/term/השר/148416" showAs="השר" />
        <TLCPerson eId="מנחם_בגין" href="/ontology/person/מנחם_בגין" showAs="מנחם בגין" />
        <TLCPerson eId="אהרן_אבוחצירא" href="/ontology/person/אהרן_אבוחצירא" showAs="אהרן אבוחצירא" />
        <TLCPerson eId="יצחק_נבון" href="/ontology/person/יצחק_נבון" showAs="יצחק נבון" />
        <TLCRole eId="ראש_הממשלה" href="ontology/role/akn/ראש_הממשלה" showAs="ראש הממשלה" />
        <TLCRole eId="שר_הדתות" href="ontology/role/akn/שר_הדתות" showAs="שר הדתות" />
        <TLCRole eId="נשיא_המדינה" href="ontology/role/akn/נשיא_המדינה" showAs="נשיא המדינה" />
      </references>
      <temporalData source="#kensset">
        <temporalGroup eId="tmpg_1" />
      </temporalData>
      <Publication></Publication>
    </meta>
    <body period="#tmpg_1">
      <title eId="title">
        <content>
          <p>חוק הרבנות הראשית לישראל, תש"ם–1980</p>
        </content>
      </title>
      <list>
        <point eId="point_1" class="definitions">
          <heading>
            <authorialNote placement="side">
              <p>הגדרות</p>
            </authorialNote>
          </heading>
          <num>1.</num>
          <list>
            <intro>
              <p>בחוק זה –</p>
            </intro>
            <point eId="point_1__point_המועצה">
              <content>
                <p>
                  <def />”המועצה“ – מועצת הרבנות הראשית לישראל;</p>
              </content>
            </point>
            <point eId="point_1__point_רב_עיר">
              <content>
                <p>
                  <def />”רב עיר“ – מי שמכהן כרב עיר לאחר שנבחר לפי תקנות בחירות רבני עיר שהותקנו על פי <ref href="/akn/il/act/PrimaryLegislation/1971-07-15/2002303">חוק שירותי הדת היהודיים [נוסח משולב], תשל"א–1971</ref>, וכן מי שמכהן כרב עיר ושמו כלול ברשימת רבני עיר שיפרסם שר הדתות ברשומות תוך 60 יום מתחילת חוק זה;</p>
              </content>
            </point>
            <point eId="point_1__point_השר">
              <content>
                <p>
                  <def />”השר“ – ראש הממשלה.</p>
              </content>
            </point>
          </list>
        </point>
        <point eId="point_2">
          <heading>
            <authorialNote placement="side">
              <p>תפקידי המועצה</p>
            </authorialNote>
          </heading>
          <num>2.</num>
          <list>
            <intro>
              <p>תפקידי המועצה הם –</p>
            </intro>
            <point eId="point_2__point_1">
              <num>(1)</num>
              <content>
                <p>מתן תשובות וחוות דעת בענייני הלכה לשואלים בעצתה;</p>
              </content>
            </point>
            <point eId="point_2__point_2">
              <num>(2)</num>
              <content>
                <p>פעולות לקירוב הציבור לערכי תורה ומצוות;</p>
              </content>
            </point>
            <point eId="point_2__point_3">
              <num>(3)</num>
              <content>
                <p>מתן תעודות הכשר על כשרות;</p>
              </content>
            </point>
            <point eId="point_2__point_4">
              <num>(4)</num>
              <content>
                <p>מתן כשירות לכהן כדיין לפי <ref href="/akn/il/act/PrimaryLegislation/1955-05-25/147193">חוק הדיינים, תשט"ו–1955</ref>;</p>
              </content>
            </point>
            <point eId="point_2__point_5">
              <num>(5)</num>
              <content>
                <p>מתן כשירות לכהן כרב עיר לפי תקנות בחירות רבני עיר שהותקנו על פי <ref href="/akn/il/act/PrimaryLegislation/1971-07-15/2002303">חוק שירותי הדת היהודיים [נוסח משולב], תשל"א–1971</ref>;</p>
              </content>
            </point>
            <point eId="point_2__point_6">
              <num>(6)</num>
              <content>
                <p>מתן כשירות לרב לכהן כרב רושם נישואין ומינוי רושמי נישואין מבין הרבנים שקיבלו כשירות כאמור;</p>
              </content>
            </point>
            <point eId="point_2__point_7">
              <num>(7)</num>
              <content>
                <p>כל פעולה הדרושה לביצוע תפקידיה על פי כל דין.</p>
              </content>
            </point>
          </list>
        </point>
        <point eId="point_3">
          <heading>
            <authorialNote placement="side">
              <p>מקום מושב המועצה</p>
            </authorialNote>
          </heading>
          <num>3.</num>
          <content>
            <p>מקום מושבה של המועצה יהיה בירושלים.</p>
          </content>
        </point>
        <point eId="point_4">
          <heading>
            <authorialNote placement="side">
              <p>הרכב המועצה</p>
            </authorialNote>
          </heading>
          <num>4.</num>
          <list>
            <point eId="point_4__point_א">
              <num>(א)</num>
              <list>
                <intro>
                  <p>ואלה חברי המועצה:</p>
                </intro>
                <point eId="point_4__point_א__point_1">
                  <num>(1)</num>
                  <content>
                    <p>שני הרבנים הראשיים לישראל, אחד ספרדי הנקרא ”ראשון לציון“ ואחד אשכנזי, שייבחרו בבחירות ישירות, חשאיות ואישיות באסיפה של רבנים ונציגי ציבור (להלן – האסיפה הבוחרת);</p>
                  </content>
                </point>
                <point eId="point_4__point_א__point_2">
                  <num>(2)</num>
                  <content>
                    <p>רב עיר אחד מכל אחת מן הערים ירושלים, תל־אביב־יפו, חיפה ובאר־שבע; רבני העיר הספרדים והאשכנזים בערים אלה יכהנו מחצית תקופה כהונה לסירוגין, כפי שייקבע בתקנות;</p>
                  </content>
                </point>
                <point eId="point_4__point_א__point_3">
                  <num>(3)</num>
                  <content>
                    <p>עשרה רבנים שייבחרו בבחירות ישירות, חשאיות ואישיות באסיפה הבוחרת, מחציתם ספרדים ומחציתם אשכנזים (להלן – חברי המועצה הנבחרים);</p>
                  </content>
                </point>
                <point eId="point_4__point_א__point_4">
                  <num>(4)</num>
                  <content>
                    <p>הרב הצבאי הראשי, ובלבד שערב מינויו לרב הצבאי הראשי ניתנה לו כשירות לכהן כרב עיר לפי הוראות <ref href="#point_2">סעיף 2(5)</ref>.</p>
                  </content>
                </point>
              </list>
            </point>
            <point eId="point_4__point_ב">
              <num>(ב)</num>
              <content>
                <p>המועצה רשאית לפעול אף אם פחת מספר חבריה, ובלבד שלא פחת ממחציתו.</p>
              </content>
            </point>
          </list>
        </point>
        <point eId="point_5">
          <heading>
            <authorialNote placement="side">
              <p>כשירות להיבחר</p>
            </authorialNote>
          </heading>
          <num>5.</num>
          <list>
            <point eId="point_5__point_א">
              <num>(א)</num>
              <list>
                <intro>
                  <p>כשיר להיבחר רב ראשי לישראל מי שנתקיימו בו אלה:</p>
                </intro>
                <point eId="point_5__point_א__point_1">
                  <num>(1)</num>
                  <content>
                    <p>בעת הבחירה מלאו לו 40 שנה וטרם מלאו לו 70 שנה;</p>
                  </content>
                </point>
                <point eId="point_5__point_א__point_2">
                  <num>(2)</num>
                  <content>
                    <p>הוא מכהן או כיהן כדיין או כרב עיר, או שיש לו כשירות לכהן כדיין או כרב עיר, או שהמועצה קבעה שהוא גדול בתורה.</p>
                  </content>
                </point>
              </list>
            </point>
            <point eId="point_5__point_ב">
              <num>(ב)</num>
              <list>
                <intro>
                  <p>כשיר להיבחר חבר מועצה נבחר מי שנתקיימו בו אלה:</p>
                </intro>
                <point eId="point_5__point_ב__point_1">
                  <num>(1)</num>
                  <content>
                    <p>בעת הבחירה מלאו לו 30 שנה;</p>
                  </content>
                </point>
                <point eId="point_5__point_ב__point_2">
                  <num>(2)</num>
                  <content>
                    <p>הוא מכהן או כיהן בישראל כדיין או כרב עיר, או שיש לו כשירות לכהן כדיין או כרב עיר, או שהמועצה קבעה שהוא גדול בתורה.</p>
                  </content>
                </point>
              </list>
            </point>
            <point eId="point_5__point_ג">
              <num>(ג)</num>
              <content>
                <p>רב ראשי לישראל לא יהיה מועמד בבחירות לתקופה הסמוכה לכהונתו.</p>
              </content>
            </point>
            <point eId="point_5__point_ד">
              <num>(ד)</num>
              <content>
                <p>חבר ועדת הבחירות לא יהיה מועמד לרב ראשי לישראל או לחבר מועצה נבחר.</p>
              </content>
            </point>
          </list>
        </point>
        <point eId="point_6">
          <heading>
            <authorialNote placement="side">
              <p>האסיפה הבוחרת</p>
            </authorialNote>
          </heading>
          <num>6.</num>
          <list>
            <point eId="point_6__point_א">
              <num>(א)</num>
              <content>
                <p>האסיפה הבוחרת תהיה של 150 חברים, מהם 80 רבנים ו־70 נציגי ציבור.</p>
              </content>
            </point>
            <point eId="point_6__point_ב">
              <num>(ב)</num>
              <content>
                <p>האסיפה הבוחרת רשאית לפעול אף אם פחת מספר חבריה, כל עוד לא פחת מ־80.</p>
              </content>
            </point>
          </list>
        </point>
        <point eId="point_7">
          <heading>
            <authorialNote placement="side">
              <p>הרבנים באסיפה הבוחרת</p>
            </authorialNote>
          </heading>
          <num>7.</num>
          <list>
            <intro>
              <p>הרבנים שבאסיפה הבוחרת יהיו –</p>
            </intro>
            <point eId="point_7__point_1">
              <num>(1)</num>
              <content>
                <p>30 רבני עיר מן הערים הגדולות;</p>
              </content>
            </point>
            <point eId="point_7__point_2">
              <num>(2)</num>
              <content>
                <p>14 רבני עיר מן המועצות המקומיות הגדולות;</p>
              </content>
            </point>
            <point eId="point_7__point_3">
              <num>(3)</num>
              <content>
                <p>2 רבנים אזוריים אחד מכל אחת משתי המועצות האזוריות הגדולות; היה יותר מרב אזורי אחד במועצה אזורית אחת – הוותיק שבהם, ואם היו בעלי ותק שווה – הקשיש שבהם; ”רב אזורי“ – מי שנבחר או שנתמנה באישור השר לרב של מועצה אזורית;</p>
              </content>
            </point>
            <point eId="point_7__point_4">
              <num>(4)</num>
              <content>
                <p>8 רבני יישוב מכל אחד מ־8 היישובים הגדולים; ”רב יישוב“ – רב של מושב, קיבוץ או יישוב אחר שאינו רשות מקומית שנבחר או נתמנה באישור השר;</p>
              </content>
            </point>
            <point eId="point_7__point_5">
              <num>(5)</num>
              <content>
                <p>רב שכונה הוותיק מכל אחת מן הערים ירושלים, תל־אביב־יפו, חיפה ובאר־שבע, ובבעלי ותק שווה – הקשיש שבהם; ”רב שכונה“ – מי שנתמנה לרב שכונה בידי המועצה הדתית באישור השר;</p>
              </content>
            </point>
            <point eId="point_7__point_6">
              <num>(6)</num>
              <content>
                <p>10 הדיינים הוותיקים ביותר, ומבעלי ותק שווה – הקשיש שבהם;</p>
              </content>
            </point>
            <point eId="point_7__point_7">
              <num>(7)</num>
              <content>
                <p>הרב הצבאי הראשי וסגנו, ואם אין סגן – הרב הצבאי בעל הדרגה הצבאית הגבוהה ביותר, ומבעלי אותה דרגה – הוותיק שבהם בשירות הרבנות הצבאית;</p>
              </content>
            </point>
            <point eId="point_7__point_8">
              <num>(8)</num>
              <content>
                <p>10 רבנים שימנו הרבנים הראשיים לישראל, בהתייעצות עם השר ובאישור הממשלה.</p>
              </content>
            </point>
          </list>
        </point>
        <point eId="point_8">
          <heading>
            <authorialNote placement="side">
              <p>נציגי הציבור באסיפה הבוחרת</p>
            </authorialNote>
          </heading>
          <num>8.</num>
          <list>
            <intro>
              <p>נציגי הציבור שבאסיפה הבוחרת יהיו –</p>
            </intro>
            <point eId="point_8__point_1">
              <num>(1)</num>
              <content>
                <p>25 ראשי הערים הגדולות;</p>
              </content>
            </point>
            <point eId="point_8__point_2">
              <num>(2)</num>
              <content>
                <p>6 ראשי המועצות המקומיות הגדולות;</p>
              </content>
            </point>
            <point eId="point_8__point_3">
              <num>(3)</num>
              <content>
                <p>4 ראשי המועצות האזוריות הגדולות;</p>
              </content>
            </point>
            <point eId="point_8__point_4">
              <num>(4)</num>
              <content>
                <p>14 ראשי המועצות הדתיות של הערים הגדולות;</p>
              </content>
            </point>
            <point eId="point_8__point_5">
              <num>(5)</num>
              <content>
                <p>4 ראשי המועצות הדתיות של המועצות המקומיות הגדולות;</p>
              </content>
            </point>
            <point eId="point_8__point_6">
              <num>(6)</num>
              <content>
                <p>2 שרים שתבחר הממשלה;</p>
              </content>
            </point>
            <point eId="point_8__point_7">
              <num>(7)</num>
              <content>
                <p>5 חברי הכנסת שתבחר הכנסת או ועדה מוועדותיה שהסמיכה לכך;</p>
              </content>
            </point>
            <point eId="point_8__point_8">
              <num>(8)</num>
              <content>
                <p>10 אנשי ציבור שימנה השר, בהתייעצות עם הרבנים הראשיים לישראל ובאישור הממשלה.</p>
              </content>
            </point>
          </list>
        </point>
        <point eId="point_9">
          <heading>
            <authorialNote placement="side">
              <p>הרכב חברי האסיפה הבוחרת</p>
            </authorialNote>
          </heading>
          <num>9.</num>
          <content>
            <p>במינויים לפי <ref href="#point_7">סעיפים 7(8)</ref><ref href="#point_8">ו־8(8)</ref> יפעל השר להביא לכך שבאסיפה הבוחרת יהיו מחצית החברים ספרדים ומחציתם אשכנזים.</p>
          </content>
        </point>
        <point eId="point_10">
          <heading>
            <authorialNote placement="side">
              <p>תעודת שר הפנים</p>
            </authorialNote>
          </heading>
          <num>10.</num>
          <content>
            <p>לעניין <ref href="#point_7">סעיפים 7</ref><ref href="#point_8">ו־8</ref>, ”הגדולים“ ו”הגדולות“ – לפי מספר תושביהם היהודים, ותעודה של שר הפנים תשמש ראיה חותכת לכך.</p>
          </content>
        </point>
        <point eId="point_11">
          <heading>
            <authorialNote placement="side">
              <p>ועדת בחירות</p>
            </authorialNote>
          </heading>
          <num>11.</num>
          <list>
            <point eId="point_11__point_א">
              <num>(א)</num>
              <content>
                <p>לביצוע הבחירות של הרבנים הראשיים לישראל ושל חברי המועצה הנבחרים, תוקם ועדת בחירות של חמישה חברים, מהם שניים שתבחר הממשלה, שניים שתבחר המועצה שלא מבין חבריה, ויושב ראש, שופט או דיין, או שופט או דיין שיצא לגמלאות, שימנו השר והרבנים הראשיים לישראל כאחד באישור הממשלה.</p>
              </content>
            </point>
            <point eId="point_11__point_ב">
              <num>(ב)</num>
              <content>
                <p>לא בחרה המועצה את חברי הועדה כאמור בסעיף קטן (א) תוך שלושים יום מיום שהשר הודיע לה שעליה לעשות כן, ימנה אותם השר באישור הממשלה.</p>
              </content>
            </point>
            <point eId="point_11__point_ג">
              <num>(ג)</num>
              <content>
                <p>הועדה רשאית לפעול אך אם פחת מספר חבריה, כל עוד לא פחת משלושה ובהם היושב ראש.</p>
              </content>
            </point>
          </list>
        </point>
        <point eId="point_12">
          <heading>
            <authorialNote placement="side">
              <p>כינוס האסיפה הבוחרת</p>
            </authorialNote>
          </heading>
          <num>12.</num>
          <list>
            <point eId="point_12__point_א">
              <num>(א)</num>
              <content>
                <p>ועדת הבחירות תקבע את המועד ואת המקום לעריכת הבחירות ותפרסם על כך הודעה ברשומות; הבחירות יתקיימו בירושלים.</p>
              </content>
            </point>
            <point eId="point_12__point_ב">
              <num>(ב)</num>
              <content>
                <p>יושב ראש ועדת הבחירות יכנס את האסיפה הבוחרת ביום הבחירות ויפתח את האסיפה, וועדת הבחירות תנהל את הבחירות.</p>
              </content>
            </point>
          </list>
        </point>
        <point eId="point_13">
          <heading>
            <authorialNote placement="side">
              <p>פרסום חברי האסיפה הבוחרת</p>
            </authorialNote>
          </heading>
          <num>13.</num>
          <content>
            <p>לפחות עשרים ואחד יום לפני יום הבחירות תפרסם ועדת הבחירות ברשומות את רשימת חברי האסיפה הבוחרת ותודיע בדואר רשום או במסירה אישית לכל חבר על חברותו בה.</p>
          </content>
        </point>
        <point eId="point_14">
          <heading>
            <authorialNote placement="side">
              <p>הצעת מועמדים</p>
            </authorialNote>
          </heading>
          <num>14.</num>
          <list>
            <point eId="point_14__point_א">
              <num>(א)</num>
              <content>
                <p>20 חברים לפחות של האסיפה הבוחרת רשאים, בין מיזמתם ובין מיזמת מי שכשיר להיבחר, להציע מועמד לרב ראשי לישראל או לחבר מועצה נבחר; ההצעה תהיה בכתב חתום בידי המציעים, ותוגש ליושב ראש ועדת הבחירות לא יאוחר משבעה ימים לפני יום הבחירות, בצירוף הסכמת כל מועמד חתומה בידו.</p>
              </content>
            </point>
            <point eId="point_14__point_ב">
              <num>(ב)</num>
              <content>
                <p>לא יחתום אדם על הצעות ליותר מרב ראשי לישראל אחד מכל עדה או על הצעות ליותר מחמישה חברי מועצה נבחרים מכל עדה, ואם חתם כן – כל חתימותיו בטלות.</p>
              </content>
            </point>
            <point eId="point_14__point_ג">
              <num>(ג)</num>
              <content>
                <p>כל החתימות אחרי 30 הראשונות בהצעה שהוגשה – לא יתחשבו בהן לצורך סעיף זה.</p>
              </content>
            </point>
            <point eId="point_14__point_ד">
              <num>(ד)</num>
              <content>
                <p>נפטר מועמד תוך שבעה ימים לפני מועד הבחירות, יידחו הבחירות לשבוע ימים, ותוך זמן זה ניתן יהיה להציע מועמדים נוספים.</p>
              </content>
            </point>
          </list>
        </point>
        <point eId="point_15">
          <heading>
            <authorialNote placement="side">
              <p>ההצבעה באסיפה</p>
            </authorialNote>
          </heading>
          <num>15.</num>
          <list>
            <point eId="point_15__point_א">
              <num>(א)</num>
              <content>
                <p>הרבנים הראשיים לישראל ייבחרו כל אחד בהצבעה נפרדת, במועד אחד ובמקום אחד.</p>
              </content>
            </point>
            <point eId="point_15__point_ב">
              <num>(ב)</num>
              <content>
                <p>חברי המועצה הנבחרים הספרדים והאשכנזים ייבחרו חמישה חמישה בהצבעה נפרדת, במועד אחד ובמקום אחד; כל חבר האסיפה הבוחרת יצביע בעד שלושה עד חמישה מועמדים ספרדים ובעד שלושה עד חמישה מועמדים אשכנזים; לא עשה כן – קולו פסול.</p>
              </content>
            </point>
            <point eId="point_15__point_ג">
              <num>(ג)</num>
              <content>
                <p>המועמדים שקיבלו את מספר הקולות הגדול ביותר – הם הנבחרים; קיבלו שני מועמדים או יותר מספר קולות שווה, תצביע האסיפה הבוחרת על אותם מועמדים בהצבעות נוספות עד להכרעה ביניהם.</p>
              </content>
            </point>
            <point eId="point_15__point_ד">
              <num>(ד)</num>
              <content>
                <p>ועדת הבחירות תפרסם ברשומות הודעה על תוצאות הבחירות.</p>
              </content>
            </point>
          </list>
        </point>
        <point eId="point_16">
          <heading>
            <authorialNote placement="side">
              <p>תקופת הכהונה ומועד הבחירות</p>
            </authorialNote>
          </heading>
          <num>16.</num>
          <list>
            <point eId="point_16__point_א">
              <num>(א)</num>
              <content>
                <p>רב ראשי לישראל יכהן עשר שנים וחבר מועצה נבחר יכהן חמש שנים; תקופת כהונה תיחשב לפי הלוח העברי.</p>
              </content>
            </point>
            <point eId="point_16__point_ב">
              <num>(ב)</num>
              <content>
                <p>כהונתם של רב ראשי לישראל ושל חבר מועצה נבחר תתחיל בתום כהונתם של קודמיהם, ובבחירות הראשונות לפי חוק זה – עם בחירתם.</p>
              </content>
            </point>
            <point eId="point_16__point_ג">
              <num>(ג)</num>
              <content>
                <p>הבחירות לרבנים הראשיים לישראל ולחברי המועצה הנבחרים ייערכו לא יותר משלושה חדשים ולא פחות מחודש אחד לפני תום כהונתם של המכהנים אותה שעה.</p>
              </content>
            </point>
          </list>
        </point>
        <point eId="point_17">
          <heading>
            <authorialNote placement="side">
              <p>חלוקת התפקידים של הרבנים הראשיים לישראל</p>
            </authorialNote>
          </heading>
          <num>17.</num>
          <list>
            <point eId="point_17__point_א">
              <num>(א)</num>
              <content>
                <p>במשך מחצית תקופת כהונתם של הרבנים הראשיים לישראל ישמש האחד נשיא המועצה והאחד נשיא בית הדין הרבני הגדול, ובמחצית השניה יתחלפו בתפקידיהם; הרב הראשי לישראל המשמש בתפקיד נשיא בית הדין הרבני הגדול לא יפעל בתפקידים ולא ישתמש בסמכויות המוקנים על פי דין או על פי המקובל לנשיא המועצה.</p>
              </content>
            </point>
            <point eId="point_17__point_ב">
              <num>(ב)</num>
              <content>
                <p>תוך שבעה ימים מיום תחילת כהונתם יקבעו הרבנים הראשיים לישראל בהסכמה את סדר מילוי תפקידיהם; לא הגיעו לידי הסכמה כאמור, יהיה מי שכיהן בישראל כדיין תקופה ארוכה יותר נשיא בית הדין הרבני הגדול, והוא הדין אם רק אחד מהם כיהן בישראל כדיין; היה הוותק כדיין שווה, או ששניהם לא כיהנו כדיינים, תהיה לקשיש שבהם הזכות לקבוע את סדר מילוי התפקידים.</p>
              </content>
            </point>
            <point eId="point_17__point_ג">
              <num>(ג)</num>
              <content>
                <p>
                  <wikicomment font-size="x-small">(פקע).</wikicomment>
                </p>
              </content>
            </point>
            <point eId="point_17__point_ד">
              <num>(ד)</num>
              <content>
                <p>
                  <wikicomment font-size="x-small">(פקע).</wikicomment>
                </p>
              </content>
            </point>
          </list>
        </point>
        <point eId="point_18">
          <heading>
            <authorialNote placement="side">
              <p>התפטרות</p>
            </authorialNote>
          </heading>
          <num>18.</num>
          <content>
            <p>רב ראשי לישראל וחבר מועצה נבחר רשאי להתפטר על ידי הגשת כתב התפטרות לשר; כהונתם נפסקת כעבור 48 שעות לאחר שכתב ההתפטרות הגיע לידי השר, זולת אם חזרו בהם מהתפטרותם לפני כן.</p>
          </content>
        </point>
        <point eId="point_19">
          <heading>
            <authorialNote placement="side">
              <p>התפנות משרה מטעמי בריאות</p>
            </authorialNote>
          </heading>
          <num>19.</num>
          <content>
            <p>השר רשאי, על פי חוות דעתם של שלושה רופאים שמינה שר הבריאות, לקבוע כי מטעמי בריאות נבצר דרך קבע מרב ראשי לישראל או מחבר מועצה נבחר למלא תפקידו, ומשנקבע כאמור, יתפנה מקומו.</p>
          </content>
        </point>
        <point eId="point_20">
          <heading>
            <authorialNote placement="side">
              <p>רב ראשי לישראל שמקומו נתפנה</p>
            </authorialNote>
          </heading>
          <num>20.</num>
          <list>
            <point eId="point_20__point_א">
              <num>(א)</num>
              <content>
                <p>נתפנה מקומו של רב ראשי לישראל שלוש שנים וחצי או יותר לפני תום תקופת כהונתו, ייבחר במקומו רב ראשי לישראל תוך ששה חדשים בדרך שנבחר רב ראשי לישראל על פי חוק זה.</p>
              </content>
            </point>
            <point eId="point_20__point_ב">
              <num>(ב)</num>
              <content>
                <p>היה הרב הראשי לישראל שמקומו נתפנה כאמור בסעיף קטן (א) נשיא המועצה, יהיו סמכויותיו – עד לבחירת הרב הראשי לישראל החדש – לקשיש שבחברי המועצה, ואם היה נשיא בית הדין הרבני הגדול – לוותיק שבדייני בית הדין הרבני הגדול, ובבעלי ותק שווה – לקשיש שבהם.</p>
              </content>
            </point>
            <point eId="point_20__point_ג">
              <num>(ג)</num>
              <content>
                <p>מי שנבחר רב ראשי לישראל לפי סעיף קטן (א) יכהן עד תום תקופת כהונתו של קודמו ויבוא במקומו לענין מילוי התפקידים לפי <ref href="#point_17">סעיף 17(א)</ref>.</p>
              </content>
            </point>
            <point eId="point_20__point_ד">
              <num>(ד)</num>
              <content>
                <p>נתפנה מקומו של רב ראשי לישראל פחות משלוש שנים וחצי לפני תום תקופת כהונתו, ישמש הרב הראשי לישראל הנותר נשיא המועצה ונשיא בית הדין הרבני הגדול, עד תום תקופת הכהונה; נתפנה גם מקומו, יהיו סמכויות נשיא המועצה לקשיש שבחברי המועצה, וסמכויות נשיא בית הדין הרבני הגדול – לוותיק שבדייני בית הדין הרבני הגדול, ובבעלי ותק שווה – לקשיש שבהם, עד תום תקופת הכהונה.</p>
              </content>
            </point>
          </list>
        </point>
        <point eId="point_21">
          <heading>
            <authorialNote placement="side">
              <p>חבר מועצה נבחר שמקומו נתפנה</p>
            </authorialNote>
          </heading>
          <num>21.</num>
          <list>
            <point eId="point_21__point_א">
              <num>(א)</num>
              <content>
                <p>נתפנה מקומו של חבר מועצה נבחר, יבוא במקומו הרב מאותה עדה, ספרדי או אשכנזי, אשר קיבל את מספר הקולות הגדול ביותר מבין המועמדים שלא נבחרו, ובלבד שקיבל לא פחות מ־25 קולות; קיבלו שני רבנים או יותר מספר קולות שווה, יבוא במקומו הקשיש שבהם; לא היו מועמדים כאמור, תבחר המועצה רב להיות חבר המועצה.</p>
              </content>
            </point>
            <point eId="point_21__point_ב">
              <num>(ב)</num>
              <content>
                <p>מי שהיה לחבר המועצה לפי סעיף קטן (א) יכהן עד תום תקופת כהונתו של קודמו.</p>
              </content>
            </point>
          </list>
        </point>
        <point eId="point_22">
          <heading>
            <authorialNote placement="side">
              <p>נוהל</p>
            </authorialNote>
          </heading>
          <num>22.</num>
          <list>
            <point eId="point_22__point_א">
              <num>(א)</num>
              <content>
                <p>המועצה תקבע בכללים את סדרי זימון ישיבותיה, דרכי עבודתה ונוהלי דיוניה, ורשאית היא לקבעם דרך קבע או לענין מסוים.</p>
              </content>
            </point>
            <point eId="point_22__point_ב">
              <num>(ב)</num>
              <content>
                <p>הרב הצבאי הראשי יוזמן לכל ישיבה של המועצה ותהיה לו זכות הבעת דעה ללא זכות הצבעה.</p>
              </content>
            </point>
          </list>
        </point>
        <point eId="point_23">
          <heading>
            <authorialNote placement="side">
              <p>הוראות משלימות</p>
            </authorialNote>
          </heading>
          <num>23.</num>
          <list>
            <point eId="point_23__point_א">
              <num>(א)</num>
              <content>
                <p>נבחר לרב ראשי לישראל מי שאינו תושב ואזרח ישראל, לא ייכנס לכהונתו אלא עם היותו לתושב ולאזרח; לא נהיה הנבחר לתושב ולאזרח תוך ששה חדשים מיום בחירתו, יראו את מקומו כפנוי.</p>
              </content>
            </point>
            <point eId="point_23__point_ב">
              <num>(ב)</num>
              <content>
                <p>מועמד לחבר מועצה נבחר, וכן חבר האסיפה הבוחרת, יהיה יהודי, תושב ואזרח ישראל.</p>
              </content>
            </point>
            <point eId="point_23__point_ג">
              <num>(ג)</num>
              <content>
                <p>חבר המועצה ייכנס לכהונתו לאחר שחתם לפני נשיא המדינה על הצהרה זו:<br xml:space="preserve" xmlns=""> </br>”אני מתחייב לשמור אמונים למדינת ישראל ולמלא בנאמנות את תפקידי כחבר מועצת הרבנות הראשית לישראל“.</p>
              </content>
            </point>
          </list>
        </point>
        <point eId="point_24">
          <heading>
            <authorialNote placement="side">
              <p>ביקורת מבקר המדינה</p>
            </authorialNote>
          </heading>
          <num>24.</num>
          <content>
            <p>העניינים הכספיים והמנהליים של הרבנות הראשית לישראל יעמדו לביקורת מבקר המדינה.</p>
          </content>
        </point>
        <point eId="point_25">
          <heading>
            <authorialNote placement="side">
              <p xml:space="preserve"> </p>
            </authorialNote>
          </heading>
          <num>25.</num>
          <content>
            <p>
              <wikicomment font-size="x-small">הנוסח שולב <ref href="/akn/il/act/PrimaryLegislation/1955-05-25/147193">בחוק הדיינים, תשט"ו–1955</ref>.</wikicomment>
            </p>
          </content>
        </point>
        <point eId="point_26">
          <heading>
            <authorialNote placement="side">
              <p xml:space="preserve"> </p>
            </authorialNote>
          </heading>
          <num>26.</num>
          <content>
            <p>
              <wikicomment font-size="x-small">הנוסח שולב <ref href="/akn/il/act/PrimaryLegislation/1971-07-15/2002303">בחוק שירותי הדת היהודיים [נוסח משולב], תשל"א–1971</ref>.</wikicomment>
            </p>
          </content>
        </point>
        <point eId="point_27">
          <heading>
            <authorialNote placement="side">
              <p xml:space="preserve"> </p>
            </authorialNote>
          </heading>
          <num>27.</num>
          <content>
            <p>
              <wikicomment font-size="x-small">הנוסח שולב <ref href="/akn/il/act/PrimaryLegislation/1977-08-04/2002251">בחוק העונשין, תשל"ז–1977</ref>.</wikicomment>
            </p>
          </content>
        </point>
        <point eId="point_28">
          <heading>
            <authorialNote placement="side">
              <p xml:space="preserve"> </p>
            </authorialNote>
          </heading>
          <num>28.</num>
          <content>
            <p>
              <wikicomment font-size="x-small">הנוסח שולב <ref href="/akn/il/act/PrimaryLegislation/1961-03-23/148701">בחוק שיפוט המשמעת (משפט חוזר), תשכ"א–1961</ref>.</wikicomment>
            </p>
          </content>
        </point>
        <point eId="point_29">
          <heading>
            <authorialNote placement="side">
              <p>ביטול</p>
            </authorialNote>
          </heading>
          <num>29.</num>
          <list>
            <point eId="point_29__point_א">
              <num>(א)</num>
              <content>
                <p>חוק הבחירות למועצת הרבנות הראשית, תשל"ב–1972 – בטל.</p>
              </content>
            </point>
            <point eId="point_29__point_ב">
              <num>(ב)</num>
              <content>
                <p>חוק הבחירות למועצת הרבנות הראשית (הוראות שעה), תשל"ט–1979 – בטל.</p>
              </content>
            </point>
          </list>
        </point>
        <point eId="point_30">
          <heading>
            <authorialNote placement="side">
              <p>הוראות מעבר</p>
            </authorialNote>
          </heading>
          <num>30.</num>
          <list>
            <point eId="point_30__point_א">
              <num>(א)</num>
              <content>
                <p>הבחירות הראשונות לפי חוק זה לרבנים הראשיים לישראל יתקיימו לא יאוחר מיום א׳ בניסן תשמ"ג (15 במרס 1983).</p>
              </content>
            </point>
            <point eId="point_30__point_ב">
              <num>(ב)</num>
              <content>
                <p>שני הרבנים הראשיים לישראל שכיהנו ערב קבלת חוק זה בכנסת יוסיפו לכהן עד יום א׳ בניסן תשמ"ג (15 במרס 1983), ויחולו עליהם הוראות חוק זה; לעניין הוראות <ref href="#point_17">סעיף 17</ref> יראו אותם כאילו נבחרו ביום א׳ בניסן תש"ם (18 במרס 1980).</p>
              </content>
            </point>
            <point eId="point_30__point_ג">
              <num>(ג)</num>
              <content>
                <p>תקופת הכהונה האמורה בסעיף קטן (ב) תיחשב כתקופת כהונה מלאה לעניין <ref href="#point_5">סעיף 5(ג)</ref>.</p>
              </content>
            </point>
            <point eId="point_30__point_ד">
              <num>(ד)</num>
              <content>
                <p>הבחירות הראשונות לפי חוק זה לחברי המועצה הנבחרים ייערכו תוך ששה חדשים מיום קבלת חוק זה בכנסת, וחברי מועצת הרבנות הראשית שכיהנו ערב היום האמור יוסיפו לכהן עד לקיום הבחירות לפי סעיף קטן זה.</p>
              </content>
            </point>
            <point eId="point_30__point_ה">
              <num>(ה)</num>
              <content>
                <p>חברי המועצה לפי <ref href="#point_4">סעיף 4(2)</ref> ייכנסו לתפקידם ביום שנבחרו חברי המועצה הנבחרים לפי סעיף קטן (ד).</p>
              </content>
            </point>
          </list>
        </point>
        <point eId="point_31">
          <heading>
            <authorialNote placement="side">
              <p>ביצוע ותקנות</p>
            </authorialNote>
          </heading>
          <num>31.</num>
          <content>
            <p>השר ממונה על ביצוע חוק זה, והוא רשאי, באישור ועדה משותפת של ועדת החוקה חוק ומשפט וועדת הפנים ואיכות הסביבה של הכנסת, להתקין תקנות בכל עניין הנוגע לביצועו.</p>
          </content>
        </point>
        <point eId="point_31א">
          <heading>
            <authorialNote placement="side">
              <p>אגרות</p>
            </authorialNote>
          </heading>
          <num>31א.</num>
          <content>
            <p>השר רשאי, באישור ועדת הפנים והגנת הסביבה של הכנסת, לקבוע אגרות בעד בחינות שעורכת המועצה במסגרת תפקידיה כאמור <ref href="#point_2">בסעיף 2</ref>.</p>
          </content>
        </point>
      </list>
    </body>
    <conclusions eId="eId">
      <p class="signatures">
        <signature>
          <p>
            <person refersTo="מנחם_בגין">מנחם בגין</person>
            <role refersTo="ראש_הממשלה">ראש הממשלה</role>
          </p>
        </signature>
        <signature>
          <p>
            <person refersTo="אהרן_אבוחצירא">אהרן אבוחצירא</person>
            <role refersTo="שר_הדתות">שר הדתות</role>
          </p>
        </signature>
        <signature>
          <p>
            <person refersTo="יצחק_נבון">יצחק נבון</person>
            <role refersTo="נשיא_המדינה">נשיא המדינה</role>
          </p>
        </signature>
      </p>
    </conclusions>
  </act>
</akomaNtoso>