﻿<?xml version="1.0" encoding="utf-8"?>
<akomaNtoso xmlns="http://docs.oasis-open.org/legaldocml/ns/akn/3.0">
  <act contains="originalVersion" name="publicLaw">
    <meta>
      <identification source="#kensset">
        <FRBRWork>
          <FRBRthis value="/akn/il/act/PrimaryLegislation/1979-02-01/148261/main" />
          <FRBRuri value="/akn/il/act/PrimaryLegislation/1979-02-01/148261" />
          <FRBRdate date="1979-02-01" name="Generation" />
          <FRBRauthor href="#knesset" as="#author" />
          <FRBRcountry value="israel" />
        </FRBRWork>
        <FRBRExpression>
          <FRBRthis value="/akn/il/act/PrimaryLegislation/1979-02-01/148261/he@/main" />
          <FRBRuri value="/akn/il/act/PrimaryLegislation/1979-02-01/148261/he@" />
          <FRBRdate date="1979-02-01" name="Generation" />
          <FRBRauthor href="#knesset" as="#author" />
          <FRBRlanguage language="hebrew" />
        </FRBRExpression>
        <FRBRManifestation>
          <FRBRthis value="/akn/il/act/PrimaryLegislation/1979-02-01/148261/he@/main.xml" />
          <FRBRuri value="/akn/il/act/PrimaryLegislation/1979-02-01/148261/he@" />
          <FRBRdate date="1979-02-01" name="Generation" />
          <FRBRauthor href="#knesset" as="#author" />
          <FRBRformat value="xml" />
        </FRBRManifestation>
      </identification>
      <classification source="#kensset">
        <keyword value="{classificationValue}" showAs="{classificationValue}" dictionary="#classification_dictionary" />
      </classification>
      <lifecycle source="#kensset">
        <eventRef eId="eventRef_1" date="1979-02-01" source="#kensset" type="generation" />
      </lifecycle>
      <references source="#kensset">
        <TLCOrganization eId="kensset" href="/ontology/organization/akn/knesset" showAs="Kensset" type="generation" />
        <TLCRole eId="author" href="/ontology/role/akn/author" showAs="Author of Document" />
        <TLCProcess eId="inforce" href="/ontology/process/akn/inforce" showAs="In force" />
        <TLCPerson eId="מנחם_בגין" href="/ontology/person/מנחם_בגין" showAs="מנחם בגין" />
        <TLCPerson eId="שמואל_תמיר" href="/ontology/person/שמואל_תמיר" showAs="שמואל תמיר" />
        <TLCPerson eId="יצחק_נבון" href="/ontology/person/יצחק_נבון" showAs="יצחק נבון" />
        <TLCRole eId="ראש_הממשלה" href="ontology/role/akn/ראש_הממשלה" showAs="ראש הממשלה" />
        <TLCRole eId="שר_המשפטים" href="ontology/role/akn/שר_המשפטים" showAs="שר המשפטים" />
        <TLCRole eId="נשיא_המדינה" href="ontology/role/akn/נשיא_המדינה" showAs="נשיא המדינה" />
      </references>
      <temporalData source="#kensset">
        <temporalGroup eId="tmpg_1" />
      </temporalData>
      <Publication></Publication>
    </meta>
    <body period="#tmpg_1">
      <title eId="title">
        <content>
          <p>חוק עשיית עושר ולא במשפט, תשל"ט–1979</p>
        </content>
      </title>
      <list>
        <point eId="point_1">
          <heading>
            <authorialNote placement="side">
              <p>חובת ההשבה</p>
            </authorialNote>
          </heading>
          <num>1.</num>
          <list>
            <point eId="point_1__point_א">
              <num>(א)</num>
              <content>
                <p>מי שקיבל שלא על פי זכות שבדין נכס, שירות או טובת הנאה אחרת (להלן – הזוכה) שבאו לו מאדם אחר (להלן – המזכה), חייב להשיב למזכה את הזכיה, ואם השבה בעין בלתי אפשרית או בלתי סבירה – לשלם לו את שוויה.</p>
              </content>
            </point>
            <point eId="point_1__point_ב">
              <num>(ב)</num>
              <content>
                <p>אחת היא אם באה הזכיה מפעולת הזוכה, מפעולת המזכה או בדרך אחרת.</p>
              </content>
            </point>
          </list>
        </point>
        <point eId="point_2">
          <heading>
            <authorialNote placement="side">
              <p>פטור מהשבה</p>
            </authorialNote>
          </heading>
          <num>2.</num>
          <content>
            <p>בית המשפט רשאי לפטור את הזוכה מחובת ההשבה לפי <ref href="#point_1">סעיף 1</ref>, כולה או מקצתה, אם ראה שהזכיה לא היתה כרוכה בחסרון המזכה או שראה נסיבות אחרות העושות את ההשבה בלתי צודקת.</p>
          </content>
        </point>
        <point eId="point_3">
          <heading>
            <authorialNote placement="side">
              <p>ניכוי הוצאות</p>
            </authorialNote>
          </heading>
          <num>3.</num>
          <content>
            <p>הזוכה רשאי לנכות ממה שעליו להשיב את מה שהוציא או התחייב להוציא או השקיע באופן סביר להשגת הזכיה.</p>
          </content>
        </point>
        <point eId="point_4">
          <heading>
            <authorialNote placement="side">
              <p>דין הפורע חוב הזולת</p>
            </authorialNote>
          </heading>
          <num>4.</num>
          <content>
            <p>מי שפרע חובו של אדם אחר בלי שהיה חייב לכך כלפיו, אינו זכאי להשבה אלא אם לא היתה לזוכה סיבה סבירה להתנגד לפרעון החוב, כולו או מקצתו, ואינו זכאי להשבה זו אלא כדי מה שנתן לפרעון החוב.</p>
          </content>
        </point>
        <point eId="point_5">
          <heading>
            <authorialNote placement="side">
              <p>דין הפועל לשמירת ענין הזולת</p>
            </authorialNote>
          </heading>
          <num>5.</num>
          <list>
            <point eId="point_5__point_א">
              <num>(א)</num>
              <content>
                <p>מי שעשה בתום לב ובסבירות פעולה לשמירה על חייו, שלמות גופו, בריאותו, כבודו או רכושו של אדם אחר, בלי שהיה חייב לכך כלפיו, והוציא או התחייב להוציא הוצאות בקשר לכך, חייב הזוכה לשפותו על הוצאותיו הסבירות, כולל חיוביו כלפי צד שלישי, ואם נגרמו למזכה עקב הפעולה נזקי רכוש, רשאי בית המשפט לחייב את הזוכה בתשלום פיצויים למזכה, אם ראה שמן הצדק לעשות כן בנסיבות הענין.</p>
              </content>
            </point>
            <point eId="point_5__point_ב">
              <num>(ב)</num>
              <content>
                <p>לענין החיוב בפיצויים לפי סעיף קטן (א) דין מי שנכסיו שימשו לשמירת הערכים האמורים כדין מי שעשה פעולה לשמירתם.</p>
              </content>
            </point>
            <point eId="point_5__point_ג">
              <num>(ג)</num>
              <content>
                <p>אין חובת שיפוי או פיצוי לפי סעיף זה על זוכה שהתנגד לפעולה או לשימוש בנכסים או לשיעור ההוצאות או שהיתה לו סיבה סבירה להתנגד להם, זולת אם הפעולה או השימוש בנכסים היו לשמירה על חייו, שלמות גופו או בריאותו.</p>
              </content>
            </point>
          </list>
        </point>
        <point eId="point_6">
          <heading>
            <authorialNote placement="side">
              <p>תחולה ושמירת תרופות</p>
            </authorialNote>
          </heading>
          <num>6.</num>
          <list>
            <point eId="point_6__point_א">
              <num>(א)</num>
              <content>
                <p>הוראות חוק זה יחולו כשאין בחוק אחר הוראות מיוחדות לענין הנדון ואין הסכם אחר בין הצדדים.</p>
              </content>
            </point>
            <point eId="point_6__point_ב">
              <num>(ב)</num>
              <content>
                <p>חוק זה יחול גם על המדינה.</p>
              </content>
            </point>
            <point eId="point_6__point_ג">
              <num>(ג)</num>
              <content>
                <p>אין בחוק זה כדי לגרוע מתרופות אחרות.</p>
              </content>
            </point>
          </list>
        </point>
        <point eId="point_7">
          <heading>
            <authorialNote placement="side">
              <p>ביטול</p>
            </authorialNote>
          </heading>
          <num>7.</num>
          <content>
            <p>
              <wikicomment font-size="x-small">הנוסח שולב <ref href="/akn/il/act/PrimaryLegislation/1964-04-02/150162">בחוק לתיקון דיני הנזיקין האזרחיים (הטבת נזקי גוף), תשכ"ד–1964</ref>.</wikicomment>
            </p>
          </content>
        </point>
      </list>
    </body>
    <conclusions eId="eId">
      <p class="signatures">
        <signature>
          <p>
            <person refersTo="מנחם_בגין">מנחם בגין</person>
            <role refersTo="ראש_הממשלה">ראש הממשלה</role>
          </p>
        </signature>
        <signature>
          <p>
            <person refersTo="שמואל_תמיר">שמואל תמיר</person>
            <role refersTo="שר_המשפטים">שר המשפטים</role>
          </p>
        </signature>
        <signature>
          <p>
            <person refersTo="יצחק_נבון">יצחק נבון</person>
            <role refersTo="נשיא_המדינה">נשיא המדינה</role>
          </p>
        </signature>
      </p>
    </conclusions>
  </act>
</akomaNtoso>